#	sentenceHe	sentenceRu	fileName	voice
1	אֲנִי רוֹצֶה מַיִם קָרִים.	Я хочу холодную воду.	s_43a3f467d43b.mp3	male
2	אֶתְמוֹל רָצִיתִי קָפֶה.	Вчера я хотел кофе.	s_0f3a3929d039.mp3	male
3	הוּא שׁוֹתֶה תֵּה בַּבֹּקֶר.	Он пьёт чай утром.	s_452c0ecb28cd.mp3	male
4	אֶתְמוֹל שָׁתִיתִי מִיץ.	Вчера я пил сок.	s_aec04a99dab9.mp3	male
5	אֲנִי אוֹכֵל לֶחֶם וּגְבִינָה.	Я ем хлеб и сыр.	s_24be46eef63b.mp3	male
6	הוּא אָכַל בַּבַּיִת.	Он ел дома.	s_ecebf5bfeb71.mp3	male
7	דָּוִד הוֹלֵךְ לָאוּלְפָּן.	Давид идёт в ульпан.	s_91be08f55a95.mp3	male
8	אֶתְמוֹל הָלַכְתִּי לַעֲבוֹדָה.	Вчера я ходил на работу.	s_2059caa017cd.mp3	male
9	הִיא כּוֹתֶבֶת מִכְתָּב לְאִמָּא.	Она пишет письмо маме.	s_02c4eb2e0026.mp3	female
10	כָּתַבְתִּי הוֹדָעָה קְצָרָה.	Я написал короткое сообщение.	s_f4c33af40c1b.mp3	male
11	אֲנִי קוֹרֵא סֵפֶר בָּעֶרֶב.	Я читаю книгу вечером.	s_8f08c6e2916e.mp3	male
12	הוּא קָרָא אֶת הַחֲדָשׁוֹת.	Он прочитал новости.	s_a8f7f47e399c.mp3	female
13	אֲנַחְנוּ לוֹמְדִים עִבְרִית בָּאוּלְפָּן.	Мы учим иврит в ульпане.	s_93cd4799f910.mp3	male
14	לָמַדְתִּי מִלִּים חֲדָשׁוֹת.	Я учил новые слова.	s_0bf2f9eac5f4.mp3	male
15	דָּנִיאֵל גָּר בִּירוּשָׁלַיִם.	Даниэль живёт в Иерусалиме.	s_e3b859706ba3.mp3	male
16	גַּרְתִּי בְּחֵיפָה שָׁנָה.	Я жил в Хайфе год.	s_53ca6edb0173.mp3	male
17	הִיא קוֹנָה פֵּרוֹת בַּשּׁוּק.	Она покупает фрукты на рынке.	s_1b2678da3913.mp3	female
18	אֶתְמוֹל קָנִיתִי חָלָב.	Вчера я купил молоко.	s_0a8b1904937a.mp3	male
19	הוּא עוֹבֵד בְּמִשְׂרָד.	Он работает в офисе.	s_e1ed38018338.mp3	male
20	עָבַדְתִּי כָּל הַיּוֹם.	Я работал весь день.	s_6a867d61f536.mp3	male
21	אַתָּה יוֹדֵעַ אֶת הַתְּשׁוּבָה?	Ты знаешь ответ?	s_2a9337de731b.mp3	male
22	לֹא יָדַעְתִּי אֶת זֶה.	Я не знал этого.	s_7de587b2f86e.mp3	female
23	אֲנִי רוֹאֶה אֶת הַיָּם.	Я вижу море.	s_0378a97bbdc2.mp3	male
24	רָאִיתִי אֶת הַחֲבֵר בָּרְחוֹב.	Я видел друга на улице.	s_1e5082717c0d.mp3	female
25	הִיא בָּאָה לַבַּיִת עַכְשָׁיו.	Она приходит домой сейчас.	s_37f0616d2d56.mp3	female
26	דָּוִד בָּא אֶתְמוֹל לָאוּלְפָּן.	Давид пришёл вчера в ульпан.	s_96d96009a641.mp3	male
27	מָה אַתָּה עוֹשֶׂה הַיּוֹם?	Что ты делаешь сегодня?	s_bc9b033910f6.mp3	male
28	עָשִׂיתִי שִׁעוּרֵי בַּיִת.	Я сделал домашнее задание.	s_2d896262efd5.mp3	male
29	אֲנִי שׁוֹמֵעַ מוּזִיקָה.	Я слушаю музыку.	s_ae79c0e63003.mp3	male
30	שָׁמַעְתִּי אֶת הַשִּׁיר הַזֶּה.	Я слышал эту песню.	s_e3159308167e.mp3	female
31	הוּא פּוֹגֵשׁ אֶת הַחֲבֵר.	Он встречает друга.	s_a83fc20adc95.mp3	female
32	פָּגַשְׁתִּי אוֹתוֹ בַּבֹּקֶר.	Я встретил его утром.	s_d5bf692e2513.mp3	male
33	הוּא פּוֹתֵחַ אֶת הַדֶּלֶת.	Он открывает дверь.	s_2bc00328324f.mp3	female
34	פָּתַחְתִּי אֶת הַחַלּוֹן.	Я открыл окно.	s_b8557def0a6a.mp3	female
35	הוּא סוֹגֵר אֶת הַחַלּוֹן.	Он закрывает окно.	s_eac573c83a5f.mp3	female
36	סָגַרְתִּי אֶת הַדֶּלֶת.	Я закрыл дверь.	s_ff23d5daab5a.mp3	female
37	אֲנַחְנוּ יוֹשְׁבִים בְּבֵית קָפֶה.	Мы сидим в кафе.	s_7c1fc7f5afad.mp3	male
38	יָשַׁבְתִּי עַל הַכִּסֵּא.	Я сидел на стуле.	s_7f7a6a099ef0.mp3	male
39	הוּא עוֹמֵד לְיַד הַתַּחֲנָה.	Он стоит возле остановки.	s_cb275df8b774.mp3	male
40	עָמַדְתִּי בַּתּוֹר בַּסּוּפֶּר.	Я стоял в очереди в супермаркете.	s_cf946eeba1d3.mp3	male
41	אֲנִי לוֹקֵחַ תַּפּוּחַ וּמַיִם.	Я беру яблоко и воду.	s_70c378803429.mp3	male
42	לָקַחְתִּי אֶת הַמַּפְתֵּחַ.	Я взял ключ.	s_2dec5903941d.mp3	female
43	הִיא נוֹתֶנֶת מַתָּנָה לַחֲבֵר.	Она дарит подарок другу.	s_74b534123bc3.mp3	female
44	נָתַתִּי לוֹ אֶת הַסֵּפֶר.	Я дал ему книгу.	s_31df35d6381c.mp3	female
45	הַתַּלְמִיד שׁוֹאֵל אֶת הַמּוֹרֶה.	Ученик спрашивает учителя.	s_24ca1b3ac0df.mp3	female
46	שָׁאַלְתִּי שְׁאֵלָה פְּשׁוּטָה.	Я задал простой вопрос.	s_8092b96adebc.mp3	male
47	הַמּוֹרֶה עוֹנֶה לַתַּלְמִיד.	Учитель отвечает ученику.	s_b280408ead77.mp3	female
48	עָנִיתִי עַל הַשְּׁאֵלָה.	Я ответил на вопрос.	s_cfa2533ab7ff.mp3	male
49	הוּא אוֹמֵר שָׁלוֹם וְתוֹדָה.	Он говорит привет и спасибо.	s_b33becaa17e0.mp3	male
50	אָמַרְתִּי לוֹ תּוֹדָה רַבָּה.	Я сказал ему большое спасибо.	s_4ec9d05a86f8.mp3	male
51	דָּוִד נוֹסֵעַ בָּאוֹטוֹבּוּס לָעֲבוֹדָה.	Давид едет на автобусе на работу.	s_ecd5d3ffc2ed.mp3	male
52	אֶתְמוֹל נָסַעְתִּי בָּרַכֶּבֶת לְחֵיפָה.	Вчера я ехал на поезде в Хайфу.	s_54819a52eb53.mp3	male
53	אֲנִי חוֹזֵר הַבַּיְתָה בָּעֶרֶב.	Я возвращаюсь домой вечером.	s_c323e00f17a7.mp3	male
54	הוּא חָזַר מֵהָעֲבוֹדָה עָיֵף.	Он вернулся с работы уставшим.	s_e6e61210a8a3.mp3	male
55	דָּנִי רָץ בַּפַּארְק בַּבֹּקֶר.	Дани бегает в парке утром.	s_0f2500234382.mp3	male
56	אֶתְמוֹל רַצְתִּי חֲמִשָּׁה קִילוֹמֶטְרִים.	Вчера я пробежал пять километров.	s_6884f7fbb6eb.mp3	male
57	אֲנִי עוֹזֵר לַחֲבֵר בָּאוּלְפָּן.	Я помогаю другу в ульпане.	s_273f59d95e65.mp3	male
58	שָׂרָה עָזְרָה לְאִמָּא בַּבַּיִת.	Сара помогла маме по дому.	s_6954734e25cc.mp3	female
59	אֲנִי זוֹכֵר אֶת כָּל הַמִּלִּים.	Я помню все слова.	s_6a9612aca3ca.mp3	male
60	זָכַרְתִּי אֶת מִסְפַּר הַטֶּלֶפוֹן.	Я вспомнил номер телефона.	s_436805cb9962.mp3	female
61	הוּא שׁוֹכֵחַ אֶת הַמַּפְתֵּחוֹת שׁוּב.	Он снова забывает ключи.	s_08a1a62770e2.mp3	female
62	שָׁכַחְתִּי אֶת הַתִּיק בַּבַּיִת.	Я забыл сумку дома.	s_6aa104fba7cc.mp3	female
63	אֲנִי חוֹשֵׁב עַל הָעֲבוֹדָה.	Я думаю о работе.	s_f2f74bfb6248.mp3	male
64	אֶתְמוֹל חָשַׁבְתִּי עַל הָרַעְיוֹן.	Вчера я думал об этой идее.	s_e93ce1703afb.mp3	male
65	דָּוִד מוֹצֵא אֶת הָרְחוֹב בְּקַלּוּת.	Давид легко находит улицу.	s_b0d5f69360ac.mp3	female
66	מָצָאתִי עֲבוֹדָה טוֹבָה בָּעִיר.	Я нашёл хорошую работу в городе.	s_53db33b7beda.mp3	male
67	אֲנִי אוֹהֵב קָפֶה חָזָק בַּבֹּקֶר.	Я люблю крепкий кофе утром.	s_52b13987ebf3.mp3	male
68	אָהַבְתִּי אֶת הַסֶּפֶר הַזֶּה מְאֹד.	Мне очень понравилась эта книга.	s_e12155f574e3.mp3	female
69	הוּא שָׂם סוּכָּר בַּתֵּה שֶׁלּוֹ.	Он кладёт сахар в свой чай.	s_bcb263cc8c69.mp3	male
70	שַׂמְתִּי אֶת הַכֶּסֶף בַּתִּיק.	Я положил деньги в сумку.	s_369b6ff9c1d5.mp3	female
71	אֲנִי קָם מוּקְדָּם בַּבֹּקֶר תָּמִיד.	Я всегда встаю рано утром.	s_00aadc6c77fe.mp3	male
72	הַיּוֹם קַמְתִּי בְּשָׁעָה שֶׁבַע.	Сегодня я встал в семь часов.	s_f0e41d86766c.mp3	male
73	הַיֶּלֶד יָשֵׁן עַכְשָׁיו בַּחֶדֶר.	Ребёнок сейчас спит в комнате.	s_50772a2c3586.mp3	male
74	אֶתְמוֹל יָשַׁנְתִּי שְׁמוֹנֶה שָׁעוֹת טוֹבוֹת.	Вчера я спал восемь хороших часов.	s_78ea95389cf3.mp3	male
75	שַׂבָּא נָח בַּבַּיִת בַּצָּהֳרַיִם.	Дедушка отдыхает дома днём.	s_33f5fe747e25.mp3	male
76	בַּשַּׁבָּת נַחְנוּ כָּל הַיּוֹם.	В субботу мы отдыхали весь день.	s_670ec3a14b58.mp3	male
77	אֲנַחְנוּ טָסִים מָחָר לְאֵילַת.	Завтра мы летим в Эйлат.	s_54c6cdd34633.mp3	male
78	בַּשָּׁנָה שֶׁעָבְרָה טַסְתִּי לְפָרִיז.	В прошлом году я летал в Париж.	s_da99020d6517.mp3	male
79	הַסּוֹחֵר מוֹכֵר פֵּרוֹת בַּשּׁוּק.	Торговец продаёт фрукты на рынке.	s_671d85b2c927.mp3	male
80	דָּוִד מָכַר אֶת הַמְּכוֹנִית שֶׁלּוֹ.	Давид продал свою машину.	s_6f2df88b1c74.mp3	female
81	אֲנִי בּוֹחֵר יְרָקוֹת טְרִיִּים בַּחֲנוּת.	Я выбираю свежие овощи в магазине.	s_7c50bda65931.mp3	male
82	בָּחַרְתִּי מָנָה טְעִימָה בַּמִּסְעָדָה.	Я выбрал вкусное блюдо в ресторане.	s_4d38866ab8c7.mp3	male
83	הָרוֹפֵא בּוֹדֵק אֶת הַחוֹלֶה הַיּוֹם.	Врач осматривает больного сегодня.	s_677cb82bf6db.mp3	female
84	בָּדַקְתִּי אֶת הַחֶשְׁבּוֹן בַּקְּפֵדָה.	Я тщательно проверил счёт.	s_65e42516107a.mp3	female
85	הוּא שׁוֹמֵר עַל הַכֶּסֶף בַּבַּנְק.	Он хранит деньги в банке.	s_8fcca8a73bb1.mp3	male
86	שָׁמַרְתִּי לְךָ מָקוֹם טוֹב.	Я занял для тебя хорошее место.	s_41e2a883a070.mp3	male
87	דָּוִד עוֹבֵר לְדִירָה חֲדָשָׁה הַחֹדֶשׁ.	Давид переезжает в новую квартиру в этом месяце.	s_5899dcabc40d.mp3	male
88	אֶתְמוֹל עָבַרְנוּ אֶת הַמִּבְחָן בְּהַצְלָחָה.	Вчера мы успешно сдали экзамен.	s_a739589dbb62.mp3	female
89	הָאוֹטוֹבּוּס עוֹצֵר בַּתַּחֲנָה הַקְּרוֹבָה.	Автобус останавливается на ближайшей остановке.	s_c9a16f2df578.mp3	male
90	הַנַּהָג עָצַר בָּאוֹר הָאָדֹם.	Водитель остановился на красный свет.	s_d5bea267778d.mp3	male
91	אֲנִי מְדַבֵּר עִם הַמּוֹרֶה עִבְרִית.	Я говорю с учителем на иврите.	s_2da887c47d58.mp3	male
92	אֶתְמוֹל דִּבַּרְתִּי עִם דָּוִד בַּטֶּלֶפוֹן.	Вчера я говорил с Давидом по телефону.	s_d0b96a868f44.mp3	male
93	הוּא מְבַקֵּשׁ עֶזְרָה מֵהַחֲבֵר.	Он просит помощи у друга.	s_e9339fab4124.mp3	male
94	בִּקַּשְׁתִּי חֶשְׁבּוֹן בַּמִּסְעָדָה בְּנִימוּס.	Я вежливо попросил счёт в ресторане.	s_0e62d863c7c3.mp3	male
95	אֲנִי מְשַׁלֵּם בְּכַרְטִיס אַשְׁרַאי עַכְשָׁיו.	Я сейчас плачу кредитной картой.	s_5d3ab4add6ab.mp3	male
96	שִׁילַּמְתִּי עַל הַקָּפֶה בַּבֹּקֶר.	Утром я заплатил за кофе.	s_32717f4452f3.mp3	male
97	סַבָּא מְסַפֵּר סִפּוּר יָפֶה לַיְּלָדִים.	Дедушка рассказывает красивую историю детям.	s_4f480b57f7be.mp3	male
98	סִפַּרְתִּי לַחֲבֵר עַל הַטִּיּוּל.	Я рассказал другу о поездке.	s_06ee99ea16e5.mp3	male
99	אֲנַחְנוּ מְטַיְּלִים בִּירוּשָׁלַיִם הַיּוֹם בְּיַחַד.	Мы гуляем в Иерусалиме сегодня вместе.	s_f5c246ef1425.mp3	male
100	בַּשַּׁבָּת טִיַּלְנוּ בַּפַּארְק הַלְּאוּמִּי.	В субботу мы гуляли в национальном парке.	s_8be15628f05d.mp3	male
101	אֲנִי מְחַפֵּשׂ דִּירָה בְּתֵל-אָבִיב.	Я ищу квартиру в Тель-Авиве.	s_f9b9e926f51a.mp3	male
102	חִפַּשְׂתִּי אֶת הַמַּפְתֵּחוֹת שָׁעָה שְׁלֵמָה.	Я искал ключи целый час.	s_2e275a0c452e.mp3	female
103	הִיא מְסַדֶּרֶת אֶת הַחֶדֶר יָפֶה.	Она красиво наводит порядок в комнате.	s_82445e8bbc97.mp3	female
104	אֶתְמוֹל סִדַּרְתִּי אֶת הָאֲרוֹן בַּבַּיִת.	Вчера я прибрал шкаф дома.	s_91f52600436d.mp3	female
105	אֲנִי מְקַבֵּל חֲבִילָה מֵהַדֹּאַר הַיּוֹם.	Я получаю посылку с почты сегодня.	s_a90f21bf6404.mp3	male
106	קִבַּלְתִּי הוֹדָעָה חֲשׁוּבָה מֵהַבַּנְק.	Я получил важное сообщение из банка.	s_4fc26b8327ce.mp3	male
107	הַמּוֹרֶה מְלַמֵּד עִבְרִית בָּאוּלְפָּן.	Учитель преподаёт иврит в ульпане.	s_f80ab423e8c9.mp3	female
108	שָׁנָה שְׁלֵמָה לִמַּדְתִּי בְּבֵית-סֵפֶר.	Целый год я преподавал в школе.	s_05d09414affe.mp3	male
109	הַיְּלָדִים מְשַׂחֲקִים בַּכַּדּוּר בַּחֲצַר.	Дети играют в мяч во дворе.	s_6d2cdc7bf6e0.mp3	male
110	אֶתְמוֹל שִׂחַקְנוּ שַׁחְמָט בַּבַּיִת.	Вчера мы играли в шахматы дома.	s_3a66420fdc59.mp3	male
111	אֲנִי מְבַשֵּׁל מָרָק טָעִים בַּמִּטְבָּח.	Я готовлю вкусный суп на кухне.	s_30c3fd844b22.mp3	male
112	אִמָּא בִּשְּׁלָה אֲרוּחַת עֶרֶב נִפְלָאָה.	Мама приготовила чудесный ужин.	s_a2597ad18a03.mp3	female
113	דָּוִד מְנַקֶּה אֶת הַשּׁוּלְחָן בַּסָּלוֹן.	Давид вытирает стол в гостиной.	s_f3b5825f7cbd.mp3	female
114	אֶתְמוֹל נִקִּיתִי אֶת כָּל הַדִּירָה.	Вчера я убрал всю квартиру.	s_d35f0b1f6e87.mp3	female
115	הַיַּלְדָּה מְצַיֶּרֶת פְּרָחִים בְּצִבְעוֹנִיּוּת.	Девочка красочно рисует цветы.	s_d969ad1dca28.mp3	female
116	צִיַּרְתִּי תְּמוּנָה יָפָה עַל נְיָר.	Я нарисовал красивую картину на бумаге.	s_459ba73cca56.mp3	male
117	אֲנִי מְצַלֵּם אֶת הַנּוֹף הַיָּפֶה.	Я фотографирую красивый вид.	s_0f662b1090cc.mp3	male
118	אֶתְמוֹל צִלַּמְתִּי הַרְבֵּה תְּמוּנוֹת בַּיָּם.	Вчера я сделал много фотографий на море.	s_5bce89fe4cbf.mp3	male
119	אֲנַחְנוּ מְבַקְּרִים אֵצֶל סַבָּא בָּעֶרֶב.	Мы навещаем дедушку вечером.	s_1c02136c8b55.mp3	male
120	בַּשַּׁבָּת בִּקַּרְתִּי בַּמּוּזֵאוֹן בִּירוּשָׁלַיִם.	В субботу я посетил музей в Иерусалиме.	s_df64471f6c32.mp3	male
121	אָסוּר לְעַשֵּׁן בַּמָּקוֹם הַצִּבּוּרִי הַזֶּה.	Запрещено курить в этом общественном месте.	s_160366f4363c.mp3	male
122	בֶּעָבָר הוּא עִשֵּׁן סִיגַרְיוֹת הַרְבֵּה.	В прошлом он курил много сигарет.	s_9303873956db.mp3	male
123	הַטֶּכְנַאי מְתַקֵּן אֶת הַמַּחְשֵׁב הַיּוֹם.	Техник чинит компьютер сегодня.	s_2fa362f76149.mp3	female
124	תִּקַּנְתִּי אֶת הַטָּעוּת בַּמִּכְתָּב.	Я исправил ошибку в письме.	s_459cea7c4b87.mp3	female
125	אַבָּא מְבָרֵךְ עַל הַיַּיִן בְּשַׁבָּת.	Папа благословляет вино в субботу.	s_4470e4b2bf5a.mp3	male
126	בֵּרַכְתִּי אֶת הֶחָבֵר לְיוֹם-הוּלֶּדֶת.	Я поздравил друга с днём рождения.	s_1a9c6f4063bc.mp3	female
127	אֲנִי מְחַכֶּה לָאוֹטוֹבּוּס בַּתַּחֲנָה הַמֶּרְכָּזִית.	Я жду автобус на центральной станции.	s_cdae8f0dd8e0.mp3	male
128	חִכִּיתִי לְךָ עֶשְׂרִים דַּקּוֹת שְׁלֵמוֹת.	Я ждал тебя целых двадцать минут.	s_fa92d087f3ef.mp3	male
129	אֲנִי מְקַוֶּוה לְטוֹב תָּמִיד בַּחַיִּים.	Я всегда надеюсь на лучшее в жизни.	s_9f8356494e8f.mp3	male
130	קִוִּיתִי לִפְגּוֹשׁ אוֹתְךָ הַיּוֹם כָּאן.	Я надеялся встретить тебя сегодня здесь.	s_3aeb3a6c5c0d.mp3	male
131	הוּא מְשַׁנֶּה אֶת הַתּוֹכְנִית שֶׁלּוֹ.	Он меняет свой план.	s_9a74f19b9395.mp3	female
132	שִׁנִּיתִי אֶת הַסִּסְמָה שֶׁלִּי בַּמַּחְשֵׁב.	Я сменил свой пароль на компьютере.	s_e3f2906b0aa2.mp3	female
133	אֲנִי מְנַסֶּה לְדַבֵּר עִבְרִית.	Я стараюсь говорить на иврите каждый день.	s_6519d6e7a4d4.mp3	male
134	אֶתְמוֹל נִסִּיתִי מָנָה חֲדָשָׁה בַּמִּסְעָדָה.	Вчера я попробовал новое блюдо в ресторане.	s_be0d4a72c26d.mp3	male
135	אֲנִי מְאַחֵל לְךָ הַצְלָחָה רַבָּה.	Я желаю тебе больших успехов.	s_6df14efe373d.mp3	male
136	אִחַלְנוּ חַג שָׂמֵחַ לְכָל הַמִּשְׁפָּחָה.	Мы пожелали весёлого праздника всей семье.	s_992c7aaa31d1.mp3	male
137	הִיא מְסַיֶּמֶת אֶת הָעֲבוֹדָה בַּזְּמַן.	Она вовремя заканчивает работу.	s_b998a70d5bc1.mp3	female
138	סִיַּמְתִּי אֶת הַקּוּרְס בְּהַצְלָחָה גְּדוֹלָה.	Я с большим успехом окончил курс.	s_d072ef71634f.mp3	female
139	דָּוִד מְאַרְגֵּן מְסִבָּה יָפָה בָּעֶרֶב.	Давид организует хорошую вечеринку вечером.	s_0d2bd44599f0.mp3	male
140	אִרְגַּנְתִּי אֶת הַמִּסְמָכִים שֶׁלִּי הַיּוֹם.	Я привёл в порядок свои документы сегодня.	s_29656a26b9f5.mp3	female
141	אֲנִי מַרְגִּישׁ מְצוּיָּן הַיּוֹם בַּבֹּקֶר.	Я чувствую себя отлично сегодня утром.	s_baf43caddbc8.mp3	male
142	אֶתְמוֹל הִרְגַּשְׁתִּי עָיֵף מְאֹד בָּעֶרֶב.	Вчера вечером я чувствовал себя очень уставшим.	s_24664f5f29c6.mp3	male
143	אֲנִי מַזְמִין פִּיצָה חַמָּה לַבַּיִת.	Я заказываю горячую пиццу на дом.	s_2c06af4aaf7d.mp3	male
144	הִזְמַנְתִּי מָקוֹם טוֹב בַּמִּסְעָדָה מֵרֹאשׁ.	Я заранее забронировал хорошее место в ресторане.	s_ef0aed297da7.mp3	male
145	הַשִּׁעוּר שֶׁלָּנוּ מַתְחִיל בְּשָׁעָה תֵּשַׁע.	Наш урок начинается в девять часов.	s_0f8f333d88cf.mp3	male
146	הִתְחַלְתִּי לַעֲבוֹד בַּמִּשְׂרָד הֶחָדָשׁ.	Я начал работать в новом офисе.	s_64402affcdc5.mp3	male
147	הָרַכֶּבֶת מַגִּיעָה בִּזְמַן לַתַּחֲנָה עַכְשָׁיו.	Поезд сейчас прибывает вовремя на станцию.	s_1f2ef4a84153.mp3	male
148	הִגַּעְתִּי לָאוּלְפָּן בַּבֹּקֶר בְּשָׁלוֹם.	Я благополучно добрался утром до ульпана.	s_b4ac3be8812e.mp3	male
149	אֲנִי מֵבִין אֶת הַשְּׁאֵלָה הֵיטֵב.	Я хорошо понимаю вопрос.	s_22036e84a524.mp3	male
150	לֹא הֵבַנְתִּי אֶת הַמִּלָּה הַזֹּאת.	Я не понял это слово.	s_7ff9e1b864e6.mp3	female
151	אֲנִי מַכִּיר אֶת הָאִישׁ הַזֶּה.	Я знаю этого человека.	s_cd8af1314aab.mp3	male
152	הִכַּרְתִּי אוֹתוֹ בָּאוּלְפָּן בַּקַּיִץ.	Я познакомился с ним в ульпане летом.	s_51bcc3ebb10e.mp3	male
153	הַמּוֹרֶה מַסְבִּיר אֶת הַכְּלָל בְּבֵרוּר.	Учитель ясно объясняет правило.	s_efe87a9d3cc0.mp3	female
154	הִסְבַּרְתִּי לַחֲבֵר אֶת הַדֶּרֶךְ.	Я объяснил другу дорогу.	s_70f079ffed18.mp3	female
155	הַתַּלְמִיד מַקְשִׁיב לַמּוֹרֶה בַּכִּתָּה בְּקֶשֶׁב.	Ученик внимательно слушает учителя в классе.	s_604d8f8a58c5.mp3	male
156	הִקְשַׁבְתִּי לַחֲדָשׁוֹת בָּרַדְיוֹ בַּבֹּקֶר.	Утром я послушал новости по радио.	s_4ecba55826fe.mp3	male
157	אֲנַחְנוּ מַמְשִׁיכִים לִלְמוֹד עִבְרִית בְּשִׂמְחָה.	Мы с радостью продолжаем учить иврит.	s_5bd945f81a61.mp3	male
158	הִמְשַׁכְתִּי יָשָׁר עַד הָרַמְזוֹר.	Я продолжил прямо до светофора.	s_bc2f74063648.mp3	male
159	הַמְּנַהֵל מַחְלִיט עַל הַתּוֹכְנִית הַיּוֹם.	Директор сегодня принимает решение по плану.	s_f5fc2ee8daec.mp3	male
160	הֶחְלַטְתִּי לִנְסוֹעַ לִירוּשָׁלַיִם מָחָר.	Я решил завтра поехать в Иерусалим.	s_d3be7938e7a2.mp3	male
161	דָּוִד מֵבִיא עוּגָה טְעִימָה לַמְּסִבָּה.	Давид приносит вкусный пирог на вечеринку.	s_0facc876fb93.mp3	male
162	הֵבֵאתִי מַתָּנָה יָפָה מִפָּרִיז.	Я привёз красивый подарок из Парижа.	s_e3d22abd57e7.mp3	male
163	אֲנִי מַדְלִיק אֶת הָאוֹר בַּחֶדֶר.	Я включаю свет в комнате.	s_b1b621344a82.mp3	male
164	אֶתְמוֹל הִדְלַקְתִּי אֶת הַמַּזְגָן בַּבַּיִת.	Вчера я включил дома кондиционер.	s_342c2e70fe9f.mp3	female
165	הִיא מְכַבָּה אֶת הָאוֹר בַּלַּיְלָה.	Она выключает свет ночью.	s_61814061d761.mp3	female
166	כִּבִּיתִי אֶת הַטֶּלֶוִיזְיָה לִפְנֵי הַשֵּׁנָה.	Я выключил телевизор перед сном.	s_ad267bc41679.mp3	female
167	הַגֶּשֶׁם מַפְסִיק לָרֶדֶת בַּחוּץ עַכְשָׁיו.	Дождь на улице сейчас прекращается.	s_3e19c803660d.mp3	male
168	הִפְסַקְתִּי לַעֲבוֹד מְאוּחָר בַּלַּיְלָה.	Я перестал работать поздно ночью.	s_d09c084199e1.mp3	male
169	הַמֶּלְצַר מַמְלִיץ עַל הַדָּג הַטָּרִי.	Официант рекомендует свежую рыбу.	s_de451de9cf40.mp3	male
170	הִמְלַצְתִּי עַל הַמָּלוֹן הַזֶּה לַחֲבֵרִים.	Я порекомендовал этот отель друзьям.	s_2d0daf0b9dd6.mp3	male
171	הַתַּלְמִיד מַצְלִיחַ בַּלִּמּוּדִים בָּאוּלְפָּן יָפֶה.	Ученик отлично успевает в учёбе в ульпане.	s_776bc8099587.mp3	male
172	הִצְלַחְתִּי בַּמִּבְחָן הַקָּשֶׁה בְּעִבְרִית.	Я успешно справился с трудным тестом по ивриту.	s_51873e418b56.mp3	male
173	אֲנִי מַעֲדִיף תֵּה עַל קָפֶה.	Я предпочитаю чай кофе.	s_7af48f922782.mp3	male
174	הֶעֱדַפְתִּי לְהִשָּׁאֵר בַּבַּיִת בַּגֶּשֶׁם.	В дождь я предпочёл остаться дома.	s_6720576f3784.mp3	male
175	אֲנִי מַסְכִּים עִם כָּל מִלָּה.	Я согласен с каждым словом.	s_9caef0e37c6e.mp3	male
176	הִסְכַּמְנוּ עַל הַמְּחִיר מִיָּד שָׁם.	Мы сразу договорились о цене там.	s_6b049e08cbca.mp3	male
177	דָּוִד מִתְרַחֵץ בַּמַּיִם חַמִּים בַּבֹּקֶר.	Давид моется тёплой водой утром.	s_4bb2599119f6.mp3	male
178	הִתְרַחַצְתִּי בַּיָּם עִם כָּל הַחֲבֵרִים.	Я купался в море со всеми друзьями.	s_c473163a70b1.mp3	male
179	הַיֶּלֶד מִתְלַבֵּשׁ לְבַד יָפֶה מְאֹד.	Ребёнок очень хорошо одевается сам.	s_924c149a3046.mp3	male
180	הִתְלַבַּשְׁתִּי מַהֵר בַּבֹּקֶר לָעֲבוֹדָה.	Утром я быстро оделся на работу.	s_528649f6f92e.mp3	male
181	אֲנִי מִתְרַגֵּשׁ מֵהַפְּגִישָׁה הַחֲדָשָׁה הַיּוֹם.	Я волнуюсь из-за новой встречи сегодня.	s_63c9d63f5dd0.mp3	male
182	מְאֹד הִתְרַגַּשְׁתִּי בַּחֲתוּנָּה שֶׁל אָחִי.	Я очень растрогался на свадьбе брата.	s_ab66af768a3a.mp3	male
183	אֲנִי מִשְׁתַּמֵּשׁ בַּמַּחְשֵׁב בָּעֲבוֹדָה תָּמִיד.	Я всегда пользуюсь компьютером на работе.	s_49d9dd7f7512.mp3	male
184	הִשְׁתַּמַּשְׁתִּי בַּמִּלּוֹן בַּשִּׁעוּר אֶתְמוֹל.	Вчера на уроке я пользовался словарём.	s_06e4a3659830.mp3	male
185	הֵם מִתְחַתְּנִים בַּקַּיִץ הַקָּרוֹב בְּיִשְׂרָאֵל.	Они женятся ближайшим летом в Израиле.	s_e993fbd5c5a0.mp3	male
186	דָּוִד הִתְחַתֵּן עִם שָׂרָה.	Давид женился на Саре.	s_adff542c8478.mp3	male
187	הָאִישׁ מִתְפַּלֵּל בְּבֵית-הַכְּנֶסֶת בַּבֹּקֶר.	Мужчина молится в синагоге утром.	s_5d97ec69651d.mp3	male
188	הִתְפַּלַּלְנוּ שָׁם בְּיוֹם כִּפּוּר בְּיַחַד.	Мы молились там в Судный день вместе.	s_e2f68e5c7c7f.mp3	male
189	אֲנִי מִצְטַעֵר עַל הַטָּעוּת הַזֹּאת.	Я сожалею об этой ошибке.	s_d90a52c46128.mp3	male
190	מְאֹד הִצְטַעַרְתִּי עַל מָה שֶׁקָּרָה.	Я очень сожалел о том, что произошло.	s_34be2c25236f.mp3	male
191	אֲנִי מִתְקַשֵּׁר לְאִמָּא בָּעֶרֶב.	Я звоню маме вечером.	s_d9c35f2bbba9.mp3	male
192	אֶתְמוֹל הִתְקַשַּׁרְתִּי לָרוֹפֵא בַּבֹּקֶר.	Вчера утром я позвонил врачу.	s_34099899ef3d.mp3	male
193	אֲנַחְנוּ מִתְרָאִים שׁוּב בָּעֶרֶב בַּקָּפֶה.	Мы снова видимся вечером в кафе.	s_5ce6d716d61e.mp3	male
194	הִתְרָאֵינוּ בַּקָּפֶה בַּשָּׁבוּעַ שֶׁעָבַר.	Мы виделись в кафе на прошлой неделе.	s_3a975ff92197.mp3	male
195	הִיא מִסְתַּכֶּלֶת עַל הַתְּמוּנָה הַיָּפָה.	Она смотрит на красивую картину.	s_d62f7db2bcdf.mp3	female
196	הִסְתַּכַּלְתִּי בַּחַלּוֹן שָׁעָה אֲרוּכָּה הַיּוֹם.	Я долго смотрел сегодня в окно.	s_b85b273acae0.mp3	male
197	הַתַּלְמִיד מִתְקַדֵּם יָפֶה בָּאוּלְפָּן הַשָּׁנָה.	Ученик хорошо продвигается в ульпане в этом году.	s_d720e55d7aaa.mp3	male
198	הִתְקַדַּמְתִּי הַרְבֵּה בַּחֹדֶשׁ הָאַחֲרוֹן בָּעֲבוֹדָה.	Я сильно продвинулся за последний месяц на работе.	s_3aab77ac9efd.mp3	male
199	אֲנִי מִתְרַגֵּל לַמֶּזֶג הָאֲוִיר בָּאָרֶץ.	Я привыкаю к погоде в Израиле.	s_62b0d6f8bf88.mp3	male
200	הִתְרַגַּלְתִּי מַהֵר לַחַיִּים בְּיִשְׂרָאֵל.	Я быстро привык к жизни в Израиле.	s_d3537296714c.mp3	male
201	הַתַּלְמִיד נִכְנָס לַכִּתָּה בְּשֶׁקֶט.	Ученик тихо входит в класс.	s_4ec95d89fc20.mp3	male
202	אֶתְמוֹל נִכְנַסְתִּי לַמִּשְׂרָד מוּקְדָּם בַּבֹּקֶר.	Вчера я рано утром зашёл в офис.	s_c12650002d81.mp3	male
203	אֲנִי נִשְׁאָר בַּבַּיִת הַיּוֹם בָּעֶרֶב.	Я остаюсь дома сегодня вечером.	s_e3d9d081bfa7.mp3	male
204	אֶתְמוֹל נִשְׁאַרְתִּי בָּעֲבוֹדָה עַד מְאוּחָר.	Вчера я задержался на работе допоздна.	s_56fa991842a2.mp3	male
205	אֲנַחְנוּ נִפְגָּשִׁים בַּקָּפֶה בָּעֶרֶב בְּיַחַד.	Мы встречаемся вечером в кафе вместе.	s_06f9e3ce374b.mp3	male
206	אֶתְמוֹל נִפְגַּשְׁתִּי עִם הַמְּנַהֵל לְשִׂיחָה.	Вчера я встретился с директором для беседы.	s_c2f282e1fbd6.mp3	male
207	הַחֲנוּת נִסְגֶּרֶת בְּשָׁעָה שְׁמוֹנֶה בָּעֶרֶב.	Магазин закрывается в восемь вечера.	s_4112c097e57a.mp3	male
208	הַדֶּלֶת נִסְגְּרָה לְפֶתַע פִּתְאוֹם בָּרוּחַ.	Дверь внезапно захлопнулась от ветра.	s_7d4505c2b021.mp3	male
209	הַסִּפְרִיָּה נִפְתַּחַת בַּבֹּקֶר בְּשָׁעָה שְׁמוֹנֶה.	Библиотека открывается утром в восемь часов.	s_ccbcae6734aa.mp3	male
210	הַקּוּרְס הֶחָדָשׁ נִפְתַּח אֶתְמוֹל בָּאוּלְפָּן.	Вчера в ульпане открылся новый курс.	s_b6ba54edab5d.mp3	male
211	הוּא נִזְהָר מְאֹד בַּכְּבִישׁ הַסּוֹאֵן.	Он очень осторожен на оживлённой дороге.	s_61b76af1a310.mp3	male
212	נִזְהַרְתִּי מְאֹד בַּדֶּרֶךְ הַחֲלָקָה בַּגֶּשֶׁם.	Я был очень осторожен на скользкой дороге в дождь.	s_9c1a69d32055.mp3	male
213	תִּינוֹק חָדָשׁ נוֹלָד הַיּוֹם בַּמִּשְׁפָּחָה.	Сегодня в семье родился новый ребёнок.	s_1a8aa8bf6b3e.mp3	male
214	נוֹלַדְתִּי בְּיִשְׂרָאֵל לִפְנֵי עֶשְׂרִים שָׁנָה.	Я родился в Израиле двадцать лет назад.	s_328e6cc674bf.mp3	male
215	אֲנִי נִזְכָּר בַּסִּפּוּר הַיָּפֶה עַכְשָׁיו.	Я сейчас вспоминаю красивую историю.	s_910ff739814a.mp3	male
216	פִּתְאוֹם נִזְכַּרְתִּי בַּשֵּׁם שֶׁלּוֹ מִיָּד.	Вдруг я сразу вспомнил его имя.	s_9b3af73949c5.mp3	male
217	קָשֶׁה לְהִפָּרֵד מֵחֲבֵרִים טוֹבִים תָּמִיד.	Всегда трудно расставаться с хорошими друзьями.	s_8d83dc8111c1.mp3	male
218	אֶתְמוֹל נִפְרַדְנוּ בִּשְׂדֵה הַתְּעוּפָה בְּחִבּוּק.	Вчера мы тепло попрощались в аэропорту.	s_71656bf91db1.mp3	male
219	הַשֶּׁמֶשׁ נֶעֱלֶמֶת מֵאֲחוֹרֵי הֶעָנָן לְאַט.	Солнце медленно исчезает за тучей.	s_36ff7b8e5621.mp3	male
220	הַמַּפְתֵּחַ שֶׁלִּי נֶעֱלַם בַּבֹּקֶר פִּתְאוֹם.	Мой ключ утром внезапно пропал.	s_9b12a7687ba3.mp3	male
221	הַתִּינוֹק נִרְדָּם בָּעֶרֶשׂ בְּשֶׁקֶט עַכְשָׁיו.	Ребёнок сейчас тихо засыпает в кроватке.	s_4bdf70e568c2.mp3	male
222	נִרְדַּמְתִּי מַהֵר מוּל הַטֶּלֶוִיזְיָה אֶתְמוֹל.	Вчера я быстро уснул перед телевизором.	s_116843d97b18.mp3	male
223	הַסֶּרֶט נִמְשָׁךְ שְׁעָתַיִם תְּמִימוֹת בַּקּוֹלְנוֹעַ.	Фильм длится ровно два часа в кинотеатре.	s_e134ddb9c2dc.mp3	male
224	הַיְּשִׁיבָה נִמְשְׁכָה הַרְבֵּה זְמַן אֶתְמוֹל.	Вчера совещание длилось долго.	s_512228f4319c.mp3	male
225	אַף אֶחָד לֹא נִכְשָׁל כָּאן.	Никто здесь не терпит неудачу.	s_645163266178.mp3	male
226	נִכְשַׁלְתִּי בַּטֶּסְט הָרִאשׁוֹן שֶׁל נְהִיגָה.	Я завалил первый практический экзамен по вождению.	s_6914815ee912.mp3	male
227	אֲנִי מַסְפִּיק לָרַכֶּבֶת בַּבֹּקֶר תָּמִיד.	Я всегда утром успеваю на поезд.	s_15c39e20757b.mp3	male
228	הִסְפַּקְתִּי לְסַיֵּם אֶת הַדּוּ״חַ הַיּוֹם.	Я успел закончить отчёт сегодня.	s_3da9ca3a955d.mp3	female
229	הַמַּצָּב הַכַּלְכָּלִי מַשְׁפִּיעַ עַל הַכֹּל.	Экономическая ситуация влияет на всё.	s_eadd85c3ff90.mp3	male
230	הַמּוֹרֶה הִשְׁפִּיעַ עָלַי מְאֹד לְטוֹבָה.	Учитель очень повлиял на меня в лучшую сторону.	s_87117f2801ac.mp3	female
231	הוּא מַשְׁקִיעַ בַּעֲסָקִים חֲדָשִׁים בָּאָרֶץ.	Он инвестирует в новые бизнесы в стране.	s_417081c4b247.mp3	male
232	הִשְׁקַעְתִּי הַרְבֵּה מַאֲמָץ בַּלִּמּוּדִים הָאֵלֶּה.	Я вложил много усилий в эту учёбу.	s_9d9abe414ed1.mp3	male
233	אֲנִי מַצִּיעַ פִּתָּרוֹן חָכָם לַבְּעָיָה.	Я предлагаю умное решение проблемы.	s_cee4a05fe8fb.mp3	male
234	הַמְּנַהֵל הִצִּיעַ לִי מִשְׂרָה מְעוּלָּה.	Руководитель предложил мне отличную должность.	s_50b4f942a6fd.mp3	male
235	הַזַּמָּר מוֹפִיעַ בַּתֵּאַטְרוֹן הַיּוֹם בָּעֶרֶב.	Певец выступает в театре сегодня вечером.	s_6353a559767c.mp3	male
236	הִיא הוֹפִיעָה בַּטֶּלֶוִיזְיָה בַּחֲדָשׁוֹת אֶתְמוֹל.	Вчера она появилась на телевидении в новостях.	s_510f5991a884.mp3	female
237	אֲנִי מַבְטִיחַ לַעֲזוֹר לְךָ תָּמִיד.	Я обещаю всегда помогать тебе.	s_98662a60ad5a.mp3	male
238	הִבְטַחְתִּי לָבוֹא בַּזְּמַן לַפְּגִישָׁה.	Я обещал вовремя прийти на встречу.	s_206a624d2e2a.mp3	male
239	עוֹרֵךְ-הַדִּין מוֹכִיחַ אֶת הָאֱמֶת בַּמִּשְׁפָּט.	Адвокат доказывает правду на суде.	s_626dadcee4a5.mp3	female
240	הוֹכַחְתִּי אֶת הַטְּעָנָה שֶׁלִּי בְּבֵרוּר.	Я ясно доказал своё утверждение.	s_12f5708c2c9c.mp3	female
241	אֲנַחְנוּ מִתְמוֹדְדִים עִם הַקְּשָׁיִים בְּיַחַד.	Мы вместе справляемся с трудностями.	s_cfaa240b8cad.mp3	male
242	הִתְמוֹדַדְתִּי הֵיטֵב עִם כָּל הַלַּחַץ.	Я отлично справился со всем стрессом.	s_1fe9653d5d25.mp3	male
243	הוּא מִתְנַדֵּב בְּמָדָ״א כָּל שָׁבוּעַ.	Он волонтёрит в скорой помощи каждую неделю.	s_d375e8d83026.mp3	male
244	הִתְנַדַּבְתִּי בַּקְּהִלָּה שָׁנָה שְׁלֵמָה בְּאַהֲבָה.	Я целый год с любовью волонтёрил в общине.	s_0724049d7ace.mp3	male
245	הַיֶּלֶד מִתְנַהֵג יָפֶה מְאֹד בַּכִּתָּה.	Ребёнок очень хорошо ведёт себя в классе.	s_d91c6335fd20.mp3	male
246	הִתְנַהַגְתָּ כְּמוֹ בֶּן-אָדָם אֲמִתִּי בַּמַּצָּב.	Ты повёл себя по-человечески в этой ситуации.	s_d2fc83062115.mp3	male
247	הָעִיר מִתְפַּתַּחַת בִּמְהִירוּת גְּדוֹלָה מְאֹד.	Город развивается с очень большой скоростью.	s_a4efcef663ae.mp3	male
248	הַחֶבְרָה הִתְפַּתְּחָה מְאֹד בַּשָּׁנִים הָאַחֲרוֹנוֹת.	Компания сильно развилась за последние годы.	s_68dadf373f83.mp3	male
249	אֲנָשִׁים מִתְלוֹנְנִים עַל הַמֶּזֶג-הָאֲוִיר בַּקַּיִץ.	Люди жалуются на погоду летом.	s_f3c8cdc7eaab.mp3	male
250	הַלָּקוֹחַ הִתְלוֹנֵן עַל הַשֵּׁרוּת הָרַע.	Клиент пожаловался на плохое обслуживание.	s_3a7f84b9fe4d.mp3	male
251	הוּא מְטַפֵּל בַּסָּבָא הַיּוֹם.	Он ухаживает за дедушкой сегодня.	s_0e3abe883b9a.mp3	male
252	טִפַּלְתִּי בַּחוֹלֶה כָּל הַיּוֹם.	Я ухаживал за больным весь день.	s_2f9ad3d700da.mp3	male
253	הִיא רוֹחֶצֶת אֶת הַיָּדַיִם בְּמַיִם.	Она моет руки водой.	s_462b75ca8ecb.mp3	female
254	רָחַצְתִּי אֶת הַפָּנִים בַּבֹּקֶר.	Я умыл лицо утром.	s_f37d2d4597a0.mp3	female
255	הוּא שׁוֹטֵף אֶת הָרִצְפָּה כָּעֵת.	Он моет пол сейчас.	s_115a524a166b.mp3	female
256	שָׁטַפְתִּי כֵּלִים אַחֲרֵי הָאֲרוּחָה.	Я вымыл посуду после еды.	s_6d114ec04098.mp3	male
257	הוּא מַלְבִּישׁ אֶת הַמְּטוּפָּל בִּזְהִירוּת.	Он осторожно одевает подопечного.	s_d21d6a89297b.mp3	female
258	הִלְבַּשְׁתִּי אֶת הַסָּבָא בְּחוּלְצָה.	Я одел дедушку в рубашку.	s_d7ec0b60a3d3.mp3	female
259	הִיא מַפְשִׁיטָה אֶת הַמְּעִיל הַכָּבֵד.	Она снимает тяжёлое пальто.	s_6ead7d52a7b0.mp3	female
260	הִפְשַׁטְתִּי אֶת הַסְּוֶודֶר הַחַם.	Я снял тёплый свитер.	s_85139b26819a.mp3	female
261	הוּא מַאֲכִיל אֶת הַסָּבָא בְּמָרָק.	Он кормит дедушку супом.	s_0b01f08e2289.mp3	female
262	הֶאֱכַלְתִּי אֶת הַחוֹלֶה בַּצָּהֳרַיִם.	Я покормил больного в обед.	s_5632e9c76499.mp3	female
263	הוּא מַשְׁקֶה אוֹתוֹ בְּמַיִם קָרִים.	Он поит его холодной водой.	s_a275dad37b65.mp3	male
264	הִשְׁקֵיתִי אֶת הַסָּבָא בְּתֵה.	Я напоил дедушку чаем.	s_392cbe7aaa39.mp3	female
265	הוּא מַשְׁכִּיב אֶת הַחוֹלֶה בַּמִּטָּה.	Он укладывает больного в постель.	s_04cfe0981726.mp3	female
266	הִשְׁכַּבְתִּי אוֹתוֹ לִישׁוֹן בָּעֶרֶב.	Я уложил его спать вечером.	s_51adae70abc6.mp3	male
267	הוּא מַעֲמִיד אוֹתוֹ עַל הָרַגְלַיִם.	Он ставит его на ноги.	s_6956a2c93fd1.mp3	male
268	הֶעֱמַדְתִּי אֶת הַכִּסֵּא לְיַד הַמִּטָּה.	Я поставил стул возле кровати.	s_0ef90b4b03c7.mp3	female
269	הַמְּטַפֵּל מְסַיֵּעַ לַקָּשִׁישׁ בַּהֲלִיכָה.	Сиделка помогает пожилому человеку при ходьбе.	s_bd1d9c4436d8.mp3	male
270	סִיַּעְתִּי לַמִּשְׁפָּחָה בְּכָל הַסִּדּוּרִים.	Я помог семье со всеми хлопотами.	s_45922a679857.mp3	male
271	הוּא תּוֹמֵךְ בּוֹ בִּזְמַן הַהֲלִיכָה.	Он поддерживает его во время ходьбы.	s_67718614aafd.mp3	male
272	תָּמַכְתִּי בַּסָּבָא עַד הַחֶדֶר.	Я поддерживал дедушку до комнаты.	s_562d3cd1bde7.mp3	male
273	הוּא מְחַמֵּם אֶת הָאוֹכֶל בַּמִּיקְרוֹגַל.	Он греет еду в микроволновке.	s_d8158e40996f.mp3	female
274	חִמַּמְתִּי מַיִם חַמִּים לַתֵּה.	Я подогрел горячую воду для чая.	s_708fef9fd102.mp3	male
275	הוּא מוֹדֵד לָהּ לַחַץ דָּם.	Он измеряет ей давление.	s_f5c303c4c772.mp3	male
276	מָדַדְתִּי חֹם בַּבֹּקֶר בַּמִּרְפָּאָה.	Я измерил температуру утром в клинике.	s_2946c01023fb.mp3	male
277	הַכַּדּוּר הַזֶּה מְשַׁכֵּךְ כְּאֵבִים מַהֵר.	Эта таблетка быстро снимает боль.	s_1d6fbeea410d.mp3	male
278	שִׁכַּכְתִּי אֶת הַכְּאֵב בְּעֶזְרַת תְּרוּפָה.	Я снял боль с помощью лекарства.	s_80d4062ef847.mp3	female
279	הוּא מַרְגִּיעַ אֶת הַחוֹלֶה הַמְּבֹהָל.	Он успокаивает испуганного больного.	s_b054c4ef91da.mp3	female
280	הִרְגַּעְתִּי אוֹתוֹ בִּדְבָרִים טוֹבִים.	Я успокоил его добрыми словами.	s_4baa5e205e81.mp3	male
281	הוּא מַחֲזִיר הַכֹּל לַמָּקוֹם.	Он возвращает всё на место.	s_ff72a66854a5.mp3	male
282	הֶחֱזַרְתִּי אֶת הַסֵּפֶר לָאֲרוֹן.	Я вернул книгу в шкаф.	s_914ba2dfbcac.mp3	female
283	הוּא מְדַוֵּחַ עַל הַמַּצָּב לָאָחוֹת.	Он докладывает о состоянии медсестре.	s_28575072ec16.mp3	male
284	דִּוַּחְתִּי לָרוֹפֵא עַל שִׁנּוּי.	Я сообщил врачу об изменении.	s_eac40e89e214.mp3	male
285	הִיא מַחֲלִיפָה אֶת הַמַּצָּעִים הַיּוֹם.	Она меняет постельное бельё сегодня.	s_37f06f90956c.mp3	female
286	הֶחֱלַפְתִּי אֶת הַתַּחְבּוֹשֶׁת בַּבֹּקֶר.	Я сменил повязку утром.	s_7ec288d308f6.mp3	female
287	הוּא מְעוֹדֵד אֶת הַסָּבָא תָּמִיד.	Он всегда подбадривает дедушку.	s_3c7f1f9491cf.mp3	female
288	עוֹדַדְתִּי אוֹתוֹ בְּחִיּוּךְ רָחָב.	Я подбодрил его широкой улыбкой.	s_75bc0717749f.mp3	male
289	הוּא מְלַוֶּה אֶת הַקָּשִׁישׁ לַבַּנְק.	Он сопровождает пожилого человека в банк.	s_231976ccbdda.mp3	female
290	לִוִּיתִי אוֹתוֹ לְקוּפַּת חוֹלִים.	Я сопроводил его в поликлинику.	s_44bf9dc574d8.mp3	male
291	הַגַּנֶּנֶת מַשְׁגִּיחָה עַל הַיְּלָדִים בֶּחָצֵר.	Воспитательница присматривает за детьми во дворе.	s_dad6a7db2346.mp3	male
292	הִשְׁגַּחְתִּי עֲלֵיהֶם כָּל הַיּוֹם.	Я следил за ними весь день.	s_3ac4f3910505.mp3	male
293	אִמָּא מְחַבֶּקֶת אֶת הַיֶּלֶד בְּחֹם.	Мама тепло обнимает ребёнка.	s_6887436a45fb.mp3	female
294	חִבַּקְתִּי אוֹתוֹ כְּשֶׁהוּא בָּכָה.	Я обнял его, когда он заплакал.	s_f9d65f227f41.mp3	male
295	הוּא מְנַחֵם אֶת הַחָבֵר הֶעָצוּב.	Он утешает грустного друга.	s_e5afa2bf35b2.mp3	female
296	נִחַמְתִּי אֶת הַיַּלְדָּה בַּגַּן.	Я утешил девочку в саду.	s_2d58a4f66340.mp3	female
297	דָּנִי מְשַׁתֵּף אֶת כּוּלָּם בַּמִּשְׂחָק.	Дани вовлекает всех в игру.	s_5b60f9c02675.mp3	female
298	שִׁתַּפְתִּי אֶת הַחֲבֵרִים בַּצַּעֲצוּעִים.	Я поделился с друзьями игрушками.	s_f733603309ca.mp3	female
299	הַיֶּלֶד גּוֹזֵר נְיָר בְּמִסְפָּרַיִם.	Ребёнок режет бумагу ножницами.	s_db99b31e5d4f.mp3	male
300	גָּזַרְתִּי צוּרוֹת יָפוֹת מִבְּרִיסְטוֹל.	Я вырезал красивые фигурки из картона.	s_6c61aeeb7900.mp3	male
301	יוֹסִי מַרְכִּיב פָּאזֶל גָּדוֹל הַיּוֹם.	Йоси собирает большой пазл сегодня.	s_e737d4a0a4f2.mp3	male
302	הִרְכַּבְתִּי מִגְדָּל גָּבוֹהַּ מִלֶּגוֹ.	Я собрал высокую башню из лего.	s_300c3cb1e949.mp3	male
303	הַגַּנֶּנֶת מַקְרִיאָה סִפּוּר לַיְּלָדִים.	Воспитательница читает сказку детям.	s_bb71d9c8d0a7.mp3	male
304	הִקְרֵאתִי שִׁיר יָפֶה לָהֶם.	Я прочитал им красивое стихотворение.	s_b7e5675d9ac4.mp3	male
305	הַיֶּלֶד שׁוֹכֵב עַל הַמִּזְרָן.	Ребёнок лежит на матрасе.	s_da3399175be3.mp3	male
306	שָׁכַבְתִּי לָנוּחַ בַּצָּהֳרַיִם הַיּוֹם.	Я прилёг отдохнуть днём сегодня.	s_6f82afc34a10.mp3	male
307	הוּא נוֹעֵל נַעֲלַיִם לְבַד הַיּוֹם.	Он надевает обувь сам сегодня.	s_81cf2b3de226.mp3	male
308	נָעַלְתִּי סַנְדָּלִים נוֹחִים לַגַּן.	Я обул удобные сандалии в садик.	s_900a25301742.mp3	male
309	הַיְּלָדִים רוֹחֲצִים יָדַיִם בְּסַבּוֹן.	Дети моют руки с мылом.	s_2f7b3fb1b9d2.mp3	male
310	רָחַצְנוּ יָדַיִם לִפְנֵי הָאוֹכֶל.	Мы помыли руки перед едой.	s_0457945acfde.mp3	male
311	דָּנִי מְוַתֵּר עַל הַתּוֹר בִּנְדִיבוּת.	Дани великодушно уступает очередь.	s_a4ab1c671bdb.mp3	male
312	וִתַּרְתִּי לַחֲבֵרָה שֶׁלִּי בַּמִּשְׂחָק.	Я уступил своей подруге в игре.	s_96aed881ef50.mp3	male
313	הִיא מְחַלֶּקֶת צְבָעִים לַיְּלָדִים.	Она раздаёт карандаши детям.	s_f0871e71a003.mp3	female
314	חִלַּקְתִּי אֶת הָעוּגָה שָׁוֶה.	Я поровну разделил пирог.	s_73782af4503b.mp3	female
315	כָּל הַיְּלָדִים שָׁרִים בַּמַּעְגָּל.	Все дети поют в хороводе.	s_73a5f87cc4f8.mp3	male
316	שַׁרְנוּ שִׁיר שָׂמֵחַ בִּמְסִבָּה.	Мы спели весёлую песню на празднике.	s_a7e6b3f79e85.mp3	male
317	הַיְּלָדִים רוֹקְדִים בְּשִׂמְחָה עַכְשָׁיו.	Дети с радостью танцуют сейчас.	s_09881b743407.mp3	male
318	רָקַדְתִּי עִם הַחֲבֵרִים בַּגַּן.	Я танцевал с друзьями в саду.	s_02b2794baff2.mp3	male
319	הִיא גּוֹמֶלֶת אוֹתוֹ מֵחִתּוּלִים עַכְשָׁיו.	Она отучает его от подгузников сейчас.	s_697c40a78cea.mp3	female
320	גָּמַלְנוּ אֶת הַיֶּלֶד מִמּוֹצֵץ.	Мы отучили ребёнка от соски.	s_35cab1f36e98.mp3	female
321	הָרוֹפֵא מְאַבְחֵן אֶת הַמַּחֲלָה.	Врач диагностирует болезнь.	s_37e5fe6c21d7.mp3	female
322	אִבְחַנְתִּי דַּלֶּקֶת רֵאוֹת אֶתְמוֹל.	Я диагностировал воспаление лёгких вчера.	s_4a1204465999.mp3	male
323	הָרוֹפֵא רוֹשֵׁם מִרְשָׁם לַחוֹלֶה.	Врач выписывает рецепт больному.	s_2a9ebe407d7e.mp3	male
324	רָשַׁמְתִּי תְּרוּפָה חֲדָשָׁה לַמְּטוּפָּל.	Я выписал новое лекарство пациенту.	s_5f3083c03b7c.mp3	male
325	הוּא מַפְנֶה אוֹתִי לִבְדִיקוֹת.	Он направляет меня на анализы.	s_584b8ab94a1b.mp3	male
326	הִפְנֵיתִי אֶת הַחוֹלֶה לְמוּמְחֶה.	Я направил больного к специалисту.	s_07fd4190793a.mp3	female
327	הָאָחוֹת מְחַטֵּאת אֶת הַפֶּצַע.	Медсестра дезинфицирует рану.	s_a5cd2458b892.mp3	female
328	חִטֵּאתִי אֶת הַמָּקוֹם בְּאַלְכּוֹהוֹל.	Я продезинфицировал место спиртом.	s_3a647264524c.mp3	female
329	הוּא חוֹבֵשׁ אֶת הַיָּד הַפְּצוּעָה.	Он перевязывает раненую руку.	s_611e9cbb4c35.mp3	female
330	חָבַשְׁתִּי אֶת הָרֶגֶל בְּתַחְבֹּשֶׁת.	Я перевязал ногу бинтом.	s_8466b758dbaa.mp3	female
331	הַכִירוּרְג מְנַתֵּחַ בְּבֵית הַחוֹלִים.	Хирург оперирует в больнице.	s_3caf05bd1f95.mp3	male
332	נִתַּחְנוּ אֶת הַחוֹלֶה בְּהַצְלָחָה.	Мы успешно прооперировали пациента.	s_72516df2b718.mp3	female
333	הִיא מַזְרִיקָה תְּרוּפָה לַשְּׁרִיר.	Она вводит лекарство в мышцу.	s_e6ec7a962038.mp3	female
334	הִזְרַקְתִּי חִסּוּן נֶגֶד שַׁפַּעַת.	Я сделал прививку от гриппа.	s_85b902ac0f83.mp3	male
335	הוּא מַרְדִּים לִפְנֵי הַנִּתּוּחַ.	Он даёт наркоз перед операцией.	s_ae03f281f077.mp3	male
336	הִרְדַּמְתִּי אֶת הַמְּטוּפָּל בְּבִטָּחוֹן.	Я безопасно ввёл пациента в наркоз.	s_bcf6c18858c2.mp3	female
337	הוּא מַחְלִים מֵהַמַּחֲלָה בְּקָרוֹב.	Он скоро поправляется от болезни.	s_481bc01c727b.mp3	male
338	הֶחֱלַמְתִּי מֵהַשַּׁפַּעַת בְּמַהֲרוּת.	Я быстро оправился от гриппа.	s_33947132136a.mp3	male
339	הַחוֹלֶה מִתְאוֹשֵׁשׁ בְּחֶדֶר הַתְאוֹשְׁשׁוּת.	Пациент приходит в себя в палате пробуждения.	s_4636e510dc20.mp3	male
340	הִתְאוֹשַׁשְׁתִּי יָפֶה אַחֲרֵי הַטִּפּוּל.	Я хорошо восстановился после процедуры.	s_f0c19d8ff04d.mp3	male
341	הַכַּדּוּר מֵקֵל עַל הַכְּאֵב.	Таблетка облегчает боль.	s_ccca38dfa0de.mp3	male
342	הֵקַלְתִּי עַל הַסֵּבֶל שֶׁלּוֹ.	Я облегчил его страдания.	s_b4d206fec0f4.mp3	male
343	הַמַּצָּב מַחְמִיר בַּלַּיְלָה תָּמִיד.	Состояние всегда ухудшается ночью.	s_3cccc8242235.mp3	male
344	הַכְּאֵב הֶחְמִיר בַּיָּמִים הָאַחֲרוֹנִים.	Боль усилилась в последние дни.	s_04487e955a9b.mp3	male
345	הוּא מִשְׁתַּעֵל בְּלִי הַפְסָקָה הַיּוֹם.	Он кашляет без перерыва сегодня.	s_28004ff8cabe.mp3	male
346	הִשְׁתַּעַלְתִּי כָּל הַלַּיְלָה בַּמִּטָּה.	Я кашлял всю ночь в постели.	s_b3885ceb99db.mp3	male
347	הַיֶּלֶד מֵקִיא מֵהַרְעָלַת קֵבָה.	Ребёнка рвёт от отравления.	s_da365aa30b45.mp3	male
348	הֵקֵאתִי אַחֲרֵי הָאוֹכֶל הַמְּקוּלְקָל.	Меня вырвало после испорченной еды.	s_267ecba7b383.mp3	male
349	הִיא כִּמְעַט מִתְעַלֶּפֶת מֵחֹם.	Она почти падает в обморок от жары.	s_fab1047417ee.mp3	female
350	הָאִישׁ הִתְעַלֵּף בָּרְחוֹב הַיּוֹם.	Мужчина упал в обморок на улице сегодня.	s_38dc38af0e9b.mp3	male
351	הוּא נוֹשֵׁם עָמֹק בַּבְּדִיקָה.	Он глубоко дышит на осмотре.	s_26318dd6ff20.mp3	male
352	נָשַׁמְתִּי לִרְוָחָה אַחֲרֵי הַבְּשׂוֹרָה.	Я вздохнул с облегчением после вести.	s_c8c74f76d95d.mp3	male
353	הוּא בּוֹלֵעַ כַּדּוּר עִם מַיִם.	Он глотает таблетку с водой.	s_15542855ea12.mp3	male
354	בָּלַעְתִּי אֶת הַתְּרוּפָה בַּבֹּקֶר.	Я проглотил лекарство утром.	s_a23ee6134332.mp3	female
355	מְאַשְׁפְּזִים אוֹתוֹ בְּבֵית חוֹלִים.	Его госпитализируют в больницу.	s_3ecc38e7b497.mp3	male
356	אִשְׁפַּזְנוּ אֶת הַחוֹלֶה לְהַשְׁגָּחָה.	Мы госпитализировали больного под наблюдение.	s_61d22af7be67.mp3	female
357	הָרוֹפֵא מְשַׁחְרֵר אוֹתִי הַבַּיְתָה.	Врач выписывает меня домой.	s_22f73d3a4d41.mp3	male
358	שִׁחְרַרְנוּ אֶת הַחוֹלָה אֶתְמוֹל.	Мы выписали пациентку вчера.	s_6d1c1583a0c9.mp3	female
359	הוּא מְמַשֵּׁשׁ אֶת הַבֶּטֶן.	Он пальпирует живот.	s_2dc1ec53bcdf.mp3	female
360	מִשַּׁשְׁתִּי אֶת הַדּוֹפֶק שֶׁלּוֹ.	Я прощупал его пульс.	s_2b4c79ea4531.mp3	female
361	הוּא סוֹבֵל מִכְּאֵב רֹאשׁ.	Он страдает от головной боли.	s_9727483ecf4a.mp3	male
362	סָבַלְתִּי מֵחֹם גָּבוֹהַּ אֶתְמוֹל.	Я страдал от высокой температуры вчера.	s_d1e0aa8cbba0.mp3	male
363	נְגִיף שַׁפַּעַת מַדְבִּיק מַהֵר.	Вирус гриппа быстро заражает.	s_e53fa4e17394.mp3	male
364	לֹא הִדְבַּקְתִּי אַף אֶחָד בַּבַּיִת.	Я никого дома не заразил.	s_39f96afa760b.mp3	male
365	רוֹאֵה חֶשְׁבּוֹן מְחַשֵּׁב מִסִּים.	Бухгалтер рассчитывает налоги.	s_6a114836428d.mp3	male
366	חִשַּׁבְתִּי אֶת הַהוֹצָאוֹת בַּדּוּ״חַ.	Я рассчитал расходы в отчёте.	s_3e36f43303d7.mp3	female
367	הַבַּנְק מְחַיֵּב אֶת הַחֶשְׁבּוֹן.	Банк списывает средства со счёта.	s_1e774e41e2a1.mp3	female
368	חִיַּבְתִּי אֶת כַּרְטִיס הָאַשְׁרַאי.	Я снял оплату с кредитной карты.	s_f4820c6e1ddb.mp3	female
369	הַסַּפָּק מְזַכֶּה אֶת הַלָּקוֹחַ.	Поставщик кредитует клиента.	s_f27ca0824ce9.mp3	female
370	זִכִּיתִי אֶת חֶשְׁבּוֹן הַבַּנְק.	Я пополнил банковский счёт.	s_a14e72b51ddc.mp3	female
371	הוּא מֵפִיק חֶשְׁבּוֹנִית מַס מְהִירָה.	Он генерирует налоговую квитанцию быстро.	s_2e126197c55e.mp3	male
372	הֵפַקְתִּי דּוּ״חַ שְׁנָתִי מְפֹרָט.	Я выпустил подробный годовой отчёт.	s_6e944dc5c4af.mp3	male
373	הוּא מְקַזֵּז אֶת הַמַּס הַחֹדֶשׁ.	Он делает взаимозачёт налога в этом месяце.	s_4c872cb80394.mp3	female
374	קִזַּזְתִּי מַס תְּשׂוּמוֹת כָּרָאוּי.	Я зачел входящий НДС как положено.	s_d7057150a142.mp3	male
375	הַמַּעֲסִיק מְנַכֶּה מַס מֵהַשָּׂכָר.	Работодатель удерживает налог из зарплаты.	s_db17447e76b6.mp3	male
376	נִכֵּיתִי מַס בַּמָּקוֹר כַּחֹק.	Я удержал налог у источника по закону.	s_28d807f97918.mp3	male
377	הָעֵסֶק גּוֹבֶה תַּשְׁלוּם מֵהַלָּקוֹחַ.	Бизнес взимает платёж с клиента.	s_edcb44aa2fb7.mp3	male
378	גָּבִיתִי אֶת כָּל הַחוֹבוֹת.	Я собрал все задолженности.	s_882d68ecd57c.mp3	female
379	רוֹאֵה חֶשְׁבּוֹן מְאַזֵּן מַאֲזָן.	Бухгалтер сводит баланс.	s_b3c57242fb00.mp3	male
380	אִזַּנְתִּי אֶת הַתַּקְצִיב שֶׁל הַחֶבְרָה.	Я сбалансировал бюджет компании.	s_5122538d814e.mp3	female
381	הוּא מַפְקִיד כֶּסֶף בַּבַּנְק כָּעֵת.	Он вносит деньги в банк сейчас.	s_14058c4804a7.mp3	male
382	הִפְקַדְתִּי אֶת הַצֵּ׳ק בַּחֶשְׁבּוֹן.	Я положил чек на счёт.	s_ac437633ba25.mp3	female
383	הוּא מוֹשֵׁךְ כֶּסֶף מֵהַכַּסְפּוֹמָט.	Он снимает деньги из банкомата.	s_85ac96a6c330.mp3	male
384	מָשַׁכְתִּי מָאתַיִם שְׁקָלִים בַּבֹּקֶר.	Я снял двести шекелей утром.	s_225df510c112.mp3	male
385	הוּא מַעֲבִיר כֶּסֶף לַסַּפָּק.	Он переводит деньги поставщику.	s_97ac2ad5c2dc.mp3	male
386	הֶעֱבַרְתִּי אֶת הַתַּשְׁלוּם בְּאַפְּלִיקַצְיָה.	Я перевёл платёж в приложении.	s_247aeca979fd.mp3	female
387	הוּא מְנַהֵל סִפְרֵי חֶשְׁבּוֹנוֹת.	Он ведёт бухгалтерские книги.	s_3f7e6b894048.mp3	male
388	נִהַלְתִּי אֶת תַּקְצִיב הַפְּרוֹיֶקְט.	Я управлял бюджетом проекта.	s_33275c7269a2.mp3	female
389	הוּא עוֹקֵב אַחַר כָּל הוֹצָאָה.	Он отслеживает каждый расход.	s_3f49588ec823.mp3	male
390	עָקַבְתִּי אַחֲרֵי תְּנוּעוֹת הַחֶשְׁבּוֹן.	Я отследил движения по счёту.	s_371bce283644.mp3	male
391	הוּא פּוֹרֵס לְתַשְׁלוּמִים שְׁוִוים.	Он разбивает на равные платежи.	s_b93267e63ddb.mp3	male
392	פָּרַסְתִּי אֶת הַתַּשְׁלוּם לִשְׁלוֹשָׁה.	Я разбил платёж на три части.	s_1eb04f1c0852.mp3	female
393	הוּא מְבַטֵּל חֶשְׁבּוֹנִית שְׁגוּיָה כָּעֵת.	Он аннулирует ошибочный счёт сейчас.	s_3e7a7fb53213.mp3	male
394	בִּטַּלְתִּי אֶת הַהוֹרָאָה בַּבַּנְק.	Я отменил распоряжение в банке.	s_a4d0f1cb0b75.mp3	female
395	הַמַּעֲסִיק מַפְרִישׁ לְקֶרֶן פֶּנְסְיָה.	Работодатель отчисляет в пенсионный фонд.	s_fd107bcec86f.mp3	male
396	הִפְרַשְׁנוּ אֶת הַכְּסָפִים כַּחֹק.	Мы перечислили отчисления по закону.	s_87c96065402e.mp3	female
397	הוּא מַפְחִית אֶת עֵרֶךְ הַצִיּוּד.	Он уменьшает стоимость оборудования.	s_33aa4f056c4a.mp3	female
398	הִפְחַתְתִּי עֲלוּיוֹת בְּעֵסֶק הַשָּׁנָה.	Я сократил расходы в бизнесе в этом году.	s_7408c93b49ae.mp3	male
399	הוּא מַגִּישׁ דּוּ״חַ לְמַס הַכְנָסָה.	Он подаёт отчёт в налоговую.	s_cf098f0564bb.mp3	male
400	הִגַּשְׁתִּי אֶת הַדּוּ״חַ בַּזְּמַן.	Я подал отчёт вовремя.	s_34297fbac9d2.mp3	female
401	הוּא מַסְדִּיר אֶת הַתַּשְׁלוּם הַיּוֹם.	Он урегулирует платёж сегодня.	s_0943c2cb37d4.mp3	female
402	הִסְדַּרְתִּי אֶת הַחוֹב בָּרָשׁוּת.	Я урегулировал долг в ведомстве.	s_0a3b856ec7c6.mp3	female
403	הַמְּכוֹנַאי מְפָרֵק אֶת הַגַּלְגַּל.	Механик разбирает колесо.	s_0963212a6f6d.mp3	female
404	פֵּרַקְתִּי אֶת הַמָּנוֹעַ הַיָּשָׁן.	Я разобрал старый мотор.	s_d8f05b364dda.mp3	female
405	הַנַּהָג בּוֹלֵם בִּמְהִירוּת רַבָּה.	Водитель резко тормозит.	s_937731a7f3e3.mp3	male
406	בָּלַמְתִּי לִפְנֵי מַעֲבַר חֲצִיָּה.	Я затормозил перед переходом.	s_72cca5d2f6f0.mp3	male
407	הוּא מֵנִיעַ אֶת הָרֶכֶב בַּבֹּקֶר.	Он заводит машину утром.	s_17f2e3a3a7b0.mp3	female
408	הֵנַעְתִּי אֶת הַמָּנוֹעַ בְּקַלּוּת.	Я завёл двигатель легко.	s_832327d61460.mp3	female
409	הַגַּרְרָן גּוֹרֵר אֶת הַמְּכוֹנִית.	Эвакуатор буксирует автомобиль.	s_df0b503e0d1e.mp3	female
410	גָּרַרְנוּ אֶת הָרֶכֶב לַמּוּסָךְ.	Мы отбуксировали машину в гараж.	s_63ad8b3b87b7.mp3	female
411	הוּא מְשַׁמֵּן אֶת הַחֲלָקִים.	Он смазывает детали.	s_b424d8ce1825.mp3	female
412	שִׁמַּנְתִּי אֶת הַשַּׁרְשֶׁרֶת בְּשֶׁמֶן.	Я смазал цепь маслом.	s_977c26e31da0.mp3	female
413	הוּא מְכַוֵּן פָּרָמֶטְרִים בַּמַּחְשֵׁב.	Он настраивает параметры в компьютере.	s_2b10c10ef44d.mp3	male
414	כִּוַּנְתִּי אֶת הַפָּנִים הַקִּדְמִיּוֹת.	Я отрегулировал передние фары.	s_2faf19a570d7.mp3	female
415	הוּא מְנַקֵּז אֶת שֶׁמֶן הַבְּלָמִים.	Он сливает тормозную жидкость.	s_6eac59238ea1.mp3	female
416	נִקַּזְתִּי אֶת הַמַּיִם מֵהָרַדְיָטוֹר.	Я слил воду из радиатора.	s_c8b05b7740ea.mp3	female
417	הוּא מְמַלֵּא דֶּלֶק בַּתַּחֲנָה.	Он заливает бензин на заправке.	s_c4acec8ed2d3.mp3	male
418	מִלֵּאתִי אֶת הַמְּכָל בְּשֶׁמֶן.	Я наполнил бачок маслом.	s_fcf96c699281.mp3	female
419	הָרֶכֶב מַחְלִיק עַל כְּבִישׁ רָטֹב.	Машина скользит по мокрой дороге.	s_969e2e4c4aa7.mp3	male
420	הָאוֹטוֹ הֶחְלִיק בַּסִּבּוּב הַמְּסוּכָּן.	Автомобиль занесло на опасном повороте.	s_1aae3212726c.mp3	male
421	הוּא מַטְעִין אֶת הַמַּצְבֵּר.	Он заряжает аккумулятор.	s_c1ba8e18510f.mp3	female
422	הִטְעַנְתִּי אֶת הַבָּטֶרְיָה כָּל הַלַּיְלָה.	Я заряжал батарею всю ночь.	s_8c36575c3eba.mp3	female
423	הוּא מְחַבֵּר אֶת הַכְּבָלִים.	Он подключает провода.	s_8266cbfaf881.mp3	female
424	חִבַּרְתִּי אֶת הַסּוֹרֵק לָרֶכֶב.	Я подключил сканер к машине.	s_2635d1fbc67d.mp3	female
425	הוּא מְנַתֵּק אֶת הַזֶּרֶם.	Он отключает ток.	s_248d8c07d750.mp3	female
426	נִתַּקְתִּי אֶת הַמַּצְבֵּר לִפְנֵי הַתִּקּוּן.	Я отключил аккумулятор перед ремонтом.	s_69690a234493.mp3	female
427	הוּא מַהְדֵּק אֶת הַבְּרָגִים.	Он затягивает винты.	s_f1f84c39a032.mp3	female
428	הִדַּקְתִּי הֵיטֵב בְּמַפְתֵּחַ בְּרָגִים.	Я крепко затянул гаечным ключом.	s_30534da555ab.mp3	male
429	הַמָּנוֹעַ מִתְחַמֵּם בַּפְּקָקִים הַיּוֹם.	Двигатель перегревается в пробках сегодня.	s_ca6013b1e887.mp3	male
430	הָרֶכֶב הִתְחַמֵּם בָּעֲלִיָּה לִירוּשָׁלַיִם.	Машина нагрелась на подъёме в Иерусалим.	s_c3c759403fbe.mp3	male
431	שֶׁמֶן דּוֹלֵף מֵהַמָּנוֹעַ כָּעֵת.	Масло подтекает из двигателя сейчас.	s_e1f2df7a8192.mp3	male
432	דֶּלֶק דָּלַף מֵהַצִּנּוֹר אֶתְמוֹל.	Бензин капал из трубки вчера.	s_b5fef3e20f70.mp3	male
433	הוּא פּוֹנֶה יָמִינָה בָּרַמְזוֹר.	Он поворачивает направо на светофоре.	s_d09c46330bcb.mp3	male
434	פָּנִיתִי שְׂמֹאלָה בַּכִּכָּר הַיּוֹם.	Я повернул налево на кругу сегодня.	s_c30713f12395.mp3	male
435	הוּא אוֹטֵם אֶת הַחִבּוּר בְּסִילִיקוֹן.	Он герметизирует стык силиконом.	s_131ffe8c27b7.mp3	female
436	אָטַמְתִּי אֶת הַחַלּוֹן שֶׁל הָרֶכֶב.	Я загерметизировал окно машины.	s_356f7660f68a.mp3	female
437	הַסַּפְרָן מְקַטְלֵג סְפָרִים חֲדָשִׁים.	Библиотекарь каталогизирует новые книги.	s_1054a95b2eb1.mp3	male
438	קִטְלַגְתִּי אֶת הַחוֹבֶרֶת בַּמַּעֲרֶכֶת.	Я внёс брошюру в систему каталога.	s_0af755e08497.mp3	female
439	הוּא מְפַתֵּחַ מַפְתֵּחַ עִנְיָנִים.	Он составляет предметный указатель.	s_46093e3b888e.mp3	male
440	פִּתַּחְתִּי אֶת מַאֲגַר הַמֵּידָע.	Я развил базу данных.	s_bc28af7065eb.mp3	female
441	הִיא מְמַיֶּנֶת סְפָרִים לְפִי נוֹשְׂאִים.	Она сортирует книги по темам.	s_14cbc0514de1.mp3	female
442	מִיַּנְתִּי אֶת הַכְּרָכִים עַל הַמַּדָּף.	Я рассортировал тома на полке.	s_ec1bcde3167c.mp3	female
443	הִיא מַשְׁאִילָה סֵפֶר לַקּוֹרֵא.	Она выдаёт книгу читателю.	s_b6e874434e73.mp3	female
444	הִשְׁאַלְתִּי מִלּוֹן עָבֶה לְחֹדֶשׁ.	Я выдал толстый словарь на месяц.	s_56f9aca0429a.mp3	male
445	הוּא מַאֲרִיךְ אֶת הַהַשְׁאָלָה.	Он продлевает выдачу.	s_43526f0504d2.mp3	female
446	הֶאֱרַכְתִּי אֶת הַזְּמַן בְּשָׁבוּעַ.	Я продлил срок на неделю.	s_082babe10431.mp3	female
447	הַסְְטוּדֶנְט מְעַיֵּן בְּכְּתַב-עֵת.	Студент просматривает журнал.	s_dafaadba37e0.mp3	male
448	עִיַּנְתִּי בַּמַּסְמָכִים הָעַתִּיקִים.	Я ознакомился с древними документами.	s_90d0d3b04ccb.mp3	male
449	הוּא מְאַתֵּר אֶת הַסֵּפֶר בַּמַּדָּף.	Он находит книгу на полке.	s_9415bdd375bb.mp3	female
450	אִתַּרְתִּי אֶת הַכֶּרֶךְ לְפִי הַסִּימוּן.	Я отыскал том по шифру.	s_63d013b446d5.mp3	female
451	מְשַׁמְּרִים סְפָרִים בִּתְנָאִים מְיוּחָדִים.	Книги сохраняют в особых условиях.	s_e9553cbb16fa.mp3	male
452	שִׁמַּרְנוּ אֶת כִּתְבֵי הַיָּד הַנְּדִירִים.	Мы законсервировали редкие рукописи.	s_fd9ee2cb7247.mp3	female
453	הוּא מְשַׁקֵּם דַּף קָרוּעַ בִּזְהִירוּת.	Он осторожно реставрирует порванную страницу.	s_2e794cda478d.mp3	male
454	שִׁקַּמְתִּי אֶת הַכְּרִיכָה הַבְּלוּיָה.	Я отреставрировал ветхий переплёт.	s_bf622763b620.mp3	female
455	הוּא סוֹרֵק תְּמוּנוֹת הִיסְטוֹרִיּוֹת.	Он сканирует исторические фотографии.	s_2e908c91bdf4.mp3	male
456	סָרַקְתִּי אֶת כָּל הַחוֹזֶה.	Я отсканировал весь договор.	s_13588be93fed.mp3	female
457	מְדַגְטְלִים אֶת כָּל הָאַרְכִיּוֹן.	Оцифровывают весь архив.	s_844426af460d.mp3	female
458	דִּגְטַלְנוּ אֶת הָעִתּוֹנִים הַיְּשָׁנִים.	Мы оцифровали старые газеты.	s_7956f304e589.mp3	female
459	הוּא גּוֹנֵז מִסְמָכִים בְּאַכְסַנְיָה.	Он архивирует документы в хранилище.	s_8fd4c41d8d10.mp3	male
460	גָּנַזְנוּ אֶת הַתִּיק הַהִיסְטוֹרִי.	Мы сдали в спецхран историческое дело.	s_6971af88036a.mp3	female
461	הוּא כּוֹרֵךְ סֵפֶר בִּכְרִיכָה קָשָׁה.	Он переплетает книгу в твёрдый переплёт.	s_f85ac7f996ef.mp3	male
462	כָּרַכְתִּי אֶת חוֹבְרוֹת הַלִּמּוּד.	Я переплёл учебные тетради.	s_daa7e5fcca85.mp3	female
463	הוּא מְתַעֵד כָּל תְּנוּעָה בָּאוֹסֶף.	Он документирует каждое перемещение в фонде.	s_35b9a809898b.mp3	male
464	תִּעַדְתִּי אֶת הַתַּהֲלִיךְ כּוּלּוֹ בַּדּוּ״חַ.	Я задокументировал весь процесс в отчёте.	s_2f8b25d0dae9.mp3	female
465	הוּא שׁוֹלֵף תִּיק מֵהַמַּחְשֵׁב.	Он извлекает дело из компьютера.	s_5f471f6302dc.mp3	male
466	שָׁלַפְתִּי אֶת הַכַּרְטִיס מֵהַמְּגֵרָה.	Я достал карточку из ящика.	s_ba39fb30ff24.mp3	female
467	הוּא מְסַוֵּג אֶת הַחוֹמֶר.	Он классифицирует материал.	s_bc5d8f95a363.mp3	female
468	סִוַּגְנוּ אֶת הַמִּסְמָכִים הַסּוֹדִיִּים.	Мы классифицировали секретные документы.	s_b8e8500d0d50.mp3	female
469	הוּא מַנְפִּיק כַּרְטִיס קוֹרֵא לַתַּלְמִיד.	Он оформляет читательский билет ученику.	s_7da8b8f873e9.mp3	male
470	הִנְפַּקְתִּי אֶת הַתְּעוּדָה בָּרֶגַע.	Я оформил удостоверение вмиг.	s_ea2e16882a3b.mp3	female
471	הַסַּפְרָן גּוֹרֵעַ סְפָרִים מֵהַמְּלַאי.	Библиотекарь списывает книги из инвентаря.	s_fd5007d5f596.mp3	male
472	גָּרַעְתִּי אֶת הַכְּרָכִים הַבְּלוּיִים.	Я списал обветшалые тома.	s_7af6966c9775.mp3	female
473	מְבַעֲרִים דַּפִּים מְיוּתָּרִים בִּמְגְרָסָה.	Утилизируют лишние листы в шредере.	s_2fe7e64cb329.mp3	male
474	בִּעַרְנוּ אֶת הָאַרְכִיּוֹן הַיָּשָׁן.	Мы утилизировали старый архив.	s_b04b150d69f9.mp3	female
475	הוּא מַדְפִּיס דַּף בַּמַּדְפֶּסֶת.	Он распечатывает лист на принтере.	s_b4a9b2e97f26.mp3	male
476	הִדְפַּסְתִּי אֶת הַטּוֹפֶס לַבַּקָּשָׁה.	Я распечатал бланк для заявления.	s_e9578b2616b3.mp3	female
477	הוּא מַקְצִיף אֶת כָּל הָרֶכֶב.	Он покрывает пеной всю машину.	s_4960a3138199.mp3	female
478	הִקְצַפְתִּי הֵיטֵב בְּקֶצֶף פָּעִיל.	Я хорошо нанёс активную пену.	s_6114995e136a.mp3	male
479	הוּא מְנַגֵּב חַלּוֹנוֹת בְּמַטְלִית.	Он вытирает стёкла салфеткой.	s_b57d3738b79a.mp3	male
480	נִגַּבְתִּי אֶת הַגַּג עַד יֹבֶשׁ.	Я насухо вытер крышу.	s_870ca38054de.mp3	female
481	הוּא שׁוֹאֵב אֶת הַשָּׁטִיחַ בָּרֶכֶב.	Он пылесосит коврик в машине.	s_5a4aecbd730b.mp3	female
482	שָׁאַבְתִּי אֶת תָּא הַמִּטְעָן הַיּוֹם.	Я пропылесосил багажник сегодня.	s_c95a23399b96.mp3	female
483	הוּא מַבְרִיק אֶת הָרֶכֶב.	Он начищает до блеска машину.	s_669f15601640.mp3	female
484	הִבְרַקְתִּי אֶת הַשִּׁמְשָׁה לְגַמְרֵי.	Я до блеска отполировал лобовое стекло.	s_6e8942676439.mp3	female
485	הוּא מוֹרֵחַ וַקְס עַל הַמִּכְסֶה.	Он наносит воск на капот.	s_1c254411d34a.mp3	male
486	מָרַחְתִּי שִׁכְבָה שֶׁל חוֹמֶר מָגֵן.	Я нанёс слой защитного средства.	s_cac8ab2f1e5d.mp3	male
487	הוּא מְיַבֵּשׁ אֶת הָרֶכֶב בַּאֲוִויר.	Он сушит машину воздухом.	s_9cf00fdff86f.mp3	female
488	יִבַּשְׁתִּי אֶת הַדְּלָתוֹת מִטִּפּוֹת מַיִם.	Я высушил двери от капель воды.	s_da9142bea5cb.mp3	female
489	הוּא מְרַסֵּס חוֹמֶר עַל הַגַּלְגַּלִּים.	Он распыляет средство на колёса.	s_58f47cb66c3f.mp3	male
490	רִסַּסְתִּי תַּרְסִיס נֶגֶד כְּתָמִים.	Я побрызгал спреем от пятен.	s_cb5cb64a33d3.mp3	male
491	הוּא מְקַרְצֵף אֶת הַלִּכְלוּךְ בְּמִבְרֶשֶׁת.	Он оттирает грязь щёткой.	s_e4d571df2a3b.mp3	female
492	קִרְצַפְתִּי אֶת הַחִשּׁוּקִים הֵיטֵב.	Я тщательно отдраил диски.	s_dd78669b0e52.mp3	female
493	הוּא מַתִּיז מַיִם בְּלַחַץ גָּבוֹהַּ.	Он подаёт струю воды под высоким давлением.	s_4790bf491cd3.mp3	male
494	הִתַּזְתִּי זֶרֶם מַיִם עַל הַבּוֹץ.	Я направил струю воды на грязь.	s_50a86aa95701.mp3	male
495	הוּא מֵסִיר כְּתָמִים קָשִׁים מֵהָרִפּוּד.	Он выводит трудновыводимые пятна с обивки.	s_d6ed26b6d80c.mp3	male
496	הֵסַרְתִּי אֶת הַדֶּבֶק מֵהַחַלּוֹן.	Я удалил клей со стекла.	s_0d05e0a56c82.mp3	female
497	הוּא מַשְׁחִיר אֶת הַצְּמִיגִים בְּחוֹמֶר.	Он чернит покрышки средством.	s_3cffda42ff4b.mp3	female
498	הִשְׁחַרְתִּי אֶת אַרְבַּעַת הַצְּמִיגִים.	Я почернил все четыре колеса.	s_2b0730118c00.mp3	female
499	הוּא מְבַשֵּׂם אֶת פְּנִים הָרֶכֶב.	Он ароматизирует салон автомобиля.	s_c4418d92320e.mp3	female
500	בִּשַּׂמְתִּי בְּרֵיחַ וָנִיל נָעִים.	Я освежил салон приятным запахом ванили.	s_7ea0263f0ef6.mp3	male
501	הוּא מְרוֹקֵן אֶת פַּח הָאַשְׁפָּה.	Он опустошает мусорное ведро.	s_19bf715c5a45.mp3	female
502	רוֹקַנְתִּי אֶת הַמַּאֲפֵרָה מֵאֵפֶר.	Я вытряхнул пепельницу от пепла.	s_92aabd71ae64.mp3	female
503	הוּא מְנַעֵר אֶת שַׁטִיחֵי הָרֶכֶב.	Он встряхивает коврики машины.	s_a509fa07b5a9.mp3	female
504	נִעַרְתִּי אֶת הַשָּׁטִיחַ מֵאָבָק.	Я выбил коврик от пыли.	s_2b9b87b60718.mp3	female
505	הוּא מַכְנִיס אֶת הָרֶכֶב לַמִּנְהָרָה.	Он заводит машину в туннель мойки.	s_6a67a9909689.mp3	female
506	הִכְנַסְתִּי אֶת הָאוֹטוֹ לַשְּׁטִיפָה.	Я загнал авто на мойку.	s_ad399bd129a0.mp3	female
507	הַנַּהָג מְקַפֵּל אֶת הַמַּרְאוֹת.	Водитель складывает зеркала.	s_6de678f98357.mp3	female
508	קִפַּלְתִּי מַרְאָה לִפְנֵי הַשְּׁטִיפָה.	Я сложил зеркало перед мойкой.	s_0d7cbd8ab126.mp3	male
509	הוּא מוֹסֵר רֶכֶב נָקִי לַלָּקוֹחַ.	Он сдаёт чистый автомобиль клиенту.	s_6e37efe02931.mp3	male
510	מָסַרְתִּי אֶת הַמַּפְתְּחוֹת בְּחִיּוּךְ.	Я отдал ключи с улыбкой.	s_bfd3b95c1da2.mp3	female
511	אֲנִי רוֹצֶה לִשְׁתּוֹת קָפֶה.	Я хочу пить кофе.	s_bfac96acdbdf.mp3	male
512	הוּא שׁוֹתֶה מַיִם קָרִים.	Он пьёт холодную воду.	s_125e36be0b21.mp3	male
513	אֲנִי גָּר בְּתֵל אָבִיב.	Я живу в Тель-Авиве.	s_8488faac758b.mp3	male
514	הַסֵּפֶר עוֹלֶה עֲשָׂרָה שְׁקָלִים.	Книга стоит десять шекелей.	s_319f52857b2c.mp3	male
515	הוּא לוֹמֵד בָּאוּלְפָּן הַיּוֹם.	Он учится в ульпане сегодня.	s_2a9576bf778b.mp3	male
516	אֲנִי כּוֹתֵב מִכְתָּב עַכְשָׁיו.	Я пишу письмо сейчас.	s_f75458bf4cff.mp3	male
517	הִיא קוֹרֵאת עִתּוֹן בַּבֹּקֶר.	Она читает газету утром.	s_ca673f398719.mp3	female
518	אֲנִי הוֹלֵךְ לַעֲבוֹדָה הַיּוֹם.	Я иду на работу сегодня.	s_f76e781914c5.mp3	male
519	הוּא עוֹבֵד בְּמִשְׂרָד גָּדוֹל.	Он работает в большом офисе.	s_c3edae33d7a8.mp3	male
520	אֲנִי שׁוֹמֵעַ מוּזִיקָה טוֹבָה.	Я слушаю хорошую музыку.	s_1c04ca7037ef.mp3	male
521	הוּא פּוֹתֵחַ אֶת הַדֶּלֶת.	Он открывает дверь.	s_2bc00328324f.mp3	female
522	הִיא סוֹגֶרֶת אֶת הַחַלּוֹן.	Она закрывает окно.	s_93230b480964.mp3	female
523	אֲנִי קָם מוּקְדָּם בַּבֹּקֶר.	Я встаю рано утром.	s_cc0cfd4ce033.mp3	male
524	כּוֹאֵב לִי הָרֹאשׁ הַיּוֹם.	У меня сегодня болит голова.	s_f4f2c0ae0b65.mp3	male
525	אַבָּא נָח עַל הַסַּפָּה.	Папа отдыхает на диване.	s_42af9c237e83.mp3	male
526	אֲנִי אוֹהֵב קָפֶה חַם.	Я люблю горячий кофе.	s_0428b89873f4.mp3	male
527	הוּא מְנַגֵּן בִּפְסַנְתֵּר מְצוּיָן.	Он отлично играет на пианино.	s_5b67cdc9441a.mp3	male
528	אֲנִי מְשַׁלֵּם בְּכַרְטִיס אַשְׁרַאי.	Я плачу кредитной картой.	s_d2fca264cef5.mp3	male
529	הוּא שׁוֹלֵחַ הוֹדָעָה עַכְשָׁיו.	Он отправляет сообщение сейчас.	s_690331480c5f.mp3	male
530	הוּא מְקַבֵּל מַתָּנָה יָפָה.	Он получает красивый подарок.	s_ec10e9951b0b.mp3	male
531	אֲנִי חוֹתֵם עַל הַחוֹזֶה.	Я подписываю договор.	s_28c0b79e96eb.mp3	male
532	הוּא מְבַקֵּשׁ כּוֹס מַיִם.	Он просит стакан воды.	s_2e9abb0368cf.mp3	male
533	אֲנִי מְטַיֵּל עִם הַכֶּלֶב.	Я гуляю с собакой.	s_386b87eda306.mp3	male
534	הוּא מְחַפֵּשׂ אֶת הַמַּפְתֵּחַ.	Он ищет ключ.	s_3965ec51d355.mp3	female
535	הַמּוֹרֶה מְלַמֵּד עִבְרִית בָּאוּלְפָּן.	Учитель преподает иврит в ульпане.	s_f80ab423e8c9.mp3	female
536	הַסֶּרֶט מַתְחִיל עַכְשָׁיו בַּקּוֹלְנוֹעַ.	Фильм начинается сейчас в кинотеатре.	s_1742ea299089.mp3	male
537	הוּא מַזְמִין מָקוֹם בַּמִּסְעָדָה.	Он заказывает место в ресторане.	s_f64c9c8c110f.mp3	male
538	אֲנִי מַרְגִּישׁ מְצוּיָן הַיּוֹם.	Я чувствую себя отлично сегодня.	s_45429c606b28.mp3	male
539	אֲנִי מַכִּיר אֶת הָאִישׁ.	Я знаю этого человека.	s_cb2c56eea678.mp3	male
540	הָאוֹטוֹבּוּס מַגִּיעַ עַכְשָׁיו לַתַּחֲנָה.	Автобус прибывает сейчас на остановку.	s_c6ae19c8bbc6.mp3	male
541	אֲנִי מַקְשִׁיב לְמוּזִיקָה טוֹבָה.	Я слушаю хорошую музыку.	s_f29ff275c917.mp3	male
542	הַמּוֹרֶה מַסְבִּיר אֶת הַשִּׁעוּר.	Учитель объясняет урок.	s_b70cfeed8e90.mp3	female
543	הוּא מִתְלַבֵּשׁ יָפֶה הַיּוֹם.	Он одевается красиво сегодня.	s_2067169da26e.mp3	male
544	אֲנִי מִתְרַחֵץ בַּמִּקְלַחַת עַכְשָׁיו.	Я моюсь в душе сейчас.	s_73f7a5b87f0b.mp3	male
545	אֲנִי מִתְרַגֵּשׁ מְאוֹד הַיּוֹם.	Я очень волнуюсь сегодня.	s_5fef53372d49.mp3	male
546	אֲנִי מִצְטַעֵר עַל הַטָּעוּת.	Я сожалею об ошибке.	s_ee6caa2b285d.mp3	male
547	הוּא מִתְפַּלֵּל בְּבֵית הַכְּנֶסֶת.	Он молится в синагоге.	s_d98fd7e8ac22.mp3	male
548	הוּא מִתְחַתֵּן עִם שָׂרָה.	Он женится на Саре.	s_cf28786c997d.mp3	male
549	אֲנִי מִתְנַצֵּל עַל הָאִחוּר.	Я извиняюсь за опоздание.	s_bcdec44f16cf.mp3	male
550	אֲנִי רוֹאֶה אֶת הַיָּם.	Я вижу море.	s_0378a97bbdc2.mp3	male
551	אֲנִי מֵבִין עִבְרִית הֵיטֵב.	Я хорошо понимаю иврит.	s_4d6442d1d763.mp3	male
552	הוּא נוֹתֵן לִי מַפְתֵּחַ.	Он дает мне ключ.	s_3871386a49de.mp3	male
553	הַמְּחִיר כּוֹלֵל חַשְׁמָל וּמַיִם.	Цена включает электричество и воду.	s_2ed37ef76f82.mp3	male
554	דָּנִי פּוֹגֵשׁ חָבֵר בַּקָּפֶה.	Дани встречает друга в кафе.	s_d5c7307a3611.mp3	male
555	אֲנִי זוֹכֵר אֶת הַכֹּל.	Я всё помню.	s_20b4b062d986.mp3	male
556	הוּא תָּמִיד שׁוֹכֵחַ מַפְתְּחוֹת.	Он всегда забывает ключи.	s_d55a4c17ad73.mp3	male
557	הוּא מוֹצֵא עֲבוֹדָה טוֹבָה.	Он находит хорошую работу.	s_b930c2d02d1a.mp3	male
558	אֲנִי טוֹעֵן אֶת הַטֶּלֶפוֹן.	Я заряжаю телефон.	s_891732bac8a2.mp3	male
559	הוּא חוֹתֵךְ אֶת הַלֶּחֶם.	Он режет хлеб.	s_5ed15a01f9e5.mp3	female
560	הוּא מְטַגֵּן אֶת הַבָּצָל.	Он жарит лук.	s_a4083ec03805.mp3	female
561	הוּא מוֹסִיף מֶלַח לַמָּרָק.	Он добавляет соль в суп.	s_7fb7b1b93c01.mp3	male
562	דָּנִי כּוֹתֵב מִכְתָּב עַכְשָׁיו.	Дани пишет письмо сейчас.	s_0ba5906e8cf8.mp3	male
563	הוּא לוֹמֵד עִבְרִית בָּאוּלְפָּן.	Он учит иврит в ульпане.	s_b649b8fc818e.mp3	male
564	יוֹסִי עוֹבֵד בַּמִּשְׂרָד הַזֶּה.	Йоси работает в этом офисе.	s_36f396f8bfa1.mp3	male
565	דָּנִי אוֹכֵל תַּפּוּחַ טָעִים.	Дани ест вкусное яблоко.	s_ac8eae1715d7.mp3	male
566	הוּא שׁוֹמֵעַ מוּזִיקָה עַכְשָׁיו.	Он слушает музыку сейчас.	s_de7ed20bb458.mp3	male
567	הוּא סוֹגֵר אֶת הַדֶּלֶת.	Он закрывает дверь.	s_6c6f7723451d.mp3	female
568	הוּא פּוֹתֵחַ אֶת הַחַלּוֹן.	Он открывает окно.	s_4629d7147e42.mp3	female
569	הַתַּלְמִיד כּוֹתֵב מִכְתָּב עַכְשָׁיו.	Ученик пишет письмо сейчас.	s_060f14f87dda.mp3	male
570	דָּנִי לוֹמֵד עִבְרִית בָּאוּלְפָּן.	Дани учит иврит в ульпане.	s_91e367e59eca.mp3	male
571	אֲנִי שׁוֹמֵעַ מוּזִיקָה טוֹבָה.	Я слушаю хорошую музыку.	s_1c04ca7037ef.mp3	male
572	הוּא סוֹגֵר אֶת הַחַלּוֹן.	Он закрывает окно.	s_eac573c83a5f.mp3	female
573	הַיֶּלֶד אוֹכֵל תַּפּוּחַ מָתוֹק.	Ребёнок ест сладкое яблоко.	s_381ab3c32573.mp3	male
574	אֲנִי פּוֹגֵשׁ חָבֵר בַּקָּפֶה.	Я встречаю друга в кафе.	s_fad409b16b53.mp3	male
575	הַכַּתָּב שׁוֹאֵל שְׁאֵלוֹת קָשׁוֹת.	Репортер задает трудные вопросы.	s_0734555c9b7a.mp3	male
576	הַכַּתָּב עוֹבֵד בָּעִתּוֹן הַזֶּה.	Репортер работает в этой газете.	s_83b79e0cb66e.mp3	male
577	הוּא לוֹמֵד רְפוּאָה בָּאוּנִיבֶרְסִיטָה.	Он изучает медицину в университете.	s_dab4eefd3870.mp3	male
578	הַתַּלְמִידִים לוֹמְדִים כָּל יוֹם.	Ученики учатся каждый день.	s_f4b329d2fc62.mp3	male
579	הָעֶבֶד רוֹצֶה לִהְיוֹת חוֹפְשִׁי.	Раб хочет быть свободным.	s_87eb2908b398.mp3	male
580	הֵם עוֹבְדִים בַּמִּשְׂרָד הַזֶּה.	Они работают в этом офисе.	s_3cb60dd4c1ee.mp3	male
581	יֵשׁ סֶגֶר בָּעִיר עַכְשָׁיו.	В городе сейчас комендантский час.	s_9c070d9a318a.mp3	male
582	אֲנִי עוֹמֵד לְיַד הַפֶּתַח.	Я стою возле входа.	s_475512a5daed.mp3	male
583	הַמּוֹרֶה אוֹמֵר שָׁלוֹם לַכִּתָּה.	Учитель говорит классу привет.	s_2eae7e80e267.mp3	female
584	הֵם אוֹמְרִים אֶת הָאֱמֶת.	Они говорят правду.	s_6d7ab92d0ec3.mp3	female
585	הוּא הוֹלֵךְ לָעֲבוֹדָה בַּבּוֹקֶר.	Он идёт на работу утром.	s_42ba63b2f3a3.mp3	male
586	הַיְּלָדִים הוֹלְכִים לְבֵית הַסֵּפֶר.	Дети идут в школу.	s_a5b4a1463d40.mp3	male
587	אֲנִי גָּר בִּירוּשָׁלַיִם עַכְשָׁיו.	Я живу в Иерусалиме сейчас.	s_db65c412092d.mp3	male
588	אֲנִי קָם מוּקְדָּם בַּבּוֹקֶר.	Я встаю рано утром.	s_5e31540d4fd7.mp3	male
589	אֲנִי בָּא לַבַּיִת שֶׁלְּךָ.	Я прихожу к тебе домой.	s_a11185db9301.mp3	male
590	אֲנִי בָּא בַּשָּׁבוּעַ הַבָּא.	Я приду на следующей неделе.	s_0e1af1d242fa.mp3	male
591	הָאוֹרְחִים בָּאִים לַמְּסִיבָּה הָעֶרֶב.	Гости приходят на вечеринку вечером.	s_7ceea064ea25.mp3	male
592	הַצֶּמַח הַזֶּה מֵת בַּחוֹרֶף.	Это растение погибает зимой.	s_ce763f18dd51.mp3	male
593	הַנֶּחָת מְשָׁרֵת בַּצָּבָא הָאָמֶרִיקָאִי.	Морской пехотинец служит в американской армии.	s_fb3aabb26459.mp3	male
594	אֲנִי טָס לְיִשְׂרָאֵל מָחָר.	Я лечу в Израиль завтра.	s_5aa605626e9a.mp3	male
595	אֲנִי קוֹנֶה לֶחֶם בַּמַּכּוֹלֶת.	Я покупаю хлеб в продуктовом магазине.	s_8d61e5e48ae0.mp3	male
596	אֲנִי רוֹצֶה לִשְׁתּוֹת מַיִם.	Я хочу пить воду.	s_8aea433bf2b3.mp3	male
597	אֲנִי שׁוֹתֶה קָפֶה חַם.	Я пью горячий кофе.	s_025677454b4c.mp3	male
598	מָה אַתָּה עוֹשֶׂה עַכְשָׁיו?	Что ты делаешь сейчас?	s_80bfc1049149.mp3	male
599	אֲנִי רוֹאֶה סֶרֶט טוֹב.	Я смотрю хороший фильм.	s_1ae767c9d013.mp3	male
600	הוּא קוֹנֶה סֵפֶר חָדָשׁ.	Он покупает новую книгу.	s_68ae9be4982b.mp3	male
601	יֵשׁ עָשׁ בַּאֲרוֹן הַבְּגָדִים.	В шкафу для одежды есть моль.	s_da2a749993b2.mp3	male
602	הֵם רוֹאִים אֶת הַיָּם.	Они видят море.	s_4e86122bf4a1.mp3	female
603	אֶתְמוֹל הָיִיתִי בְּתֵל אָבִיב.	Вчера я был в Тель-Авиве.	s_2a74be48a5d2.mp3	male
604	הוּא הָיָה פֹּה אֶתְמוֹל.	Он был здесь вчера.	s_49695dfa10a1.mp3	male
605	הִיא הָיְתָה בַּבַּיִת אֶתְמוֹל.	Она была дома вчера.	s_5fbfd35623e6.mp3	female
606	הֵם הָיוּ שָׁם אֶתְמוֹל.	Они были там вчера.	s_af2dca31f494.mp3	male
607	הוּא הֵבִין אֶת הַכֹּל.	Он всё понял.	s_b0f187010644.mp3	female
608	אֲנִי מַמְשִׁיךְ לִלְמוֹד עִבְרִית.	Я продолжаю учить иврит.	s_383c5aba98b3.mp3	male
609	מָחָר אֶכְתּוֹב מִכְתָּב חָדָשׁ.	Завтра я напишу новое письмо.	s_2b46ee2b031c.mp3	male
610	מָחָר אֶלְמַד מִילִּים חֲדָשׁוֹת.	Завтра я буду учить новые слова.	s_83169bc3f0f2.mp3	male
611	מָחָר אֶעֱבוֹד כָּל הַיּוֹם.	Завтра я буду работать целый день.	s_de37f3cdb334.mp3	male
612	מָחָר נִכְתּוֹב אֶת הַמִּבְחָן.	Завтра мы напишем тест.	s_13e414f1480c.mp3	female
613	בְּקָרוֹב נִפְגּוֹשׁ אֶת הַחֲבֵרִים.	Скоро мы встретим друзей.	s_7ee663b38488.mp3	female
614	דָּנִי כּוֹתֵב מִכְתָּב לַחֲבֵרָה.	Дани пишет письмо подруге.	s_daa7f226d228.mp3	male
615	הַתַּלְמִיד כּוֹתֵב שִׁיעוּרֵי בַּיִת.	Ученик пишет домашнее задание.	s_f6899d6215d6.mp3	male
616	הַסּוֹפֵר כּוֹתֵב סֵפֶר חָדָשׁ.	Писатель пишет новую книгу.	s_b4d397938735.mp3	male
617	הוּא לוֹמֵד עִבְרִית בָּאוּלְפָּן.	Он учит иврит в ульпане.	s_b649b8fc818e.mp3	male
618	הוּא שׁוֹמֵעַ מוּזִיקָה בַּחֶדֶר.	Он слушает музыку в комнате.	s_8726aadb5cbc.mp3	male
619	הוּא עוֹבֵד בַּמִּשְׂרָד הַיּוֹם.	Он работает в офисе сегодня.	s_005ac5390b22.mp3	male
620	דָּנִי פּוֹגֵשׁ חָבֵר בַּקָּפֶה.	Дани встречает друга в кафе.	s_d5c7307a3611.mp3	male
621	הוּא סוֹגֵר אֶת הַדֶּלֶת.	Он закрывает дверь.	s_6c6f7723451d.mp3	female
622	הוּא רוֹאֶה סֶרֶט בַּטֶּלֶוִויזְיָה.	Он смотрит фильм по телевизору.	s_664cbd95a1b3.mp3	male
623	יוֹסִי כּוֹתֵב בַּמַּחְבֶּרֶת שֶׁלּוֹ.	Йоси пишет в своей тетради.	s_515615db4f9e.mp3	male
624	אַבָּא כּוֹתֵב מִכְתָּב עַכְשָׁו.	Папа пишет письмо сейчас.	s_b8aa62b083a8.mp3	male
625	הַיֶּלֶד לוֹמֵד בְּבֵית הַסֵּפֶר.	Мальчик учится в школе.	s_edffc963d586.mp3	male
626	הַסְטוּדֶנְט לוֹמֵד הַרְבֵּה בַּלַּיְלָה.	Студент много учится ночью.	s_53716963def3.mp3	male
627	הָרוֹפֵא עוֹבֵד בְּבֵית חוֹלִים.	Врач работает в больнице.	s_fbbdbb9e3fdb.mp3	male
628	דָּנִי עוֹבֵד שָׁעוֹת רַבּוֹת.	Дани работает много часов.	s_4807c37a7d90.mp3	male
629	הוּא סוֹגֵר אֶת הַחַלּוֹן.	Он закрывает окно.	s_eac573c83a5f.mp3	female
630	הוּא מְפַתֵּחַ תּוֹכְנִית חֲדָשָׁה.	Он разрабатывает новую программу.	s_d33e55c5b8a8.mp3	male
631	הַיֶּלֶד שׁוֹמֵעַ אֶת הַקּוֹל.	Мальчик слышит этот голос.	s_596bf14ed98b.mp3	female
632	הוּא עוֹזֵר לְאִמָּא בַּבַּיִת.	Он помогает маме дома.	s_72106e3aa378.mp3	male
633	הוּא גָּר בְּתֵל אָבִיב.	Он живёт в Тель-Авиве.	s_c48987406be3.mp3	male
634	הוּא קָם מוּקְדָּם בַּבּוֹקֶר.	Он встаёт рано утром.	s_de63402eb69f.mp3	male
635	דָּנִי בָּא לַבַּיִת עַכְשָׁו.	Дани идёт домой сейчас.	s_39a8943427f2.mp3	male
636	הוּא בָּא לְבַקֵּר אוֹתִי.	Он приходит навестить меня.	s_d165c0b50841.mp3	male
637	הָאוֹרֵחַ בָּא בָּעֶרֶב תָּמִיד.	Гость всегда приходит вечером.	s_8ec4a48b1ebe.mp3	male
638	הַחָבֵר בָּא לַמְּסִיבָּה הַיּוֹם.	Друг приходит на вечеринку сегодня.	s_ac4199ac39c4.mp3	male
639	הוּא טָס לְאֵירוֹפָּה הַיּוֹם.	Он летит в Европу сегодня.	s_1762ec655e8d.mp3	male
640	אַבָּא נָח עַל הַסַּפָּה.	Папа отдыхает на диване.	s_42af9c237e83.mp3	male
641	הוּא רָץ בַּפַּארְק בַּבּוֹקֶר.	Он бегает в парке утром.	s_3ef205858b51.mp3	male
642	יֵשׁ כָּאן אֵשׁ גְּדוֹלָה.	Здесь есть большой огонь.	s_c0a4dd5f3036.mp3	male
643	הַסֵּפֶר נִקְנֶה בַּחֲנוּת הַיּוֹם.	Книга покупается в магазине сегодня.	s_edb8b25a97ae.mp3	male
644	דָּנִי רוֹצֶה כּוֹס קָפֶה.	Дани хочет чашку кофе.	s_9085110393f9.mp3	male
645	הוּא עוֹשֶׂה עֲבוֹדָה טוֹבָה.	Он делает хорошую работу.	s_38d92fde52dd.mp3	male
646	הַכֹּל נַעֲשֶׂה בְּבֵית הַסֵּפֶר.	Всё делается в школе.	s_b68af73c5989.mp3	male
647	הַתֵּה נִשְׁתֶּה בַּבּוֹקֶר תָּמִיד.	Чай выпивается утром всегда.	s_8701e7490abc.mp3	male
648	דָּנִי רוֹאֶה תְּמוּנָה יָפָה.	Дани видит красивую картину.	s_f24133b87c36.mp3	male
649	הַפַּחַד מְאַבֵּן אֶת הָאִישׁ.	Страх парализует этого человека.	s_4dfe1cee7f53.mp3	female
650	הוּא נִדְבָּר עִם הַמּוֹרֶה.	Он договаривается с учителем.	s_54d1b8272816.mp3	male
651	זֶה עֵץ אֵשֶׁל גָּבוֹהַּ.	Это высокое дерево тамариск.	s_3810229721a9.mp3	male
652	הוּא מְסַדֵּר אֶת הַחֶדֶר.	Он наводит порядок в комнате.	s_6d1a6278ff22.mp3	female
653	אֲנִי מְבַקֵּשׁ כּוֹס מַיִם.	Я прошу стакан воды.	s_287de51a007a.mp3	male
654	הוּא מְחַפֵּשׂ עֲבוֹדָה חֲדָשָׁה.	Он ищет новую работу.	s_14fd679af553.mp3	male
655	הוּא מְקַבֵּל הוֹדָעָה חֲדָשָׁה.	Он получает новое сообщение.	s_c161be0e1736.mp3	male
656	הוּא מְבַקֵּר אֶת הַמִּשְׁפָּחָה.	Он навещает семью.	s_c7ab9b4a5ea1.mp3	female
657	הוּא מְתַקֵּן אֶת הַמַּחְשֵׁב.	Он чинит компьютер.	s_7e2fb76e0e30.mp3	female
658	הוּא מַזְמִין שׁוּלְחָן בַּמִּסְעָדָה.	Он заказывает столик в ресторане.	s_72acd8966d3f.mp3	male
659	הַסֶּרֶט מַתְחִיל בְּשֶׁבַע בָּעֶרֶב.	Фильм начинается в семь вечера.	s_5ea7ec7d4362.mp3	male
660	אֲנִי מַרְגִּישׁ מְצוּיָן הַיּוֹם.	Я чувствую себя отлично сегодня.	s_45429c606b28.mp3	male
661	הוּא מַכִּיר אֶת הַמּוֹרֶה.	Он знает учителя.	s_3285aded05b6.mp3	female
662	הַמּוֹרֶה מַסְבִּיר אֶת הַחוֹמֶר.	Учитель объясняет материал.	s_e56ad8af038b.mp3	female
663	יֵשׁ לָהּ נֶמֶשׁ קָטָן.	У неё есть маленькая веснушка.	s_bdd5a0a630bb.mp3	male
664	הוּא מַגִּיעַ הַבַּיְתָה בָּעֶרֶב.	Он приходит домой вечером.	s_2bbabb18a4fd.mp3	male
665	הוּא מַצְלִיחַ בַּמִּבְחָן הַקָּשֶׁה.	Он успешно сдаёт трудный экзамен.	s_4e6f8c549d5c.mp3	male
666	הוּא מִתְרַגֵּשׁ לִפְנֵי הַמִּבְחָן.	Он волнуется перед экзаменом.	s_dd9c38634ffd.mp3	male
667	דָּנִי מִתְחַתֵּן עִם שָׂרָה.	Дани женится на Саре.	s_ef2c09c80a8b.mp3	male
668	הוּא מִשְׁתַּדֵּל לְהַגִּיעַ בִּזְמַן.	Он старается приходить вовремя.	s_5a4d1b441a5b.mp3	male
669	הוּא מִצְטָרֵךְ לָלֶכֶת עַכְשָׁו.	Он вынужден идти сейчас.	s_55e469eed23b.mp3	male
670	הוּא מְתַרְגֵּל עִבְרִית הַיּוֹם.	Он тренирует иврит сегодня.	s_f8c1bdc65e40.mp3	male
671	הוּא מִשְׁתַּמֵּשׁ בַּמַּחְשֵׁב הַזֶּה.	Он пользуется этим компьютером.	s_0ffd3c38fb38.mp3	male
672	הוּא מִתְרַעְנֵן בַּמַּיִם הַקָּרִים.	Он освежается в холодной воде.	s_e3c40c93be8a.mp3	male
673	הוּא חוֹסֵךְ כֶּסֶף לְדִירָה.	Он копит деньги на квартиру.	s_3392d8b5eb94.mp3	male
674	הַבַּנְק נִסְגָּר בְּאַרְבַּע הַיּוֹם.	Банк закрывается в четыре сегодня.	s_82bed8b148ad.mp3	male
675	הַקַּנְיוֹן נִפְתָּח בְּתֵשַׁע בַּבּוֹקֶר.	Торговый центр открывается в девять утра.	s_ea4d93e72af6.mp3	male
676	הַמִּכְתָּב נִכְתָּב בְּעִבְרִית עַכְשָׁו.	Письмо пишется на иврите сейчас.	s_c68add321d5c.mp3	male
677	הַחַלּוֹן נִשְׁבָּר מֵהָרוּחַ הַחֲזָקָה.	Окно разбивается от сильного ветра.	s_8b1a52919bfa.mp3	male
678	הַסֵּפֶר נִמְצָא עַל הַשּׁוּלְחָן.	Книга находится на столе.	s_12ba197be536.mp3	male
679	הוּא נִשְׁאָר בַּבַּיִת הַיּוֹם.	Он остаётся дома сегодня.	s_011d5d94e7f8.mp3	male
680	הַסֶּרֶט נִגְמָר בְּעוֹד שָׁעָה.	Фильм заканчивается через час.	s_e21636eaf408.mp3	male
681	הַבַּיִת נִמְכָּר בִּמְחִיר טוֹב.	Дом продаётся по хорошей цене.	s_91ae61c7cacb.mp3	male
682	הוּא נִזְכָּר בַּשֵּׁם שֶׁלָּהּ.	Он вспоминает её имя.	s_ecdcbbbc498e.mp3	male
683	אֲנִי נִזְהָר מֵהַכֶּלֶב הַזֶּה.	Я остерегаюсь этой собаки.	s_8b3640dedbca.mp3	male
684	הוּא נִכְנָס לַחֶדֶר הַגָּדוֹל.	Он входит в большую комнату.	s_372ccc96f825.mp3	male
685	הַכֶּסֶף נֶעֱלָם מֵהַשּׁוּלְחָן.	Деньги исчезают со стола.	s_384e459e77c6.mp3	male
686	דָּוִד נִרְגָּע מַהֵר מְאוֹד.	Давид успокаивается очень быстро.	s_ae2fd16513e1.mp3	male
687	דָּוִד מַחְלִיט לִקְנוֹת דִּירָה.	Давид решает купить квартиру.	s_d141f7ca4704.mp3	male
688	אֲנִי סוֹמֵךְ עָלֶיךָ תָּמִיד.	Я всегда полагаюсь на тебя.	s_cc85f8a9a875.mp3	male
689	הָרֶכֶב מִתְקָרֵב אֶל הַתַּחֲנָה.	Машина приближается к остановке.	s_1778a4654fe5.mp3	male
690	הוּא מַשְׁוֶה אֶת הַמְּחִירִים.	Он сравнивает цены.	s_4b19e1408314.mp3	female
691	הוּא מְמַחְזֵר בַּקְבּוּקֵי פְּלַסְטִיק.	Он перерабатывает пластиковые бутылки.	s_93c4c995526e.mp3	male
692	הוּא מַצְבִּיעַ בַּבְּחִירוֹת הַיּוֹם.	Он голосует на выборах сегодня.	s_5ee81be3c924.mp3	male
693	הוּא מִתְגַּיֵּס לְצַהַ"ל מָחָר.	Он призывается в ЦАХАЛ завтра.	s_e0c629cbb226.mp3	male
694	הוּא חוֹפֵר בּוֹר בַּגִּינָּה.	Он копает яму в саду.	s_ec67ff5c2c2a.mp3	male
695	הוּא נִרְשָׁם לַקּוּרְס הַיּוֹם.	Он записывается на курс сегодня.	s_9675a4513043.mp3	male
696	הוּא תּוֹרֵם כֶּסֶף לַקְּשִׁישִׁים.	Он жертвует деньги пожилым людям.	s_95ff99f54ea5.mp3	male
697	הוּא מְשַׁכְנֵעַ אֶת הַחֲבֵרִים.	Он убеждает друзей.	s_1156731260e0.mp3	female
698	הוּא מַבִּיעַ דֵּעָה בַּדִּיּוּן.	Он высказывает мнение на обсуждении.	s_d04ee39e2874.mp3	male
699	הַמִּפְעָל מַתְפִּיל מֵי יָם.	Завод опресняет морскую воду.	s_fcf7e65c280e.mp3	male
700	הַמַּדְּעָן חוֹקֵר אֶת הַנּוֹשֵׂא.	Учёный исследует эту тему.	s_68dd1e36d1d5.mp3	female
701	הוּא חוֹלֵק עַל דַּעְתּוֹ.	Он оспаривает его мнение.	s_fbf5a04bbdb8.mp3	male
702	הוּא מְפַעְנֵחַ אֶת הַקּוֹד.	Он расшифровывает код.	s_47594082abcc.mp3	female
703	הוּא מְסַכֵּם אֶת הַמַּאֲמָר.	Он резюмирует статью.	s_5fa31d815d0b.mp3	female
704	הָאוּלְפָּן קוֹלֵט עוֹלִים חֲדָשִׁים.	Ульпан принимает новых репатриантов.	s_3c30e85458b9.mp3	male
705	הַתַּלְמִיד מַטֶּה אֶת הַפּוֹעַל.	Ученик спрягает глагол.	s_720d077045ea.mp3	female
706	הוּא רָץ כָּל בֹּקֶר.	Он бегает каждое утро.	s_88411e74620b.mp3	male
707	אֲנִי מְסַדֵּר אֶת הַחֶדֶר.	Я навожу порядок в комнате.	s_4af2c2d6f333.mp3	male
708	סַבָּא מְסַפֵּר סִפּוּר מְעַנְיֵן.	Дедушка рассказывает интересную историю.	s_beab7fe85f6c.mp3	male
709	הַבַּנְק נִפְתָּח עַכְשָׁיו.	Банк открывается сейчас.	s_1fbcca9afd4e.mp3	male
710	מָה הַשֵּׁם שֶׁלְּךָ?	Как тебя зовут? (досл. Каково твоё имя?)	s_0f16dc5a70ea.mp3	male
711	הַיּוֹם יוֹם יָפֶה מְאֹד.	Сегодня очень красивый день.	s_375a01d4f233.mp3	male
712	אֲנִי שׁוֹתֶה תֵּה בַּבֹּקֶר.	Я пью чай утром.	s_9ea05c72a19e.mp3	male
713	דָּוִד בַּבַּיִת בָּעֶרֶב.	Давид дома вечером.	s_396bd5432b82.mp3	male
714	לַיְלָה טוֹב לְכוּלָּם.	Доброй ночи всем.	s_f4ed326a821f.mp3	male
715	אֲנִי רוֹצֶה קָפֶה חַם.	Я хочу горячий кофе.	s_06c76a71e03c.mp3	male
716	הוּא שׁוֹתֶה תֵּה בַּבֹּקֶר.	Он пьёт чай утром.	s_452c0ecb28cd.mp3	male
717	יֵשׁ פֹּה מַיִם קָרִים.	Здесь есть холодная вода.	s_c8f6720fa6a8.mp3	male
718	אֲנִי רוֹצֶה קָפֶה עִם חָלָב.	Я хочу кофе с молоком.	s_e53a45a7c193.mp3	male
719	אַתָּה רוֹצֶה סוּכָּר בַּתֵּה?	Ты хочешь сахар в чай?	s_af01eacf41b6.mp3	male
720	זֹאת עוּגָה טְעִימָה מְאֹד.	Это очень вкусный пирог.	s_c5093355c7e5.mp3	male
721	דָּוִד אוֹכֵל קְרוּאָסוֹן בַּקָּפֶה.	Давид ест круассан в кафе.	s_8f000e28feb2.mp3	male
722	אֶפְשָׁר חֶשְׁבּוֹן, בְּבַקָּשָׁה?	Можно счёт, пожалуйста?	s_2c1cb05678b7.mp3	male
723	תֵּל אָבִיב זֹאת עִיר יָפָה.	Тель-Авив — это красивый город.	s_5c41ff550f25.mp3	male
724	יִשְׂרָאֵל מְדִינָה קְטַנָּה.	Израиль — маленькая страна.	s_44fff0c3b0e0.mp3	male
725	אֲנִי גָּר בְּיִשְׂרָאֵל עַכְשָׁו.	Я живу в Израиле сейчас.	s_e7060303dbfa.mp3	male
726	אֲנִי מְדַבֵּר עִבְרִית בָּאוּלְפָּן.	Я говорю на иврите в ульпане.	s_a53fd2f99df0.mp3	male
727	הִיא מְדַבֶּרֶת רוּסִית בַּבַּיִת.	Она говорит по-русски дома.	s_36074bc1dd4d.mp3	female
728	אַתָּה מֵבִין אַנְגְּלִית טוֹב?	Ты хорошо понимаешь по-английски?	s_1e28d88d954a.mp3	male
729	אֲנִי קוֹרֵא סֵפֶר טוֹב.	Я читаю хорошую книгу.	s_e9c7127bfb1b.mp3	male
730	יֵשׁ לִי מַחְבֶּרֶת חֲדָשָׁה.	У меня есть новая тетрадь.	s_4e324573ce8d.mp3	male
731	אֶפְשָׁר עֵט, בְּבַקָּשָׁה?	Можно ручку, пожалуйста?	s_1f11f086a1b2.mp3	male
732	הַסֵּפֶר עַל הַשּׁוּלְחָן.	Книга на столе.	s_7be786e4ef9d.mp3	male
733	זֶה כִּסֵּא נוֹחַ מְאֹד.	Это очень удобный стул.	s_775a25faf92b.mp3	male
734	דָּוִד תַּלְמִיד טוֹב בָּאוּלְפָּן.	Давид — хороший ученик в ульпане.	s_a31c08cff3d3.mp3	male
735	הַמּוֹרֶה מְדַבֵּר לְאַט בַּשִּׁעוּר.	Учитель говорит медленно на уроке.	s_dbc7ad25a0dc.mp3	female
736	אֲנִי קוֹנֶה הַכֹּל בַּסּוּפֶּרְמַרְקֶט.	Я покупаю всё в супермаркете.	s_b3d6badc4e78.mp3	male
737	אֲנַחְנוּ הוֹלְכִים לַשּׁוּק הַיּוֹם.	Мы идём на рынок сегодня.	s_c28369f89d27.mp3	male
738	כַּמָּה עוֹלוֹת הָעַגְבָנִיּוֹת הָאֵלֶּה?	Сколько стоят эти помидоры?	s_cd1a84a00d0a.mp3	male
739	אֲנִי רוֹצֶה קִילוֹ מְלָפְפוֹנִים.	Я хочу килограмм огурцов.	s_61382e66d759.mp3	male
740	יֵשׁ פֹּה לֶחֶם טָרִי?	Здесь есть свежий хлеб?	s_d5cc4f9ff049.mp3	male
741	הִיא אוֹהֶבֶת גְּבִינָה טְעִימָה.	Она любит вкусный сыр.	s_6b835caec639.mp3	female
742	זֶה עוֹלֶה עֲשָׂרָה שְׁקָלִים.	Это стоит десять шекелей.	s_efe368fdef5c.mp3	male
743	אֲנִי רוֹצֶה שְׁנֵי קִילוֹ תַּפּוּזִים.	Я хочу два килограмма апельсинов.	s_133858d67656.mp3	male
744	אַתָּה רוֹצֶה שַׂקִּית גְּדוֹלָה?	Ты хочешь большой пакет?	s_56cb65008f64.mp3	male
745	הַמּוֹכֵר עוֹזֵר לִי בַּחֲנוּת.	Продавец помогает мне в магазине.	s_3d36ee820bef.mp3	male
746	יֵשׁ לִי מִשְׁפָּחָה גְּדוֹלָה.	У меня большая семья.	s_371936a20e59.mp3	male
747	אַבָּא שֶׁלִּי עוֹבֵד פֹּה.	Мой папа работает здесь.	s_fd98c8af4bb0.mp3	male
748	אִמָּא שֶׁלִּי בַּבַּיִת עַכְשָׁו.	Моя мама дома сейчас.	s_f41b1b9e6c47.mp3	female
749	יֵשׁ לִי אָח אֶחָד.	У меня есть один брат.	s_2a81f4bf497c.mp3	male
750	אָחוֹת שֶׁלִּי לוֹמֶדֶת בָּאוּלְפָּן.	Моя сестра учится в ульпане.	s_26f655f58ad7.mp3	male
751	הַבֵּן שֶׁלּוֹ לוֹמֵד בְּבֵית סֵפֶר.	Его сын учится в школе.	s_b858775e9297.mp3	male
752	יֵשׁ לָהֶם בַּת קְטַנָּה.	У них есть маленькая дочь.	s_102e49b0479e.mp3	male
753	סַבָּא שֶׁלִּי גָּר בִּירוּשָׁלַיִם.	Мой дедушка живёт в Иерусалиме.	s_8528e7513600.mp3	male
754	סָבְתָא מְבַשֶּׁלֶת מָרָק טָעִים.	Бабушка готовит вкусный суп.	s_7c97e0344627.mp3	male
755	הַיֶּלֶד מְשַׂחֵק בַּחֶדֶר.	Мальчик играет в комнате.	s_8a3fcccf7af0.mp3	male
756	זֹאת תְּמוּנָה יָפָה מְאֹד.	Это очень красивая фотография.	s_e66821d45236.mp3	male
757	הַיְּלָדִים הוֹלְכִים לְבֵית סֵפֶר.	Дети идут в школу.	s_f91926100278.mp3	male
758	דָּוִד קוֹנֶה בַּיִת חָדָשׁ.	Давид покупает новый дом.	s_f200c6f70ee7.mp3	male
759	זֹאת דִּירָה יָפָה וּגְדוֹלָה.	Это красивая и большая квартира.	s_923b0bd294c9.mp3	male
760	יֵשׁ לִי חֶדֶר גָּדוֹל.	У меня большая комната.	s_6554186cede9.mp3	male
761	אֲנַחְנוּ יוֹשְׁבִים בַּסָּלוֹן עַכְשָׁו.	Мы сидим в гостиной сейчас.	s_b3989ac6d5f6.mp3	male
762	אִמָּא מְבַשֶּׁלֶת בַּמִּטְבָּח עַכְשָׁו.	Мама готовит на кухне сейчас.	s_2907fb9b20df.mp3	female
763	זֹאת מִיטָּה נוֹחָה מְאֹד.	Это очень удобная кровать.	s_f484cd5a8887.mp3	male
764	הַבְּגָדִים שֶׁלִּי בָּאָרוֹן.	Моя одежда в шкафу.	s_3ccf2df8e730.mp3	male
765	הֶחָלָב נִמְצָא בַּמְּקָרֵר.	Молоко находится в холодильнике.	s_429b9e74f35c.mp3	male
766	אֶפְשָׁר לִפְתֹּחַ אֶת הַחַלּוֹן?	Можно открыть окно?	s_e98eb56caaec.mp3	female
767	אֲנִי כּוֹתֵב מִכְתָּב לַחֲבֵר.	Я пишу письмо другу.	s_2bf79aa69c33.mp3	male
768	יֵשׁ לִי עֲבוֹדָה מְעַנְיֶנֶת.	У меня интересная работа.	s_593913092614.mp3	male
769	אֲנַחְנוּ לוֹמְדִים בָּאוּלְפָּן הַיּוֹם.	Мы учимся в ульпане сегодня.	s_6c9ad7d79426.mp3	male
770	הוּא שׁוֹמֵעַ מוּזִיקָה טוֹבָה.	Он слушает хорошую музыку.	s_d33862ef0749.mp3	male
771	מָה הַשָּׁעָה עַכְשָׁו?	Который сейчас час?	s_af2ae21c5b81.mp3	male
772	רַק דַּקָּה אַחַת, בְּבַקָּשָׁה.	Только одну минуту, пожалуйста.	s_bc245dcd8064.mp3	male
773	אֲנִי אוֹכֵל בַּצָּהֳרַיִּים.	Я ем в обеденное время.	s_4ed13796d2e1.mp3	male
774	אֲנִי אוֹכֵל אֲרוּחַת בֹּקֶר.	Я ем завтрак.	s_ed31a8dc8bc8.mp3	male
775	זֹאת אֲרוּחַת עֶרֶב טְעִימָה.	Это вкусный ужин.	s_92aaecc98331.mp3	male
776	אֲנִי נוֹסֵעַ בְּאוֹטוֹבּוּס לָעֲבוֹדָה.	Я еду на автобусе на работу.	s_4c0e1866b168.mp3	male
777	הָרַכֶּבֶת מַגִּיעָה בַּזְּמַן.	Поезд прибывает вовремя.	s_f3fb7fbba22f.mp3	male
778	אֲנַחְנוּ לוֹקְחִים מוֹנִית לַתַּחֲנָה.	Мы берём такси до остановки.	s_d8137de61b95.mp3	male
779	אֵיפֹה הַתַּחֲנָה שֶׁל הָאוֹטוֹבּוּס?	Где автобусная остановка?	s_9b53105fb6ba.mp3	male
780	הָאוֹטוֹבּוּס נוֹסֵעַ לַתַּחֲנָה הַמֶּרְכָּזִית.	Автобус едет на центральную автостанцию.	s_1c1c2107dff6.mp3	male
781	זֶה רְחוֹב שָׁקֵט מְאֹד.	Это очень тихая улица.	s_29a97b4243c3.mp3	male
782	אֶפְשָׁר כַּרְטִיס אֶחָד, בְּבַקָּשָׁה?	Можно один билет, пожалуйста?	s_0c1f47f7c1c6.mp3	male
783	אֲנִי קוֹנֶה קִילוֹ בָּצָל.	Я покупаю килограмм лука.	s_e793e4f6682c.mp3	male
784	אֲנִי רוֹצֶה שׁוּם טָרִי.	Я хочу свежий чеснок.	s_e41ed3227772.mp3	male
785	יֵשׁ פֹּה תַּפּוּחַ אֲדָמָה.	Здесь есть картофель.	s_9834dbd1f7c7.mp3	male
786	הַתַּפּוּחַ הַזֶּה מָתוֹק מְאֹד.	Это яблоко очень сладкое.	s_92c7aabba30d.mp3	male
787	הַבַּנָּנָה הַזֹּאת מְתוּקָה מְאֹד.	Этот банан очень сладкий.	s_2bfb102e6b14.mp3	male
788	אֲנִי שׁוֹתֶה מִיץ תַּפּוּזִים.	Я пью апельсиновый сок.	s_2d369f8262fa.mp3	male
789	הָאַבַטִיחַ הַזֶּה מָתוֹק מְאֹד.	Этот арбуз очень сладкий.	s_0e727c0d550a.mp3	male
790	הָאַבוֹקָדוֹ בַּשּׁוּק טָרִי מְאֹד.	Авокадо на рынке очень свежий.	s_35a3b7a630c4.mp3	male
791	אֲנִי שָׂם גֶּזֶר בַּסָּלָט.	Я кладу морковь в салат.	s_917bae072f12.mp3	male
792	אֲנִי אוֹכֵל בֵּיצָה בַּבֹּקֶר.	Я ем яйцо утром.	s_0b859d18edc0.mp3	male
793	הוּא לֹא אוֹכֵל בָּשָׂר.	Он не ест мясо.	s_b6e9c78376eb.mp3	male
794	אֲנִי מַזְמִין מָרָק עוֹף.	Я заказываю куриный суп.	s_654283becd62.mp3	male
795	יֵשׁ פֹּה דָּג טָרִי?	Здесь есть свежая рыба?	s_4458a550d87d.mp3	male
796	אֲנִי אוֹכֵל אוֹרֶז בַּצָּהֳרַיִם.	Я ем рис в обед.	s_e161d184c4d6.mp3	male
797	אֲנִי מַכִין סָלָט יִשְׂרְאֵלִי.	Я готовлю израильский салат.	s_844aa7aeffce.mp3	male
798	יֵשׁ פֹּה שֶׁמֶן זַיִת?	Здесь есть оливковое масло?	s_80dc8db8c74d.mp3	male
799	אֶפְשָׁר קְצָת מֶלַח, בְּבַקָּשָׁה?	Можно немного соли, пожалуйста?	s_ea8ebe013182.mp3	male
800	יֵשׁ פֹּה הֲנָחָה טוֹבָה.	Здесь есть хорошая скидка.	s_fea7c6275220.mp3	male
801	יֵשׁ מִבְצָע גָּדוֹל בַּשּׁוּק.	На рынке большая акция.	s_e663e46bfc50.mp3	male
802	אֲנִי רוֹצֶה קַבָּלָה, בְּבַקָּשָׁה.	Я хочу чек, пожалуйста.	s_99748ecc9bb6.mp3	male
803	סְלִיחָה, כַּמָּה זֶה עוֹלֶה?	Извините, сколько это стоит?	s_ec5be1e166d3.mp3	male
804	אַתָּה רוֹצֶה עוֹד מַשֶּׁהוּ?	Ты хочешь что-нибудь еще?	s_df05644d3c37.mp3	male
805	זֹאת מִסְעָדָה טוֹבָה מְאוֹד.	Это очень хороший ресторан.	s_57ed1e207ea9.mp3	male
806	הָאוֹכֶל כָּאן טָעִים מְאוֹד.	Еда здесь очень вкусная.	s_1682866f4630.mp3	male
807	הַחוּמוּס הַזֶּה טָעִים מְאוֹד.	Этот хумус очень вкусный.	s_38ab4bb56083.mp3	male
808	הַפָלָאפֶל כָּאן טָעִים מְאוֹד.	Фалафель здесь очень вкусный.	s_5bd6702d45fc.mp3	male
809	אֶפְשָׁר תַּפְרִיט, בְּבַקָּשָׁה?	Можно меню, пожалуйста?	s_dd9103e6910c.mp3	male
810	הַיּוֹם מֶזֶג אֲוִויר נָעִים.	Сегодня приятная погода.	s_77863838660e.mp3	male
811	הַיּוֹם יוֹרֵד גֶּשֶׁם חָזָק.	Сегодня идёт сильный дождь.	s_a426802a7469.mp3	male
812	הַשֶּׁמֶשׁ חַמָּה מְאוֹד הַיּוֹם.	Солнце сегодня очень жаркое.	s_a3c2aa044022.mp3	male
813	הַיּוֹם יֵשׁ רוּחַ חֲזָקָה.	Сегодня сильный ветер.	s_cb5a9a3e52cd.mp3	male
814	הַקַּיִץ בְּיִשְׂרָאֵל חַם מְאוֹד.	Лето в Израиле очень жаркое.	s_765eab54d372.mp3	male
815	הַחוֹרֶף פֹּה קַר מְאוֹד.	Зима здесь очень холодная.	s_0f3bec44e780.mp3	male
816	הָאָבִיב בְּיִשְׂרָאֵל יָפֶה מְאוֹד.	Весна в Израиле очень красивая.	s_1beda241ec55.mp3	male
817	הַסְּתָיו בְּיִשְׂרָאֵל נָעִים מְאוֹד.	Осень в Израиле очень приятная.	s_0dd95d3b9348.mp3	male
818	זֶה בֶּגֶד יָפֶה מְאֹד.	Это очень красивая одежда.	s_8b5e09060b6d.mp3	male
819	הַחוּלְצָה הַזֹּאת יָפָה מְאֹד.	Эта рубашка очень красивая.	s_0ac60fa1e249.mp3	male
820	אֲנִי לוֹבֵשׁ מִכְנָסַיִּים שְׁחוֹרִים.	Я ношу чёрные брюки.	s_1240f1c726de.mp3	male
821	יֵשׁ לָהּ שִׂמְלָה אֲדוּמָּה.	У неё есть красное платье.	s_312978316e32.mp3	male
822	הַנַּעֲלַיִּים הָאֵלֶּה נוֹחוֹת מְאֹד.	Эти туфли очень удобные.	s_860236c3c0ba.mp3	male
823	אֵיזֶה צֶבַע אַתָּה אוֹהֵב?	Какой цвет ты любишь?	s_c3e86164e1d2.mp3	male
824	אֵיזוֹ מִידָּה אַתְּ צְרִיכָה?	Какой размер тебе нужен?	s_634d1fd87d9e.mp3	female
825	אֵיפֹה תָּא הַמְּדִידָה כָּאן?	Где здесь примерочная?	s_82ebeaa511c2.mp3	male
826	אֲנִי הוֹלֵךְ לָרוֹפֵא הַיּוֹם.	Я иду к врачу сегодня.	s_3bf3cafaed88.mp3	male
827	הַמִּרְפָּאָה פְּתוּחָה עַכְשָׁיו.	Поликлиника сейчас открыта.	s_b3779971c23a.mp3	male
828	אֵיפֹה קוּפַּת חוֹלִים שֶׁלְּךָ?	Где твоя больничная касса?	s_c8abe189f0e3.mp3	male
829	כּוֹאֵב לִי הָרֹאשׁ מְאֹד.	У меня очень болит голова.	s_7fb3307d6dd9.mp3	male
830	כּוֹאֶבֶת לִי הַבֶּטֶן הַיּוֹם.	У меня сегодня болит живот.	s_88a60781ded9.mp3	male
831	כּוֹאֵב לִי הַגָּרוֹן מְאֹד.	У меня очень болит горло.	s_2195c155909b.mp3	male
832	יֵשׁ לִי חוֹם גָּבוֹהַּ.	У меня высокая температура.	s_bdbc2e8aa361.mp3	male
833	אֲנִי לוֹקֵחַ תְּרוּפָה עַכְשָׁיו.	Я принимаю лекарство сейчас.	s_efd4785025e3.mp3	male
834	אֵיפֹה יֵשׁ בֵּית מִרְקַחַת?	Где есть аптека?	s_b901700c59b4.mp3	male
835	זֶה הַיּוֹם-יוֹם שֶׁלָּנוּ פֹּה.	Это наша повседневная жизнь здесь.	s_daafc344f5f9.mp3	male
836	זֶה הֶרְגֵּל טוֹב מְאֹד.	Это очень хорошая привычка.	s_a80b66174424.mp3	male
837	זֶה סֵדֶר יוֹם טוֹב.	Это хороший распорядок дня.	s_5a2c5e5c0212.mp3	male
838	אֵין לִי זְמַן הַיּוֹם.	У меня нет времени сегодня.	s_bd57d8b9587a.mp3	male
839	יֵשׁ לִי הַרְבֵּה סַבְלָנוּת.	У меня много терпения.	s_d5fa799f5976.mp3	male
840	כַּמָּה כֶּסֶף יֵשׁ לְךָ?	Сколько денег у тебя есть?	s_e7241fa36f56.mp3	male
841	יֵשׁ לָנוּ רֶכֶב חָדָשׁ.	У нас есть новая машина.	s_b251c332eb12.mp3	male
842	יֵשׁ לְךָ דַּרְכּוֹן יִשְׂרְאֵלִי?	У тебя есть израильский загранпаспорт?	s_78860c43fba6.mp3	male
843	יֵשׁ לִי תְּעוּדַת זֶהוּת.	У меня есть удостоверение личности.	s_387de6355d3c.mp3	male
844	יֵשׁ לִי שְׁאֵלָה טוֹבָה.	У меня есть хороший вопрос.	s_693b487aaa9f.mp3	male
845	זֹאת תְּשׁוּבָה נְכוֹנָה מְאֹד.	Это очень верный ответ.	s_dbdcc684fa73.mp3	male
846	אֵין שׁוּם בְּעָיָה כָּאן.	Здесь нет никакой проблемы.	s_edd4dc764605.mp3	male
847	זֶה מִקְצוֹעַ מְעַנְיֵן מְאֹד.	Это очень интересная профессия.	s_0be941a5562a.mp3	male
848	הוּא מְתַכְנֵת טוֹב מְאֹד.	Он очень хороший программист.	s_288bd4876b68.mp3	male
849	הַמְּנַהֵל יוֹשֵׁב בַּמִּשְׂרָד עַכְשָׁיו.	Директор сидит в офисе сейчас.	s_0d09448294f0.mp3	male
850	זֹאת חֶבְרָה גְּדוֹלָה מְאֹד.	Это очень большая компания.	s_2c041de74e34.mp3	male
851	אֲנִי עוֹבֵד בַּמִּשְׂרָד הַזֶּה.	Я работаю в этом офисе.	s_c24bdc967515.mp3	male
852	יֵשׁ לִי רֵאָיוֹן עֲבוֹדָה.	У меня собеседование.	s_69ca4dd8813b.mp3	male
853	אֲנִי שׁוֹלֵחַ קוֹרוֹת חַיִּים.	Я отправляю резюме.	s_b929e648cfd1.mp3	male
854	יֵשׁ כָּאן מַשְׂכּוֹרֶת טוֹבָה.	Здесь хорошая зарплата.	s_0a5ea23de309.mp3	male
855	יֵשׁ לִי הַרְבֵּה נִיסָּיוֹן.	У меня много опыта.	s_78696495e8e4.mp3	male
856	אֲנִי מְאַחֵל לְךָ הַצְלָחָה!	Я желаю тебе успеха!	s_3bf833ff696f.mp3	male
857	יֵשׁ לִי הוֹבִּי חָדָשׁ.	У меня есть новое хобби.	s_1adec923b1b2.mp3	male
858	אֵין לִי שְׁעוֹת פְּנַאי.	У меня нет свободного времени.	s_d6fcd8b91f3c.mp3	male
859	אֲנִי אוֹהֵב סְפּוֹרְט מְאוֹד.	Я очень люблю спорт.	s_c58e0fb2dec1.mp3	male
860	זֶה סֶרֶט יָפֶה מְאוֹד.	Это очень красивый фильм.	s_1736a979d9db.mp3	male
861	אֲנַחְנוּ הוֹלְכִים לַקּוֹלְנוֹעַ עַכְשָׁיו.	Мы сейчас идём в кинотеатр.	s_5f2d245a94a4.mp3	male
862	יֵשׁ לָנוּ טִיּוּל מָחָר.	У нас завтра поездка.	s_4d811a1e000a.mp3	male
863	אֲנִי אוֹהֵב שְׂחִיָּה בַּיָּם.	Я люблю плавание в море.	s_4389c174eee3.mp3	male
864	יֵשׁ בְּרֵיכָה גְּדוֹלָה בַּמָּלוֹן.	В гостинице есть большой бассейн.	s_4021aae52411.mp3	male
865	אֲנַחְנוּ הוֹלְכִים לַיָּם הַיּוֹם.	Мы сегодня идём на море.	s_5e67409194de.mp3	male
866	הוּא מְנַגֵּן בַּגִּיטָרָה עַכְשָׁיו.	Он сейчас играет на гитаре.	s_05a05d53534d.mp3	male
867	הַבַּנְק פָּתוּחַ עַד אַרְבַּע.	Банк открыт до четырёх.	s_2af14c24bcc8.mp3	male
868	אֲנִי הוֹלֵךְ לַדּוֹאַר הַיּוֹם.	Я иду на почту сегодня.	s_d9adae4128e4.mp3	male
869	אֲנִי פּוֹתֵחַ חֶשְׁבּוֹן בַּנְק.	Я открываю банковский счёт.	s_499051c4cebc.mp3	male
870	אֲנִי מְשַׁלֵּם בְּכַרְטִיס אַשְׁרַאי.	Я расплачиваюсь кредитной картой.	s_d2fca264cef5.mp3	male
871	יֵשׁ כַּסְפּוֹמָט לְיַד הַבַּנְק.	Возле банка есть банкомат.	s_d5158cc0fa44.mp3	male
872	אֲנִי רוֹצֶה לְשַׁלֵּם בִּמְזוּמָּן.	Я хочу заплатить наличными.	s_633443cdc2ba.mp3	male
873	יֵשׁ לְךָ חֲבִילָה בַּדּוֹאַר.	Для тебя есть посылка на почте.	s_d6b7f55b4f64.mp3	male
874	יֵשׁ תּוֹר אָרוֹךְ בַּדּוֹאַר.	На почте длинная очередь.	s_3ca334bffe83.mp3	male
875	הוּא מְסַפֵּר סִיפּוּר מְעַנְיֵן.	Он рассказывает интересный рассказ.	s_abd0a7cf53cf.mp3	male
876	יֵשׁ לִי הַזְמָנָה לַמְּסִיבָּה.	У меня есть приглашение на вечеринку.	s_cbf30f159529.mp3	male
877	כָּל הַתְחָלָה הִיא קָשָׁה.	Всякое начало трудно.	s_2650ac81935a.mp3	female
878	יֵשׁ לִי הַרְגָּשָׁה טוֹבָה.	У меня хорошее самочувствие.	s_3a2a8e439728.mp3	male
879	יֵשׁ לָנוּ חֲתוּנָּה הַיּוֹם.	У нас сегодня свадьба.	s_26ce4f46cc38.mp3	male
880	הוּא עוֹשֶׂה מִקְלַחַת בַּבֹּקֶר.	Он принимает душ утром.	s_55026da6327a.mp3	male
881	זֹאת מַתָּנָה יָפָה מְאוֹד.	Это очень красивый подарок.	s_183d54fcb37f.mp3	male
882	יוֹם הוּלֶּדֶת שָׂמֵחַ לְךָ!	С днём рождения тебя!	s_a1df80f2afcb.mp3	male
883	יֵשׁ מְסִיבָּה גְּדוֹלָה הָעֶרֶב.	Сегодня вечером большая вечеринка.	s_5bd31b09e57d.mp3	male
884	אֲנִי כּוֹתֵב בְּרָכָה לַחֲתוּנָּה.	Я пишу поздравление на свадьбу.	s_b32de411ada6.mp3	male
885	קָנִיתִי פְּרָחִים יָפִים לְשַׁבָּת.	Я купил красивые цветы на Шаббат.	s_cb2eb84ac91d.mp3	male
886	יֵשׁ לָנוּ אוֹרֵחַ חָשׁוּב.	У нас важный гость.	s_59e870f2e4ea.mp3	male
887	אֲנַחְנוּ שׁוֹתִים יַיִן אָדוֹם.	Мы пьём красное вино.	s_86b9d278e5e4.mp3	male
888	שַׁבָּת שָׁלוֹם לְכָל הַמִּשְׁפָּחָה!	Мирного Шаббата всей семье!	s_a7a014fcd3bc.mp3	male
889	חַג שָׂמֵחַ לְכָל הַחֲבֵרִים!	Весёлого праздника всем друзьям!	s_a28934e0a7a0.mp3	male
890	אִמָּא אוֹפָה חַלָּה לְשַׁבָּת.	Мама печёт халу на Шаббат.	s_acd9ea268304.mp3	female
891	הִיא מַדְלִיקָה נֵרוֹת שַׁבָּת.	Она зажигает шаббатние свечи.	s_335ffeb7ce03.mp3	female
892	אַבָּא עוֹשֶׂה קִידּוּשׁ בָּעֶרֶב.	Папа делает кидуш вечером.	s_d90aef62322c.mp3	male
893	פֶּסַח הוּא חַג הָאָבִיב.	Песах — это праздник весны.	s_610b46d77dcb.mp3	male
894	אֲנַחְנוּ אוֹכְלִים מַצָּה בְּפֶסַח.	Мы едим мацу на Песах.	s_084b8f971f56.mp3	male
895	חַג רֹאשׁ הַשָּׁנָה שָׂמֵחַ!	Счастливого праздника Рош а-Шана!	s_2f9a719fe7da.mp3	male
896	חַג חֲנוּכָּה שָׂמֵחַ לְכוּלָּם!	Счастливой Хануки всем!	s_c7f415602cda.mp3	male
897	בְּתֵיאָבוֹן לְכָל הַמִּשְׁפָּחָה!	Приятного аппетита всей семье!	s_e087e47dac27.mp3	male
898	הַיּוֹם קַר מְאֹד בַּחוּץ.	Сегодня очень холодно на улице.	s_9d44f535ff34.mp3	male
899	הוּא תָּמִיד קָם מוּקְדָם.	Он всегда встаёт рано.	s_a98b3f000182.mp3	male
900	בְּדֶרֶךְ כְּלָל אֲנַחְנוּ לוֹמְדִים.	Обычно мы учимся.	s_b29df919615f.mp3	male
901	לִפְעָמִים אֲנַחְנוּ הוֹלְכִים לַיָּם.	Иногда мы ходим на море.	s_caba5b5c241a.mp3	male
902	אַף פַּעַם לֹא מְאוּחָר!	Никогда не поздно!	s_b5507d8a6fe9.mp3	male
903	אֲנִי קָם מוּקְדָם בַּבֹּקֶר.	Я встаю рано утром.	s_cc0cfd4ce033.mp3	male
904	הוּא בָּא הַבַּיְתָה מְאוּחָר.	Он приходит домой поздно.	s_1f4dd25e290b.mp3	male
905	אֲנִי לוֹמֵד כָּל יוֹם.	Я учусь каждый день.	s_ee194e557f58.mp3	male
906	יֵשׁ לִי שְׁאֵלָה אַחַת.	У меня есть один вопрос.	s_1522784e7a59.mp3	male
907	אֵין לִי זְמַן הַיּוֹם.	У меня нет времени сегодня.	s_bd57d8b9587a.mp3	male
908	אֵין בְּעָיָה, נְדַבֵּר מָחָר.	Нет проблем, поговорим завтра.	s_d6279ccece69.mp3	male
909	אֲנִי מְחַפֵּשׂ עֲבוֹדָה טוֹבָה.	Я ищу хорошую работу.	s_074af231820d.mp3	male
910	בְּהַצְלָחָה רַבָּה בַּעֲבוֹדָה הַחֲדָשָׁה!	Большой удачи на новой работе!	s_4172a71f5fc1.mp3	male
911	הוּא מְדַבֵּר לְאַט מְאֹד.	Он говорит очень медленно.	s_76150304c6b0.mp3	male
912	הָרַכֶּבֶת נוֹסַעַת מַהֵר מְאֹד.	Поезд едет очень быстро.	s_c1058b4fbd92.mp3	male
913	אֶפְשָׁר בְּבַקָּשָׁה לְדַבֵּר לְאַט?	Можно, пожалуйста, говорить медленнее?	s_890446588547.mp3	male
914	אֲנִי מַרְגִּישׁ מְצוּיָן הַיּוֹם.	Я чувствую себя отлично сегодня.	s_45429c606b28.mp3	male
915	שָׁלוֹם, מְאֹד נָעִים לְהַכִּיר!	Привет, очень приятно познакомиться!	s_41d8c9ac2bf2.mp3	male
916	סְלִיחָה, אֲנִי מִצְטַעֵר מְאֹד.	Извините, мне очень жаль.	s_614855052fc9.mp3	male
917	סְלִיחָה, אֲנִי מִצְטַעֶרֶת מְאֹד.	Извините, мне очень жаль.	s_614855052fc9.mp3	male
918	אֲנִי רוֹצֶה לְדַבֵּר אִיתְּךָ.	Я хочу поговорить с тобой.	s_d246e493d450.mp3	male
919	דָּנָה לוֹמֶדֶת עִבְרִית אִיתּוֹ.	Дана учит иврит с ним.	s_87afc21da3ec.mp3	male
920	אַתָּה רוֹצֶה לָבוֹא אִיתָּנוּ?	Ты хочешь пойти с нами?	s_24b127ef5388.mp3	male
921	אֲנִי שׁוֹמֵעַ אוֹתְךָ מְצוּיָן.	Я слышу тебя отлично.	s_554e5b65da80.mp3	male
922	אֲנִי מַכִּיר אוֹתוֹ טוֹב.	Я хорошо его знаю.	s_924a57d3138f.mp3	male
923	הַמּוֹרֶה רוֹאֶה אוֹתָנוּ כָּאן.	Учитель видит нас здесь.	s_e3f6224a28c9.mp3	female
924	אֲנַחְנוּ לוֹמְדִים יַחַד בָּאוּלְפָּן.	Мы учимся вместе в ульпане.	s_aa5e1c6c8f6b.mp3	male
925	בֶּטַח, אֲנִי בָּא מָחָר!	Конечно, я приду завтра!	s_a36df10773f3.mp3	male
926	מַזָּל טוֹב לְיוֹם הַהוּלֶּדֶת!	Поздравляю с днём рождения!	s_3c20bcafaefb.mp3	male
927	לְחַיִּים, חֲבֵרִים, כּוּלָּם יַחַד!	За жизнь, друзья, все вместе!	s_e4d7ad7c4509.mp3	male
928	עַד מֵאָה וְעֶשְׂרִים שָׁנָה!	До ста двадцати лет!	s_c932cd1b59ff.mp3	male
929	שַׁבָּת שָׁלוֹם לְכָל הַמִּשְׁפָּחָה!	Шаббат шалом всей семье!	s_a7a014fcd3bc.mp3	male
930	חַג שָׂמֵחַ לְכוּלָּם הַיּוֹם!	Весёлого праздника всем сегодня!	s_825e2d3096a9.mp3	male
931	שָׁבוּעַ טוֹב לְכָל הַחֲבֵרִים!	Хорошей недели всем друзьям!	s_a4e56b84221b.mp3	male
932	אֲנַחְנוּ גָּרִים בְּבֵית מָלוֹן.	Мы живём в гостинице.	s_4d09cd565892.mp3	male
933	הוּא עוֹבֵד בְּבֵית חוֹלִים.	Он работает в больнице.	s_b530bf1cabf5.mp3	male
934	אֲנִי שׁוֹתֶה מִיץ תַּפּוּזִים.	Я пью апельсиновый сок.	s_2d369f8262fa.mp3	male
935	יֵשׁ לִי שׁוֹקוֹלָד טוֹב.	У меня есть хороший шоколад.	s_a51f32b77efa.mp3	male
936	בַּעַל הַדִּירָה טוֹב מְאוֹד.	Хозяин квартиры очень хороший.	s_73101bef5583.mp3	male
937	הַשּׁוּתָף שֶׁלִּי נֶחְמָד.	Мой сосед по квартире приятный.	s_45aa84fa13a4.mp3	male
938	שִׁלַּמְתִּי בְּהַמְחָאָה.	Я заплатил чеком.	s_b94dae5dbc80.mp3	male
939	הַמַּזְגָּן לֹא עוֹבֵד.	Кондиционер не работает.	s_d27cb4118cfe.mp3	male
940	הַשֵּׂיעָר שֶׁלָּהּ יָפֶה.	У неё красивые волосы.	s_1e568150fc55.mp3	male
941	הָעֵינַיִּים שֶׁלּוֹ כְּחוּלוֹת.	Его глаза голубые.	s_227357b5f7bf.mp3	male
942	יֵשׁ לָהּ אוֹפִי חָזָק.	У неё сильный характер.	s_5ac33ba39cc1.mp3	male
943	אֵיפֹה הַמַּפְתֵּחַ שֶׁלִּי?	Где мой ключ?	s_ccdb4c67ae0b.mp3	male
944	הַנּוֹף פֹּה יָפֶה מְאוֹד.	Вид здесь очень красивый.	s_488f29c0dd9a.mp3	male
945	הַמִּזְוָודָה שֶׁלִּי כְּבֵדָה.	Мой чемодан тяжёлый.	s_948adb042b11.mp3	male
946	אֵין לִי מַגֶּבֶת בַּחֶדֶר.	В номере нет полотенца.	s_ca65ca3923c2.mp3	male
947	הַמַּעֲלִית לֹא עוֹבֶדֶת.	Лифт не работает.	s_233bb552c124.mp3	male
948	אֲנִי גָּר בַּקּוֹמָה הַשְּׁלִישִׁית.	Я живу на третьем этаже.	s_97d3be934480.mp3	male
949	קָרָאתִי עִיתּוֹן הַיּוֹם.	Я читал газету сегодня.	s_768402d1952f.mp3	male
950	קִיבַּלְתִּי הוֹדָעָה חֲדָשָׁה.	Я получил новое сообщение.	s_e5ec58f5beed.mp3	male
951	סִגְרִי אֶת הַדֶּלֶת בְּבַקָּשָׁה.	Закрой дверь, пожалуйста.	s_d1120e6c813d.mp3	female
952	הָרוֹקֵחַ נָתַן לִי תְּרוּפָה.	Фармацевт дал мне лекарство.	s_0471432e375e.mp3	male
953	יֵשׁ לִי מִרְשָׁם מֵהָרוֹפֵא.	У меня есть рецепт от врача.	s_bd5a68f75669.mp3	male
954	קָחִי שְׁנֵי כַּדּוּרִים בַּיּוֹם.	Принимай две таблетки в день.	s_b5192f68490c.mp3	male
955	הַטִּיפּוֹת הֵן לָעֵינַיִּים.	Эти капли для глаз.	s_9e3b8f78a816.mp3	male
956	שִׂימִי מִשְׁחָה עַל הַיָּד.	Намажь мазь на руку.	s_fb64da41a8d9.mp3	male
957	צָרִיךְ פְּלַסְטֶר לָאֶצְבַּע.	Нужен пластырь на палец.	s_c550a5244e82.mp3	male
958	אֲנִי צָרִיךְ מְשַׁכֵּךְ כְּאֵבִים.	Мне нужно обезболивающее.	s_6a1334d34414.mp3	male
959	הָלַכְנוּ לַקַּנְיוֹן הַיּוֹם.	Мы пошли в торговый центр сегодня.	s_512b2a4c666a.mp3	male
960	הַמּוּצָר הַזֶּה זוֹל.	Этот товар дешёвый.	s_294ea1390fa0.mp3	male
961	עָמַדְתִּי בְּתוֹר לַקּוּפָּה.	Я стоял в очереди к кассе.	s_c9d5ed544268.mp3	male
962	הַקּוֹנֶה שָׁאַל שְׁאֵלָה.	Покупатель задал вопрос.	s_0fc7baae6e27.mp3	male
963	קִיבַּלְתִּי זִיכּוּי מֵהַחֲנוּת.	Я получил возврат средств из магазина.	s_1fc827a1bd94.mp3	male
964	יֵשׁ לִי רַב קָו.	У меня есть Рав-Кав.	s_0c7a963baab1.mp3	male
965	הָרַכֶּבֶת בָּאָה לָרָצִיף.	Поезд прибывает на перрон.	s_e607bd74dda8.mp3	male
966	רָאִיתִי אֶת לוּחַ הַזְּמַנִּים.	Я посмотрел расписание.	s_8b8b0ebd6565.mp3	female
967	הַנְּסִיעָה הָיְתָה נְעִימָה.	Поездка была приятной.	s_d0683cd050f1.mp3	male
968	הַנּוֹסֵעַ יָשַׁב בָּאוֹטוֹבּוּס.	Пассажир сидел в автобусе.	s_a1f71d1fb6dc.mp3	male
969	הַנְּהָג נָסַע מַהֵר.	Водитель ехал быстро.	s_5fe948d7fbe3.mp3	male
970	הַחֲנוּת בַּפִּנָּה.	Магазин на углу.	s_a66ca9bc510b.mp3	male
971	עֲצוֹר בַּצּוֹמֶת.	Остановись на перекрёстке.	s_2f5f040d2ceb.mp3	male
972	הָרַמְזוֹר אָדֹם.	Светофор красный.	s_6c8336c24478.mp3	male
973	הַגֶּשֶׁר גָּדוֹל וְיָפֶה.	Мост большой и красивый.	s_fdeb952c6a90.mp3	male
974	הָלַכְנוּ לַמֶּרְכָּז קְנִיּוֹת.	Мы пошли в торговый центр.	s_0a5424389e0d.mp3	male
975	עָלִיתִי בַּמַּדְרֵגוֹת.	Я поднялся по лестнице.	s_38dd812d5171.mp3	male
976	הַכְּנִיסָה פְּתוּחָה.	Вход открыт.	s_d384d237030c.mp3	male
977	אֵיפֹה הַיְּצִיאָה?	Где выход?	s_d931fc248be6.mp3	male
978	הָלַכְנוּ לַתֵּאַטְרוֹן אֶמֶשׁ.	Вчера вечером мы ходили в театр.	s_7ce04d4948d8.mp3	male
979	הָאָמָּן צָיַר תְּמוּנָה יָפָה.	Художник нарисовал красивую картину.	s_9ecb598279de.mp3	male
980	קָנִינוּ כַּרְטִיסֵי כְּנִיסָה לַמּוּזֵיאוֹן.	Мы купили входные билеты в музей.	s_9c2104d05223.mp3	male
981	הַמַּדְרִיךְ הִסְבִּיר הַרְבֵּה.	Гид объяснил многое.	s_f0d59819aef1.mp3	male
982	יֵשׁ לִי מַתְכּוֹן טוֹב.	У меня есть хороший рецепт.	s_f00c87afdf5f.mp3	male
983	אֲנִי אוֹהֶבֶת שַׁקְשׁוּקָה.	Я люблю шакшуку.	s_e6b55c892298.mp3	male
984	הוֹסַפְתִּי פִּלְפֵּל לַמָּרָק.	Я добавил перец в суп.	s_2f60f2ab6529.mp3	male
985	הַמַּחֲבַת חַמָּה.	Сковорода горячая.	s_d3fb44a54dda.mp3	male
986	הַסִּיר עַל הָאֵשׁ.	Кастрюля на огне.	s_53249ca4a027.mp3	male
987	הַיֶּלֶד הוֹלֵךְ לְגַן יְלָדִים.	Ребёнок идёт в детский сад.	s_7df023605e0f.mp3	male
988	יֵשׁ לִי מִבְחָן מָחָר.	У меня завтра экзамен.	s_b36d56761e1e.mp3	male
989	קִבַּלְתִּי צִיּוּן טוֹב.	Я получил хорошую оценку.	s_e390e5f7fbc3.mp3	male
990	קִבַּלְתִּי תְּעוּדָה מֵהָאוּלְפָּן.	Я получил удостоверение из ульпана.	s_6db875f697bd.mp3	male
991	יֵשׁ הַפְסָקָה קְצָרָה עַכְשָׁיו.	Сейчас короткий перерыв.	s_be59cafafacb.mp3	male
992	הַמּוֹרֶה כָּתַב עַל הַלּוּחַ.	Учитель написал на доске.	s_082cc3aba05e.mp3	female
993	הַכֶּלֶב שֶׁלִּי גָּדוֹל.	Моя собака большая.	s_c84419bd568c.mp3	male
994	הַחָתוּל יָשֵׁן עַל הַסַּפָּה.	Кот спит на диване.	s_e2291ccd367c.mp3	male
995	הַצִּיפּוֹר שָׁרָה בַּבֹּקֶר.	Птица поёт утром.	s_578e567e3a1c.mp3	male
996	אֲנִי אוֹהֵב אֶת הַטֶּבַע.	Я люблю природу.	s_7f4c60274cd7.mp3	male
997	הָעֵץ גָּבוֹהַּ מְאֹד.	Дерево очень высокое.	s_9a6b96afecb9.mp3	male
998	הַכֶּלֶב הוֹלֵךְ עִם רְצוּעָה.	Собака идёт на поводке.	s_24f697dabab4.mp3	male
999	הֶעָבָר לֹא חוֹזֵר.	Прошлое не возвращается.	s_bbd9606a5863.mp3	male
1000	עָבַר זְמַן רַב מֵאָז.	С тех пор прошло долгое время.	s_203671df03e6.mp3	male
1001	הִיא אוֹהֶבֶת לַעֲשׂוֹת קְנִיּוֹת.	Она любит ходить за покупками.	s_2b0613ccaf05.mp3	female
1002	יֵשׁ לִי פְּגִישָׁה מָחָר.	У меня завтра встреча.	s_6b8186cda507.mp3	male
1003	מָה הַנְדּוֹן שֶׁל הַמַּיְל?	Какова тема письма?	s_cefcaec9b6cc.mp3	male
1004	שָׁלַחְתִּי קוֹבֶץ מְצוּרָף בַּמַּיְל.	Я отправил прикреплённый файл по почте.	s_f153d4536c9a.mp3	male
1005	צָרִיךְ לַחְתּוֹם עַל הַמִּסְמָךְ.	Нужно подписать документ.	s_987c3f30444a.mp3	male
1006	מָה הַכְּתוֹבֶת שֶׁלְּךָ?	Какой твой адрес?	s_a01b7ae39fa3.mp3	male
1007	הָיְתָה לָנוּ שִׂיחָה נֶהֱדֶרֶת.	У нас был прекрасный разговор.	s_ddff25b8247b.mp3	male
1008	הִשְׁאַרְתִּי הוֹדָעָה קוֹלִית.	Я оставил голосовое сообщение.	s_8794cd98d7a0.mp3	male
1009	הַסּוֹלְלָה שֶׁלִּי נִגְמְרָה.	У меня разрядился аккумулятор.	s_4f7a59acc565.mp3	male
1010	רָאִיתָ אֶת הַמִּטְעָן שֶׁלִּי?	Ты видел моё зарядное устройство?	s_0ec7a5ae518a.mp3	female
1011	צָרִיךְ לְמַלֵּא אֶת הַטּוֹפֶס.	Нужно заполнить бланк.	s_ccee1c74c2b4.mp3	female
1012	הַפָּקִיד עָזַר לִי הַרְבֵּה.	Клерк мне очень помог.	s_8a0ebd295ec3.mp3	male
1013	שָׁכַחְתִּי אֶת רִישָּׁיוֹן הַנְּהִיגָה.	Я забыл водительское удостоверение.	s_48a5c7146d79.mp3	female
1014	יֵשׁ לְךָ זְכוּת לָדַעַת.	У тебя есть право знать.	s_b3ceca3a8fce.mp3	male
1015	צָרִיךְ חֲתִימָה שֶׁלְּךָ פֹּה.	Здесь нужна твоя подпись.	s_de42f98b43ef.mp3	male
1016	קִיבַּלְתִּי אֶזְרָחוּת יִשְׂרְאֵלִית.	Я получил израильское гражданство.	s_22359586e7e7.mp3	male
1017	קָרָאנוּ טֶקְסְט קָצָר הַיּוֹם.	Сегодня мы читали короткий текст.	s_b958f7fe7f08.mp3	male
1018	הַקְּרִיאָה עוֹזֶרֶת לְהֵבִין עִבְרִית.	Чтение помогает понять иврит.	s_6bbb42304b49.mp3	male
1019	עָשִׂיתִי אֶת הַתַּרְגִּיל בְּבַיִת.	Я сделал упражнение дома.	s_40c1e01d0fb3.mp3	female
1020	הַסִּיּוּם הָיָה טוֹב.	Завершение прошло хорошо.	s_5a6fa020b034.mp3	male
1021	חֲזָרָה עַל הַחוֹמֶר חֲשׁוּבָה.	Повторение материала важно.	s_5e518909489e.mp3	male
1022	הָרָמָה שֶׁלּוֹ גְּבוֹהָה מְאוֹד.	Его уровень очень высокий.	s_5bbc8087c8e3.mp3	male
1023	זֶה הֶישֵּׂג גָּדוֹל בִּשְׁבִילְךָ.	Это большое достижение для тебя.	s_c72541ec49b9.mp3	male
1024	הַיֶּדַע שֶׁלָּהּ מַרְשִׁים מְאוֹד.	Её знания очень впечатляют.	s_3fc43b3aa949.mp3	male
1025	יֵשׁ לוֹ בִּיטָּחוֹן עַצְמִי גָּדוֹל.	У него большая уверенность в себе.	s_95993f16dcb3.mp3	male
1026	אֲנִי גָּר פֹּה.	Я живу здесь.	s_b18399224ad1.mp3	male
1027	אֵיפֹה הַתַּחֲנָה?	Где станция?	s_04e544f64689.mp3	male
1028	לְאָן אַתָּה הוֹלֵךְ?	Куда ты идёшь?	s_c699ce40dede.mp3	male
1029	מָתַי אַתְּ בָּאָה?	Когда ты придёшь?	s_1571c53bf8ed.mp3	female
1030	לָמָּה אַתָּה עָצוּב?	Почему ты грустный?	s_9e87f9a16346.mp3	male
1031	בָּרוּךְ הַבָּא לְיִשְׂרָאֵל!	Добро пожаловать в Израиль!	s_454171c3bfa6.mp3	male
1032	כָּל הַכָּבוֹד, עָשִׂיתָ נִפְלָא!	Молодец, ты сделал отлично!	s_965068cfae75.mp3	male
1033	שָׁלוֹם רַב לְכוּלָּם.	Здравствуйте, уважаемый.	s_ff261d0d8866.mp3	male
1034	בִּבְרָכָה, דָּנִיאֵל.	С уважением, Даниэль.	s_1c6d327d203b.mp3	male
1035	בְּתוֹדָה מֵרֹאשׁ עַל עֶזְרַתְכֶם.	Заранее благодарен за вашу помощь.	s_e1b16888b919.mp3	male
1036	הָיָה כֵּיף אֶתְמוֹל!	Вчера было здорово!	s_bbe6b36c1975.mp3	male
1037	מָה הָיָה שָׁם?	Что там случилось?	s_d518f43f74ee.mp3	male
1038	אֲנִי רוֹצֶה דִּיבּוּר שׁוֹטֵף.	Я хочу говорить бегло.	s_2539f439f11b.mp3	male
1039	אֲנִי חוֹשֵׁב עַל הֶעָתִיד.	Я думаю о будущем.	s_b0cddfa64af7.mp3	male
1040	הַמּוֹרֶה מַסְבִּיר אֶת הַצִּיוּוּי.	Учитель объясняет повелительное наклонение.	s_df1b4eb1b37f.mp3	female
1041	יֵשׁ לִי בַּקָּשָׁה קְטַנָּה.	У меня есть маленькая просьба.	s_ce51e5623487.mp3	male
1042	אֲנִי צָרִיךְ חוּפְשָׁה עַכְשָׁו.	Мне нужен отпуск сейчас.	s_d242f5aed6f1.mp3	male
1043	אֲנַחְנוּ יוֹצְאִים לְנוֹפֶשׁ נָעִים.	Мы выезжаем на приятный отдых.	s_df200532f5a5.mp3	male
1044	שָׂכַרְנוּ צִימֶר יָפֶה בַּצָּפוֹן.	Мы сняли красивый циммер на севере.	tzimer_tzafon.mp3	male
1045	נָסַעְנוּ לְטַיֵּל בַּגָּלִיל.	Мы поехали путешествовать по Галилее.	s_c5185648ff76.mp3	male
1046	יֵשׁ גַּ'קוּזִי בַּצִימֶר שֶׁלָּנוּ.	В нашем циммере есть джакузи.	s_5546b257eade.mp3	male
1047	יֵשׁ פֹּה מַסְלוּל הֲלִיכָה.	Здесь есть пешеходный маршрут.	s_e0e0272c6e85.mp3	male
1048	הַמְּרַאְיֵן שָׁאַל שְׁאֵלוֹת קָשׁוֹת.	Интервьюер задал сложные вопросы.	s_a2f9dc851c29.mp3	male
1049	זֶה תַּפְקִיד מְעַנְיֵן מְאֹד.	Это очень интересная должность.	s_73df2c355f3c.mp3	male
1050	הַשָּׂכָר בְּרוּטוֹ שֶׁלִּי גָּבוֹהַּ.	Моя зарплата брутто высокая.	s_2e13fe76c0d4.mp3	male
1051	מָה הַשָּׂכָר נֶטוֹ שֶׁלְּךָ?	Какая у тебя зарплата нетто?	s_fc2e4bf021e7.mp3	male
1052	הֵם מַצִּיעִים תְּנָאִים סוֹצְיָאלִיִּים.	Они предлагают социальный пакет.	s_f2b941c13be8.mp3	male
1053	יֵשׁ לִי קֶרֶן הִשְׁתַּלְמוּת.	У меня есть фонд повышения квалификации.	s_9cf21a003324.mp3	male
1054	זֶה יִתְרוֹן גָּדוֹל מְאֹד.	Это очень большое преимущество.	s_9eba568e5a3e.mp3	male
1055	הִיא עוֹבֶדֶת בְּחֶבְרַת הַיְיטֶק.	Она работает в хайтек-компании.	s_a0d8dba1e9f8.mp3	female
1056	מָה צִיפִּיּוֹת הַשָּׂכָר שֶׁלְּךָ?	Каковы твои зарплатные ожидания?	s_234d9f6ef0bf.mp3	male
1057	סָגַרְנוּ הַשְׂכָּרַת רֶכֶב מֵרֹאשׁ.	Мы оформили прокат автомобиля заранее.	s_53dbd8ea4987.mp3	male
1058	קָשֶׁה לִמְצֹא חֲנָיָה פֹּה.	Здесь трудно найти парковку.	s_30febbb07a34.mp3	male
1059	קִיבַּלְתִּי דּוּ"חַ עַל מְהִירוּת.	Я получил штраф за скорость.	s_1509a60341af.mp3	male
1060	יֵשׁ לִי פַּנְצֶ'ר בַּגַּלְגַּל.	У меня прокол в колесе.	s_0337da8c1eff.mp3	male
1061	אֲנַחְנוּ עוֹצְרִים בְּתַחֲנַת דֶּלֶק.	Мы останавливаемся на автозаправке.	s_809543dd9403.mp3	male
1062	תִּדְלוּק עַצְמִי זוֹל יוֹתֵר.	Самообслуживание на АЗС дешевле.	s_4eeb9a8a463a.mp3	male
1063	עָשִׂיתִי בִּיטּוּחַ מַקִּיף לָרֶכֶב.	Я сделал полную страховку на автомобиль.	s_f914d15d2c09.mp3	male
1064	יֵשׁ פְּקָק תְּנוּעָה כָּבֵד.	Стоит тяжёлая автомобильная пробка.	s_4a0734489378.mp3	male
1065	הִזְמַנְתִּי בַּעַל מִקְצוֹעַ הַבַּיְתָה.	Я вызвал мастера домой.	s_ebbb615eaaa4.mp3	male
1066	הָאִינְסְטָלָטוֹר תִּיקֵּן אֶת הַבֶּרֶז.	Сантехник починил кран.	s_3655a1c55cc8.mp3	female
1067	הַחַשְׁמַלַּאי בָּדַק אֶת הָאוֹר.	Электрик проверил свет.	s_561bc29b8a3b.mp3	female
1068	יֵשׁ תַּקָּלָה בַּמַּזְגָן שֶׁלָּנוּ.	В нашем кондиционере поломка.	s_faa12c514f3b.mp3	male
1069	יֵשׁ נְזִילָה בַּמִּטְבָּח שֶׁלָּנוּ.	На нашей кухне протечка.	s_52fc6c3698b9.mp3	male
1070	הָיָה פֹּה קֶצֶר חַשְׁמַלִי.	Здесь было короткое замыкание.	s_6c4f166c4089.mp3	male
1071	הַדּוּד שֶׁמֶשׁ לֹא עוֹבֵד.	Солнечный бойлер не работает.	s_902560ecaaa2.mp3	male
1072	הִדְלַקְתִּי אֶת דּוּד הַחַשְׁמַל.	Я включил электрический бойлер.	s_fde7aab1e59e.mp3	female
1073	קִיבַּלְתִּי הַצָּעַת מְחִיר חֲדָשָׁה.	Я получил новое ценовое предложение.	s_91713835b656.mp3	male
1074	הַמַּנְעוּלָן פָּתַח אֶת הַדֶּלֶת.	Слесарь открыл дверь.	s_6610bd6acea6.mp3	female
1075	כַּמָּה עוֹלִים דְּמֵי בִּיקּוּר?	Сколько стоит вызов мастера?	s_e9276ea402cd.mp3	male
1076	יֵשׁ לָנוּ מַשְׁכַּנְתָּא גְּדוֹלָה.	У нас большая ипотека.	s_318c6b00d987.mp3	male
1077	צָרִיךְ הוֹן עַצְמִי גָּבוֹהַּ.	Нужен высокий собственный капитал.	s_5d63733d0835.mp3	male
1078	הַדִּירָה כְּבָר רְשׁוּמָה בַּטַּאבּוּ.	Квартира уже зарегистрирована в Табу.	tabu_dira.mp3	male
1079	הָרִיבִּית בַּבַּנְק עָלְתָה הַיּוֹם.	Процентная ставка в банке сегодня выросла.	s_a728d8b3cc92.mp3	male
1080	פָּגַשְׁנוּ יוֹעֵץ מַשְׁכַּנְתָּאוֹת מְצוּיָּן.	Мы встретили отличного ипотечного консультанта.	s_e24ddcc3c713.mp3	male
1081	דִּיבַּרְתִּי עִם עוֹרֵךְ דִּין.	Я поговорил с адвокатом.	s_827b49546339.mp3	male
1082	שִׁילַּמְנוּ מַס רְכִישָׁה גָּבוֹהַּ.	Мы заплатили высокий налог на покупку.	s_43088efb13c4.mp3	male
1083	הוּא קָנָה נֶכֶס יָקָר.	Он купил дорогую недвижимость.	s_e990ca0b3c30.mp3	male
1084	דִּיבַּרְתִּי עִם מְתַוּוֵךְ נַדְלָ"ן.	Я поговорил с риелтором.	s_d59055a2b097.mp3	male
1085	הוּא מַשְׁקִיעַ כֶּסֶף בְּנַדְלָ"ן.	Он инвестирует деньги в недвижимость.	s_e0e17ca2e7ad.mp3	male
1086	הַהֶחְזֵר הַחוֹדְשִׁי מַתְאִים לָנוּ.	Ежемесячный платёж нам подходит.	s_496d97241acd.mp3	male
1087	זֹאת הַשְׁקָעָה טוֹבָה מְאֹד.	Это очень хорошая инвестиция.	s_b0c0d9a0b1f3.mp3	male
1088	פָּתַחְתִּי פִּיקָּדוֹן חָדָשׁ בַּבַּנְק.	Я открыл новый депозит в банке.	s_8613ba6c0499.mp3	male
1089	יֵשׁ לִי חִיסָּכוֹן בַּבַּנְק.	У меня есть сбережения в банке.	s_67a24ae47564.mp3	male
1090	אֲנִי מְשַׁלֵּם מַס הַכְנָסָה.	Я плачу подоходный налог.	s_85f7757be026.mp3	male
1091	קִיבַּלְתִּי עוֹד נְקוּדַּת זִיכּוּי.	Я получил ещё один налоговый балл.	s_053a81525fef.mp3	male
1092	עָשִׂיתִי תֵּיאוּם מַס בָּאִינְטֶרְנֶט.	Я сделал согласование налогов в интернете.	s_a622c3b578eb.mp3	male
1093	הָעֵסֶק הֵבִיא רֶוַוח יָפֶה.	Бизнес принёс хорошую прибыль.	s_383026b43384.mp3	male
1094	לַחֶבְרָה יֵשׁ הֶפְסֵד כַּסְפִּי.	У компании финансовый убыток.	s_d7a2496083cb.mp3	male
1095	דִּיבַּרְתִּי עִם יוֹעֵץ הַשְׁקָעוֹת.	Я поговорил с инвестиционным советником.	s_c4f18b13acfe.mp3	male
1096	בָּדַקְתִּי אֶת הָעוֹבֵר וָשָׁב.	Я проверил текущий счёт.	s_bcafea572474.mp3	female
1097	יֵשׁ לִי פְּגִישָׁה עִסְקִית.	У меня деловая встреча.	s_d064db682ebc.mp3	male
1098	זֶה תְּנַאי חָשׁוּב מְאֹד.	Это очень важное условие.	s_08a043e9f5ba.mp3	male
1099	עָשִׂינוּ הַשְׁוָואָה בֵּין הַמְּחִירִים.	Мы сделали сравнение цен.	s_deb04c32c8f4.mp3	male
1100	לָמַדְנוּ שֵׁם פְּעוּלָּה בַּכִּיתָּה.	Мы учили отглагольное существительное в классе.	s_2a9eb1268c25.mp3	male
1101	הַכְּתִיבָה שֶׁלּוֹ בְּרוּרָה מְאֹד.	Его почерк (письмо) очень понятный.	s_70ba907efb79.mp3	male
1102	הַלְּמִידָה הַזֹּאת חֲשׁוּבָה מְאֹד.	Это обучение очень важное.	s_322ed807fb1b.mp3	male
1103	הַתַּשְׁלוּם עָבַר בְּהַצְלָחָה הַיּוֹם.	Платёж сегодня прошёл успешно.	s_095a40a1f806.mp3	male
1104	הַתִּיקּוּן שֶׁל הַמַּזְגָן הִצְלִיחַ.	Ремонт кондиционера удался.	s_d0d2c1cc30c2.mp3	male
1105	הָיְיתָה הִתְרַגְּשׁוּת גְּדוֹלָה מְאֹד.	Было очень большое волнение.	s_1be00e0afbc0.mp3	male
1106	תּוֹדָה עַל הַהִשְׁתַּתְּפוּת שֶׁלָּכֶם.	Спасибо за ваше участие.	s_3df342a3badb.mp3	male
1107	יֵשׁ לוֹ הִתְנַהֲגוּת טוֹבָה.	У него хорошее поведение.	s_84cd9aadfbf5.mp3	male
1108	הוּא מְתַכְנֵן פְּתִיחַת עֵסֶק.	Он планирует открытие бизнеса.	s_408fd51d4280.mp3	male
1109	נִפָּגֵשׁ מָחָר בַּבּוֹקֶר.	Встретимся завтра утром.	s_49e96049747f.mp3	male
1110	הַשִּׁיעוּר יִהְיֶה מָחֳרָתַיִּים.	Урок будет послезавтра.	s_c3766d550d65.mp3	male
1111	הֵם יַגִּיעוּ בַּשָּׁבוּעַ הַבָּא.	Они приедут на следующей неделе.	s_0b9a3b77cb2f.mp3	male
1112	נַתְחִיל לַעֲבוֹד בַּחוֹדֶשׁ הַבָּא.	Мы начнём работать в следующем месяце.	s_1bc56fa0621e.mp3	male
1113	הוּא יַחֲזוֹר בְּקָרוֹב הַבַּיְתָה.	Он скоро вернётся домой.	s_23c6b418d460.mp3	male
1114	שָׁלוֹם, נִרְאֶה בְּקָרוֹב שׁוּב!	Пока, скоро увидимся снова!	s_29ec7af3a5ff.mp3	male
1115	דָּוִד, מָתַי תָּבוֹא הַיּוֹם?	Давид, когда ты придёшь сегодня?	s_84fb8fb88be0.mp3	male
1116	אִם תִּרְצֶה, נָבוֹא אֵלֶיךָ.	Если захочешь, мы придём к тебе.	s_dd8f7906b655.mp3	male
1117	תַּחְשׁוֹב עַל זֶה הֵיטֵב.	Подумай об этом хорошенько.	s_df1c47e3dc57.mp3	male
1118	הַחֲבֵרִים יַעַזְרוּ לָנוּ תָּמִיד.	Друзья всегда нам помогут.	s_4f1033cd4631.mp3	male
1119	הַכֹּל יִהְיֶה בְּסֵדֶר, חָבֵר!	Всё будет хорошо, друг!	s_a06d360ecf98.mp3	male
1120	בַּקַּיִץ נָטוּס לְחוּ"ל יַחַד.	Летом мы полетим за границу вместе.	s_e118b1d76a07.mp3	male
1121	בְּשָׁעָה טוֹבָה עַל הַדִּירָה!	В добрый час с покупкой квартиры!	s_05aa98b25a89.mp3	male
1122	נִשְׁתֶּה קָפֶה בַּבַּיִת שֶׁלִּי.	Мы выпьем кофе у меня дома.	s_8522da46483a.mp3	male
1123	נִרְאֶה מָה יִהְיֶה מָחָר.	Посмотрим, что будет завтра.	s_544d7e1d3a39.mp3	male
1124	תַּעֲשׂוּ חַיִּים בַּטִיּוּל הַיּוֹם!	Хорошо вам провести время в поездке сегодня!	s_a3e57a29ae5a.mp3	male
1125	אֶעֱנֶה לְךָ עוֹד מְעַט.	Я отвечу тебе чуть позже.	s_ca7137fb4eed.mp3	male
1126	מָה שֶׁיִּהְיֶה יִהְיֶה, חֲבֵרִים.	Будь что будет, друзья.	s_abe196f27e3d.mp3	male
1127	נְדַבֵּר מָחָר בַּטֶּלֶפוֹן, טוֹב?	Поговорим завтра по телефону, хорошо?	s_f927a7c43e57.mp3	male
1128	הוּא יְסַדֵּר אֶת הָעִנְיָין.	Он уладит этот вопрос.	s_bed1f0677752.mp3	female
1129	יִהְיֶה בְּסֵדֶר, אֲסַדֵּר הַכֹּל!	Всё будет хорошо, я всё улажу!	s_cbae09c84736.mp3	male
1130	אַגִּיד לְךָ אֶת הָאֱמֶת.	Я скажу тебе правду.	s_76e540c9e1e8.mp3	female
1131	תַּגִּיד לִי אֵיפֹה אַתָּה.	Скажи мне, где ты.	s_6eb742b8deaa.mp3	male
1132	אֲנִי מַבְטִיחַ לְךָ לַעֲזוֹר.	Я обещаю тебе помочь.	s_5185f01b5953.mp3	male
1133	נִתְרָאֶה בַּקָּפֶה בְּקָרוֹב!	Увидимся в кафе скоро!	s_1ab0e8ccf3cd.mp3	male
1134	שָׁלוֹם, נִתְרָאֶה מָחָר בַּעֲבוֹדָה!	До свидания, увидимся завтра на работе!	s_c1866ef47f16.mp3	male
1135	אֶתְקַשֵּׁר אֵלֶיךָ עוֹד שָׁעָה.	Я позвоню тебе через час.	s_0f76e9dfcd6d.mp3	male
1136	אַל תִּתְרַגֵּשׁ, יִהְיֶה טוֹב!	Не волнуйся, всё будет хорошо!	s_2704390fa0a2.mp3	male
1137	תִּתְלַבְּשׁוּ יָפֶה לַמְּסִבָּה הַיּוֹם.	Оденьтесь красиво на вечеринку сегодня.	s_bd0e9511b099.mp3	male
1138	תּוֹדָה רַבָּה, נִשְׁתַּמֵּעַ בְּקָרוֹב!	Большое спасибо, созвонимся скоро!	s_c130dcdcbe32.mp3	male
1139	אַל תִּדְאַג, אֲנִי עוֹזֵר.	Не волнуйся, я помогаю.	s_f46061f9bdc4.mp3	male
1140	אַל תִּשְׁכַּח אֶת הַמַּפְתֵּחַ!	Не забудь ключ!	s_60ec89e5e65c.mp3	female
1141	תַּמְתִּין רֶגַע עַל הַקַּו.	Подождите минутку на линии.	s_5c8ae3510141.mp3	male
1142	תִּיכָּנֵס בְּבַקָּשָׁה לַחֶדֶר שֶׁלִּי.	Заходи, пожалуйста, в мою комнату.	s_12549230bd18.mp3	male
1143	בְּבַקָּשָׁה, תֵּשֵׁב עַל הַכִּסֵּא.	Пожалуйста, присаживайся на стул.	s_0784df5d5214.mp3	male
1144	תַּקְשִׁיב לִי בְּבַקָּשָׁה עַכְשָׁיו.	Послушай меня, пожалуйста, сейчас.	s_5bbbbc65d9c9.mp3	male
1145	תִּיזָּהֵר כְּשֶׁאַתָּה חוֹצֶה כְּבִישׁ!	Будь осторожен, когда переходишь дорогу!	s_f237f8bf39ff.mp3	male
1146	שִׂים לֵב לַתַּמְרוּר הַזֶּה!	Обрати внимание на этот дорожный знак!	s_7999642ca26e.mp3	male
1147	תִּרְגַּע, יֵשׁ לָנוּ זְמַן.	Успокойся, у нас есть время.	s_1a3841a92f84.mp3	male
1148	אֲרוּחַת בּוֹקֶר כְּלוּלָה בַּמְּחִיר.	Завтрак включён в стоимость.	s_8a69e1119808.mp3	male
1149	חוּפְשָׁה נְעִימָה לְכָל הַמִּשְׁפָּחָה!	Приятного отпуска всей семье!	s_6001678be27a.mp3	male
1150	תַּהֲנוּ מְאוֹד בַּמְּלוֹן הַיּוֹם!	Хорошо вам провести время в гостинице сегодня!	s_3d5039fcb742.mp3	male
1151	בְּהַצְלָחָה בָּרֵאָיוֹן לָעֲבוֹדָה הַיּוֹם!	Удачи на собеседовании на работу сегодня!	s_6451d86db9cd.mp3	male
1152	מוּתָּר לַחְנוֹת פֹּה בְּכָחוֹל-לָבָן.	Здесь разрешено парковаться на сине-белой разметке.	s_ffac75a20c47.mp3	male
1153	אָסוּר לַחְנוֹת פֹּה בְּאָדוֹם-לָבָן.	Здесь запрещено парковаться на красно-белой разметке.	s_0477362dd1cd.mp3	male
1154	צָרִיךְ לְהַפְעִיל פַּנְגּוֹ עַכְשָׁיו.	Нужно активировать Pango сейчас.	s_951bf07223e1.mp3	male
1155	שֶׁתִּהְיֶה לְךָ נְהִיגָה בְּטוּחָה!	Безопасного тебе вождения!	s_63007bfea284.mp3	male
1156	שֶׁיִּהְיֶה בְּשָׁעָה טוֹבָה וּמוּצְלַחַת!	Пусть всё пройдёт в добрый и успешный час!	s_23ad19807e0f.mp3	male
1157	נִמְאַס לִי מֵהַמַּצָּב הַזֶּה.	Мне надоела эта ситуация.	s_cd63bb7021a1.mp3	male
1158	הָרַעְיוֹן שֶׁלְּךָ נִשְׁמָע מְצוּיָן.	Твоя идея звучит отлично.	s_b961b3dd0117.mp3	male
1159	אָז נִפָּגֵשׁ מָחָר בַּבּוֹקֶר.	Тогда встретимся завтра утром.	s_2c99921a7497.mp3	male
1160	הַיּוֹם אֶשָּׁאֵר בַּבַּיִת לָנוּחַ.	Сегодня я останусь дома отдохнуть.	s_f400c9218a0c.mp3	male
1161	מְדוּבָּר בִּבְעָיָה קָשָׁה מְאֹד.	Речь идёт об очень трудной проблеме.	s_d190bba9852c.mp3	male
1162	אַתָּה מוּזְמָן לֶאֱכוֹל אִתָּנוּ.	Ты приглашён пообедать с нами.	s_ebcea952488a.mp3	male
1163	הַכֹּל מוּסְכָּם וּבָרוּר עַכְשָׁיו.	Всё согласовано и понятно сейчас.	s_c24b7c6316b7.mp3	male
1164	הַמָּקוֹם הוּזְמַן מֵרֹאשׁ עֲבוּרֵנוּ.	Место было забронировано заранее для нас.	s_26265147efe9.mp3	male
1165	אַל תִּדְאַג, הַכֹּל מְסוּדָּר.	Не волнуйся, всё устроено.	s_069a8aca4902.mp3	male
1166	הַקָּפֶה הַיּוֹם זֶה עָלַי!	Кофе сегодня за мой счёт!	s_960436507da1.mp3	male
1167	אֲנִי סוֹמֵךְ עָלֶיךָ תָּמִיד.	Я всегда полагаюсь на тебя.	s_cc85f8a9a875.mp3	male
1168	תַּגִּיד, מַה עוֹבֵר עָלֶיךָ?	Скажи, что с тобой происходит?	s_0931813d8d69.mp3	male
1169	בְּבַקָּשָׁה תַּחֲזוֹר אֵלַי מָחָר.	Пожалуйста, перезвони мне завтра.	s_7e0afda2d53b.mp3	male
1170	בּוֹא אֵלֵינוּ בְּיוֹם שִׁשִּׁי.	Приходи к нам в пятницу.	s_2548986e1429.mp3	male
1171	פָּנִיתִי אֵלָיו בִּשְׁאֵלָה חֲשׁוּבָה.	Я обратился к нему с важным вопросом.	s_9061941dc953.mp3	male
1172	שָׁלַחְתִּי אֵלֶיךָ מִכְתָּב חָשׁוּב.	Я отправил тебе важное письмо.	s_1b340fc7d2e8.mp3	male
1173	בּוֹאוּ אַחֲרַי לַחֶדֶר הַזֶּה.	Идите за мной в эту комнату.	s_124dcf1dc473.mp3	male
1174	אִי אֶפְשָׁר בִּלְעָדֶיךָ כָּאן.	Без тебя здесь никак нельзя.	s_3e7e18868d02.mp3	male
1175	הוּא עָמַד לְפָנַי בַּתּוֹר.	Он стоял передо мной в очереди.	s_fb9dfd1d716a.mp3	male
1176	בָּאוּ כּוּלָּם מִלְּבַדּוֹ הַיּוֹם.	Пришли все, кроме него сегодня.	s_7d7865050cb4.mp3	male
1177	הִתְקַשַּׁרְתִּי כַּאֲשֶׁר הִגַּעְתִּי הַבַּיְתָה.	Я позвонил, когда пришёл домой.	s_3a3bde88978a.mp3	male
1178	אֵחַרְתִּי מִפְּנֵי שֶׁהָיָה פְּקָק.	Я опоздал, потому что была пробка.	s_d6a82a2ad51b.mp3	male
1179	נִשְׁאַרְתִּי מִכֵּיוְוָן שֶׁיָּרַד גֶּשֶׁם.	Я остался, так как шёл дождь.	s_9dd23e583e97.mp3	male
1180	בָּאתִי לַמְרוֹת שֶׁהָיִיתִי עָיֵף.	Я пришёл, несмотря на то что устал.	s_abf045c96d20.mp3	male
1181	בָּאתִי, אַף-עַל-פִּי שֶׁהָיִיתִי עָיֵף.	Я пришёл, даже несмотря на то что устал.	s_7d112b2b7d00.mp3	male
1182	הִסְבַּרְתִּי כְּדֵי שֶׁתָּבִין הֵיטֵב.	Я объяснил, чтобы ты хорошо понял.	s_00a2fd9c2169.mp3	male
1183	הַכֹּל קָרָה כְּפִי שֶׁאָמַרְתָּ.	Всё произошло так, как ты сказал.	s_44930e0e9984.mp3	male
1184	הִקְשַׁבְתִּי בִּזְמַן שֶׁהוּא דִּבֵּר.	Я слушал, пока он говорил.	s_f84814ce4148.mp3	male
1185	חִכִּיתִי עַד שֶׁהוּא הִגִּיעַ.	Я ждал, пока он не пришёл.	s_fadfd2f7c6c9.mp3	male
1186	מָה בְּעֶצֶם אַתָּה רוֹצֶה?	Что, собственно говоря, ты хочешь?	s_4ea678c41194.mp3	male
1187	כְּלוֹמַר, אַתָּה לֹא מַסְכִּים?	То есть, ты не согласен?	s_7c9179eecfea.mp3	male
1188	לְפִי דַּעְתִּי זֶה מְצוּיָן.	По моему мнению, это отлично.	s_6da0b3400b80.mp3	male
1189	תִּתְקַשֵּׁר אֵלַי אִם תּוּכַל.	Позвони мне, если сможешь.	s_9614fda43b42.mp3	male
1190	אִילּוּ יָכוֹלְתִּי, הָיִיתִי בָּא.	Если бы я мог, я бы пришёл.	s_00bfa671c075.mp3	male
1191	לוּ רַק הָיִיתִי יוֹדֵעַ.	Если бы только я знал.	s_96f3241fb4cd.mp3	male
1192	אָבוֹא בִּתְנַאי שֶׁתַּעֲזוֹר לִי.	Я приду при условии, что ты мне поможешь.	s_ed38bc94ba89.mp3	male
1193	אָז מָה נַעֲשֶׂה הַיּוֹם?	Тогда что мы будем делать сегодня?	s_1be1ea5a7338.mp3	male
1194	אִילּוּ יָדַעְתִּי, הָיִיתִי עוֹזֵר.	Если бы я знал, я бы помог.	s_8aa46a83861e.mp3	male
1195	הָיִיתִי עוֹשֶׂה אֶת זֶה.	Я бы сделал это.	s_feb791f62063.mp3	female
1196	תַּעֲזוֹר לִי אִם אֶפְשָׁר.	Помоги мне, если можно.	s_f36fbca661e9.mp3	male
1197	אִם כָּךְ, נֵלֵךְ עַכְשָׁיו.	Если так, пойдём сейчас.	s_744e5e53c09a.mp3	male
1198	תִּתְקַשֵּׁר בְּמִקְרֶה שֶׁתִּצְטָרֵךְ עֶזְרָה.	Позвони в случае, если тебе понадобится помощь.	s_b803385e8aba.mp3	male
1199	אֵין בְּרֵירָה, צָרִיךְ לָלֶכֶת.	Нет выбора, нужно идти.	s_6d4b80ceab21.mp3	male
1200	אֲנִי רוֹצֶה יוֹתֵר זְמַן.	Я хочу больше времени.	s_4507b7dbe501.mp3	male
1201	יֵשׁ לָנוּ פָּחוֹת זְמַן.	У нас меньше времени.	s_66d8d5771fdf.mp3	male
1202	זֶה הַמָּקוֹם הֲכִי יָפֶה.	Это самое красивое место.	s_db8c4e3a4a4b.mp3	male
1203	זֶה הַסֵּפֶר הַטּוֹב בְּיוֹתֵר.	Это самая лучшая книга.	s_a3ed932048ab.mp3	male
1204	הֲכִי טוֹב לִנְסוֹעַ בְּרַכֶּבֶת.	Лучше всего ехать на поезде.	s_160b8b6a632d.mp3	male
1205	זֶה הַפִּתְרוֹן הַטּוֹב בְּיוֹתֵר.	Это наилучшее решение.	s_a334af7a7ab6.mp3	male
1206	אֲנִי כָּל כָּךְ עָיֵף.	Я так устал.	s_8499eb43f8c0.mp3	male
1207	זֶה זוֹל בְּהַשְׁוָואָה לְאֶתְמוֹל.	Это дёшево по сравнению со вчерашним днем.	s_969ae9b0686b.mp3	male
1208	הֵבַנְתִּי פָּחוֹת אוֹ יוֹתֵר.	Я приблизительно понял.	s_488f38036263.mp3	male
1209	זֶה נַעֲשָׂה בְּהֶסְכֵּם מָלֵא.	Это было сделано при полном согласии.	s_b441a16b5393.mp3	male
1210	קָרָאתִי כּוֹתֶרֶת מְעַנְיֶנֶת בָּעִתּוֹן.	Я прочитал интересный заголовок в газете.	s_4bef7557ed45.mp3	male
1211	שָׁמַעְתִּי מִבְזַק חֲדָשׁוֹת קָצָר.	Я услышал короткий выпуск новостей.	s_3b5d3ca2d7fd.mp3	male
1212	זֹאת כַּתָּבָה חֲשׁוּבָה מְאוֹד.	Это очень важная статья.	s_11f6484eb232.mp3	male
1213	הָעִיתּוֹנַאי שׁוֹאֵל שְׁאֵלוֹת קָשׁוֹת.	Журналист задаёт трудные вопросы.	s_5150b163f4b1.mp3	male
1214	הוּא עָרַךְ רֵאָיוֹן בִּלְעָדִי.	Он провёл эксклюзивное интервью.	s_fb114eb76fc7.mp3	male
1215	צָפִינוּ בַּמַּהֲדוּרָה הַמֶּרְכָּזִית בָּעֶרֶב.	Мы смотрели главный выпуск новостей вечером.	s_03f60d04eed0.mp3	male
1216	זֶה שִׁידּוּר חַי מִיְּרוּשָׁלַיִם.	Это прямой эфир из Иерусалима.	s_c0080789aac4.mp3	male
1217	יֵשׁ לָזֶה הַשְׁפָּעָה גְּדוֹלָה.	Это оказывает большое влияние.	s_da0972c38dc4.mp3	male
1218	הַסֶּרֶט קִבֵּל בִּיקּוֹרֶת מְצוּיֶּנֶת.	Фильм получил отличную критику.	s_1db5a0ee39fd.mp3	male
1219	הוּא יָזָם מַצְלִיחַ מְאוֹד.	Он очень успешный предприниматель.	s_4c3720ebb735.mp3	male
1220	הִיא לוֹמֶדֶת יַזָּמוּת בָּאוּנִיבֶרְסִיטָה.	Она изучает предпринимательство в университете.	s_f5376154fca1.mp3	female
1221	הַקֶּרֶן מַשְׁקִיעָה בְּהוֹן סִיכּוּן.	Фонд инвестирует в венчурный капитал.	s_a9edf32186f5.mp3	male
1222	הַחֶבְרָה סִיְּימָה גִּיּוּס כְּסָפִים.	Компания завершила привлечение средств.	s_b0b3bd38a67a.mp3	male
1223	זֹאת פְּרִיצַת דֶּרֶךְ מַדָּעִית.	Это научный прорыв.	s_0f80d5147899.mp3	male
1224	הֵם מַתְחִילִים פִּיתּוּחַ חָדָשׁ.	Они начинают новую разработку.	s_7a4cfabf21fb.mp3	male
1225	הוּא מְנַהֵל מֶחְקָר וּפִיתּוּחַ.	Он руководит исследованиями и разработками.	s_606b0d94e531.mp3	male
1226	הִיא הֵקִימָה חֶבְרַת הֶזְנֵק.	Она основала стартап-компанию.	s_5b46d3ec8510.mp3	female
1227	אֲנַחְנוּ מִשְׁתַּמְּשִׁים בְּטֶכְנוֹלוֹגְיָה מִתְקַדֶּמֶת.	Мы используем передовую технологию.	s_658a0aa06eb0.mp3	male
1228	הוּא לוֹמֵד בִּינָה מְלָאכוּתִית.	Он изучает искусственный интеллект.	s_735c84e32b4b.mp3	male
1229	נִשְׁמוֹר עַל אִיכוּת הַסְּבִיבָה.	Мы сохраним окружающую среду.	s_14ec41fbde38.mp3	male
1230	מִיחְזוּר חָשׁוּב מְאוֹד לַסְּבִיבָה.	Переработка очень важна для окружающей среды.	s_ee3259dc748f.mp3	male
1231	יֵשׁ פַּח כָּתוֹם בָּרְחוֹב.	На улице есть оранжевый бак.	s_c20d7280472c.mp3	male
1232	הַבַּיִת מִשְׁתַּמֵּשׁ בְּאֶנֶרְגְּיָה סוֹלָארִית.	Дом использует солнечную энергию.	s_870aa6e0b31d.mp3	male
1233	הִתְחַמְּמוּת גְּלוֹבָּלִית מַשְׁפִּיעָה עָלֵינוּ.	Глобальное потепление влияет на нас.	s_3b04819e775b.mp3	male
1234	טִיַּלְנוּ בִּשְׁמוּרַת טֶבַע יָפָה.	Мы гуляли в красивом заповеднике.	s_ef046d2549c4.mp3	male
1235	יֵשׁ זִיהוּם אֲוִויר בָּעִיר.	В городе есть загрязнение воздуха.	s_d80046c4512c.mp3	male
1236	פְּלַסְטִיק חַד פַּעֲמִי מַזִּיק.	Одноразовый пластик вреден.	s_99e51f6f329c.mp3	male
1237	הוּא קָנָה רֶכֶב חַשְׁמַלִּי.	Он купил электромобиль.	s_3b542925f1d9.mp3	male
1238	קַיָּימוּת חֲשׁוּבָה לָעוֹלָם שֶׁלָּנוּ.	Устойчивое развитие важно для нашего мира.	s_1fe927aad5f3.mp3	male
1239	קִבַּלְתִּי טוֹפֶס 17 בַּמִּרְפָּאָה.	Я получил форму 17 в поликлинике.	s_b779743dd5a6.mp3	male
1240	הִגַּעְנוּ לַחֲדַר מִיּוּן בַּלַּיְלָה.	Мы прибыли в приёмный покой ночью.	s_be78885a6060.mp3	male
1241	אֲנִי צָרִיךְ רוֹפֵא מוּמְחֶה.	Мне нужен врач-специалист.	s_5a08fb838c61.mp3	male
1242	הָרוֹפֵא נָתַן לִי הַפְנָיָה.	Врач дал мне направление.	s_9b52922f9b5d.mp3	male
1243	עָשִׂיתִי בְּדִיקַת דָּם הַבֹּקֶר.	Я сделал анализ крови этим утром.	s_35574ec95a49.mp3	male
1244	עָשׂוּ לוֹ צִילוּם רֶנְטְגֶּן.	Ему сделали рентгеновский снимок.	s_39bb8ace8244.mp3	male
1245	הוּא הִשְׁתַּחְרֵר מֵאִשְׁפּוּז הַיּוֹם.	Он выписался из больницы сегодня.	s_9a6e186afd08.mp3	male
1246	הַנִּיתּוּחַ עָבַר בְּהַצְלָחָה רַבָּה.	Операция прошла с большим успехом.	s_c295ce79c08b.mp3	male
1247	צָרִיךְ הִתְחַיְּיבוּת כַּסְפִּית לַטִּיפּוּל.	Требуется финансовое обязательство на лечение.	s_cd233d26d4eb.mp3	male
1248	קִבַּלְתִּי אֶת תּוֹצָאוֹת הַבְּדִיקָה.	Я получил результаты обследования.	s_e5c403cf67a2.mp3	female
1249	הַכְּנֶסֶת נִמְצֵאת בִּירוּשָׁלַיִם.	Кнессет находится в Иерусалиме.	s_ef753cd8a3cb.mp3	male
1250	בְּקָרוֹב יִהְיוּ בְּחִירוֹת חֲדָשׁוֹת.	Скоро будут новые выборы.	s_09b578077920.mp3	male
1251	הַמֶּמְשָׁלָה הֶחְלִיטָה עַל כָּך.	Правительство решило об этом.	s_295de4026bf1.mp3	male
1252	רֹאשׁ הַמֶּמְשָׁלָה נָאַם אֶתְמוֹל.	Премьер-министр выступил вчера с речью.	s_a846bf734170.mp3	male
1253	נְשִׂיא הַמְּדִינָה בִּקֵּר בְּחֵיפָה.	Президент страны посетил Хайфу.	s_624ceae90f89.mp3	male
1254	הַקּוֹאָלִיצְיָה חֲזָקָה מְאוֹד הַיּוֹם.	Коалиция сегодня очень сильна.	s_786dd80dcb6e.mp3	male
1255	הָאוֹפּוֹזִיצְיָה מִתְנַגֶּדֶת לַחוֹק הַזֶּה.	Оппозиция выступает против этого закона.	s_b25a88a0f57e.mp3	male
1256	הוּא חֲבַר כְּנֶסֶת חָדָשׁ.	Он новый депутат Кнессета.	s_6bb1ec738e39.mp3	male
1257	הַכְּנֶסֶת אִשְּׁרָה חוֹק חָדָשׁ.	Кнессет утвердил новый закон.	s_0979822dff60.mp3	male
1258	הָאֲנָשִׁים הוֹלְכִים לַקַּלְפִּי הַיּוֹם.	Люди идут на избирательный участок сегодня.	s_8f7e208d6b95.mp3	male
1259	יִשְׂרָאֵל הִיא דֵּמוֹקְרַטְיָה חֲזָקָה.	Израиль — сильная демократия.	s_a7eb3610e2a9.mp3	female
1260	חַיָּלִים מְשָׁרְתִים בְּצַהַ"ל.	Солдаты служат в ЦАХАЛе.	s_086129f624b0.mp3	male
1261	יוֹם הַגִּיּוּס שֶׁלּוֹ הִגִּיעַ.	День его призыва настал.	s_7d7eddbc9540.mp3	male
1262	דָּנִי עוֹשֶׂה מִילוּאִים כָּעֵת.	Дани сейчас на армейских сборах.	s_2eedadb6d299.mp3	male
1263	הַקָּצִין מְדַבֵּר עִם הַחַיָּלִים.	Офицер говорит с солдатами.	s_e60a21441fb5.mp3	male
1264	פִּיקּוּד הָעוֹרֶף פִּרְסֵם הוֹדָעָה.	Командование тыла опубликовало сообщение.	s_b8a9743988b9.mp3	male
1265	יֵשׁ לָנוּ מָמָ"ד בַּדִּירָה.	У нас в квартире есть защищенная комната.	s_80f4c6313612.mp3	male
1266	חַיָּבִים לִשְׁמוֹר עַל הַהַנְחָיוֹת.	Необходимо соблюдать инструкции.	s_a179d0b6914d.mp3	male
1267	חִפַּשְׂנוּ מֶרְחָב מוּגָן קָרוֹב.	Мы искали ближайшее защищенное пространство.	s_b55f825433ee.mp3	male
1268	הוּא רוֹצֶה שֵׁירוּת קְרָבִי.	Он хочет боевую службу.	s_364ea099d7b1.mp3	male
1269	חָזַרְנוּ לַשִּׁגְרָה אַחֲרֵי הַמִּלְחָמָה.	Мы вернулись к рутине после войны.	s_5744ca85f69d.mp3	male
1270	חָגַגְנוּ אֶת יוֹם הָעַצְמָאוּת.	Мы праздновали День независимости.	s_c9c3387914a5.mp3	female
1271	יוֹם הַזִּיכָּרוֹן מְאוֹד עָצוּב.	День памяти очень грустный.	s_b4a3284a826e.mp3	male
1272	עָמַדְנוּ בְּשֶׁקֶט בִּזְמַן הַצְּפִירָה.	Мы стояли в тишине во время сирены.	s_783912520159.mp3	male
1273	הִשְׁתַּתַּפְנוּ בְּטֶקֶס יָפֶה מְאוֹד.	Мы участвовали в очень красивой церемонии.	s_543bcaf6e2b5.mp3	male
1274	הִיא הִדְלִיקָה מַשּׂוּאָה בַּטֶּקֶס.	Она зажгла факел на церемонии.	s_334c939eae1d.mp3	female
1275	עָשִׂינוּ מַנְגָּל בַּפַּארְק הַיּוֹם.	Мы делали шашлыки в парке сегодня.	s_136e194ee2bb.mp3	male
1276	רָאִינוּ מַטָּס מַרְשִׁים בַּשָּׁמַיִם.	Мы видели впечатляющий воздушный парад в небе.	s_b6858e7a7b71.mp3	male
1277	הָיוּ זִיקּוּקֵי דִּינוּר יָפִים.	Был красивый фейерверк.	s_6394baa6ac8f.mp3	male
1278	הֵם נִלְחֲמוּ עַל עַצְמָאוּת.	Они сражались за независимость.	s_1581f9f11d4a.mp3	male
1279	תָּלִינוּ אֶת דֶּגֶל הַמְּדִינָה.	Мы повесили государственный флаг.	s_b0483c0c6e45.mp3	female
1280	אַף אֶחָד לֹא פְרָאיֶיר.	Никто не лох (никто не позволит себя обмануть).	lo_fraier.mp3	male
1281	הוּא סַחְבָּק אֲמִתִּי שֶׁלָּנוּ.	Он наш настоящий свой парень.	sahbak_amiti.mp3	male
1282	מָה נִשְׁמַע אִתְּךָ, כַּפָּרָה?	Как дела у тебя, душа моя?	s_a2ab461316d7.mp3	male
1283	יֵשׁ כָּאן בָּלָגָן שָׁלֵם.	Здесь полный бардак.	s_0789ed5c6f13.mp3	male
1284	אֲנַחְנוּ לוֹמְדִים גֵּאוֹגְרַפְיָה הַיּוֹם.	Мы изучаем географию сегодня.	s_220eb29148fa.mp3	male
1285	הַמִּדְבָּר חַם מְאוֹד בַּקַּיִץ.	В пустыне очень жарко летом.	s_248ae4c30f7e.mp3	male
1286	שָׂחִינוּ בְּיַם הַמֶּלַח הַיּוֹם.	Мы купались в Мертвом море сегодня.	s_97f7920575f7.mp3	male
1287	יַם כִּנֶּרֶת יָפֶה מְאוֹד.	Озеро Кинерет очень красивое.	s_88dff5288553.mp3	male
1288	זֶה מַכְתֵּשׁ עֲנָק בַּנֶּגֶב.	Это гигантский кратер в Негеве.	s_74275749e46b.mp3	male
1289	נָסַעְנוּ לְרָמַת הַגּוֹלָן הַשָּׁבוּעַ.	Мы поехали на Голанские высоты на этой неделе.	s_834bd08484e4.mp3	male
1290	הַר הַחֶרְמוֹן גָּבוֹהַּ מְאוֹד.	Гора Хермон очень высокая.	s_2f53afd9eb75.mp3	male
1291	הָלַכְנוּ לְיַד הַנַּחַל הַיָּפֶה.	Мы гуляли около красивого ручья.	s_be58a10d6a9f.mp3	male
1292	רָאִינוּ מַפָּל מַיִם מַרְשִׁים.	Мы увидели впечатляющий водопад.	s_b74d6752eb33.mp3	male
1293	הֵם צוֹעֲדִים בִּשְׁבִיל יִשְׂרָאֵל.	Они идут в поход по Тропе Израиля.	s_7d0bf51deab3.mp3	male
1294	הַתֵּיאַטְרוֹן הַזֶּה מְפוּרְסָם מְאֹד.	Этот театр очень знаменит.	s_cc9dd88540ab.mp3	male
1295	רָאִינוּ הַצָּגָה מְצוּיֶּנֶת בָּעֶרֶב.	Мы посмотрели отличный спектакль вечером.	s_17e49db7a821.mp3	male
1296	הוּא שַׂחְקָן כִּשְׁרוֹנִי מְאֹד.	Он очень талантливый актёр.	s_f900c9f2e168.mp3	male
1297	הַבַּמַּאי מְבַקֵּשׁ שֶׁקֶט עַכְשָׁיו.	Режиссёр просит тишины сейчас.	s_f0a37ae13ea9.mp3	male
1298	קָרָאתִי אֶת הַתַּסְרִיט הֶחָדָשׁ.	Я прочитал новый киносценарий.	s_d9ffebb13e4b.mp3	female
1299	אֲנִי לוֹמֵד סִפְרוּת עִבְרִית.	Я изучаю ивритскую литературу.	s_c46381e1ce63.mp3	male
1300	הַסּוֹפֵר כָּתַב סֵפֶר מְעַנְיֵן.	Писатель написал интересную книгу.	s_4d0d397b2827.mp3	male
1301	הָיוּ מְחִיאוֹת כַּפַּיִּים סוֹעֲרוֹת.	Были бурные аплодисменты.	s_3744f608913c.mp3	male
1302	יֵשׁ פֶּסְטִיבָל קוֹלְנוֹעַ בְּחֵיפָה.	В Хайфе проходит кинофестиваль.	s_84df502eb4f3.mp3	male
1303	זוֹ סִדְרַת טֶלֶוִויזְיָה מְצוּיֶּנֶת.	Это отличный сериал.	s_762a0405d614.mp3	male
1304	חוֹק הֲגָנַת הַצַּרְכָן חָשׁוּב.	Закон о защите прав потребителей важен.	s_a9cbeaec6a69.mp3	male
1305	בִּקַּשְׁתִּי בִּיטּוּל עִסְקָה בַּחֲנוּת.	Я попросил об отмене сделки в магазине.	s_fc532b85b13f.mp3	male
1306	קִבַּלְתִּי הֶחְזֵר כַּסְפִּי מֵהַחֲנוּת.	Я получил денежный возврат из магазина.	s_dfb6dd98074e.mp3	male
1307	אֵיפֹה תְּעוּדַת אַחֲרָיוּת שֶׁלִּי?	Где мой гарантийный талон?	s_0f23ea5df4a5.mp3	male
1308	שִׁילַּמְתִּי דְּמֵי בִּיטּוּל קְטַנִּים.	Я заплатил небольшую комиссию за отмену.	s_a0d227f51236.mp3	male
1309	הִתְקַשַּׁרְתִּי לְשֵׁירוּת לָקוֹחוֹת הַיּוֹם.	Я позвонил в службу поддержки сегодня.	s_96f98ad375b0.mp3	male
1310	הוּא כָּתַב תְּלוּנָה רִשְׁמִית.	Он написал официальную жалобу.	s_2ba023054af4.mp3	male
1311	חָתַמְנוּ עַל חוֹזֶה שְׂכִירוּת.	Мы подписали договор аренды.	s_1d11333c0874.mp3	male
1312	קְרָא אֶת הַסְּעִיף הַזֶּה.	Прочитай этот пункт.	s_a00dbf71348f.mp3	female
1313	הֵם הִגִּישׁוּ תְּבִיעָה מִשְׁפָּטִית.	Они подали судебный иск.	s_9f890eaaa847.mp3	male
1314	הָלַכְנוּ לְבֵית מִשְׁפָּט הַיּוֹם.	Мы пошли в суд сегодня.	s_d9db6107b991.mp3	male
1315	הַשּׁוֹפֵט הִקְשִׁיב לְכָל עֵד.	Судья выслушал каждого свидетеля.	s_b5bfaa19dc8e.mp3	male
1316	זוֹ הֲפָרַת חוֹזֶה חֲמוּרָה.	Это грубое нарушение контракта.	s_b920518aa351.mp3	male
1317	הִגַּשְׁתִּי תְּבִיעָה לִתְבִיעוֹת קְטַנּוֹת.	Я подал иск в суд мелких тяжб.	s_0801e2b9ca78.mp3	male
1318	חָתַמְתִּי עַל יִיפּוּי כּוֹחַ.	Я подписал доверенность.	s_f738bcdbf386.mp3	male
1319	הִיא לוֹמֶדֶת בָּאוּנִיבֶרְסִיטָה עַכְשָׁיו.	Она учится в университете сейчас.	s_d2a687a51b82.mp3	female
1320	סִיַּמְתִּי תּוֹאַר רִאשׁוֹן בְּהַצְלָחָה.	Я успешно окончил бакалавриат.	s_31cfa8985c54.mp3	male
1321	הוּא מַתְחִיל תּוֹאַר שֵׁנִי.	Он начинает учебу на вторую степень (магистратуру).	s_6b081c08b1af.mp3	male
1322	הִיא קִבְּלָה מִלְגָּה לַלִּימּוּדִים.	Она получила стипендию на учебу.	s_1d5bb3cf8c63.mp3	female
1323	הַסִּילָבּוּס מְפוֹרָט מְאֹד הַשָּׁנָה.	Программа курса очень подробная в этом году.	syllabus_mevorat.mp3	male
1324	הוּא לוֹמֵד בְּמִכְלָלָה טוֹבָה.	Он учится в хорошем колледже.	s_f1bff064b25f.mp3	male
1325	הַמַּרְצֶה מַסְבִּיר אֶת הַחוֹמֶר.	Преподаватель объясняет материал.	s_13df16f1b51c.mp3	female
1326	תְּקוּפַת מִבְחָנִים קָשָׁה עַכְשָׁיו.	Экзаменационная сессия сейчас трудная.	s_edb1ae7e6bb8.mp3	male
1327	הִיא כּוֹתֶבֶת עֲבוֹדַת גְּמָר.	Она пишет дипломную работу.	s_c8dd4f8fb0ec.mp3	female
1328	שִׁילַּמְתִּי שְׂכַר לִימּוּד אֶתְמוֹל.	Я оплатил учебу вчера.	s_d760ea3b239f.mp3	male
1329	זֶה מֶחְקָר מַדָּעִי חָשׁוּב.	Это важное научное исследование.	s_6d2ed8802821.mp3	male
1330	הִתְנַדְּבוּת תּוֹרֶמֶת לַחֶבְרָה מְאֹד.	Волонтёрство очень помогает обществу.	s_4fa40bf1330f.mp3	male
1331	הוּא מְנַהֵל עֲמוּתָּה גְּדוֹלָה.	Он руководит большой некоммерческой организацией.	s_1782c9bd3fdc.mp3	male
1332	נָתַנּוּ תְּרוּמָה יָפָה לָעֲמוּתָּה.	Мы сделали хорошее пожертвование фонду.	s_3367a2ca4614.mp3	male
1333	הוּא מִתְנַדֵּב בְּבֵית חוֹלִים.	Он волонтёр в больнице.	s_04462deb7f3b.mp3	male
1334	עֶזְרָה הֲדָדִית חֲשׁוּבָה לְכוּלָּנוּ.	Взаимопомощь важна для всех нас.	s_e9db20ebcf49.mp3	male
1335	יֵשׁ חֲלוּקַּת מָזוֹן הַיּוֹם.	Сегодня проходит раздача продуктов.	s_90b54de0cda9.mp3	male
1336	הַמִּתְנַדֵּב עוֹזֵר לְהַרְבֵּה קְשִׁישִׁים.	Волонтёр помогает многим пожилым людям.	s_48f41a5cb171.mp3	male
1337	הַנּוֹעַר אוֹהֵב מוּזִיקָה חֲדָשָׁה.	Молодёжь любит новую музыку.	s_2fb877a5c005.mp3	male
1338	הֵכַנְתִּי מַצֶּגֶת מְצוּיֶּנֶת לַפְּגִישָׁה.	Я подготовил отличную презентацию к встрече.	s_c0e3e29b5879.mp3	male
1339	הוּא נָשָׂא נְאוּם מַרְשִׁים.	Он произнёс впечатляющую речь.	s_00acd2480a5c.mp3	male
1340	הַקָּהָל מָחָא כַּפַּיִם בְּהִתְלַהֲבוּת.	Публика с восторгом аплодировала.	s_ea8f453492ce.mp3	male
1341	יֵשׁ לוֹ כּוֹחַ שִׁכְנוּעַ.	У него есть сила убеждения.	s_a46b936e477d.mp3	male
1342	זֶה טִיעוּן הֶגְיוֹנִי וְחָזָק.	Это логичный и сильный аргумент.	s_8bc5783dd3f9.mp3	male
1343	הִגַּעְנוּ לְמַסְקָנָה חֲשׁוּבָה מְאוֹד.	Мы пришли к очень важному выводу.	s_32cc4bb7256c.mp3	male
1344	שְׂפַת גּוּף חֲשׁוּבָה מְאוֹד.	Язык тела очень важен.	s_32dc3c868d12.mp3	male
1345	יֵשׁ לוֹ בִּיטָּחוֹן עַצְמִי.	У него есть уверенность в себе.	s_28cfa39871c7.mp3	male
1346	קָרָאתִי מַאֲמַר דֵּעָה מְעַנְיֵן.	Я прочитал интересную авторскую колонку.	s_9fa89fea32d9.mp3	male
1347	שָׁמַעְנוּ פַּרְשָׁנוּת מְעוּלָּה בַּחֲדָשׁוֹת.	Мы услышали отличную аналитику в новостях.	s_93778ba5ebbb.mp3	male
1348	הִיא הִבִּיעָה עֶמְדָּה בְּרוּרָה.	Она выразила ясную позицию.	s_5a6f6613eff8.mp3	female
1349	הַפַּרְשָׁן מַסְבִּיר אֶת הַמַּצָּב.	Обозреватель объясняет ситуацию.	s_43ac450ed8e5.mp3	female
1350	זֹאת הַעֲרָכָה מְדוּיֶּקֶת מְאוֹד.	Это очень точная оценка.	s_9d5f84746ab6.mp3	male
1351	יֵשׁ לַהַחְלָטָה הַשְׁלָכוֹת רַבּוֹת.	У решения есть много последствий.	s_fd2cc5d3bd08.mp3	male
1352	כָּתַבְתִּי תְּגוּבָה לַמַּאֲמָר הַזֶּה.	Я написал комментарий к этой статье.	s_d4950a44b167.mp3	male
1353	זֹאת נְקוּדַּת מַבָּט מְעַנְיֶנֶת.	Это интересная точка зрения.	s_253145f6a260.mp3	male
1354	הַחַקְלַאי מִשְׁתַּמֵּשׁ בְּהַשְׁקָיָה בְּטִפְטוּף.	Фермер использует капельное орошение.	s_61c2d87103f8.mp3	male
1355	הַתְפָּלַת מַיִם פּוֹתֶרֶת בְּעָיוֹת.	Опреснение воды решает проблемы.	s_de1b8731382b.mp3	male
1356	רָאִינוּ מִתְקַן הַתְפָּלָה חָדָשׁ.	Мы увидели новую опреснительную установку.	s_ee325ec5e8ba.mp3	male
1357	יִשְׂרָאֵל מְפַתַּחַת חַקְלָאוּת מִתְקַדֶּמֶת.	Израиль развивает передовое сельское хозяйство.	s_69c451222c5b.mp3	male
1358	הַחַקְלַאי עוֹבֵד בַּשָּׂדֶה הַיּוֹם.	Фермер работает сегодня в поле.	s_f55995af7ceb.mp3	male
1359	הַשָּׁנָה יֵשׁ יְבוּל מְצוּיָּן.	В этом году отличный урожай.	s_46d3293c98e3.mp3	male
1360	הֵם בָּנוּ חֲמָמָה גְּדוֹלָה.	Они построили большую теплицу.	s_8511f650f4db.mp3	male
1361	חִיסָּכוֹן בְּמַיִם חָשׁוּב לְכוּלָּנוּ.	Экономия воды важна для всех нас.	s_d37d6cc438d2.mp3	male
1362	מֵי תְּהוֹם מְשַׁמְּשִׁים לְהַשְׁקָיָה.	Грунтовые воды служат для орошения.	s_f43ddaa1d7cb.mp3	male
1363	הַחֶבְרָה מְפַתַּחַת טֶכְנוֹלוֹגְיָה יְרוּקָּה.	Компания разрабатывает зелёные технологии.	s_ea5a73601d02.mp3	male
1364	הוּא עוֹבֵד בִּמְכוֹן מֶחְקָר.	Он работает в научно-исследовательском институте.	s_1d962719d3af.mp3	male
1365	פָּגַשְׁנוּ חֲתַן פְּרַס נוֹבֶּל.	Мы встретили лауреата Нобелевской премии.	s_2005df1204fb.mp3	male
1366	זֹאת תַּגְלִית מַדָּעִית חֲשׁוּבָה.	Это важное научное открытие.	s_fc8fc46951e0.mp3	male
1367	הַחוֹקְרִים עוֹבְדִים בַּמַּעְבָּדָה הַחֲדָשָׁה.	Исследователи работают в новой лаборатории.	s_7fe9fb5a916b.mp3	male
1368	הַנִּיסּוּי הִצְלִיחַ מְאוֹד אֶתְמוֹל.	Эксперимент вчера очень удался.	s_87988999dcc1.mp3	male
1369	הַחוֹקֵר כּוֹתֵב מַאֲמָר חָדָשׁ.	Исследователь пишет новую статью.	s_0a125e166fa6.mp3	male
1370	הִיא לוֹמֶדֶת בִּיּוֹטֶכְנוֹלוֹגְיָה בָּאוּנִיבֶרְסִיטָה.	Она изучает биотехнологии в университете.	s_b07ef1def700.mp3	female
1371	זֹאת רְפוּאָה מוּתְאֶמֶת אִישִׁית.	Это персонализированная медицина.	s_d500b3832995.mp3	male
1372	הוּא חוֹקֵר אֶת הַגֵּנֵטִיקָה.	Он исследует генетику.	s_cf03111b155c.mp3	female
1373	הָיָה לָנוּ דִּיּוּן מְעַנְיֵן.	У нас было интересное обсуждение.	s_bde4b161b9f2.mp3	male
1374	הִתְחִיל וִיכּוּחַ סוֹעֵר בַּחֶדֶר.	В комнате начался бурный спор.	s_35441e3550d5.mp3	male
1375	הַצְּדָדִים הִגִּיעוּ לִפְשָׁרָה הוֹגֶנֶת.	Стороны пришли к справедливому компромиссу.	s_e61b0a9bcadf.mp3	male
1376	יֵשׁ בֵּינֵיהֶם חִילּוּקֵי דֵּעוֹת.	Между ними есть разногласия.	s_92567191364f.mp3	male
1377	הוּא נָתַן נִימּוּק מְשַׁכְנֵעַ.	Он привёл убедительный довод.	s_d8314e718677.mp3	male
1378	זוֹ עוּבְדָּה חֲשׁוּבָה מְאוֹד.	Это очень важный факт.	s_52932d101713.mp3	male
1379	אֲנַחְנוּ כּוֹתְבִים בִּכְתִיב מָלֵא.	Мы пишем полным написанием.	s_b8cf59ebff8d.mp3	male
1380	אֵלֶּה אִימוֹת קְרִיאָה בָּעִבְרִית.	Это буквы — матери чтения на иврите.	s_923081802188.mp3	male
1381	הַכֹּל תָּלוּי בַּהֶקְשֵׁר הַזֶּה.	Всё зависит от этого контекста.	s_38c5fde6a4f7.mp3	male
1382	הַתַּחְבִּיר בַּמִּשְׁפָּט מְאוֹד בָּרוּר.	Синтаксис в предложении очень понятен.	s_6eba43055161.mp3	male
1383	יֵשׁ לוֹ שְׁטִיפוּת קְרִיאָה.	У него есть беглость чтения.	s_387fb95821cb.mp3	male
1384	מַהִי מַשְׁמָעוּת הַמִּילָּה הַזֹּאת?	Каково значение этого слова?	s_551154ac9403.mp3	male
1385	לָמַדְנוּ אֶת תַּבְנִית הַבִּנְיָיין.	Мы выучили модель биньяна.	s_687f2a67fe34.mp3	female
1386	זֹאת קְרִיאָה עִיוֶּורֶת מְצוּיֶּנֶת.	Это отличное чтение без огласовок.	s_a0433cff232e.mp3	male
1387	זֶה שִׁינּוּי מַשְׁמָעוּת חָשׁוּב.	Это важное изменение значения.	s_0a447c849a43.mp3	male
1388	קָרָאנוּ טֶקְסְט אוֹתֶנְטִי מֵהָעִיתּוֹן.	Мы прочитали аутентичный текст из газеты.	s_8809852551d6.mp3	male
1389	עָשִׂינוּ סְרִיקָה מְהִירָה בַּסֵּפֶר.	Мы сделали беглый просмотр в книге.	s_b8ab353d905e.mp3	male
1390	זֶה נִיתּוּחַ טֶקְסְט מְעַנְיֵין.	Это интересный анализ текста.	s_33083ee68889.mp3	male
1391	מָה הָרַעְיוֹן הַמֶּרְכָּזִי כָּאן?	В чём главная мысль здесь?	s_ab1f02fbda4e.mp3	male
1392	קְרָא אֶת הַפִּסְקָה הָרִאשׁוֹנָה.	Прочитай первый абзац.	s_6d9656e51426.mp3	female
1393	זֶה אוֹצַר מִילִּים עָשִׁיר.	Это богатый словарный запас.	s_3c4ef9ce721a.mp3	male
1394	תִּרְגַּלְנוּ הֲבָנַת הַנִּקְרָא הַיּוֹם.	Мы практиковали понимание прочитанного сегодня.	s_d7b17ec2b8a8.mp3	male
1395	יֵשׁ לוֹ מוּמְחִיּוּת רַבָּה.	У него большой профессионализм.	s_3832f5c3905f.mp3	male
1396	תִּרְגַּלְנוּ הֲבָנַת הַנִּשְׁמָע בַּשִּׁיעוּר.	Мы практиковали аудирование на уроке.	s_31d9a1eb9d5f.mp3	male
1397	שָׁמַעְתִּי הֶסְכֵּת מְעַנְיֵין הַיּוֹם.	Я послушал интересный подкаст сегодня.	s_41b4d67e5141.mp3	male
1398	יֵשׁ לָהּ מִבְטָא יָפֶה.	У неё красивое произношение.	s_2ce2af161145.mp3	male
1399	קָשֶׁה לְהָבִין דִּיבּוּר מָהִיר.	Трудно понимать быструю речь.	s_2640f3e12496.mp3	male
1400	שָׁמַעְנוּ דִּיוּוּחֵי תְּנוּעָה בָּרַדְיוֹ.	Мы услышали сводку о пробках по радио.	s_b5d2af9ac030.mp3	male
1401	הַשַּׁדְּרָן מְדַבֵּר בָּרַדְיוֹ כָּעֵת.	Радиоведущий говорит по радио сейчас.	s_c574f9efc0c5.mp3	male
1402	זֶה קֶצֶב דִּיבּוּר מָהִיר.	Это быстрый темп речи.	s_b46d8f146186.mp3	male
1403	אֲנַחְנוּ לוֹמְדִים עִבְרִית מְדוּבֶּרֶת.	Мы учим разговорный иврит.	s_0e89b9aa88e4.mp3	male
1404	קִבַּלְתִּי אִישּׁוּר קַבָּלָה רִשְׁמִי.	Я получил официальное подтверждение получения.	s_e461f85dd1b5.mp3	male
1405	שָׁלַחְתִּי פְּנִיָּה רִשְׁמִית לָעִירִיָּה.	Я отправил официальное обращение в мэрию.	s_ecbd9256dca2.mp3	male
1406	זֶה מוֹסָד צִיבּוּרִי חָשׁוּב.	Это важное общественное учреждение.	s_a6b0aca02448.mp3	male
1407	לָמַדְנוּ אֶת שִׁבְעַת הַבִּנְיָינִים.	Мы выучили все семь биньянов.	s_5113ac781220.mp3	female
1408	זֶה שׁוֹרֶשׁ תְּלַת אוֹתִיּוֹת.	Это трехбуквенный корень.	s_980c43d0aabb.mp3	male
1409	הִכַּרְנוּ פָּעִיל וְסָבִיל הַיּוֹם.	Мы познакомились с активным и пассивным залогом сегодня.	s_8678b07783b0.mp3	male
1410	הֵבַנּוּ אֶת חוֹזֶק הַשָּׂפָה.	Мы поняли мощь языка.	s_829ec20369dd.mp3	female
1411	יֵשׁ לָהּ שְׁלִיטָה מְלֵאָה.	У неё полное владение языком.	s_63fd7e06a2ea.mp3	male
1412	נִדְרָשׁ כָּאן דִּיּוּק דִּקְדּוּקִי.	Здесь требуется грамматическая точность.	s_e314d290a7ab.mp3	male
1413	עָשִׂינוּ חֲזָרָה כְּלָלִית הַיּוֹם.	Мы провели генеральное повторение сегодня.	s_4e013ccec32a.mp3	male
1414	יֵשׁ לָנוּ מוּכָנוּת לַמִּבְחָן.	У нас есть готовность к экзамену.	s_cb81c245fc72.mp3	male
1415	קִבַּלְתִּי תְּעוּדַת סִיּוּם הַיּוֹם.	Я получил сертификат об окончании сегодня.	s_522bbb05be31.mp3	male
1416	הוּא בּוֹגֵר הָאוּלְפָּן הַזֶּה.	Он выпускник этого ульпана.	s_b553b0921b07.mp3	male
1417	זֶה הֶישֵּׂג עֲנָק בִּשְׁבִילֵנוּ.	Это грандиозное достижение для нас.	s_15dadc1edfc7.mp3	male
1418	עִבְרִית הִיא שָׂפָה חַיָּה.	Иврит — это живой язык.	s_4024adfd2705.mp3	female
1419	נִהַלְנוּ שִׂיחָה חוֹפְשִׁית בָּעִבְרִית.	Мы вели свободную беседу на иврите.	s_414314fd62d2.mp3	male
1420	יֵשׁ לוֹ בִּיטָּחוֹן שְׂפָתִי.	У него есть языковая уверенность.	s_eb68dc046683.mp3	male
1421	נִמְסַר כִּי הַנָּשִׂיא הִגִּיעַ.	Сообщается, что президент прибыл.	s_a448255dc5a3.mp3	male
1422	לְפִי מְקוֹרוֹת הַמַּצָּב יִשְׁתַּפֵּר.	Согласно источникам, ситуация улучшится.	s_e4e1431f4ab5.mp3	male
1423	יֵשׁ לַחֶבְרָה הַצְלָחָה בֵּינְלְאוּמִּית.	У компании международный успех.	s_cba7e7f664fd.mp3	male
1424	חָשׁוּב לִשְׁמוֹר עַל הַטֶּבַע.	Важно беречь природу.	s_50c1a8441255.mp3	male
1425	הוּא צָרִיךְ לַעֲבוֹר נִיתּוּחַ.	Ему нужно перенести операцию.	s_634050c3c792.mp3	male
1426	אֲנִי מְאַחֵל בְּרִיאוּת אֵיתָנָה!	Я желаю крепкого здоровья!	s_ff680f707df2.mp3	male
1427	יֵשׁ כְּבָר חֲזָרָה לַשִּׁגְרָה.	Уже есть возвращение к привычному ритму жизни.	s_2780566da173.mp3	male
1428	לְתִפְאֶרֶת מְדִינַת יִשְׂרָאֵל!	Во славу Государства Израиль!	s_62c23c0cd263.mp3	male
1429	חַג עַצְמָאוּת שָׂמֵחַ לְכוּלָּם!	С Днем независимости всех!	s_3094dca86141.mp3	male
1430	זֶה חֲבָל עַל הַזְּמַן!	Это просто потрясающе!	s_bc0f3678b8f6.mp3	male
1431	הָאוֹכֶל כָּאן סוֹף הַדֶּרֶךְ!	Еда здесь просто отпад!	s_672331b25db7.mp3	male
1432	תַּכְלֶס, אַתָּה מַמָּשׁ צוֹדֵק.	По сути, ты совершенно прав.	tachles_tsodek.mp3	male
1433	הַהַרְגָּשָׁה שֶׁלִּי עַל הַפָּנִים.	Самочувствие у меня ужасное.	s_bae6693a72dd.mp3	male
1434	טוֹב, יַאלְלָה בַּיי, נִתְרָאֶה!	Ладно, давай пока, увидимся!	s_57aa0ed12549.mp3	male
1435	בְּבַקָּשָׁה אַל תַּחְפּוֹר לִי!	Пожалуйста, не грузи меня!	s_2007ed58085e.mp3	male
1436	הַמְּסִבָּה הַזֹּאת הָיְתָה אֵשׁ!	Эта вечеринка была просто огонь!	s_2dbf1e4e22c3.mp3	male
1437	מֵהַחַלּוֹן יֵשׁ נוֹף מַרְהִיב.	Из окна открывается захватывающий вид.	s_2eb8bee69376.mp3	male
1438	הַסֵּפֶר קִבֵּל בִּיקּוֹרֶת מְשַׁבַּחַת.	Книга получила восторженную рецензию.	s_fbd91fbb4136.mp3	male
1439	אֲנִי רוֹצֶה לְהַחְלִיף מִידָּה.	Я хочу поменять размер.	s_80323bf969f7.mp3	male
1440	הַמּוּצָר נִמְצָא בַּאֲרִיזָה מְקוֹרִית.	Товар находится в оригинальной упаковке.	s_dc468bfaaa35.mp3	male
1441	יֵשׁ לָהֶם רוּחַ הִתְנַדְּבוּת.	У них есть дух волонтерства.	s_b990ad233bbb.mp3	male
1442	גְּבָרוֹתַי וְרַבּוֹתַי, עֶרֶב טוֹב!	Дамы и господа, добрый вечер!	s_6eb6c6db35dc.mp3	male
1443	לְסִיכּוּם, הַפְּגִישָׁה הָיְתָה מוּצְלַחַת.	В заключение, встреча была успешной.	s_20393b32be97.mp3	male
1444	יֶתֶר עַל כֵּן, הִסְכַּמְנוּ.	Более того, мы согласились.	s_31995a7a1c3f.mp3	male
1445	אֵין סָפֵק שֶׁהוּא יַצְלִיחַ.	Нет сомнений, что он добьется успеха.	s_f43012c11ec0.mp3	male
1446	יֵשׁ לְהַדְגִּישׁ אֶת הַנְּקוּדָּה.	Следует подчеркнуть этот пункт.	s_98baadcdbfc1.mp3	female
1447	מִצַּד אֶחָד, מִצַּד שֵׁנִי.	С одной стороны, с другой стороны.	s_388153097540.mp3	male
1448	זֶה חָזוֹן הַפְרָחַת הַשְּׁמָמָה.	Это видение возрождения пустыни.	s_23eb70b4464b.mp3	male
1449	זוֹ פְּרִיצַת דֶּרֶךְ מַדָּעִית.	Это научный прорыв.	s_748b6a6893aa.mp3	male
1450	זֶה הֶישֵּׂג בֵּינְלְאוּמִּי חָשׁוּב.	Это важное международное достижение.	s_e854e5be19f0.mp3	male
1451	סְלִיחָה, אֲנִי חוֹלֵק עָלֶיךָ.	Простите, я с вами не согласен.	s_1d1185ba32a6.mp3	male
1452	מָצָאנוּ אֶת שְׁבִיל הַזָּהָב.	Мы нашли золотую середину.	s_d33b31b13bf7.mp3	female
1453	הֵם הִצְלִיחוּ לְהַגִּיעַ לְהַסְכָּמָה.	Они смогли прийти к согласию.	s_a42773aee164.mp3	male
1454	עִם כָּל הַכָּבוֹד, תַּקְשִׁיב.	При всём уважении, послушай.	s_5bad5d65bd85.mp3	male
1455	תָּבִין זֹאת לְפִי הַהֶקְשֵׁר.	Пойми это исходя из контекста.	s_06c24b783750.mp3	male
1456	לְעוּמַּת זֹאת, אֲנַחְנוּ נִשְׁאַרְנוּ.	В отличие от этого, мы остались.	s_6b7ff714afb0.mp3	male
1457	כְּתוֹצָאָה מִכָּךְ הַתּוֹכְנִית הִשְׁתַּנְּתָה.	Вследствие этого программа изменилась.	s_ba6ace21bf15.mp3	male
1458	בְּנוֹסָף לְכָךְ קִבַּלְנוּ הֲנָחָה.	Кроме того, мы получили скидку.	s_a8bf5c275248.mp3	male
1459	עַכְשָׁיו קָלַטְתִּי אֶת הַכֹּל!	Сейчас до меня всё дошло!	s_e1666787f51a.mp3	female
1460	נָא לַחְזוֹר עַל הַדְּבָרִים.	Пожалуйста, повторите сказанное.	s_6ff4f011fc3a.mp3	male
1461	כְּדַאי לְהַקְשִׁיב בְּקֶשֶׁב רַב.	Стоит слушать очень внимательно.	s_9b42251c404d.mp3	male
1462	הֲרֵינִי פּוֹנֶה בִּשְׁאֵלָה דְּחוּפָה.	Сим обращаюсь со срочным вопросом.	s_b3db926f87a1.mp3	male
1463	אֲנִי חוֹתֵם בִּכְבוֹד רַב.	Я подписываю с глубоким уважением.	s_2d21162c2253.mp3	male
1464	בְּהֶמְשֵׁךְ לַשִּׂיחָה אֲנִי כּוֹתֵב.	В продолжение разговора я пишу.	s_1efbd020a4ca.mp3	male
1465	זֶה מוּעֲבָר לְטִיפּוּלְכֶם הַמָּסוּר.	Это передано на ваше внимательное рассмотрение.	s_46aad7e135a7.mp3	male
1466	נָא לַחֲזוֹר בְּהֶקְדֵּם הָאֶפְשָׁרִי.	Пожалуйста, вернитесь с ответом как можно скорее.	s_d5f2fce5ca81.mp3	male
1467	אֲנִי אֶשְׂמַח מְאוֹד לִתְשׁוּבַתְכֶם.	Я буду очень рад вашему ответу.	s_294138abf8e4.mp3	male
1468	עָבַרְנוּ יַחַד דֶּרֶךְ אֲרוּכָּה.	Мы прошли вместе долгий путь.	s_63aa07e74440.mp3	male
1469	אֲנִי מְאַחֵל בְּהַצְלָחָה עֲנָקִית!	Я желаю огромных успехов!	s_ae7871c542b6.mp3	male
1470	זֹאת הָיְתָה גַּאֲוָוה גְּדוֹלָה.	Это была большая гордость.	s_ab6467527ee1.mp3	male
1471	חֲבֵרִי הַיָּקָר, עֲלֵה וְהַצְלַח!	Мой дорогой друг, процветай и преуспевай!	s_b73dff003587.mp3	male
1472	אֲנִי מְאַחֵל דֶּרֶךְ צְלֵחָה!	Я желаю счастливого пути!	s_94768a594b2c.mp3	male
1473	חָשׁוּב תָּמִיד לְהַמְשִׁיךְ לְהִתְקַדֵּם.	Важно всегда продолжать совершенствоваться.	s_a8d133033517.mp3	male
1474	בּוֹא, יִשְׂרָאֵל מְחַכָּה לְךָ!	Приезжай, Израиль ждет тебя!	s_cae016b237d2.mp3	male
1475	יוֹפִי, כָּל הַכָּבוֹד, אַלּוּף!	Отлично, молодец, чемпион!	s_fdbb4aaa45be.mp3	male
1476	שָׁלוֹם, נָעִים מְאוֹד.	Привет, очень приятно.	s_6deccfc7a935.mp3	male
1477	בּוֹקֶר טוֹב לְכוּלָּם.	Доброе утро всем.	s_9dcc4637622c.mp3	male
1478	עֶרֶב טוֹב, חֲבֵרִים.	Добрый вечер, друзья.	s_e5f6a50f004f.mp3	male
1479	תּוֹדָה רַבָּה עַל הָעֶזְרָה.	Большое спасибо за помощь.	s_db516bfafa09.mp3	male
1480	כּוֹס מַיִם, בְּבַקָּשָׁה.	Стакан воды, пожалуйста.	s_60ce02f1b330.mp3	male
1481	שְׁמִי דָּנִי, נָעִים מְאוֹד.	Меня зовут Дани, очень приятно.	s_659272eb5180.mp3	male
1482	הַיי, מָה נִשְׁמָע הַיּוֹם?	Привет, как сегодня дела?	s_664bcec3efa5.mp3	male
1483	תוֹדָה, הַכֹּל בְּסֵדֶר אֶצלִי.	Спасибо, у меня всё в порядке.	s_a92426e2c9d3.mp3	male
1484	זֶה רַעְיוֹן יֹופִי מַמָּשׁ.	Это действительно отличная идея.	s_8802d1c02bc6.mp3	male
1485	סְלִיחָה, אֵיפֹה הַתַּחֲנָה?	Извините, где остановка?	s_ca561d672ec3.mp3	male
1486	כֵּן, אֲנִי מֵבִין הַכֹּל.	Да, я всё понимаю.	s_18f9c00a1467.mp3	male
1487	לֹא, אֲנִי לֹא רוֹצֶה.	Нет, я не хочу.	s_ac9f93fb9ab5.mp3	male
1488	מֵאַיִן אַתָּה בָּאָרֶץ?	Откуда ты в стране?	s_6b0b2ee9255f.mp3	male
1489	מֵאֵיפֹה אַתָּה מַכִּיר אוֹתוֹ?	Откуда ты его знаешь?	s_5f969196efbe.mp3	male
1490	אֲנִי מְדַבֵּר עִבְרִית קְצָת.	Я немного говорю на иврите.	s_32fb5f55849f.mp3	male
1491	גַּם אֲנִי לוֹמֵד עִבְרִית.	Я тоже учу иврит.	s_e28bff7036f4.mp3	male
1492	זֶה סֵפֶר טוֹב מְאוֹד.	Это очень хорошая книга.	s_2a84603e9d98.mp3	male
1493	זֹאת חֲבֵרָה שֶׁלִּי.	Это моя подруга.	s_dd2c39cb8ccc.mp3	male
1494	אֵלֶּה הַחֲבֵרִים שֶׁלִּי.	Это мои друзья.	s_05c0c1c8daed.mp3	male
1495	מִי רוֹצֶה קָפֶה חַם?	Кто хочет горячий кофе?	s_5b7685c6e48b.mp3	male
1496	מָה אַתָּה עוֹשֶׂה עַכְשָׁיו?	Что ты сейчас делаешь?	s_80bfc1049149.mp3	male
1497	כַּמָּה זֶה עוֹלֶה בַּחֲנוּת?	Сколько это стоит в магазине?	s_f8c1c5dce571.mp3	male
1498	הַהוֹרִים שֶׁלִּי גָּרִים פֹּה.	Мои родители живут здесь.	s_599fe0db2544.mp3	male
1499	זֶה חֲדַר שֵׁינָה נָעִים.	Это приятная спальня.	s_b18ed30cf69e.mp3	male
1500	יֵשׁ פֹּה קָפֶה טוֹב.	Здесь есть хороший кофе.	s_8760fd3ec6f8.mp3	male
1501	תֵּלֵךְ יָשָׁר עַד הָרַמְזוֹר.	Иди прямо до светофора.	s_ab8d3a9ed110.mp3	male
1502	תִּפְנֶה יָמִינָה בָּרְחוֹב.	Поверни направо на улице.	s_b7f96f24d032.mp3	male
1503	תִּפְנֶה שְׂמֹאלָה בָּרַמְזוֹר.	Поверни налево на светофоре.	s_89af7c268ea0.mp3	male
1504	זוֹ עוּגַת שׁוֹקוֹלָד טְעִימָה.	Это вкусный шоколадный торт.	s_0b4f41484c64.mp3	male
1505	אֵיפֹה יֵשׁ תַּחֲנַת אוֹטוֹבּוּס?	Где есть автобусная остановка?	s_10033b34b2e3.mp3	male
1506	זֹאת תַּחֲנַת רַכֶּבֶת גְּדוֹלָה.	Это большая железнодорожная станция.	s_5ba70d4360d6.mp3	male
1507	זֶה מִיץ תַּפּוּזִים סָחוּט.	Это свежевыжатый апельсиновый сок.	s_855def92c1b7.mp3	male
1508	זֶה בֵּית כְּנֶסֶת עַתִּיק.	Это старинная синагога.	s_a9cc0903bf76.mp3	male
1509	הַשְּׂכִירוּת פֹּה יְקָרָה מְאוֹד.	Аренда здесь очень дорогая.	s_42f445d89005.mp3	male
1510	צָרִיךְ לְשַׁלֵּם אַרְנוֹנָה הַיּוֹם.	Нужно заплатить арнону сегодня.	s_b8af6ce2c4a0.mp3	male
1511	אֲנִי מְשַׁלֵּם לְוַעַד הַבַּיִת.	Я плачу домовому комитету.	s_e1a9bc963702.mp3	male
1512	אֵין פֹּה חַשְׁמָל הַיּוֹם.	Здесь сегодня нет электричества.	s_bb88d47b5e1f.mp3	male
1513	אֲנִי מְחַפֵּשׂ שׁוּתָף לַדִּירָה.	Я ищу соседа по квартире.	s_413b47b7561b.mp3	male
1514	אֲנִי כּוֹתֵב צֵ'ק לַדִּירָה.	Я выписываю чек за квартиру.	s_07bfdfa13db2.mp3	male
1515	צָרִיךְ לַחְתּוֹם עַל חוֹזֶה.	Нужно подписать договор.	s_7391cabf3164.mp3	male
1516	יֵשׁ לָהּ עֵינַיִם יָפוֹת.	У неё красивые глаза.	s_19da57e4dcf8.mp3	male
1517	הוּא אִישׁ טוֹב לֵב.	Он добросердечный человек.	s_1f5e82c36782.mp3	male
1518	זֶה מָלוֹן יָפֶה מְאֹד.	Это очень красивая гостиница.	s_25207da53907.mp3	male
1519	אֲנַחְנוּ רוֹצִים חֶדֶר זוּגִי.	Мы хотим двухместный номер.	s_48311ff1022c.mp3	male
1520	מָה הַסִּיסְמָה לְוַויְפַאי?	Какой пароль от вайфая?	s_0249f5f57dc6.mp3	male
1521	הוּא מְדַבֵּר כָּל הַזְּמַן.	Он всё время говорит.	s_fe835a43d0ed.mp3	male
1522	אֲנִי לוֹקֵחַ שְׁתֵּי טִיפּוֹת.	Я принимаю две капли.	s_1c947a9439a4.mp3	male
1523	קַח כַּדּוּר פַּעַם בְּיוֹם.	Принимай таблетку раз в день.	s_29ccc879a0fa.mp3	male
1524	לוֹקְחִים תְּרוּפָה לִפְנֵי הָאוֹכֶל.	Лекарство принимают перед едой.	s_01ebcead0d18.mp3	male
1525	לוֹקְחִים תְּרוּפָה אַחֲרֵי הָאוֹכֶל.	Лекарство принимают после еды.	s_ec3360dcc0ab.mp3	male
1526	זֶה כַּדּוּר לְלֹא מִרְשָׁם.	Это таблетка без рецепта.	s_00a702a24460.mp3	male
1527	יֵשׁ מִבְצָע סוֹף עוֹנָה.	Идёт распродажа конца сезона.	s_10a669e5744f.mp3	male
1528	אֶפְשָׁר פֶּתֶק הַחְלָפָה, בְּבַקָּשָׁה?	Можно чек на обмен, пожалуйста?	s_8986aee58d05.mp3	male
1529	אֲנִי נוֹסֵעַ בַּכִּיוּוּן הַזֶּה.	Я еду в этом направлении.	s_0969917e0a77.mp3	male
1530	הָרַכֶּבֶת נוֹסַעַת לְנַתְבַּ"ג.	Поезд едет в Бен-Гурион.	s_bdff67ab7975.mp3	male
1531	אֲנִי מְאַחֵל נְסִיעָה טוֹבָה!	Я желаю счастливого пути!	s_66a68d3832e4.mp3	male
1532	יֵשׁ עִיכּוּב בָּרַכֶּבֶת הַיּוֹם.	Сегодня задержка поезда.	s_b0ac86b9b192.mp3	male
1533	אֲנִי עָיֵף כִּי עָבַדְתִּי.	Я устал, потому что работал.	s_aa81f5b61f00.mp3	male
1534	אֵיךְ אַתָּה מַרְגִּישׁ הַיּוֹם?	Как ты себя чувствуешь сегодня?	s_1d9c07e5e475.mp3	male
1535	אֵיזֶה יוֹם יָפֶה הַיּוֹם!	Какой красивый день сегодня!	s_e0d8594e7854.mp3	male
1536	קָנִינוּ כָּל מִינֵי דְּבָרִים.	Мы купили разные вещи.	s_978ddaa7b59d.mp3	male
1537	מָה הַתַּאֲרִיךְ שֶׁל הַפְּגִישָׁה?	Какая дата встречи?	s_c0af960fe67a.mp3	male
1538	אֲנִי בְּיִשְׂרָאֵל חוֹדֶשׁ אֶחָד.	Я в Израиле один месяц.	s_075a8a357f9f.mp3	male
1539	שָׁנָה טוֹבָה וּמְתוּקָה לְכוּלָּם!	Хорошего и сладкого года всем!	s_4ca435689cba.mp3	male
1540	אֲנִי פֹּה פַּעַם רִאשׁוֹנָה.	Я здесь в первый раз.	s_633b9d9995ea.mp3	male
1541	הַפַּעַם הַכֹּל בְּסֵדֶר גָּמוּר.	На этот раз всё в полном порядке.	s_cdad24f8e2ff.mp3	male
1542	לְבַסּוֹף הַכֹּל הָיָה טוֹב.	В конце концов всё было хорошо.	s_808549a985f5.mp3	male
1543	אֲנַחְנוּ הוֹלְכִים לַמּוּזֵאוֹן הַיּוֹם.	Мы идём сегодня в музей.	s_387a1d2eb83b.mp3	male
1544	יֵשׁ תַּעֲרוּכָה חֲדָשָׁה בָּעִיר.	В городе есть новая выставка.	s_d3d097653cb5.mp3	male
1545	דָּנִי לוֹמֵד אָמָּנוּת מוֹדֶרְנִית.	Дани изучает современное искусство.	s_6a68e2200335.mp3	male
1546	זֶה צִיּוּר יָפֶה מְאוֹד.	Это очень красивая картина.	s_dbd88ee674e2.mp3	male
1547	אֲנַחְנוּ לוֹקְחִים סִיּוּר מוּדְרָךְ.	Мы берём экскурсию с гидом.	s_3a88b1a800a9.mp3	male
1548	יֵשׁ פֹּה הֲנָחָה לִסְטוּדֶנְטִים?	Здесь есть скидка для студентов?	s_cb37422debce.mp3	male
1549	הַגַּנֶּנֶת מְדַבֶּרֶת עִם הַיְּלָדִים.	Воспитательница разговаривает с детьми.	s_4f9ff6b6d3cb.mp3	male
1550	אֲנִי כּוֹתֵב שִׁעוּרֵי בַּיִת.	Я делаю домашнее задание.	s_1dbe7f4ae357.mp3	male
1551	יֵשׁ לִי חוֹבֶרֶת חֲדָשָׁה.	У меня есть новая тетрадь.	s_e4f528f638ee.mp3	male
1552	דָּנִי הוּא תַּלְמִיד מִצְטַיֵּן.	Дани — отличник.	s_c07fe6dc9b30.mp3	male
1553	הַחוֹפֶשׁ הַגָּדוֹל מַתְחִיל בְּיוּלִי.	Летние каникулы начинаются в июле.	s_cbd53d6cde2b.mp3	male
1554	יֵשׁ לָהֶם חַיַּת מַחְמָד.	У них есть домашний питомец.	s_acf51c6ddee3.mp3	male
1555	הַכֶּלֶב הוֹלֵךְ לַוֶטֶרִינָר הַיּוֹם.	Собака идёт к ветеринару сегодня.	s_64b0ca9c8eef.mp3	male
1556	אֲנַחְנוּ הוֹלְכִים לְפַארְק כְּלָבִים.	Мы идём в собачий парк.	s_c97ab1acc461.mp3	male
1557	אֶתְמוֹל עָבַדְתִּי הַרְבֵּה מְאוֹד.	Вчера я очень много работал.	s_c60a609265e4.mp3	male
1558	שִׁלְשׁוֹם רָאִיתִי סֶרֶט מְצוּיָּן.	Позавчера я посмотрел отличный фильм.	s_947598d27293.mp3	male
1559	הָיִיתִי שָׁם לִפְנֵי שָׁבוּעַ.	Я был там неделю назад.	s_57e6bec7d989.mp3	male
1560	בַּשָּׁנָה שֶׁעָבְרָה גַּרְתִּי בִּירוּשָׁלַיִם.	В прошлом году я жил в Иерусалиме.	s_4a5417fc0ee4.mp3	male
1561	אֲנִי כְּבָר מוּכָן לָצֵאת.	Я уже готов выходить.	s_3f37a9b03914.mp3	male
1562	אֲנִי עוֹד לֹא מוּכָן.	Я ещё не готов.	s_16eaa2c073f1.mp3	male
1563	הֲבַנְתֶּם אֶת הַשִּׁעוּר הַיּוֹם?	Вы поняли сегодняшний урок?	s_36cb85268347.mp3	female
1564	לְהֵיכָן טַסְתָּ בַּחוֹפֶשׁ הָאַחֲרוֹן?	Куда ты летал в прошлый отпуск?	s_91c6e7c9add1.mp3	male
1565	הֵם קָמוּ מוּקְדָּם הַבּוֹקֶר.	Они встали сегодня утром.	s_be74d4aac05b.mp3	male
1566	אֲנַחְנוּ עוֹשִׂים קְנִיּוֹת בַּסּוּפֶּר.	Мы делаем покупки в супермаркете.	s_b01e729ca435.mp3	male
1567	מָה עָשִׂיתָ לִפְנֵי כֵן?	Что ты делал до этого?	s_d94e79c18be2.mp3	male
1568	נְדַבֵּר שׁוּב אַחֲרֵי כֵן.	Поговорим снова после этого.	s_cd9115a6d3c5.mp3	male
1569	מָה רָצִיתָ לְהַגִּיד לִי?	Что ты хотел мне сказать?	s_32f7b4f3aeec.mp3	male
1570	הָיָה לִי יוֹם טוֹב.	У меня был хороший день.	s_249540f0c4f1.mp3	male
1571	הָיְתָה לִי פְּגִישָׁה אֶתְמוֹל.	У меня была встреча вчера.	s_0047a0317392.mp3	male
1572	הָיוּ לִי הַרְבֵּה שְׁאֵלוֹת.	У меня было много вопросов.	s_f547581ce34b.mp3	male
1573	לֹא הָיָה לִי זְמַן.	У меня не было времени.	s_af321857bbc4.mp3	male
1574	הָאוֹכֶל הָיָה מְצוּיָּן אֶתְמוֹל.	Еда вчера была отличной.	s_a1a0aaca6610.mp3	male
1575	מָה הָיָה שָׁם אֶתְמוֹל?	Что там было вчера?	s_01ae3be7b504.mp3	male
1576	אֲנִי רוֹצֶה לִשְׁלוֹחַ אִימֵייל.	Я хочу отправить имейл.	s_a2a02013b593.mp3	male
1577	כָּתַבְתִּי לִפְנִיּוֹת הַצִּיבּוּר הַיּוֹם.	Я написал в отдел обращений граждан сегодня.	s_086d32a1c1b7.mp3	male
1578	אֶפְשָׁר לְהַשְׁאִיר הוֹדָעָה קְצָרָה?	Можно оставить короткое сообщение?	s_b2b6cbf55976.mp3	male
1579	סְלִיחָה, זֹאת טָעוּת בַּמִּסְפָּר.	Извините, это ошибка номером.	s_45ef7271be81.mp3	male
1580	יֵשׁ לִי שִׂיחָה מְמַתֶּנֶת.	У меня входящий по второй линии.	s_95e006c75f12.mp3	male
1581	אֲנִי רוֹצֶה לִשְׁלוֹחַ הוֹדָעָה.	Я хочу отправить сообщение.	s_59beee027b2f.mp3	male
1582	טוֹב, נְדַבֵּר אַחַר כָּךְ.	Ладно, поговорим позже.	s_8a502a818340.mp3	male
1583	הָלַכְתִּי לְמִשְׂרַד הַפְּנִים הַיּוֹם.	Я ходил в МВД сегодня.	s_d5026c5a98c1.mp3	male
1584	אֲנִי מְשַׁלֵּם לְבִיטּוּחַ לְאוּמִּי.	Я плачу в Службу национального страхования.	s_863193acdd9a.mp3	male
1585	קִבַּלְתִּי סַל קְלִיטָה הַחֹדֶשׁ.	Я получил корзину абсорбции в этом месяце.	s_01fd751fd41c.mp3	male
1586	דָּנִיאֵל הוּא עוֹלֶה חָדָשׁ.	Даниэль — новый репатриант.	s_c7d8ca2491f6.mp3	male
1587	אֲנִי קוֹרֵא עִבְרִית קַלָּה.	Я читаю на простом иврите.	s_cb6045fdf8bc.mp3	male
1588	בַּהַתְחָלָה הַכֹּל הָיָה קָשֶׁה.	Вначале всё было сложно.	s_cd908cca9083.mp3	male
1589	זֶה סִיפּוּר חַיִּים מְעַנְיֵן.	Это интересная история жизни.	s_d76d38f397ce.mp3	male
1590	סִיַּמְתִּי אֶת רָמַת אָלֶף!	Я закончил уровень Алеф!	s_9d1da93701f8.mp3	female
1591	אֲנִי מַתְחִיל רָמַת בֵּית.	Я начинаю уровень Бет.	s_181bfb326aa5.mp3	male
1592	מָתַי תָּבוֹא אֵלַי הַיּוֹם?	Когда ты придёшь ко мне сегодня?	s_4a8760e22d34.mp3	male
1593	יִהְיֶה בְּסֵדֶר, אֲסַדֵּר הַכֹּל.	Всё будет в порядке, я всё улажу.	s_cbae09c84736.mp3	male
1594	הוּא רוֹצֶה לְרַאֲיֵן אוֹתָהּ.	Он хочет взять у неё интервью.	s_1faca5769da0.mp3	male
1595	אֵלֶּה תְּנָאִים סוֹצְיָאלִיִּים מְצוּיָנִים.	Это отличные социальные условия.	s_4652a24690d5.mp3	male
1596	מָה צִפִּיּוֹת הַשָּׂכָר שֶׁלְּךָ?	Каковы твои зарплатные ожидания?	s_a67328c8a66a.mp3	male
1597	הַחֲנָיָה פֹּה כָּחוֹל לָבָן.	Здесь сине-белая парковка.	s_235f21218714.mp3	male
1598	אָסוּר לַחֲנוֹת בְּאָדוֹם לָבָן.	Запрещено парковаться на красно-белом.	s_249dbeb9bd6e.mp3	male
1599	קִבַּלְתִּי דּוּ"חַ חֲנָיָה הַיּוֹם.	Я получил штраф за парковку сегодня.	s_fb693e9b27a3.mp3	male
1600	יֵשׁ לִי פַּנְצֶ'ר בָּאוֹטוֹ.	У меня прокол колеса в машине.	pancher_baoto.mp3	male
1601	הוּא מְתַוּוֵךְ נַדְלָ"ן מְנוּסֶּה.	Он опытный риелтор.	s_5f69d8242fa7.mp3	male
1602	הוּא מַשְׁקִיעַ בְּנַדְלָ"ן בְּיִשְׂרָאֵל.	Он инвестирует в недвижимость в Израиле.	s_7da9e4c07e5e.mp3	male
1603	מְדוּבָּר בִּבְעָיָה קָשָׁה מְאוֹד.	Речь идёт об очень трудной проблеме.	s_3d7a83abe7bb.mp3	male
1604	הוּא כּוֹתֵב סֵפֶר עָלַי.	Он пишет книгу обо мне.	s_f861049425ce.mp3	male
1605	אֲנִי חוֹשֵׁב עָלֶיךָ הַרְבֵּה.	Я много думаю о тебе.	s_68613ea16590.mp3	male
1606	הֵם מְדַבְּרִים עָלָיו עַכְשָׁו.	Они говорят о нём сейчас.	s_c01ec44c24ce.mp3	male
1607	הוּא עוֹשֶׂה עֲלִיָּה לְיִשְׂרָאֵל.	Он совершает алию в Израиль.	s_b4eee7ff49a8.mp3	male
1608	הוּא שׁוֹמֵר עָלֵינוּ תָּמִיד.	Он всегда оберегает нас.	s_6a638ecd72b4.mp3	male
1609	אֲנִי יוֹדֵעַ הַכֹּל עֲלֵיהֶם.	Я знаю всё о них.	s_ccec8d769212.mp3	male
1610	הַקָּפֶה הַיּוֹם זֶה עָלַי!	Кофе сегодня за мой счёт!	s_960436507da1.mp3	male
1611	תַּגִּיד, מָה עוֹבֵר עָלֶיךָ?	Скажи, что с тобой происходит?	s_0931813d8d69.mp3	male
1612	הוּא בָּא אֵלַי הַיּוֹם.	Он приходит ко мне сегодня.	s_56599b46269c.mp3	male
1613	אֲנִי בָּא אֵלֶיךָ עַכְשָׁו.	Я иду к тебе сейчас.	s_64457f8333f7.mp3	male
1614	הִיא הוֹלֶכֶת אֵלָיו הַבַּיְתָה.	Она идёт к нему домой.	s_7e1404170d57.mp3	female
1615	הוּא מַגִּיעַ אֵלֶיהָ עַכְשָׁו.	Он приходит к ней сейчас.	s_001af3bfd390.mp3	male
1616	אַתֶּם בָּאִים אֵלֵינוּ הַיּוֹם?	Вы придёте к нам сегодня?	s_35fac6ee6bdc.mp3	male
1617	אֲנַחְנוּ נוֹסְעִים אֲלֵיהֶם מָחָר.	Мы едем к ним завтра.	s_6694ad26d787.mp3	male
1618	אַל תֵּלֵךְ לְשָׁם בִּלְעָדַי.	Не ходи туда без меня.	s_69a2d789af25.mp3	male
1619	אֲנִי לֹא הוֹלֵךְ בִּלְעָדֶיךָ.	Я не пойду без тебя.	s_5e6cdf51d7e8.mp3	male
1620	אֲנַחְנוּ לֹא נוֹסְעִים בִּלְעָדָיו.	Мы не поедем без него.	s_4ad3a63b7f08.mp3	male
1621	הוּא עָמַד לְפָנַי בַּתּוֹר.	Он стоял передо мной в очереди.	s_fb9dfd1d716a.mp3	male
1622	בּוֹאוּ אַחֲרַי לַחֶדֶר הַזֶּה.	Идите за мной в эту комнату.	s_124dcf1dc473.mp3	male
1623	אֵין שָׁם אִישׁ מִלְּבַדִּי.	Там никого нет, кроме меня.	s_a58ba61e66e3.mp3	male
1624	כּוּלָּם צוֹעֲקִים: אַחֲרַי לַצַּנְחָנִים!	Все кричат: за мной в десант!	s_f9a860b7f9ca.mp3	male
1625	יֵשׁ לְפָנֵינוּ דֶּרֶךְ אֲרוּכָּה.	Перед нами долгий путь.	s_31888a1f2381.mp3	male
1626	הוּא הוֹלֵךְ אַחֲרֵינוּ עַכְשָׁו.	Он идёт за нами сейчас.	s_32ef60321665.mp3	male
1627	אֵחַרְתִּי מִפְּנֵי שֶׁהָיָה פְּקָק.	Я опоздал, потому что была пробка.	s_d6a82a2ad51b.mp3	male
1628	נִשְׁאַרְתִּי מִכֵּיוָון שֶׁיָּרַד גֶּשֶׁם.	Я остался, так как шёл дождь.	s_9dd23e583e97.mp3	male
1629	בָּאתִי לַמְרוֹת שֶׁהָיִיתִי עָיֵף.	Я пришёл, несмотря на то что устал.	s_abf045c96d20.mp3	male
1630	בָּאתִי, אַף-עַל-פִּי שֶׁהָיִיתִי עָיֵף.	Я пришёл, даже несмотря на то что устал.	s_7d112b2b7d00.mp3	male
1631	הִסְבַּרְתִּי כְּדֵי שֶׁתָּבִין הֵיטֵב.	Я объяснил, чтобы ты хорошо понял.	s_00a2fd9c2169.mp3	male
1632	הַכֹּל קָרָה כְּפִי שֶׁאָמַרְתָּ.	Всё произошло так, как ты сказал.	s_44930e0e9984.mp3	male
1633	הִקְשַׁבְתִּי בִּזְמַן שֶׁהוּא דִּבֵּר.	Я слушал, пока он говорил.	s_f84814ce4148.mp3	male
1634	חִכִּיתִי עַד שֶׁהוּא הִגִּיעַ.	Я ждал, пока он не пришёл.	s_fadfd2f7c6c9.mp3	male
1635	אֲנִי מַסְכִּים בִּתְנַאי שֶׁתָּבוֹא.	Я согласен при условии, что ты придёшь.	s_03c964046087.mp3	male
1636	תִּתְקַשֵּׁר בְּמִקְרֶה שֶׁיֵּשׁ בְּעָיָה.	Позвони в случае, если возникнет проблема.	s_5147f3af8906.mp3	male
1637	זֶה קַל בְּהַשְׁוָאָה לָעָבָר.	Это легко по сравнению с прошлым.	s_9bac6f36fb1e.mp3	male
1638	תּוֹצְאוֹת הַבְּדִיקָה הִגִּיעוּ הַיּוֹם.	Результаты проверки пришли сегодня.	s_c6872579c724.mp3	male
1639	כָּל אָדָם רוֹצֶה חֵרוּת.	Каждый человек хочет свободы.	s_0a10fbe43a5e.mp3	male
1640	צַהַ"ל מֵגֵן עַל הַמְּדִינָה.	ЦАХАЛ защищает страну.	zahal_megen.mp3	male
1641	הֵם פּוֹעֲלִים לְפִי הַהַנְחָיוֹת.	Они действуют согласно инструкциям.	s_0b07915812c8.mp3	male
1642	מִתְנַדְּבִים עוֹזְרִים לַקְּשִׁישִׁים בָּעִיר.	Волонтёры помогают пожилым людям в городе.	s_ba8a467456c7.mp3	male
1643	אֵין סָפֵק שֶׁהוּא צוֹדֵק.	Нет сомнения, что он прав.	s_024286c0ed0a.mp3	male
1644	בַּסְּתָיו יֵשׁ שַׁלֶּכֶת יָפָה.	Осенью красивый листопад.	s_8262b390357c.mp3	male
1645	מִצַּד אֶחָד, הוּא צוֹדֵק.	С одной стороны, он прав.	s_c688b27cc178.mp3	male
1646	לָמַדְנוּ אֶת תַּבְנִית הַבִּנְיָן.	Мы выучили модель биньяна.	s_393ddd677ad9.mp3	female
1647	זֶה בְּהֶמְשֵׁךְ לַשִּׂיחָה שֶׁלָּנוּ.	Это в продолжение нашей беседы.	s_ff715cac3a09.mp3	male
1648	כָּל הַכָּבוֹד, אַתָּה אַלּוּף!	Молодец, ты чемпион!	s_3aa348c0a82d.mp3	male
1649	אֲנִי שׁוֹתֶה קָפֶה הָפוּךְ.	Я пью кофе капучино.	s_f2f462e54a2b.mp3	male
1650	אַתָּה רוֹצֶה קָפֶה שָׁחוֹר?	Ты хочешь черный кофе?	s_a631a4b7d3c8.mp3	male
1651	הוּא מַזְמִין קָפֶה קַר.	Он заказывает холодный кофе.	s_91c860356901.mp3	male
1652	אֲנִי מְבַקֵּשׁ מַיִם קָרִים.	Я прошу холодную воду.	s_e891734c69d6.mp3	male
1653	יֵשׁ כָּאן מִיץ תַּפּוּזִים?	Здесь есть апельсиновый сок?	s_7574bf55c7dd.mp3	male
1654	סְלִיחָה, אֶפְשָׁר חֶשְׁבּוֹן, בְּבַקָּשָׁה?	Извините, можно счет, пожалуйста?	s_8ef4c94c671c.mp3	male
1655	הַמֶּלְצַר מֵבִיא תַּפְרִיט.	Официант приносит меню.	s_bb150b21e63c.mp3	male
1656	הַמֶּלְצָרִית עוֹבֶדֶת בַּמִּסְעָדָה.	Официантка работает в ресторане.	s_be5b43c347e4.mp3	male
1657	אֲנַחְנוּ רוֹצִים שׁוּלְחָן לִשְׁנַיִם.	Мы хотим столик на двоих.	s_8ac87a1421a9.mp3	male
1658	אֲנִי שׁוֹתֶה תֵּה בְּלִי סוּכָּר.	Я пью чай без сахара.	s_ff5dc0f93c3e.mp3	male
1659	יֵשׁ לָכֶם חֲלַב שְׁקֵדִים?	У вас есть миндальное молоко?	s_031b82d8a56f.mp3	male
1660	זֶה חֲלַב שִׁיבּוֹלֶת שׁוּעָל.	Это овсяное молоко.	s_897b75722395.mp3	male
1661	הִשְׁאַרְתָּ טִיפּ לַמֶּלְצַר?	Ты оставил чаевые официанту?	s_b09660f674f4.mp3	male
1662	מָה הַמָּנָה הָרִאשׁוֹנָה הַיּוֹם?	Какое сегодня первое блюдо?	s_29de0d06239d.mp3	male
1663	אֲנִי מַזְמִין מָנָה עִיקָּרִית.	Я заказываю основное блюдо.	s_ca63b683029d.mp3	male
1664	אַתֶּם רוֹצִים קִינּוּחַ מָתוֹק?	Вы хотите сладкий десерт?	s_b83cc215d216.mp3	male
1665	הוּא אוֹכֵל כָּרִיךְ טָעִים.	Он ест вкусный бутерброд.	s_a9d05f495e2e.mp3	male
1666	אֶפְשָׁר מַזְלֵג נָקִי, בְּבַקָּשָׁה?	Можно чистую вилку, пожалуйста?	s_bc72bb24967a.mp3	male
1667	הַסַּכִּין הַזֶּה חַד מְאֹד.	Этот нож очень острый.	s_23c40784104f.mp3	male
1668	אֲנִי צָרִיךְ כַּף גְּדוֹלָה.	Мне нужна большая ложка.	s_b9ec9b14f227.mp3	male
1669	תֵּן לִי מַפִּית, בְּבַקָּשָׁה.	Дай мне салфетку, пожалуйста.	s_828fa10c0737.mp3	male
1670	בְּתֵאָבוֹן וְלִבְרִיאוּת לָכֶם!	Приятного аппетита и на здоровье вам!	s_43bdee1c9af6.mp3	male
1671	חֲדַר הָרַחְצָה נָקִי מְאֹד.	Ванная комната очень чистая.	s_205058f23ca7.mp3	male
1672	סְלִיחָה, אֵיפֹה הַשֵּׁירוּתִים?	Извините, где туалет?	s_001045651d85.mp3	male
1673	יֵשׁ לָנוּ מִרְפֶּסֶת גְּדוֹלָה.	У нас есть большой балкон.	s_447c222484b0.mp3	male
1674	יֵשׁ סַפָּה נוֹחָה בַּסָּלוֹן.	В гостиной есть удобный диван.	s_65f410a55312.mp3	male
1675	מְכוֹנַת הַכְּבִיסָה עוֹבֶדֶת עַכְשָׁיו.	Стиральная машина сейчас работает.	s_874f46a84227.mp3	male
1676	הָאוֹכֶל כְּבָר בַּתַּנּוּר.	Еда уже в духовке.	s_0e8d3e741e7d.mp3	male
1677	אֲנִי מְחַמֵּם אוֹכֶל בַּמִּיקְרוֹגַל.	Я грею еду в микроволновке.	s_53983aac3fbe.mp3	male
1678	אֲנַחְנוּ רוֹאִים טֶלֶוִיזְיָה בָּעֶרֶב.	Мы смотрим телевизор вечером.	s_63f0cf813340.mp3	male
1679	הַמְּנוֹרָה עַל הַשּׁוּלְחָן.	Лампа стоит на столе.	s_fecf69aa54d0.mp3	male
1680	הַתְּמוּנָה תְּלוּיָה עַל הַקִּיר.	Картина висит на стене.	s_ee5c3c0b7beb.mp3	male
1681	הָרִצְפָּה נְקִיָּה מְאֹד הַיּוֹם.	Пол сегодня очень чистый.	s_78466138b3ad.mp3	male
1682	יֵשׁ שָׁטִיחַ יָפֶה בַּחֶדֶר.	В комнате красивый ковер.	s_8945547207c0.mp3	male
1683	תֵּן לִי סַבּוֹן, בְּבַקָּשָׁה.	Дай мне мыло, пожалуйста.	s_9c5c1931e991.mp3	male
1684	אֲנִי נוֹסֵעַ בָּרַכֶּבֶת הַקַּלָּה.	Я еду на трамвае.	s_b6f0a9740479.mp3	male
1685	יֵשׁ לְךָ כַּרְטִיס רַב-קַו?	У тебя есть карточка Рав-Кав?	s_7af34cd153d3.mp3	male
1686	אֵיזֶה קַו מַגִּיעַ לַמֶּרְכָּז?	Какой маршрут идет в центр?	s_56a9df5794aa.mp3	male
1687	הַבַּיִת שֶׁלִּי קָרוֹב מְאֹד.	Мой дом очень близко.	s_772f655e275f.mp3	male
1688	הַיָּם רָחוֹק מִכָּאן מְאֹד.	Море очень далеко отсюда.	s_4a3213f4f179.mp3	male
1689	אֵיךְ מַגִּיעִים לַתַּחֲנָה הַמֶּרְכָּזִית?	Как добраться до центральной автостанции?	s_7bd4623cf1ed.mp3	male
1690	סְלִיחָה, אֵיפֹה זֶה נִמְצָא?	Извините, где это находится?	s_b05da52f22f5.mp3	male
1691	אֲנִי גָּר בְּמֶרְכַּז הָעִיר.	Я живу в центре города.	s_5aa2d8b2829f.mp3	male
1692	הַכְּבִישׁ הַזֶּה עָמוּס מְאֹד.	Это шоссе очень загружено.	s_80e3e2c52889.mp3	male
1693	אֲנַחְנוּ הוֹלְכִים עַל הַמִּדְרָכָה.	Мы идем по тротуару.	s_951c77db94bd.mp3	male
1694	יֵשׁ כָּאן מַעֲבַר חֲצִיָּה.	Здесь есть пешеходный переход.	s_582bd5e3a506.mp3	male
1695	הַיּוֹם הוֹלְכִים לְחוֹף הַיָּם.	Сегодня идем на морской пляж.	s_c6575423e1e9.mp3	male
1696	זֶה פַּארְק יָפֶה מְאוֹד.	Это очень красивый парк.	s_8fde90e59a71.mp3	male
1697	זֶה נְמַל תְּעוּפָה גָּדוֹל.	Это большой аэропорт.	s_283e92f6edb9.mp3	male
1698	הַמָּטוֹס הַזֶּה גָּדוֹל מְאוֹד.	Этот самолет очень большой.	s_615c19741c86.mp3	male
1699	יֵשׁ לוֹ מְכוֹנִית חֲדָשָׁה.	У него новая машина.	s_18b65261b6d5.mp3	male
1700	זֹאת יַלְדָּה טוֹבָה מְאוֹד.	Это очень хорошая девочка.	s_a073a8f6ab5d.mp3	male
1701	הַבַּעַל שֶׁלָּהּ עוֹבֵד פֹּה.	Её муж работает здесь.	s_80e5a05c6531.mp3	male
1702	הִיא אִשָּׁה נֶחְמָדָה מְאוֹד.	Она очень приятная женщина.	s_6f2b4016d663.mp3	female
1703	הוּא גֶּבֶר נֶחְמָד מְאוֹד.	Он очень приятный мужчина.	s_73f83ba943d5.mp3	male
1704	דָּנִי הוּא חָבֵר טוֹב.	Дани — хороший друг.	s_8046781a1d08.mp3	male
1705	הַיּוֹם הוּא יוֹם רִאשׁוֹן.	Сегодня воскресенье.	s_9c006ddb7e9a.mp3	male
1706	מָחָר יִהְיֶה יוֹם שֵׁנִי.	Завтра будет понедельник.	s_7ab4bd50423d.mp3	male
1707	נִפָּגֵשׁ בְּיוֹם שְׁלִישִׁי בַּבּוֹקֶר.	Мы встретимся во вторник утром.	s_74942f5febb7.mp3	male
1708	נִפָּגֵשׁ בְּיוֹם רְבִיעִי בָּעֶרֶב.	Мы встретимся в среду вечером.	s_15fe99768bd4.mp3	male
1709	אֲנִי לוֹמֵד בְּיוֹם חֲמִישִׁי.	Я учусь в четверг.	s_eb7f1058b721.mp3	male
1710	בְּיוֹם שִׁשִּׁי אֲנַחְנוּ נָחִים.	В пятницу мы отдыхаем.	s_b23fe546f7f8.mp3	male
1711	סוֹף שָׁבוּעַ נָעִים לְכוּלָּם!	Приятных выходных всем!	s_bdb5e7f5c29b.mp3	male
1712	מָה אַתָּה עוֹשֶׂה הַיּוֹם?	Что ты делаешь сегодня?	s_bc9b033910f6.mp3	male
1713	אֲנִי הוֹלֵךְ הַבַּיְתָה עַכְשָׁיו.	Я иду домой сейчас.	s_c794b2d08a92.mp3	male
1714	שָׁבוּעַ טוֹב לְכוּלָּם!	Хорошей недели всем!	s_7d699dd64ff4.mp3	male
1715	סְלִיחָה, מָה הַשָּׁעָה עַכְשָׁיו?	Извините, который сейчас час?	s_e228d2ccaf8f.mp3	male
1716	יֵשׁ לִי חָבֵר אֶחָד.	У меня есть один друг.	s_dd733633546a.mp3	male
1717	הַשָּׁעָה עַכְשָׁיו שְׁתַּיִם בְּדִיּוּק.	Сейчас ровно два часа.	s_e928634de004.mp3	male
1718	הַשָּׁעָה עַכְשָׁיו שָׁלוֹשׁ בְּדִיּוּק.	Сейчас ровно три часа.	s_eadc52757829.mp3	male
1719	נִפָּגֵשׁ בְּשָׁעָה אַרְבַּע בְּדִיּוּק.	Встретимся ровно в четыре часа.	s_c39d4c3671a0.mp3	male
1720	יֵשׁ פֹּה חֲמִישָּׁה תַּלְמִידִים.	Здесь пять учеников.	s_c1f967ccee3b.mp3	male
1721	הַשָּׁעָה שֵׁשׁ בַּבּוֹקֶר עַכְשָׁיו.	Сейчас шесть часов утра.	s_7732d338be7c.mp3	male
1722	בַּשָּׁבוּעַ יֵשׁ שִׁבְעָה יָמִים.	В неделе семь дней.	s_d42eab7c68a3.mp3	male
1723	הַשִּׁעוּר מַתְחִיל בְּשָׁעָה שְׁמוֹנֶה.	Урок начинается в восемь часов.	s_e1b81e6e4868.mp3	male
1724	הַחֲנוּת נִפְתַּחַת בְּשָׁעָה תֵּשַׁע.	Магазин открывается в девять часов.	s_456a21a4bd05.mp3	male
1725	הַשָּׁעָה כְּבָר עֶשֶׂר בַּלַּיְלָה.	Уже десять часов вечера.	s_068c534137bb.mp3	male
1726	זֶה עוֹלֶה עֶשְׂרִים שְׁקָלִים.	Это стоит двадцать шекелей.	s_233bf2159914.mp3	male
1727	הוּא בֶּן שְׁלוֹשִׁים הַיּוֹם.	Ему сегодня тридцать лет.	s_b5998072e145.mp3	male
1728	הַנְּסִיעָה נִמְשֶׁכֶת אַרְבָּעִים דַּקּוֹת.	Поездка длится сорок минут.	s_7843d9d71b51.mp3	male
1729	יֵשׁ בַּכִּתָּה חֲמִישִּׁים תַּלְמִידִים.	В классе пятьдесят учеников.	s_87918a44d018.mp3	male
1730	הַחוּלְצָה עוֹלָה מֵאָה שְׁקָלִים.	Рубашка стоит сто шекелей.	s_79f7a79680ba.mp3	male
1731	הַמַּחְשֵׁב עוֹלֶה אֶלֶף שְׁקָלִים.	Компьютер стоит тысячу шекелей.	s_e73186d6ca2a.mp3	male
1732	תֵּן לִי יָד, בְּבַקָּשָׁה.	Дай мне руку, пожалуйста.	s_3d8f48355adc.mp3	male
1733	כּוֹאֶבֶת לִי הָרֶגֶל מְאוֹד.	У меня очень болит нога.	s_0aea83a430a4.mp3	male
1734	הָאוֹזֶן שֶׁלִּי כּוֹאֶבֶת מְאוֹד.	У меня очень болит ухо.	s_a339c807bb26.mp3	male
1735	יֵשׁ לוֹ אַף גָּדוֹל.	У него большой нос.	s_a795caa333ee.mp3	male
1736	כּוֹאֶבֶת לִי שֵׁן עַכְשָׁיו.	У меня сейчас болит зуб.	s_dc1861b69c50.mp3	male
1737	כּוֹאֵב לִי הַגַּב מְאוֹד.	У меня очень болит спина.	s_5f42aebe239f.mp3	male
1738	הַלֵּב שֶׁלִּי דּוֹפֵק מַהֵר.	Мое сердце быстро стучит.	s_d1b0134b92eb.mp3	male
1739	כּוֹאֶבֶת לִי הַבֶּטֶן הַיּוֹם.	У меня сегодня болит живот.	s_88a60781ded9.mp3	male
1740	יֵשׁ לִי חוֹם גָּבוֹהַּ.	У меня высокая температура.	s_bdbc2e8aa361.mp3	male
1741	הִיא רוֹפְאָה טוֹבָה מְאוֹד.	Она очень хороший врач.	s_ea0a4fdffe1a.mp3	female
1742	בְּרִיאוּת זֶה הֲכִי חָשׁוּב.	Здоровье — это самое главное.	s_2b90c21a463f.mp3	male
1743	הָאַמְבּוּלַנְס מַגִּיעַ מַהֵר מְאוֹד.	Скорая помощь приезжает очень быстро.	s_08de590ba67f.mp3	male
1744	תַּרְגִּישׁ טוֹב, חָבֵר שֶׁלִּי!	Поправляйся, мой друг!	s_64059787de74.mp3	male
1745	תַּרְגִּישִׁי טוֹב וּתְנוּחִי הַרְבֵּה.	Поправляйся и много отдыхай.	s_f4fae4310ddd.mp3	male
1746	הַכֹּל בְּסֵדֶר אֶצְלִי כָּעֵת.	У меня сейчас всё в порядке.	s_22c2181470f9.mp3	male
1747	לַחַץ הַדָּם שֶׁלּוֹ תַּקִּין.	Его кровяное давление в норме.	s_cb7c6de8debd.mp3	male
1748	אֲנִי רוֹצֶה לִקְבּוֹעַ תּוֹר.	Я хочу записаться на приём.	s_053ccd3eb9dd.mp3	male
1749	אֲנִי הוֹלֵךְ לְרוֹפֵא מִשְׁפָּחָה.	Я иду к семейному врачу.	s_ce97bf50befb.mp3	male
1750	קִבַּלְתִּי תּוֹצָאוֹת טוֹבוֹת הַיּוֹם.	Я получил сегодня хорошие результаты.	s_b77444489f03.mp3	male
1751	יֵשׁ לִי בִּיטּוּחַ רְפוּאִי.	У меня есть медицинская страховка.	s_c9bd836609e0.mp3	male
1752	יֵשׁ לָהּ דַּלֶּקֶת בַּגָּרוֹן.	У неё воспаление в горле.	s_08b8bc575d88.mp3	male
1753	הוּא לוֹקֵחַ אַנְטִיבִּיּוֹטִיקָה הַיּוֹם.	Он принимает сегодня антибиотики.	s_7c980e91f0f9.mp3	male
1754	עָשִׂיתִי חִיסּוּן נֶגֶד שַׁפַּעַת.	Я сделал прививку против гриппа.	s_84785a1b9dec.mp3	male
1755	הִיא מְנַהֶלֶת טוֹבָה מְאוֹד.	Она очень хорошая руководительница.	s_a5439fd87503.mp3	female
1756	דָּנִי הוּא מְפַתֵּחַ תּוֹכְנָה.	Дани — разработчик программного обеспечения.	s_ee0b6e047703.mp3	male
1757	זֶה הַשָּׂכָר בְּרוּטוֹ שֶׁלִּי.	Это моя зарплата брутто.	s_9980fd9d89d2.mp3	male
1758	כַּמָּה אַתָּה מְקַבֵּל נֶטוֹ?	Сколько ты получаешь нетто?	s_18a6a3de2418.mp3	male
1759	קִבַּלְתִּי תְּלוּשׁ מַשְׂכּוֹרֶת הַיּוֹם.	Я получил сегодня расчетный листок.	s_e501538d1acd.mp3	male
1760	חָתַמְתִּי עַל חוֹזֵה עֲבוֹדָה.	Я подписал трудовой договор.	s_bc1aca117900.mp3	male
1761	יֵשׁ לָנוּ יְשִׁיבָה חֲשׁוּבָה.	У нас важное совещание.	s_73c7a648ef27.mp3	male
1762	יֵשׁ לָנוּ צֶוֶות נֶהֱדָר.	У нас замечательная команда.	s_3911e5cf0607.mp3	male
1763	הוּא עָמִית שֶׁלִּי לָעֲבוֹדָה.	Он мой коллега по работе.	s_85be81f351ff.mp3	male
1764	אֲנִי עוֹבֵד בְּמִשְׂרָה מְלֵאָה.	Я работаю на полную ставку.	s_e70aaad205e5.mp3	male
1765	הִיא רוֹצָה מִשְׂרָה חֶלְקִית.	Она хочет неполную ставку.	s_b405e7387358.mp3	female
1766	יֵשׁ לִי עֲבוֹדָה מֵהַבַּיִת.	У меня работа из дома.	s_986dd876835d.mp3	male
1767	הוּא עוֹבֵד בְּחֶבְרַת הַי-טֶק.	Он работает в хай-тек компании.	s_7a10888c2dcf.mp3	male
1768	זֶה סְטַארְט-אַפּ חָדָשׁ וּמַצְלִיחַ.	Это новый и успешный стартап.	s_d653eb54ca09.mp3	male
1769	זֶה פְּרוֹיֶקְט חָשׁוּב מְאוֹד.	Это очень важный проект.	s_f7c285672144.mp3	male
1770	שְׂכַר הַדִּירָה גָּבוֹהַּ כָּאן.	Арендная плата здесь высокая.	s_878b476ea333.mp3	male
1771	דִּבַּרְתִּי עִם בַּעַל הַבַּיִת.	Я поговорил с хозяином квартиры.	s_3279e5f3f51c.mp3	male
1772	שִׂילַּמְתִּי אֶת חֶשְׁבּוֹן הַחַשְׁמַל.	Я оплатил счет за электричество.	s_832194ba29b5.mp3	female
1773	הִגִּיעַ חֶשְׁבּוֹן מַיִם גָּבוֹהַּ.	Пришел большой счет за воду.	s_5b7210d57a30.mp3	male
1774	עָשִׂיתִי הַעֲבָרָה בַּנְקָאִית הַבּוֹקֶר.	Я сделал банковский перевод этим утром.	s_e27c4b9800cd.mp3	male
1775	כָּתַבְתִּי צֶ׳ק לְבַעַל הַבַּיִת.	Я выписал чек хозяину квартиры.	s_acd2367e8d03.mp3	male
1776	פָּתַחְתִּי הוֹרָאַת קֶבַע בַּבַּנְק.	Я оформил автоплатеж в банке.	s_72274e4f015c.mp3	male
1777	יֵשׁ לִי תְּעוּדַת עוֹלֶה.	У меня есть удостоверение репатрианта.	s_8d65982ebc5a.mp3	male
1778	הַכֹּל סַבָּבָה, תּוֹדָה רַבָּה!	Всё отлично, большое спасибо!	hakol_sababa.mp3	male
1779	זוֹ חוּצְפָּה גְּדוֹלָה מְאוֹד.	Это очень большая наглость.	s_5f2cd9e7d8e1.mp3	male
1780	הַמְּסִיבָּה הַזֹּאת הָיְתָה אֵשׁ!	Эта вечеринка была просто огонь!	s_528da73abe74.mp3	male
1781	הָאוֹכֶל כָּאן פְּצָצָה מַמָּשׁ.	Еда здесь просто бомба.	s_38ba39427d65.mp3	male
1782	אֵיזוֹ בָּאסָה שֶׁהוּא הָלַךְ.	Какой облом, что он ушел.	s_ddba7df2ccbc.mp3	male
1783	אַל תַּחְפּוֹר לִי כָּל-כָּךְ.	Не грузи меня так сильно.	s_37f29776aeb5.mp3	male
1784	אָמַרְתִּי אֶת זֶה סְתָם.	Я сказал это просто так.	s_bc7dcbefc682.mp3	female
1785	יַאלְלָה, בּוֹאוּ נֵלֵךְ הַבַּיְתָה!	Давайте, пошли домой!	s_d26b5d88dcb7.mp3	male
1786	אֲנִי אֶעֱזוֹר לְךָ בְּכֵיף.	Я с удовольствием помогу тебе.	s_aadc8dcdf9cc.mp3	male
1787	תּוֹדָה רַבָּה, כַּפָּרָה עָלֶיךָ!	Большое спасибо, дорогой мой!	s_de4bd83844b9.mp3	male
1788	שָׁלוֹם, מָה נִשְׁמָע הַיּוֹם?	Привет, как сегодня дела?	s_47ca406294b9.mp3	male
1789	שָׁלוֹם, מָה הוֹלֵךְ שָׁם?	Привет, что там происходит?	s_4d378356c295.mp3	male
1790	אֵין מַצָּב שֶׁהוּא יָבוֹא.	Исключено, что он придёт.	s_9d2b466069e9.mp3	male
1791	אַל תֵּרֵד עָלַיו כָּכָה.	Не наезжай на него так.	s_7b2f30b964ed.mp3	male
1792	תּוֹדָה, הַכֹּל טוֹב אֶצְלִי.	Спасибо, у меня всё хорошо.	s_cddb6d7e15c5.mp3	male
1793	אֲנִי שׁוֹמֵעַ חֲדָשׁוֹת עַכְשָׁו.	Я сейчас слушаю новости.	s_4f5b7c11c025.mp3	male
1794	הַכְּנֶסֶת מְאַשֶּׁרֶת אֶת הַחוֹק.	Кнессет утверждает закон.	s_0bbcbd238ea7.mp3	female
1795	הוּא מְשָׁרֵת בְּצַהַ"ל עַכְשָׁו.	Он сейчас служит в ЦАХАЛе.	s_37875e73fcd9.mp3	male
1796	הַחַיָּל שׁוֹמֵר עַל הַגְּבוּל.	Солдат охраняет границу.	s_7ac237327df3.mp3	male
1797	הַחַיֶּלֶת חוֹזֶרֶת הַבַּיְתָה הַיּוֹם.	Солдатка сегодня возвращается домой.	s_29b6f66e3b1f.mp3	male
1798	הַכַּלְכָּלָה בְּיִשְׂרָאֵל צוֹמַחַת עַכְשָׁו.	Экономика в Израиле сейчас растёт.	s_4e7c9c924a35.mp3	male
1799	הַמִּשְׁטָרָה שׁוֹמֶרֶת עַל הַסֵּדֶר.	Полиция следит за порядком.	s_f0f15f86bb4c.mp3	male
1800	הַמִּלְחָמָה הַזֹּאת תִּסְתַּיֵּם בְּקָרוֹב.	Эта война скоро закончится.	s_34ac086fbd69.mp3	male
1801	הֵם חָתְמוּ עַל הֶסְכֵּם.	Они подписали соглашение.	s_451cd1462b19.mp3	male
1802	סְפּוֹרְט חָשׁוּב לַגּוּף שֶׁלָּנוּ.	Спорт важен для нашего тела.	s_717591085cb1.mp3	male
1803	הָרוֹפֵא בּוֹדֵק אֶת הָרֵיאוֹת.	Врач проверяет лёгкие.	s_38ca3938982c.mp3	female
1804	יֵשׁ שֶׁבֶר בָּעֶצֶם הַזֹּאת.	В этой кости есть перелом.	s_9e1cfdf11cc3.mp3	male
1805	יֵשׁ לוֹ עוֹר יָבֵשׁ.	У него сухая кожа.	s_52cef99c7211.mp3	male
1806	יֵשׁ כְּאֵב חָזָק בַּגַּב.	Есть сильная боль в спине.	s_d54a13eefd1e.mp3	male
1807	יֵשׁ לָהּ סְחַרְחוֹרֶת קָשָׁה.	У неё сильное головокружение.	s_2f02bb06225c.mp3	male
1808	הוּא מַרְגִּישׁ חוּלְשָׁה גְּדוֹלָה.	Он чувствует сильную слабость.	s_31ed5aa9d86a.mp3	male
1809	יֵשׁ לִי בְּחִילָה עַכְשָׁו.	Меня сейчас тошнит.	s_576680a0a591.mp3	male
1810	זֹאת הָיְתָה נְפִילָה קָשָׁה.	Это было тяжёлое падение.	s_8f14d54edb08.mp3	male
1811	יֵשׁ פְּצָעִים עַל הַיָּד.	На руке есть раны.	s_3af669550f47.mp3	male
1812	יֵשׁ לוֹ נְשִׁימָה קָשָׁה.	У него тяжёлое дыхание.	s_bb46302e1e32.mp3	male
1813	יֵשׁ לוֹ בִּלְבּוּל רַב.	У него сильная спутанность сознания.	s_35423ffe92b6.mp3	male
1814	סַבָּא לֹא מַרְגִּישׁ טוֹב.	Дедушка плохо себя чувствует.	s_4ab6b3d1fc80.mp3	male
1815	זֶה שַׁמְפּוֹ טוֹב לַשֵּׂעָר.	Это хороший шампунь для волос.	s_1e943e521059.mp3	male
1816	אֵיפֹה מִשְׁחַת הַשִּׁינַּיִם שֶׁלְּךָ?	Где твоя зубная паста?	s_d8b772546dd6.mp3	male
1817	צָרִיךְ לְהַחְלִיף אֶת הַמִּיטוּשׁ.	Нужно поменять подгузник.	s_f2bb5a88969c.mp3	female
1818	זֶה מַסְרֵק חָדָשׁ שֶׁלּוֹ.	Это его новая расчёска.	s_b7bf6b7efc71.mp3	male
1819	שִׂים מָגֵן שֶׁמֶשׁ הַיּוֹם.	Нанеси защиту от солнца сегодня.	s_9c18f1f52e8d.mp3	male
1820	הַכָּרִית הַזֹּאת נוֹחָה מְאֹד.	Эта подушка очень удобная.	s_e4174a1ef83c.mp3	male
1821	שִׂים שְׂמִיכָה חַמָּה עָלָיו.	Положи тёплое одеяло на него.	s_2f849a18aaaf.mp3	male
1822	הוּא יוֹשֵׁב בְּכִסֵּא גַּלְגַּלִּים.	Он сидит в инвалидном кресле.	s_0f227669ac4e.mp3	male
1823	סַבָּא הוֹלֵךְ עִם הֲלִיכוֹן.	Дедушка ходит с ходунками.	s_837476958090.mp3	male
1824	יֵשׁ לָהּ מַקֵּל הֲלִיכָה.	У неё есть трость для ходьбы.	s_b47e591d978d.mp3	male
1825	נִמְדֹּד חֹם עִם מַד-חוֹם.	Измерим температуру термометром.	s_dcf0c84eec5a.mp3	male
1826	נִבְדֹּק לַחַץ עִם מַד-לַחַץ.	Проверим давление тонометром.	s_db51fc1a05f1.mp3	male
1827	הַגְּלוּקוֹמֶטֶר מוּכָן לִבְדִיקַת הַסּוּכָּר.	Глюкометр готов к проверке сахара.	s_fd56a3260b14.mp3	male
1828	הָרוֹפֵא מִשְׁתַּמֵּשׁ בִּסְטֶטוֹסְקוֹפּ כָּעֵת.	Врач сейчас слушает стетоскопом.	s_eff3a4c1f154.mp3	male
1829	שִׂים מָרָק בִּקְעָרָה עֲמוּקָּה.	Налей суп в глубокую миску.	s_797b39b79458.mp3	male
1830	תֵּן לִי כּוֹס מַיִם.	Дай мне стакан воды.	s_703be03aaf0a.mp3	male
1831	תִּשְׁתֶּה מַיִם עִם קַשִּׁית.	Пей воду через трубочку.	s_1a327e57b4d7.mp3	male
1832	לְבַשׁ סִינָר לִפְנֵי הָאוֹכֶל.	Надень нагрудник перед едой.	s_e517824bfe8b.mp3	male
1833	קַח טַבְלֶט אֶחָד בַּבּוֹקֶר.	Прими одну таблетку утром.	s_350ac7818cd2.mp3	male
1834	בְּלַע כַּמּוּסָה עִם מַיִם.	Проглоти капсулу с водой.	s_6cde1308a5eb.mp3	male
1835	זֶה מִינוּן נָכוֹן לַתְּרוּפָה.	Это правильная дозировка лекарства.	s_b4168b37f2f0.mp3	male
1836	תִּשְׁתֶּה פַּרָצֵטָמוֹל כְּנֶגֶד חוֹם.	Выпей парацетамол от температуры.	s_d5a890e24581.mp3	male
1837	קַח מְשַׁכֵּךְ כְּאֵב עַכְשָׁו.	Прими обезболивающее сейчас.	s_e9c09f5d6d73.mp3	male
1838	הָאָחוֹת נוֹתֶנֶת זְרִיקָה כָּעֵת.	Медсестра сейчас делает укол.	s_24d4393f5f7b.mp3	male
1839	הַמְטַפֶּלֶת שָׂמָה עֲנִיבַת תַּחְבּוֹשֶׁת.	Сиделка наложила косыночную повязку.	s_9034bcfaa15f.mp3	male
1840	צָרִיךְ לְהַחְלִיף אֶת הַתַּחְבּוֹשֶׁת.	Нужно поменять повязку.	s_0897133beb2f.mp3	female
1841	הוּא הוֹלֵךְ לְפִיזְיוֹתֶרָפְּיָה הַיּוֹם.	Он идёт на физиотерапию сегодня.	s_d53ed54c46c5.mp3	male
1842	הָרוֹפֵא עָשָׂה לוֹ אֶקְג.	Врач сделал ему ЭКГ.	s_981b1949e76d.mp3	male
1843	הִיא לוֹקַחַת תְּרוּפָה בַּבּוֹקֶר.	Она принимает лекарство утром.	s_eff29ca49945.mp3	female
1844	הוּא אוֹכֵל אֲרוּחַת צוֹהֳרַיִם.	Он ест обед.	s_38b4b2353a9a.mp3	male
1845	הוּא נָח בָּעֶרֶב בַּבַּיִת.	Он отдыхает вечером дома.	s_89e6834ebda2.mp3	male
1846	הוּא יָשַׁן הֵיטֵב בַּלַּיְלָה.	Он хорошо спал ночью.	s_7b02d85017e6.mp3	male
1847	קַח כַּדּוּר לִפְנֵי אֲכִילָה.	Прими таблетку перед едой.	s_c3f315d6b3c7.mp3	male
1848	שְׁתֵה מַיִם אַחֲרֵי אֲכִילָה.	Выпей воды после еды.	s_9b850d11728c.mp3	male
1849	קַח שְׁתֵּי פְּעָמִים בַּיּוֹם.	Принимай два раза в день.	s_7dcd78cc360a.mp3	male
1850	תְּרוּפָה כָּל שְׁמוֹנֶה שָׁעוֹת.	Лекарство каждые восемь часов.	s_69d76535115b.mp3	male
1851	שָׁלוֹם, אֵיךְ אַתָּה מַרְגִּישׁ?	Привет, как ты себя чувствуешь?	s_56b9fc9b43d2.mp3	male
1852	שָׁלוֹם, אֵיךְ אַתְּ מַרְגִּישָׁה?	Привет, как ты себя чувствуешь?	s_56b9fc9b43d2.mp3	female
1853	הַאִם כּוֹאֵב לְךָ עַכְשָׁיו?	Тебе больно сейчас?	s_7ca95692d47b.mp3	male
1854	תַּגִּיד, אֵיפֹה כּוֹאֵב לְךָ?	Скажи, где у тебя болит?	s_2a43f45ff684.mp3	male
1855	אַתָּה יָכוֹל לָקוּם לְאַט?	Ты можешь медленно встать?	s_9a58e59083cb.mp3	male
1856	בּוֹא נִרְחַץ פָּנִים עַכְשָׁיו.	Давай умоем лицо сейчас.	s_388675f32ec4.mp3	male
1857	עַכְשָׁיו נֹאכַל אֲרוּחָה חַמָּה.	Сейчас поедим горячую еду.	s_f58b4b01e77d.mp3	male
1858	אֲנִי אֲסַיֵּעַ לְךָ לָקוּם.	Я помогу тебе встать.	s_ebf9d7a6b68d.mp3	male
1859	אַל תִּירָא, הַכֹּל בְּסֵדֶר.	Не бойся, всё в порядке.	s_1bfe53af6792.mp3	male
1860	תֵּירָגַע, אֲנִי אִתְּךָ כָּאן.	Успокойся, я с тобой здесь.	s_9553db510d1c.mp3	male
1861	אַל תִּדְאַג, אֲנִי כָּאן.	Не волнуйся, я здесь.	s_1a368ceb6163.mp3	male
1862	עוֹד רֶגַע אֲנִי בָּא.	Ещё минутку, я иду.	s_91f4686958f5.mp3	male
1863	נַעֲשֶׂה צַעַד קָטָן קָטָן.	Сделаем совсем маленький шаг.	s_d08cf6567e10.mp3	male
1864	הוּא מַרְגִּישׁ טוֹב הַיּוֹם.	Он чувствует себя хорошо сегодня.	s_2e97cd42bf25.mp3	male
1865	הַאִם יֵשׁ בְּעָיָה עַכְשָׁיו?	Есть ли проблема сейчас?	s_9e76e23a818c.mp3	male
1866	צָרִיךְ לִקְרֹא לְרוֹפֵא מַהֵר.	Нужно быстро вызвать врача.	s_8bbb786ddcf7.mp3	male
1867	הוּא לֹא אָכַל מֵהַבּוֹקֶר.	Он не ел с утра.	s_d09fc63b6b57.mp3	male
1868	הוּא יָשַׁן טוֹב הַלַּיְלָה.	Он хорошо спал этой ночью.	s_48d4189f1a3b.mp3	male
1869	כְּבָר לָקַחְתִּי אֶת הַתְּרוּפָה.	Я уже принял лекарство.	s_bd9e44bff0f8.mp3	female
1870	נַזְמִין מָגֵן דָּוִד אָדוֹם.	Мы вызовем скорую помощь (Маген Давид Адом).	s_3244f3231c83.mp3	male
1871	הַמָּנוֹעַ פּוֹעֵל מְצוּיָן עַכְשָׁיו.	Двигатель работает отлично сейчас.	s_11ad89ccfc8a.mp3	male
1872	צָרִיךְ לִבְדּוֹק אֶת הַבַּלָּמִים.	Нужно проверить тормоза.	s_59767173fb34.mp3	female
1873	הַמּוּסַכְנִיק הֶחְלִיף רְפִידוֹת בֶּלֶם.	Автомеханик заменил тормозные колодки.	s_7c28baae3eaf.mp3	male
1874	הַמַּצְבֵּר שֶׁל הָרֶכֶב הִתְרוֹקֵן.	Аккумулятор машины разрядился.	s_2c4c691af255.mp3	male
1875	הוּא מִלֵּא אֲוִויר בַּצְּמִיג.	Он накачал воздух в шину.	s_c5c2a844a411.mp3	male
1876	הוּא הֶחְלִיף גַּלְגַּל בַּמּוּסָךְ.	Он поменял колесо в автосервисе.	s_eacacd554301.mp3	male
1877	זֹאת תֵּיבַת הִילּוּכִים אוֹטוֹמָטִית.	Это автоматическая коробка передач.	s_6b9ca6b956db.mp3	male
1878	הוּא לָחַץ עַל הַמַּצְמֵד.	Он нажал на сцепление.	s_8e85d4e5f748.mp3	male
1879	יֵשׁ נְזִילָה מֵהָרַדְיָטוֹר הַזֶּה.	Есть утечка из этого радиатора.	s_f3fab8b10665.mp3	male
1880	צָרִיךְ לְהוֹסִיף שֶׁמֶן מָנוֹעַ.	Нужно долить моторное масло.	s_1da35b21eecc.mp3	male
1881	הַמּוּסַכְנִיק הֶחְלִיף אֶת הַמַּסְנֵן.	Автомеханик заменил фильтр.	s_b99153e1d328.mp3	female
1882	הַמַּצָּת לֹא פּוֹעֵל כָּרָאוּי.	Свеча зажигания работает не должным образом.	s_7093005354cd.mp3	male
1883	הוּא הֶחְלִיף רְצוּעַת טַיְימִינְג.	Он заменил ремень ГРМ.	s_e8d11164d841.mp3	male
1884	הָאַלְטֶרְנָטוֹר לֹא טוֹעֵן מַצְבֵּר.	Генератор не заряжает аккумулятор.	s_e1a8b3aceb06.mp3	male
1885	הַסְּטַרְטֶר לֹא מַתְנִיעַ כְּלָל.	Стартер вообще не заводит.	s_ee01e6b1c357.mp3	male
1886	הַחְזֵק אֶת הַהֶגֶה הֵיטֵב.	Держи руль крепко.	s_473baca9bf03.mp3	female
1887	הוּא בָּדַק בּוֹלְמֵי זַעֲזוּעִים.	Он проверил амортизаторы.	s_cc657cfcf22a.mp3	male
1888	צָרִיךְ לְמַלֵּא נוֹזֵל בְּלָמִים.	Нужно залить тормозную жидкость.	s_ba750cbc1c38.mp3	male
1889	צָרִיךְ לְהוֹסִיף נוֹזֵל קִירוּר.	Нужно добавить охлаждающую жидкость.	s_50b061f9edf9.mp3	male
1890	הַפָּנָס הַקִּדְמִי שָׁבוּר.	Передняя фара разбита.	s_63a04892ee48.mp3	male
1891	הַשִּׁמְשָׁה הַקִּדְמִית נְקִיָּה.	Лобовое стекло чистое.	s_e3ab15068ced.mp3	male
1892	הַמַּגְבִים לֹא עוֹבְדִים טוֹב.	Дворники плохо работают.	s_ec8b5e5993a4.mp3	male
1893	יֵשׁ חוֹר בָּאֶגְזוֹז.	В глушителе есть дыра.	s_6ef67b6ffd2a.mp3	male
1894	יֵשׁ נֶזֶק גָּדוֹל לָרֶכֶב.	У автомобиля большой ущерб.	s_01d9764329d1.mp3	male
1895	הִזְמַנּוּ חֶלְקֵי חִילּוּף לָרֶכֶב.	Мы заказали запчасти для машины.	s_990cbdcacc70.mp3	male
1896	תֵּן לִי מַפְתֵּחַ בְּרָגִים.	Дай мне гаечный ключ.	s_92fc330acd0f.mp3	male
1897	אֲנִי צָרִיךְ מַפְתֵּחַ שְׁוֶודִי.	Мне нужен разводной ключ.	s_e96ab1874021.mp3	male
1898	הַמַּבְרֵג הַזֶּה קָטָן מִדַּי.	Эта отвёртка слишком мала.	s_71855b344b88.mp3	male
1899	הַבּוֹרֶג הַזֶּה מְשׁוּחְרָר מְאוֹד.	Этот болт очень ослаблен.	s_10973795f3c7.mp3	male
1900	אֲנִי צָרִיךְ פְּלָיֶיר חָזָק.	Мне нужны крепкие плоскогубцы.	s_d4abf71b29d2.mp3	male
1901	הָרֶכֶב עוֹמֵד עַל גַּ׳ק.	Машина стоит на домкрате.	s_836af21ba706.mp3	male
1902	הָרֶכֶב נִמְצָא עַל הַלִּיפְט.	Машина находится на подъёмнике.	s_6057106e63dd.mp3	male
1903	אֵיפֹה הַפַּטִּישׁ הַגָּדוֹל שֶׁלִּי?	Где мой большой молоток?	s_954c297f210c.mp3	male
1904	אֵיפֹה מַד לַחַץ אֲוִויר?	Где манометр давления воздуха?	s_1afde4ac6492.mp3	male
1905	הַקּוֹמְפְּרֶסוֹר עוֹבֵד עַכְשָׁיו מְצוּיָן.	Компрессор сейчас отлично работает.	s_d1314cf13e23.mp3	male
1906	תְּחַבֵּר מַכְשִׁיר דִּיאַגְנוֹסְטִיקָה לָרֶכֶב.	Подключи диагностический прибор к машине.	s_2311670470e2.mp3	male
1907	הַסּוֹלְלָה שֶׁל הַמַּבְרֵגָה נִגְמְרָה.	Батарея шуруповёрта села.	s_6f7dbbea422d.mp3	male
1908	יֵשׁ לְךָ כַּבְלֵי הַתְנָעָה?	У тебя есть провода для прикуривания?	s_0fb751463b18.mp3	male
1909	צָרִיךְ מַשְׁפֵּךְ לְמִלּוּי שֶׁמֶן.	Нужна воронка для заливки масла.	s_98265efd8d51.mp3	male
1910	קָנִיתִי מֵיכַל שֶׁמֶן חָדָשׁ.	Я купил новую канистру масла.	s_985ead95146e.mp3	male
1911	תָּשִׂים כְּפָפוֹת עֲבוֹדָה עַכְשָׁיו.	Надень сейчас рабочие перчатки.	s_3001c3fcbcd6.mp3	male
1912	יֵשׁ פֹּה סְמַרְטוּטִים נְקִיִּים.	Здесь есть чистые тряпки.	s_e978b706c0f9.mp3	male
1913	אֲנִי צָרִיךְ פָּנַס רֹאשׁ.	Мне нужен налобный фонарь.	s_fade63bfd34d.mp3	male
1914	תְּהַדֵּק אֶת הַחֵלֶק בַּמֶּלְחָצַיִם.	Зажми деталь в тисках.	s_55aa6b212931.mp3	female
1915	אֵיפֹה מַסּוֹר הַמַּתֶּכֶת שֶׁלָּנוּ?	Где наша ножовка по металлу?	s_eee1e6d16c51.mp3	male
1916	מַד הָעוֹמֶק מַרְאֶה שְׁחִיקָה.	Глубиномер показывает износ.	s_41d0c238535e.mp3	male
1917	צָרִיךְ חוֹמֶר שִׁימּוּן לַבּוֹרֶג.	Нужна смазка для болта.	s_c00a957f2add.mp3	male
1918	תַּפְעִיל אֶת שׁוֹאֵב הַשֶּׁמֶן.	Включи установку откачки масла.	s_fca3a9790739.mp3	female
1919	תָּשִׂים מַעֲמָד תַּחַת הָרֶכֶב.	Поставь опору под машину.	s_224d3342df23.mp3	male
1920	תִּפְתַּח אֶת אַרְגַּז הַכֵּלִים.	Открой ящик с инструментами.	s_f11d62f0930f.mp3	female
1921	תַּגִּיד, מָה הַבְּעָיָה בָּרֶכֶב?	Скажи, в чём проблема с машиной?	s_2d13a8dfd171.mp3	male
1922	הַבּוֹקֶר הָרֶכֶב לֹא מֵנִיעַ.	Утром машина не заводится.	s_ba1d920e1336.mp3	male
1923	יֵשׁ רַעַשׁ מוּזָר מֵהַמָּנוֹעַ.	Из двигателя доносится странный шум.	s_29925d00d3b9.mp3	male
1924	בִּזְמַן עֲצִירָה הַבְּלָמִים חוֹרְקִים.	При остановке скрипят тормоза.	s_5e1e1e89dd89.mp3	male
1925	אֶתְמוֹל נִדְלְקָה נוּרַת מָנוֹעַ.	Вчера загорелся чек двигателя.	s_32dc2f2b3ffe.mp3	male
1926	הַמַּצְבֵּר שֶׁלִּי הִתְרוֹקֵן לְגַמְרֵי.	Мой аккумулятор полностью разрядился.	s_7085d1d39510.mp3	male
1927	יֵשׁ דְּלִיפַת שֶׁמֶן גְּדוֹלָה.	Есть большая утечка масла.	s_63b5a4c2dc35.mp3	male
1928	בַּנְּסִיעָה הַמָּנוֹעַ מִתְחַמֵּם מַהֵר.	Во время поездки мотор быстро нагревается.	s_adf1a30edd1a.mp3	male
1929	הִרְגַּשְׁתָּ רְעִידָה חֲזָקָה בַּהֶגֶה?	Ты почувствовал сильную вибрацию в руле?	s_60774e2a0b01.mp3	male
1930	כַּמָּה זֶה יַעֲלֶה בְּעֵרֶךְ?	Сколько это примерно будет стоить?	s_eb73d83d0516.mp3	male
1931	אֶפְשָׁר הַצָּעַת מְחִיר לְתִיקּוּן?	Можно расчет стоимости ремонта?	s_a057750adf59.mp3	male
1932	חֵלֶק מְקוֹרִי אוֹ חֲלִיפִי?	Деталь оригинальная или аналог?	s_81262baf3497.mp3	male
1933	כַּמָּה זְמַן יִקַּח הַתִּיקּוּן?	Сколько времени займет ремонт?	s_e8a4f25e395c.mp3	male
1934	הָרֶכֶב יִהְיֶה מוּכָן הַיּוֹם.	Машина будет готова сегодня.	s_e91ed534085e.mp3	male
1935	נִתְקַשֵּׁר כְּשֶׁזֶּה יִהְיֶה מוּכָן.	Мы позвоним, когда всё будет готово.	s_e2122de45b94.mp3	male
1936	עָשִׂיתִי טִיפּוּל עֲשֶׂרֶת אֲלָפִים.	Я сделал плановое техобслуживание.	s_ebc6842488a5.mp3	male
1937	סִיַּמְנוּ הֲכָנָה לְטֶסְט שְׁנָתִי.	Мы завершили подготовку к ежегодному техосмотру.	s_c1f6e60f0c2f.mp3	male
1938	הַיּוֹם הָרֶכֶב עָבַר טֶסְט!	Сегодня машина прошла техосмотр!	s_d97b3d3c4819.mp3	male
1939	יֵשׁ אַחְרָיוּת עַל הַתִּיקּוּן?	Есть ли гарантия на ремонт?	s_f7093e241d35.mp3	male
1940	זֹאת חֶבְרַת בִּיטּוּחַ טוֹבָה.	Это хорошая страховая компания.	s_5941292d78cc.mp3	male
1941	שַׁמַּאי הָרֶכֶב כְּבָר בָּדַק.	Автооценщик уже всё проверил.	s_fb42a74f0bfb.mp3	male
1942	מִילֵּאתָ דּוּ"חַ תְּאוּנָה מְפוֹרָט?	Ты заполнил подробный отчёт об аварии?	s_7c95f872fdf6.mp3	male
1943	הָרֶכֶב הוּא טוֹטָל-לוֹס.	Машина восстановлению не подлежит.	s_c2cab38bb189.mp3	male
1944	קִבַּלְתָּ חֶשְׁבּוֹנִית וְקַבָּלָה בַּמּוּסָךְ?	Ты получил квитанцию в автосервисе?	s_5fc1d3362c4b.mp3	male
1945	נְסִיעָה טוֹבָה וּבְטוּחָה לָכֶם!	Хорошей и безопасной поездки вам!	s_8343aedd763a.mp3	male
1946	הַיְּלָדִים יוֹשְׁבִים בַּמִּפְגָּשׁ.	Дети сидят на утреннем сборе.	s_e64425553f6d.mp3	male
1947	הַיְּלָדִים מְשַׂחֲקִים בֶּחָצֵר.	Дети играют во дворе.	s_944ec03596e9.mp3	male
1948	הַיֶּלֶד בּוֹנֶה בְּאַרְגַּז חוֹל.	Ребёнок строит в песочнице.	s_0dd32481ff36.mp3	male
1949	זֹאת מַגְלֵשָׁה גְּדוֹלָה מְאוֹד.	Это очень большая горка.	s_8f223dbf0310.mp3	male
1950	הִיא אוֹהֶבֶת אֶת הַנַּדְנֵדָה.	Она любит качели.	s_838f9ddcd7a5.mp3	female
1951	זֶה מִשְׂחָק חָדָשׁ בַּגַּן.	Это новая игра в детском саду.	s_7ca15b23db60.mp3	male
1952	הַיַּלְדָּה מְשַׂחֶקֶת עִם בּוּבָּה.	Девочка играет с куклой.	s_f205b3d6a2fa.mp3	female
1953	הֵם בּוֹנִים מִגְדָּל מִקּוּבִּיּוֹת.	Они строят башню из кубиков.	s_7147ced87312.mp3	male
1954	הַיְּלָדִים מְפַסְּלִים בִּפְלַסְטֶלִינָה וּבָצֵק.	Дети лепят из пластилина и теста.	s_ac71a0b478d9.mp3	male
1955	קַח צְבָעִים וּתְצַיֵּר יָפֶה.	Возьми цветные карандаши и красиво рисуй.	s_249afb95fa4e.mp3	male
1956	אֵלֶּה טוּשִׁים צִבְעוֹנִיִּים מְאוֹד.	Это очень яркие фломастеры.	s_450a48d3f602.mp3	male
1957	תֵּן לִי דֶּבֶק, בְּבַקָּשָׁה.	Дай мне клей, пожалуйста.	s_f09026cc0ea0.mp3	male
1958	אֵלֶּה מִסְפָּרַיִם בְּטוּחוֹת לִילָדִים.	Это безопасные ножницы для детей.	s_de72224c604e.mp3	male
1959	נְצַיֵּר עַל בְּרִיסְטוֹל גָּדוֹל.	Нарисуем на большом ватмане.	s_b0edd47fc10d.mp3	male
1960	צָרִיךְ לְהַחְלִיף לוֹ חִיתּוּל.	Нужно поменять ему подгузник.	s_31d7b63df9a0.mp3	male
1961	קַח מַגְבּוֹנִים לַחִים בַּתִּיק.	Возьми влажные салфетки в сумке.	s_790b73770258.mp3	male
1962	אֵיפֹה הַמּוֹצֵץ שֶׁל הַתִּינוֹק?	Где пустышка малыша?	s_e1b587661b36.mp3	male
1963	הַבַּקְבּוּק מָלֵא בְּמַיִם.	Бутылочка полна воды.	s_9d662bfa3e53.mp3	male
1964	הַיֶּלֶד יָשֵׁן עַל מִזְרָן.	Ребёнок спит на матрасе.	s_0e46fe6aa475.mp3	male
1965	הוּא מְחַבֵּק אֶת שְׂמִיכִי.	Он обнимает своё одеяльце.	s_40a6701128aa.mp3	female
1966	עַכְשָׁיו אוֹכְלִים אֲרוּחַת עֶשֶׂר.	Сейчас мы едим второй завтрак.	s_3aaf75227d55.mp3	male
1967	הַיּוֹם יֵשׁ קַבָּלַת שַׁבָּת.	Сегодня встреча Шаббата в саду.	s_1b07232f9bfd.mp3	male
1968	הֵבֵאתָ בְּגָדִים לְהַחְלָפָה לַגַּן?	Ты принёс сменную одежду в садик?	s_95ceba5bc5f0.mp3	male
1969	שִׂים מִשְׂחָקִים בַּסַּלְסִילָה הַזֹּאת.	Сложи игрушки в эту корзинку.	s_d12264857435.mp3	male
1970	בּוֹקֶר טוֹב לְכוּלָּם, יְלָדִים!	Доброе утро всем, дети!	s_f0194b721c78.mp3	male
1971	בּוֹאוּ נֵשֵׁב בְּמַעְגָּל עַכְשָׁיו.	Давайте сядем в круг сейчас.	s_a990d5d086cc.mp3	male
1972	יוֹסִי, תּוֹרְךָ עַכְשָׁיו לְשַׂחֵק.	Йоси, сейчас твоя очередь играть.	s_33ed72c64452.mp3	male
1973	לֹא לְהַרְבִּיץ, מְדַבְּרִים בְּמִילִּים!	Не драться, мы говорим словами!	s_9bd0fba959c0.mp3	male
1974	אֶפְשָׁר לְשַׁתֵּף בַּמִּשְׂחָק הַזֶּה?	Можно поделиться этой игрой?	s_9b3bb16f3c0e.mp3	male
1975	אַל תִּדְאַג, אִמָּא תָּבוֹא.	Не волнуйся, мама скоро придёт.	s_8d59a467db0c.mp3	male
1976	יְלָדִים, לְמִי יֵשׁ פִּיפִּי?	Дети, кто хочет в туалет?	s_ddcecf2b3f95.mp3	male
1977	עַכְשָׁיו אוֹסְפִים אֶת הַמִּשְׂחָקִים!	Сейчас собираем все игрушки!	s_648e514744cc.mp3	female
1978	שָׁטַפְתָּ יָדַיִם עִם סַבּוֹן?	Ты помыл руки с мылом?	s_b917ee7eb18e.mp3	male
1979	כָּל הַכָּבוֹד, אֵיזֶה יוֹפִי!	Молодец, какая красота!	s_1b3b7875cf3a.mp3	male
1980	בּוֹא נְנַגֵּב אֶת הַדְּמָעוֹת.	Давай вытрем слёзы.	s_9136391f4e73.mp3	female
1981	חִיבּוּק גָּדוֹל וְהַכֹּל עוֹבֵר!	Большое объятие — и всё пройдёт!	s_29284c7e7870.mp3	male
1982	עַכְשָׁיו זְמַן מְנוּחָה בַּגַּן.	Сейчас время отдыха в саду.	s_bf404099f9f8.mp3	male
1983	שִׂימוּ נַעֲלַיִם, יוֹצְאִים לֶחָצֵר!	Надевайте обувь, выходим во двор!	s_9edc283eea76.mp3	male
1984	זְהִירוּת עַל הַמַּגְלֵשָׁה הַזֹּאת!	Осторожно на этой горке!	s_513e976ae519.mp3	male
1985	מָה אָמַרְנוּ עַל חוֹל?	Что мы говорили о песке?	s_f4d5494dbd3e.mp3	male
1986	הוּא אָכַל יָפֶה מְאוֹד.	Он очень хорошо поел.	s_01f06e189a8e.mp3	male
1987	הִיא יָשְׁנָה שָׁעָה וָחֵצִי.	Она поспала полтора часа.	s_afa641c527bd.mp3	female
1988	הָיְתָה לוֹ מַכָּה קְטַנָּה.	У него был небольшой ушиб.	s_a60bbe9abc26.mp3	male
1989	צָרִיךְ לְהָבִיא חִיתּוּלִים לַגַּן.	Нужно принести подгузники в садик.	s_ae15ad36ba16.mp3	male
1990	נָא לְהָבִיא בְּגָדִים לְהַחְלָפָה.	Пожалуйста, принесите сменную одежду.	s_9f61eeedfce4.mp3	male
1991	הוּא אַבָּא שֶׁל שַׁבָּת.	Он — «папа Шаббата».	s_ad8ff92b0b84.mp3	male
1992	שַׁבָּת שָׁלוֹם לְכָל הַמִּשְׁפָּחָה!	Шаббат шалом всей семье!	s_a7a014fcd3bc.mp3	male
1993	נִתְרָאֶה מָחָר בַּבּוֹקֶר!	Увидимся завтра утром!	s_621c70905a87.mp3	male
1994	יֵשׁ לוֹ דַּלֶּקֶת רֵיאוֹת.	У него воспаление лёгких.	s_167a7e87b128.mp3	male
1995	יֵשׁ לָהּ דַּלֶּקֶת גָּרוֹן.	У неё воспаление горла.	s_e7ae505f76d7.mp3	male
1996	הִיא חוֹלָה בְּשַׁפַּעַת עַכְשָׁיו.	Она сейчас больна гриппом.	s_ad4e9870b7f5.mp3	female
1997	זֹאת רַק הִצְטַנְּנוּת קַלָּה.	Это просто лёгкая простуда.	s_b859b92997cf.mp3	male
1998	יֵשׁ זִיהוּם בַּפֶּצַע הַזֶּה.	В этой ране инфекция.	s_9e8fe8e3d993.mp3	male
1999	יֵשׁ לַיֶּלֶד חוֹם גָּבוֹהַּ.	У ребёнка высокая температура.	s_2fbbd44d9e20.mp3	male
2000	הָרוֹפֵא מָצָא שֶׁבֶר בָּרֶגֶל.	Врач обнаружил перелом в ноге.	s_21d47e3afcc1.mp3	male
2001	זֶה רַק נֶקַע קַל.	Это просто лёгкое растяжение связок.	s_0f2cd07102c4.mp3	male
2002	יֵשׁ לִי אַלֶּרְגְיָה לִתְרוּפוֹת.	У меня аллергия на лекарства.	s_cac5baf50e96.mp3	male
2003	יֵשׁ לוֹ מַחֲלַת סוּכֶּרֶת.	У него сахарный диабет.	s_aa8212b3f653.mp3	male
2004	לַחַץ הַדָּם שֶׁלּוֹ גָּבוֹהַּ.	Его кровяное давление высокое.	s_aa4d1b97bef6.mp3	male
2005	יֵשׁ לָהּ מִיגְרֶנָה חֲזָקָה.	У неё сильная мигрень.	s_322b386d28b3.mp3	male
2006	יֵשׁ לַיֶּלֶד פְּרִיחָה קַלָּה.	У ребёнка лёгкая сыпь.	s_e26a68215679.mp3	male
2007	יֵשׁ לוֹ קוֹצֶר נְשִׁימָה.	У него одышка.	s_a8194b9b4e66.mp3	male
2008	הַתְּרוּפָה הַזֹּאת עוֹזֶרֶת לְצָרֶבֶת.	Это лекарство помогает от изжоги.	s_e1d730881dc2.mp3	male
2009	מַיִם עוֹזְרִים נֶגֶד עֲצִירוּת.	Вода помогает против запора.	s_25aae4239193.mp3	male
2010	יֵשׁ לוֹ שִׁלְשׁוּל וְחוֹם.	У него понос и температура.	s_a2e2dd34e754.mp3	male
2011	זֹאת כְּוִיָּה קַלָּה בַּיָּד.	Это лёгкий ожог на руке.	s_b65e1c9f5eb0.mp3	male
2012	הָרוֹפֵא חָבַשׁ אֶת הַפֶּצַע.	Врач перевязал рану.	s_777a8529783f.mp3	female
2013	הוּא עָבַר שָׁבָץ מוֹחִי.	Он перенёс инсульт.	s_36b1b04415aa.mp3	male
2014	הָיָה לוֹ הֶתְקֵף לֵב.	У него был сердечный приступ.	s_7b424e1269b9.mp3	male
2015	יֵשׁ לָהּ הַרְעָלַת קֵיבָה.	У неё пищевое отравление.	s_42002c6db732.mp3	male
2016	הִיא סוֹבֶלֶת מֵחֲרָדָה עַכְשָׁיו.	Она сейчас страдает от тревожности.	s_87684f6d6a8e.mp3	female
2017	צָרִיךְ לַעֲשׂוֹת בְּדִיקַת שֶׁתֶן.	Нужно сделать анализ мочи.	s_bd94002b249b.mp3	male
2018	הָרוֹפֵא עָשָׂה אוּלְטְרָסָאוּנְד הַיּוֹם.	Врач сделал УЗИ сегодня.	s_a804fc661553.mp3	male
2019	עָשִׂיתִי בְּדִיקַת סִי-טִי הַיּוֹם.	Я сделал КТ-обследование сегодня.	s_495dc7bf7063.mp3	male
2020	יֵשׁ לִי הַפְנָיָה לְמוּמְחֶה.	У меня есть направление к специалисту.	s_4bbd7f715551.mp3	male
2021	שָׂמוּ לוֹ גֶּבֶס עַכְשָׁיו.	Ему наложили гипс сейчас.	s_7086d3c2f3c2.mp3	male
2022	הָרוֹפֵא הוֹרִיד אֶת הַתְּפָרִים.	Врач снял швы.	s_e04301cd22e2.mp3	female
2023	הַחוֹלֶה מְקַבֵּל עֵירוּי עַכְשָׁיו.	Пациент сейчас получает капельницу.	s_fa4f4463dd47.mp3	male
2024	הָלַכְנוּ אֶל רוֹפֵא יְלָדִים.	Мы пошли к педиатру.	s_68f9b6e2b3dc.mp3	male
2025	אֲנִי צָרִיךְ תְּעוּדַת מַחֲלָה.	Мне нужен больничный лист.	s_5fb9c9bc338e.mp3	male
2026	הָרוֹפֵא נִכְנַס לַחֲדַר נִיתּוּחַ.	Врач зашёл в операционную.	s_f301db757cbd.mp3	male
2027	עָשִׂינוּ בְּדִיקָה מַקְדִּימָה הַיּוֹם.	Мы прошли предварительное обследование сегодня.	s_13342f43fe26.mp3	male
2028	קָבַעְתִּי תּוֹר לָרוֹפֵא הַיּוֹם.	Я записался на приём к врачу сегодня.	s_edc60e9416cb.mp3	male
2029	בַּמֶּה אוּכַל לַעֲזוֹר לְךָ?	Чем я могу вам помочь?	s_a5e645a472c0.mp3	male
2030	אֵיפֹה בְּדִיּוּק כּוֹאֵב לְךָ?	Где именно у вас болит?	s_5d49d15a87ea.mp3	male
2031	כַּמָּה זְמַן מַרְגִּישׁ כָּכָה?	Сколько времени вы так себя чувствуете?	s_0cffc07e5835.mp3	male
2032	תִּנְשׁוֹם עָמוֹק וְתַחֲזִיק.	Вдохните глубоко и задержите дыхание.	s_05f5f36425d3.mp3	male
2033	תִּפְתַּח אֶת הַפֶּה, בְּבַקָּשָׁה.	Откройте рот, пожалуйста.	s_72016de8b811.mp3	female
2034	תִּשְׁכַּב עַל מִיטַּת הַבְּדִיקָה.	Ложитесь на смотровую кушетку.	s_2be5a927d1b9.mp3	male
2035	יֵשׁ לְךָ רְגִישׁוּת לִתְרוּפוֹת?	У вас есть аллергия на лекарства?	s_adc58fbc6f81.mp3	male
2036	זֶה נִרְאֶה כְּמוֹ דַּלֶּקֶת.	Это выглядит как воспаление.	s_028f4069d6cf.mp3	male
2037	אֲנִי רוֹשֵׁם לְךָ אַנְטִיבִּיּוֹטִיקָה.	Я выписываю вам антибиотик.	s_30898865c69a.mp3	male
2038	חָשׁוּב לִשְׁתּוֹת הַרְבֵּה מַיִם.	Важно пить много воды.	s_e717cb6e8278.mp3	male
2039	תִּשָּׁאֵר בַּמִּיטָּה שְׁלוֹשָׁה יָמִים.	Оставайся в постели три дня.	s_f768b0aa7534.mp3	male
2040	הִנֵּה הַפְנָיָה לִבְדִיקַת דָּם.	Вот направление на анализ крови.	s_67cd505fbd08.mp3	male
2041	תַּחְזוֹר אֵלַי עִם הַתּוֹצָאוֹת.	Вернись ко мне с результатами.	s_8428e67890ae.mp3	male
2042	תִּיגַּשׁ לַמִּיּוּן בִּגְלַל הַחוֹם.	Обратись в приёмный покой из-за температуры.	s_9a9f9f20b242.mp3	male
2043	הַמַּצָּב שֶׁלְּךָ מִשְׁתַּפֵּר יָפֶה.	Твоё состояние хорошо улучшается.	s_6949db1fd031.mp3	male
2044	לֹא לַעֲשׂוֹת מַאֲמָץ גּוּפָנִי!	Не совершать физических усилий!	s_aee8e53d587b.mp3	male
2045	אַל תִּדְאַג, הַכּוֹל בְּסֵדֶר.	Не волнуйся, всё в порядке.	s_199bc231afa1.mp3	male
2046	רְפוּאָה שְׁלֵמָה וְתַרְגִּישׁ טוֹב!	Скорейшего выздоровления и чувствуй себя хорошо!	s_6c1a9ba084b6.mp3	male
2047	אֲנִי צָרִיךְ תְּעוּדַת מַחֲלָה.	Мне нужна справка о болезни.	s_5fb9c9bc338e.mp3	male
2048	קַח תְּרוּפָה עִם אוֹכֶל.	Прими лекарство с едой.	s_f6daa78a4b70.mp3	male
2049	יֵשׁ לַתְּרוּפָה תּוֹפָעוֹת לְוַאי?	У этого лекарства есть побочные эффекты?	s_04c713235805.mp3	male
2050	צָרִיךְ לְהַרְבּוֹת בִּמְנוּחָה בַּבַּיִת.	Нужно больше отдыхать дома.	s_fb5aa0a160e3.mp3	male
2051	עָלֵינוּ לְשַׁלֵּם מַעַ״מ הַחוֹדֶשׁ.	Мы должны заплатить НДС в этом месяце.	s_ffde344978de.mp3	male
2052	הוּא מְשַׁלֵּם מַס בְּרִיאוּת.	Он платит налог на здравоохранение.	s_7d24acff750b.mp3	male
2053	שִׁילַּמְנוּ מִקְדָּמוֹת לְמַס הַכְנָסָה.	Мы заплатили авансы в подоходный налог.	s_9fe7dcb2c8ac.mp3	male
2054	יֵשׁ נִיכּוּי בַּמָּקוֹר מֵהַשָּׂכָר.	Есть удержание у источника из зарплаты.	s_8f3ba7a15c92.mp3	male
2055	יֵשׁ לָהּ נְקוּדּוֹת זִיכּוּי.	У неё есть льготные налоговые баллы.	s_7cc5de7a9839.mp3	male
2056	קִבַּלְתִּי הֶחְזֵר מַס גָּדוֹל.	Я получил большой возврат налога.	s_d09635fc79f3.mp3	male
2057	שְׁנַת מַס חֲדָשָׁה הִתְחִילָה.	Начался новый налоговый год.	s_bb963667de48.mp3	male
2058	זֹאת הוֹצָאָה מוּכֶּרֶת לְמַס.	Это признанный налогом расход.	s_6b8f917626fc.mp3	male
2059	זֹאת הוֹצָאָה עִסְקִית הֶכְרֵחִית.	Это необходимый деловой расход.	s_9e6efa3af827.mp3	male
2060	חִשַּׁבְנוּ אֶת הַפְּחָת הַשְּׁנָתִי.	Мы рассчитали годовую амортизацию.	s_951d262d91ce.mp3	female
2061	הוּא שִׁילֵּם קְנָס כָּבֵד.	Он заплатил большой штраф.	s_76f0883874d4.mp3	male
2062	הִגִּיעָה שׁוּמַת מַס סוֹפִית.	Пришло окончательное налоговое извещение.	s_c6c225874f35.mp3	male
2063	פְּקִיד שׁוּמָה בָּדַק אוֹתָנוּ.	Налоговый инспектор проверил нас.	s_6fc15fc2cc5f.mp3	male
2064	הִגַּשְׁנוּ הַצְהָרַת הוֹן בַּזְּמַן.	Мы подали декларацию о капитале вовремя.	s_10733964f1e4.mp3	male
2065	יֵשׁ לוֹ פְּטוֹר מִמַּס.	У него есть освобождение от налога.	s_527e074d6f1e.mp3	male
2066	הוּא שִׁילֵּם מַס שֶׁבַח.	Он заплатил налог на прирост стоимости недвижимости.	s_5d41a2f40b23.mp3	male
2067	הַחֶבְרָה מְשַׁלֶּמֶת מַס חֲבָרוֹת.	Компания платит корпоративный налог.	s_51fcd33495ca.mp3	male
2068	זֹאת קֶרֶן פֶּנְסְיָה מְצוּיֶּנֶת.	Это отличный пенсионный фонд.	s_d3d5dfb4ff60.mp3	male
2069	הִיא קִבְּלָה פִּיצּוּיֵי פִּיטּוּרִין.	Она получила выходное пособие.	s_0bfe08f672e6.mp3	female
2070	יֵשׁ תִּקְרַת הַכְנָסָה שְׁנָתִית.	Есть годовой потолок дохода.	s_fb9c6672b55f.mp3	male
2071	הוֹצֵאתִי חֶשְׁבּוֹנִית מַס לַלָּקוֹחַ.	Я выписал клиенту налоговую накладную.	s_ddc8b355dd30.mp3	male
2072	נִשְׁלְחָה חֶשְׁבּוֹנִית מַס קַבָּלָה.	Была отправлена квитанция-накладная.	s_c31b600c7901.mp3	male
2073	קִבַּלְנוּ חֶשְׁבּוֹנִית עִסְקָה לִתְשְׁלוּם.	Мы получили счёт на оплату.	s_28526ef22bbf.mp3	male
2074	הוּפְקָה הוֹדָעַת זִיכּוּי לַלָּקוֹחַ.	Была выпущена кредит-нота клиенту.	s_0d40d1e5cf7b.mp3	male
2075	בָּדַקְתִּי אֶת תְּלוּשׁ הַשָּׂכָר.	Я проверил расчетный лист.	s_ce48ecdd91d0.mp3	female
2076	מִילֵּאתִי טוֹפֶס 101 הַיּוֹם.	Я заполнил бланк 101 сегодня.	s_d4e6330b6396.mp3	male
2077	קִבַּלְתִּי טוֹפֶס 106 מֵהַמַּעֲסִיק.	Я получил форму 106 от работодателя.	s_5d96e15b3203.mp3	male
2078	הוּא נִרְשַׁם כְּעוֹסֵק פָּטוּר.	Он зарегистрировался как освобождённый предприниматель.	s_48c8c3e0c824.mp3	male
2079	הִיא נִרְשְׁמָה כְּעוֹסֵק מוּרְשֶׁה.	Она зарегистрировалась как лицензированный предприниматель.	s_612adc4d0c4c.mp3	female
2080	הֵם הֵקִימוּ חֶבְרָה בְּעָ״מ.	Они открыли компанию ООО.	s_6778bce19788.mp3	male
2081	רוֹאֵה הַחֶשְׁבּוֹן הֵכִין מַאֲזָן.	Бухгалтер подготовил баланс.	s_34556d8d4685.mp3	male
2082	בָּדַקְנוּ דּוּ״חַ רֶוַח וְהֶפְסֵד.	Мы проверили отчет о прибылях и убытках.	s_9f7acd54108b.mp3	male
2083	יֵשׁ תַּזְרִים מְזוּמָּנִים חִיּוּבִי.	Есть положительный денежный поток.	s_fcfe475c999b.mp3	male
2084	לַחֶבְרָה יֵשׁ נְכָסִים רַבִּים.	У компании много активов.	s_1a7094598688.mp3	male
2085	יֵשׁ לָנוּ הִתְחַיְּבוּיוֹת גְּדוֹלוֹת.	У нас большие финансовые обязательства.	s_64e070536497.mp3	male
2086	הַבַּנְק אִישֵּׁר אַשְׁרַאי נוֹסָף.	Банк утвердил дополнительный кредит.	s_3ef6ed3a88b0.mp3	male
2087	יֵשׁ לָנוּ מִינוּס בַּבַּנְק.	У нас минус в банке.	s_008e5b2949b5.mp3	male
2088	בַּחֶשְׁבּוֹן יֵשׁ יִתְרַת זְכוּת.	На счёте есть положительный баланс.	s_807f3f5743c9.mp3	male
2089	נָא לְהַעֲבִיר אֶת הַקַּבָּלוֹת.	Пожалуйста, передайте квитанции.	s_66eb5f1b8670.mp3	female
2090	זֹאת הוֹצָאָה גְּדוֹלָה מְאוֹד.	Это очень большой расход.	s_8dd3be23ce8a.mp3	male
2091	חֲסֵרָה לִי חֶשְׁבּוֹנִית אַחַת.	Мне не хватает одной квитанции.	s_2bbe6fbc90c1.mp3	male
2092	צָרִיךְ לַעֲשׂוֹת תֵּיאוּם מַס.	Нужно сделать согласование налога.	s_03e3aad4bf3c.mp3	male
2093	הַדּוּ״חַ הַשְּׁנָתִי הוּגַשׁ הַיּוֹם.	Годовой отчёт был подан сегодня.	s_ebcceb89c453.mp3	male
2094	יֵשׁ לְשַׁלֵּם אֶת הַמַּעַ״מ.	Нужно заплатить НДС.	s_0d04b1a60353.mp3	female
2095	הַאִם יֵשׁ לְךָ תְּעוּדָה?	Есть ли у тебя удостоверение?	s_63aea87233c0.mp3	male
2096	יֵשׁ לָנוּ הַכְנָסָה טוֹבָה.	У нас хороший доход.	s_a99599cd474c.mp3	male
2097	זֶה תַּפְקִיד חָשׁוּב מְאוֹד.	Это очень важная должность.	s_564efcef80ee.mp3	male
2098	זֶה מַתְאִים לִי מְאוֹד.	Это мне очень подходит.	s_90726ed7e69b.mp3	male
2099	צָרִיךְ לְעַדְכֵּן אֶת הַפְּרָטִים.	Нужно обновить данные.	s_fd1faad731ff.mp3	female
2100	קִבַּלְתָּ מִכְתָּב מֵהַבַּנְק?	Ты получил письмо из банка?	s_827d998d84bb.mp3	male
2101	הַחֶשְׁבּוֹן שֶׁלְּךָ כְּבָר סָגוּר.	Твой счёт уже закрыт.	s_ac3b67cbe29f.mp3	male
2102	אֶפְשָׁר לִפְרוֹס אֶת הַתַּשְׁלוּם.	Можно разбить платёж на части.	s_7c1330fc2266.mp3	female
2103	נָא לַחְתּוֹם עַל הַטּוֹפֶס.	Пожалуйста, подпишите бланк.	s_867059813d9f.mp3	male
2104	הַשָּׂכָר שֶׁלִּי מְאוֹד טוֹב.	Моя зарплата очень хорошая.	s_67abd488b6a8.mp3	male
2105	יֵשׁ לְךָ נְקוּדַּת זִיכּוּי.	У тебя есть льготный балл.	s_10a7283ca14b.mp3	male
2106	מָה הָרֶוַח שֶׁל הַשָּׁנָה?	Какова прибыль за этот год?	s_6a1e3b80a7d2.mp3	male
2107	צָרִיךְ לִשְׁמוֹר אֶת הַקַּבָּלוֹת.	Нужно сохранять квитанции.	s_aa074c9ecd7e.mp3	female
2108	זֶה נִכְנָס תַּחַת הַהוֹצָאוֹת.	Это входит в статью расходов.	s_4b77bcf1ac9e.mp3	male
2109	הַבַּנְק מְבַקֵּשׁ אֶת הַדּוּ״חַ.	Банк запрашивает отчёт.	s_5312eb084db3.mp3	female
2110	יֵשׁ לְהַגִּישׁ אֶת הַהַצְהָרָה.	Нужно подать декларацию.	s_9f133c7b30ab.mp3	female
2111	שָׁנָה טוֹבָה וּמוּצְלַחַת לְכוּלָּם!	Хорошего и успешного года всем!	s_9e365d897858.mp3	male
2112	אֲנַחְנוּ מְטַפְּלִים בַּכּוֹל עַכְשָׁיו.	Мы занимаемся всем сейчас.	s_a132f55e5d5d.mp3	male
2113	הַסִּפְרִיָּה פְּתוּחָה כָּל הַיּוֹם.	Библиотека открыта весь день.	s_706fc0081cee.mp3	male
2114	הַסַּפְרָן עוֹזֵר לַקּוֹרְאִים שָׁם.	Библиотекарь помогает читателям там.	s_f23a47f5dfa2.mp3	male
2115	יֵשׁ לְךָ כַּרְטִיס קוֹרֵא?	У тебя есть читательский билет?	s_2a647c1cfb53.mp3	male
2116	זֶה דַּלְפַּק הַשְׁאָלָה רָאשִׁי.	Это главная стойка выдачи книг.	s_e018eebca2aa.mp3	male
2117	חֲדַר הָעִיּוּן שָׁקֵט מְאוֹד.	Читальный зал очень тихий.	s_9b8887a8e03e.mp3	male
2118	מַחְסַן הַסְּפָרִים גָּדוֹל מְאוֹד.	Книгохранилище очень большое.	s_822c09bd06e9.mp3	male
2119	הַכּוֹנָנִית מְלֵאָה סְפָרִים חֲדָשִׁים.	Стеллаж полон новых книг.	s_8599947fbc88.mp3	male
2120	חַפֵּשׂ בַּקָּטָלוֹג הַמְּמוּחְשָׁב הַזֶּה.	Поищи в этом электронном каталоге.	s_33398ee689c1.mp3	male
2121	מָה סִימַן הַמַּדָּף שֶׁלּוֹ?	Какой у неё полочный шифр?	s_a73d4c86be20.mp3	male
2122	בְּדוֹק אֶת הַמִּסְתַּ״ב שֶׁלּוֹ.	Проверь его ISBN.	s_41764c8a13b4.mp3	female
2123	הַסּוֹרֵק לֹא קוֹרֵא בַּרְקוֹד.	Сканер не считывает штрихкод.	s_ddd7c55d85d1.mp3	male
2124	זֹאת מַהֲדוּרָה חֲדָשָׁה מְאוֹד.	Это очень новое издание.	s_08cba99097dd.mp3	male
2125	הַכֶּרֶךְ הַזֶּה עָבֶה מְאוֹד.	Этот том очень толстый.	s_9271e877b8b8.mp3	male
2126	זֶה סֵפֶר עִיּוּן מְעַנְיֵן.	Это интересная научно-популярная книга.	s_0d1d2f9f3926.mp3	male
2127	אֲנִי אוֹהֵב סִפְרוּת יָפָה.	Я люблю художественную литературу.	s_dcacdfb5f624.mp3	male
2128	הַשְּׁנָתוֹן הַזֶּה חָדָשׁ מְאוֹד.	Этот ежегодник очень новый.	s_8cdb1a28e784.mp3	male
2129	יֵשׁ אֶנְצִיקְלוֹפֶּדְיָה עַל הַמַּדָּף.	На полке есть энциклопедия.	s_a13ac3d22d32.mp3	male
2130	אֲנִי פּוֹתֵחַ אֶת הַמִּילּוֹן.	Я открываю словарь.	s_8c891bc99c23.mp3	male
2131	יֵשׁ לַסֵּפֶר כְּרִיכָה קָשָׁה.	У книги твёрдый переплёт.	s_dc9a5f940195.mp3	male
2132	דִּיווַּחְנוּ עַל אוֹבְדַן סֵפֶר.	Мы сообщили об утере книги.	s_1c9ed69b9682.mp3	male
2133	שִׁילַּמְתִּי קְנַס אִיחוּר בַּסִּפְרִיָּה.	Я заплатил штраф за просрочку в библиотеке.	s_7e1586c1945e.mp3	male
2134	זֹאת הַשְׁאָלָה בֵּין־סִפְרִיָּתִית מְהִירָה.	Это быстрый межбиблиотечный абонемент.	s_74d75f309642.mp3	male
2135	הַמִּסְמָךְ נִמְצָא בָּאַרְכִיּוֹן.	Документ находится в архиве.	s_1d6c679fdb9d.mp3	male
2136	הָאַרְכִיבַאי מָצָא אֶת הַתִּיק.	Архивист нашёл папку.	s_ba14aea30c0c.mp3	female
2137	הַמֵּידְעָן מוֹצֵא מֵידָע חָשׁוּב.	Специалист по информации находит важную информацию.	s_2d6a684d0a0a.mp3	male
2138	זֹאת חֲטִיבָה גְּדוֹלָה בָּאִרְגּוּן.	Это крупный отдел в организации.	s_afa375f3f6f3.mp3	male
2139	פָּתַחְתִּי תִּיק חָדָשׁ בָּאַרְכִיּוֹן.	Я открыл новую папку в архиве.	s_2f9d2e8432f1.mp3	male
2140	הַפְּרוֹטוֹקוֹל נֶחְתַּם הַיּוֹם בַּבּוֹקֶר.	Протокол был подписан сегодня утром.	s_be7e9141457f.mp3	male
2141	קָרָאתִי אֶת כָּל הַתִּכְתּוֹבֶת.	Я прочитал всю переписку.	s_94ed8ad51f66.mp3	female
2142	זֶה תַּצְלוּם הִיסְטוֹרִי יָפֶה.	Это красивый исторический снимок.	s_15d507512ea6.mp3	male
2143	חִפַּשְׂנוּ מֵידָע עַל מִיקְרוֹפִילְם.	Мы искали информацию на микрофильме.	s_ada3a61706d8.mp3	male
2144	חִפַּשְׂתִּי בְּמַאֲגַר הַמֵּידָע הַזֶּה.	Я искал в этой базе данных.	s_f61b118b30da.mp3	male
2145	הַמִּסְמָךְ נִשְׁמַר בַּגְּנִיזָה.	Документ хранился в генизе.	s_3b626e4968cd.mp3	male
2146	יֵשׁ תְּקוּפַת שְׁמִירָה אֲרוּכָּה.	Есть долгий срок хранения.	s_dde395e351e1.mp3	male
2147	אֵין בִּיעוּר מִסְמָכִים הַשָּׁנָה.	В этом году нет уничтожения документов.	s_ccd946d3d01e.mp3	male
2148	שַׂמְתִּי הַכֹּל בְּקוּפְסַת אַרְכִיּוֹן.	Я положил всё в архивный короб.	s_fc55f61efb73.mp3	male
2149	הִשְׁוֵויתִי בֵּין מָקוֹר וְהֶעְתֵּק.	Я сравнил оригинал и копию.	s_2a4ea58bb56f.mp3	male
2150	יֵשׁ נְגִישׁוּת מְלֵאָה לַצִּבּוּר.	Есть полный доступ для общественности.	s_ee2d2ce4bae2.mp3	male
2151	עָשִׂינוּ סְרִיקָה בְּרֶזוֹלוּצְיָה גְּבוֹהָה.	Мы сделали сканирование в высоком разрешении.	s_7934df432390.mp3	male
2152	הַמִּסְמָךְ עָבַר שִׁימּוּר נְיָיר.	Документ прошёл консервацию бумаги.	s_84ac63c1277c.mp3	male
2153	בָּדַקְנוּ אֶת הָאִינְוֶונְטָר בָּאַרְכִיּוֹן.	Мы проверили инвентарную опись в архиве.	s_5c2cb68d3a7c.mp3	female
2154	לָמַדְנוּ אֶת חוֹק הָאַרְכִיּוֹנִים.	Мы изучили закон об архивах.	s_81d80fe659ea.mp3	female
2155	שָׁמַרְנוּ עַל זְכוּיוֹת יוֹצְרִים.	Мы соблюдали авторские права.	s_4a8fae439268.mp3	male
2156	אֵיךְ אֲנִי יָכוֹל לַעֲזוֹר?	Как я могу помочь?	s_65fddd4ec9c0.mp3	male
2157	הַסֵּפֶר נִמְצָא בַּקּוֹמָה הַשְּׁנִיָּיה.	Книга находится на втором этаже.	s_e7a8ae38c6f8.mp3	male
2158	תּוּכַל לְחַפֵּשׂ בַּקָּטָלוֹג הַמְּמוּחְשָׁב.	Вы сможете поискать в компьютерном каталоге.	s_49c9c9e86f90.mp3	male
2159	אֶפְשָׁר לְהַאֲרִיךְ אֶת הַהַשְׁאָלָה?	Можно продлить абонемент?	s_ff9858ec8c16.mp3	female
2160	הַסֵּפֶר הַזֶּה מוּשְׁאָל כָּרֶגַע.	Эта книга сейчас выдана.	s_1d2c542b2b9c.mp3	male
2161	יֵשׁ לָנוּ גִּרְסָה דִּיגִיטָלִית.	У нас есть цифровая версия.	s_7c839ef7d8ec.mp3	male
2162	נָא לִשְׁמוֹר עַל הַשֶּׁקֶט.	Пожалуйста, соблюдайте тишину.	s_f4a712dad6cf.mp3	male
2163	פָּתַחְתִּי כַּרְטִיס קוֹרֵא חָדָשׁ.	Я открыл новый читательский билет.	s_8837b260c0bf.mp3	male
2164	אֵיפֹה מַחְלֶקֶת כִּתְבֵי הָעֵת?	Где отдел периодических изданий?	s_7ad06d975f88.mp3	male
2165	הַתִּיק דּוֹרֵשׁ הַזְמָנָה מֵרֹאשׁ.	Папка требует предварительного заказа.	s_fa0206fc40f1.mp3	male
2166	יֵשׁ לַעֲטוֹת כְּפָפוֹת בָּאַרְכִיּוֹן.	Следует надеть перчатки в архиве.	s_e795ab2d64b2.mp3	male
2167	מוּתָּר לִסְרוֹק אֶת הַמִּסְמָךְ?	Разрешено сканировать документ?	s_edbac6bcecd2.mp3	female
2168	הַחוֹמֶר פָּתוּחַ לְעִיּוּן חוֹקְרִים.	Материал открыт для ознакомления исследователей.	s_7da7ceb9fd04.mp3	male
2169	הַתִּיק תַּחַת תְּקוּפַת חִיסָּיוֹן.	Папка находится под грифом секретности.	s_74c7247d484a.mp3	male
2170	מָתַי לְהַחְזִיר אֶת הַסְּפָרִים?	Когда вернуть книги?	s_228f2b16c34b.mp3	female
2171	יֵשׁ לְךָ קְנָס קָטָן.	У вас есть небольшой штраф.	s_ccc9f3e89a12.mp3	male
2172	הִזְמַנּוּ סֵפֶר בְּהַשְׁאָלָה בֵּין-סִפְרִיָּיתִית.	Мы заказали книгу по межбиблиотечному абонементу.	s_3e22c6e5a7da.mp3	male
2173	הַסֵּפֶר אֵינוֹ לְהַשְׁאָלָה הַבַּיְתָה.	Книга не выдаётся на дом.	s_947d80868bfc.mp3	male
2174	תּוּכַל לְהַדְפִּיס אֶת הַמַּאֲמָר.	Вы сможете распечатать статью.	s_b3f916f0155c.mp3	female
2175	אָנוּ מְבַצְּעִים פְּרוֹיֶקְט דִּיגִיטַצְיָה.	Мы осуществляем проект оцифровки.	s_bd9227f4b99c.mp3	male
2176	הַסֵּפֶר עוֹבֵר שִׁיקוּם וּכְרִיכָה.	Книга проходит реставрацию и переплёт.	s_f0be117af6bd.mp3	male
2177	הִנֵּה הַשִּׁיפֶר שֶׁל הַסֵּפֶר.	Вот шифр книги.	s_595500268f45.mp3	male
2178	מִלֵּאתִי טוֹפֶס בַּקָּשַׁת עִיּוּן.	Я заполнил бланк запроса на ознакомление.	s_bb9e854f40f1.mp3	male
2179	כָּל הַמֵּידָע שָׁמוּר בְּשָׁרָת.	Вся информация сохранена на сервере.	s_2f0daab03c79.mp3	male
2180	עֲבוֹדַת הַמֶּחְקָר שֶׁלְּךָ מְרַתֶּקֶת.	Ваша исследовательская работа увлекательна.	s_de4d44ca0d03.mp3	male
2181	הַגַּרְנִיק עוֹבֵד בְּלַחַץ גָּבוֹהַּ.	Аппарат высокого давления работает под высоким давлением.	s_75e30debe9bd.mp3	male
2182	הוּא מְרַסֵּס קֶצֶף פָּעִיל.	Он распыляет активную пену.	s_28d834d615df.mp3	male
2183	זֶה שַׁמְפּוּ לָרֶכֶב אֵיכוּתִי.	Это качественный автошампунь.	s_419535f13008.mp3	male
2184	נִגַּבְתִּי עִם מַטְלִית מִיקְרוֹפַיְיבֶּר.	Я протёр салфеткой из микрофибры.	s_57b48a5623c6.mp3	male
2185	הוּא מִשְׁתַּמֵּשׁ בְּמַגֵּב גּוּמִי.	Он использует резиновый водосгон.	s_586f4dcef87a.mp3	male
2186	נַקֵּה עִם סְפוֹג רְחִיצָה.	Помой губкой для мытья.	s_6e37b4cb0e94.mp3	male
2187	הַשּׁוֹאֵב אָבָק הַזֶּה חָזָק.	Этот пылесос мощный.	s_fc04b3f18638.mp3	male
2188	הַמַּדְחֵס פּוֹעֵל בְּלַחַץ גָּבוֹהַּ.	Компрессор работает под высоким давлением.	s_29cc08a862ba.mp3	male
2189	מָרַחְנוּ וַקְס עַל הָרֶכֶב.	Мы нанесли воск на машину.	s_49c2723a1805.mp3	male
2190	עָשִׂינוּ פּוֹלִישׁ יָסוֹדִי לָרֶכֶב.	Мы сделали основательную полировку машины.	s_0b952117a10c.mp3	male
2191	הִשְׁתַּמַּשְׁתִּי בְּמַבְרִיק צְמִיגִים חָדָשׁ.	Я использовал новый чернитель шин.	s_3b061747fd5f.mp3	male
2192	מִלֵּאתִי נוֹזֵל שְׁמָשׁוֹת בַּמְּכוֹנִית.	Я залил омыватель стёкол в машину.	s_3021ad9391ad.mp3	male
2193	רִסַּסְתִּי מֵסִיר שׁוּמָנִים עַכְשָׁו.	Я распылил обезжириватель сейчас.	s_90828f9e948f.mp3	male
2194	מֵסִיר חֲרָקִים מְנַקֶּה מְצוּיָן.	Очиститель насекомых чистит отлично.	s_858dc424073a.mp3	male
2195	קָנִינוּ מְנַקֵּה רִפּוּדִים חָזָק.	Мы купили сильный очиститель обивки.	s_cbee83f5ae12.mp3	male
2196	הַתַּרְסִיס לַדֶּשְׁבּוֹרְד מַבְרִיק מְאוֹד.	Спрей для приборной панели очень блестит.	s_251e41a229ac.mp3	male
2197	תָּלִיתִי עֵץ רֵיחַ בָּרֶכֶב.	Я повесил ароматизатор-ёлочку в машине.	s_5944e151318a.mp3	male
2198	לָבַשְׁתִּי כְּפָפוֹת גּוּמִי עָבוֹת.	Я надел плотные резиновые перчатки.	s_bef4303b356e.mp3	male
2199	נָעַלְתִּי מַגָּפֵי גּוּמִי גְּבוֹהִים.	Я надел высокие резиновые сапоги.	s_a7abe99e3534.mp3	male
2200	הָעוֹבֵד לוֹבֵשׁ סִינָר מָגֵן.	Работник носит защитный фартук.	s_9a1e944c7dea.mp3	male
2201	זֹאת מִבְרֶשֶׁת גַּ׳נְטִים מְיוּחֶדֶת.	Это специальная щётка для дисков.	s_b6889f1454ee.mp3	male
2202	חִבַּרְתִּי אֶת צִנּוֹר הַמַּיִם.	Я подключил водяной шланг.	s_4e2c6ee887c2.mp3	female
2203	הֶאֶקְדַּח שׁוֹטֵף בְּלַחַץ חָזָק.	Пистолет моет под сильным давлением.	s_0a22c6648aa3.mp3	male
2204	נִכְנַסְנוּ אֶל מִנְהֶרֶת שְׁטִיפָה.	Мы заехали в туннельную автомойку.	s_9cc52682ec39.mp3	male
2205	מְיַבֵּשׁ פֶּן מְיַבֵּשׁ מַהֵר.	Фен-сушилка сушит быстро.	s_50cbfe4b1f41.mp3	male
2206	הִזְמַנְתִּי שְׁטִיפָה חִיצוֹנִית לָרֶכֶב.	Я заказал наружную мойку автомобиля.	s_a9133876a39f.mp3	male
2207	עָשִׂינוּ נִקּוּי פְּנִימִי שָׁלֵם.	Мы сделали полную внутреннюю чистку.	s_1119beb36b94.mp3	male
2208	הָרֶכֶב עָבַר שְׁטִיפָה מַקִּיפָה.	Автомобиль прошёл комплексную мойку.	s_c08373f86335.mp3	male
2209	נִקִּינוּ אֶת הַשִּׁמְשָׁה הַקִּדְמִית.	Мы вымыли лобовое стекло.	s_f043109f19db.mp3	female
2210	הַשִּׁמְשָׁה הָאֲחוֹרִית נְקִיָּה כָּעֵת.	Заднее стекло сейчас чистое.	s_d5320066bf3a.mp3	male
2211	תִּסְגּוֹר אֶת חַלּוֹן הַצַּד.	Закрой боковое окно.	s_b9d57c093490.mp3	female
2212	קִפַּלְתִּי אֶת הַמַּרְאָה הַצְּדָדִית.	Я сложил боковое зеркало.	s_defdc0c9bfed.mp3	female
2213	שָׁאַבְנוּ אֶת שְׁטִיחֵי הָרֶכֶב.	Мы пропылесосили автомобильные коврики.	s_b913cf0ee336.mp3	female
2214	רָחַצְנוּ אֶת שְׁטִיחֵי הַגּוּמִי.	Мы вымыли резиновые коврики.	s_e7235d010a5c.mp3	female
2215	שְׁטִיחֵי בַּד דּוֹרְשִׁים שְׁאִיבָה.	Тканевые коврики требуют чистки пылесосом.	s_5a0e8f0b317c.mp3	male
2216	הָרִפּוּדִים בָּרֶכֶב נְקִיִּים מְאוֹד.	Обивка в машине очень чистая.	s_0cade08e685c.mp3	male
2217	נִקִּינוּ אֶת מוֹשְׁבֵי הָעוֹר.	Мы очистили кожаные сиденья.	s_12cc40c811e0.mp3	female
2218	נִגַּבְתִּי אֶת הַדֶּשְׁבּוֹרְד הַיּוֹם.	Я протёр приборную панель сегодня.	s_855455fc8970.mp3	female
2219	תָּא הַמִּטְעָן רֵיק וְנָקִי.	Багажник пустой и чистый.	s_d7151ffe143e.mp3	male
2220	הַגַּ׳נְטִים מַבְרִיקִים מֵרֹב נִקָּיוֹן.	Диски блестят от чистоты.	s_5ce573c39b65.mp3	male
2221	שָׁטַפְנוּ אֶת הַצְּמִיגִים הֵיטֵב.	Мы хорошо помыли шины.	s_2890866bc7c2.mp3	female
2222	הַטֶּמְבּוֹר מְלוּכְלָךְ מְאוֹד כָּרֶגַע.	Бампер сейчас очень грязный.	s_a7684c46d96e.mp3	male
2223	פָּתַחְנוּ אֶת מִכְסֵה הַמָּנוֹעַ.	Мы открыли капот.	s_aa814acf5ed4.mp3	female
2224	נִקִּינוּ אֶת גַּג הָרֶכֶב.	Мы помыли крышу автомобиля.	s_05f7dc4b08b1.mp3	female
2225	נִגַּבְנוּ אֶת סַף הַדֶּלֶת.	Мы вытерли дверной порог.	s_8a3567bfc6a9.mp3	female
2226	עָשִׂינוּ פּוֹלִישׁ לַפָּנָסִים הַקִּדְמִיִּים.	Мы отполировали передние фары.	s_8699e113078a.mp3	male
2227	הֵסַרְנוּ אֶת כָּל הַפִּיחַ.	Мы удалили всю копоть.	s_fc79452447af.mp3	female
2228	הָיָה לִכְלוּךְ קָשֶׁה מְאוֹד.	Была очень сильная грязь.	s_976dd926779c.mp3	male
2229	הַצִּפּוּי הַקֵּרָמִי מֵגֵן מְצוּיָן.	Керамическое покрытие отлично защищает.	s_30620c66cc15.mp3	male
2230	עָשִׂינוּ דִיטֵיְילִינְג מִקְצוֹעִי לָרֶכֶב.	Мы сделали профессиональный детейлинг автомобиля.	s_422e3a5aeea5.mp3	male
2231	שָׁלוֹם, רַק שְׁטִיפָה חִיצוֹנִית?	Здравствуйте, только наружная мойка?	s_c42cb219879b.mp3	male
2232	נָא לְקַפֵּל אֶת הַמַּרְאוֹת.	Пожалуйста, сложите зеркала.	s_f77e38399ce9.mp3	female
2233	תִּסְגּוֹר אֶת כָּל הַחַלּוֹנוֹת.	Закрой все окна.	s_acbfa5f36ee4.mp3	female
2234	יֵשׁ לָכֶם דְּבָרִים יְקָרִים?	У вас есть ценные вещи?	s_7ec0675a0530.mp3	male
2235	יֵשׁ כֶּתֶם עַל הָרִפּוּד.	На обивке есть пятно.	s_940e33f1b491.mp3	male
2236	נָא לְהַמְתִּין בַּחֲדַר הַהַמְתָּנָה.	Пожалуйста, подождите в комнате ожидания.	s_c97a75a67583.mp3	male
2237	תִּפְתַּח אֶת תָּא הַמִּטְעָן.	Открой багажник.	s_4bc63ba0a976.mp3	female
2238	הַמְּכוֹנִית שֶׁלְּךָ כְּבָר מוּכָנָה!	Твоя машина уже готова!	s_f56cfd842ca2.mp3	male
2239	הַשְּׁטִיפָה לוֹקַחַת עֶשְׂרִים דַּקּוֹת.	Мойка занимает двадцать минут.	s_a16c98641602.mp3	male
2240	תִּזָּהֵר, הָרִצְפָּה כָּאן רְטוּבָה.	Осторожно, пол здесь мокрый.	s_2bf594233474.mp3	male
2241	אֶפְשָׁר לְקַבֵּל כַּרְטִיס מָנוּי?	Можно получить карту постоянного клиента?	s_3f8b7b69243a.mp3	male
2242	הַאִם לִשְׁאוֹב אֶת הַכִּסְּאוֹת?	Пропылесосить сиденья?	s_fddb1eec017e.mp3	female
2243	שְׁפוֹךְ חוֹמֶר עַל הַגַּ׳נְטִים.	Налей средство на диски.	s_3c969f511d6b.mp3	male
2244	סַע קָדִימָה לְאַט מְאוֹד.	Езжай вперёд очень медленно.	s_264058fd219f.mp3	male
2245	נִקִּינוּ אֶת סִפֵּי הַדְּלָתוֹת.	Мы очистили дверные пороги.	s_aec7dcd8b0db.mp3	female
2246	תִּבְדּוֹק אֶת הַתָּא הַצְּדָדִי.	Проверь боковой карман.	s_9ff9e316c46c.mp3	female
2247	הַתַּשְׁלוּם מִתְבַּצֵּעַ בַּקּוּפָּה שָׁם.	Оплата производится в кассе там.	s_a6cb2f91d306.mp3	male
2248	נְסִיעָה טוֹבָה וּבְטוּחָה לְךָ!	Хорошей и безопасной поездки тебе!	s_03fe4f425fa9.mp3	male
2249	יֵשׁ לִי חֶדֶר גָּדוֹל.	У меня большая комната.	s_6554186cede9.mp3	male
2250	יִשְׂרָאֵל מְדִינָה קְטַנָּה מְאֹד.	Израиль — очень маленькая страна.	s_e577811bf356.mp3	male
2251	הַיּוֹם יוֹם טוֹב לְכוּלָּם.	Сегодня хороший день для всех.	s_ecf259d0a3e3.mp3	male
2252	דָּוִד קוֹנֶה בַּיִת חָדָשׁ.	Давид покупает новый дом.	s_f200c6f70ee7.mp3	male
2253	תֵּל אָבִיב עִיר יָפָה מְאֹד.	Тель-Авив — очень красивый город.	s_3051ba722b65.mp3	male
2254	אֲנִי רוֹצֶה תֵּה חַם.	Я хочу горячий чай.	s_de9f020ed38d.mp3	male
2255	יֵשׁ פֹּה מַיִם קָרִים.	Здесь есть холодная вода.	s_c8f6720fa6a8.mp3	male
2256	הָעוּגָה הַזֹּאת טְעִימָה מְאֹד.	Этот пирог очень вкусный.	s_52150417b503.mp3	male
2257	הַמּוֹרֶה הַזֶּה נֶחְמָד מְאֹד.	Этот учитель очень приятный.	s_6d41aec4e614.mp3	female
2258	הַלֶּחֶם הַזֶּה טָרִי מְאֹד.	Этот хлеб очень свежий.	s_777f822ee1c7.mp3	male
2259	הַתַּפּוּזִים פֹּה יְקָרִים מְאֹד.	Апельсины здесь очень дорогие.	s_fa7e48d297f8.mp3	male
2260	הָעַגְבָנִיּוֹת בַּשּׁוּק זוֹלוֹת מְאֹד.	Помидоры на рынке очень дешёвые.	s_326488f8a716.mp3	male
2261	הַמָּרָק הַזֶּה חָרִיף מְאֹד.	Этот суп очень острый.	s_a7c4e8ecddc9.mp3	male
2262	הַיּוֹם מֶזֶג אֲוִיר נָעִים.	Сегодня приятная погода.	s_5fc4ff9ddc12.mp3	male
2263	הִיא לוֹבֶשֶׁת שִׂמְלָה אֲדוּמָּה.	Она носит красное платье.	s_1421bdfa8082.mp3	female
2264	דָּנָה קוֹנָה חוּלְצָה כְּחוּלָּה.	Дана покупает синюю рубашку.	s_2d0b0081421f.mp3	male
2265	יֵשׁ לִי רֶכֶב לָבָן.	У меня белая машина.	s_e7dd1f09f4cd.mp3	male
2266	הוּא שׁוֹתֶה קָפֶה שָׁחוֹר.	Он пьёт чёрный кофе.	s_88d335084c76.mp3	male
2267	הַיֶּלֶד חוֹלֶה הַיּוֹם בַּבַּיִת.	Мальчик сегодня болеет дома.	s_478c20a63652.mp3	male
2268	אֲנִי רוֹצֶה אוֹכֶל בָּרִיא.	Я хочу здоровую еду.	s_2f9bc1566f0d.mp3	male
2269	דָּוִד שָׂמֵחַ מְאֹד הַיּוֹם.	Давид сегодня очень рад.	s_1f5a6dfb3957.mp3	male
2270	הָאִישׁ גָּבוֹהַּ מְאוֹד.	Этот мужчина очень высокий.	s_aea153a232d8.mp3	male
2271	הַמִּיטָה נְמוּכָה מְאוֹד.	Кровать очень низкая.	s_a7d537eb7bb0.mp3	male
2272	הַיֶּלֶד חָכָם מְאוֹד.	Мальчик очень умный.	s_c3b703fed5b7.mp3	male
2273	הִיא אִישָׁה צְעִירָה.	Она молодая женщина.	s_351ed5a45b06.mp3	female
2274	הַשּׁוּלְחָן יָשָׁן מְאוֹד.	Стол очень старый.	s_0036d371a132.mp3	male
2275	הַמִּטְבָּח נְקִיָּה תָּמִיד.	Кухня всегда чистая.	s_c54ee7730150.mp3	male
2276	הַדִּירָה מְרוּהֶטֶת יָפֶה.	Квартира красиво меблирована.	s_2186126dd94d.mp3	male
2277	הַשָּׁכֵן שָׁקֵט הַיּוֹם.	Сосед сегодня тихий.	s_968e751aedaa.mp3	male
2278	הַסֶּרֶט מְאוֹד רוֹמַנְטִי.	Фильм очень романтичный.	s_b39abb244f02.mp3	male
2279	הַהַרְצָאָה מְעַנְיֶנֶת מְאוֹד.	Лекция очень интересная.	s_dd668bf135e2.mp3	male
2280	הַסֵּפֶר הַזֶּה מְשַׁעְמֵם.	Эта книга скучная.	s_7c3de9a14191.mp3	male
2281	הַבֵּיצָה מְבוּשֶּׁלֶת טוֹב.	Яйцо хорошо сварено.	s_2d396565386d.mp3	male
2282	הַסֶּרֶט הָיָה מְצוּיָן.	Фильм был отличный.	s_c3ddcd53778c.mp3	male
2283	אֲנִי עָסוּק הַיּוֹם.	Я сегодня занят.	s_fe7a045a3777.mp3	male
2284	הִיא זְמִינָה מָחָר.	Она свободна завтра.	s_15d5201a6e2a.mp3	female
2285	זֶה מִכְתָּב רַשְׁמִי.	Это официальное письмо.	s_cf3134b8bfb4.mp3	male
2286	אֲנִי בָּטוּחַ בָּזֶה.	Я уверен в этом.	s_380f46425971.mp3	male
2287	הַבַּנְק סָגוּר הַיּוֹם.	Банк сегодня закрыт.	s_4389410d7e31.mp3	male
2288	הַחֶדֶר שֶׁלִּי מְסוּדָּר.	Моя комната прибрана.	s_92134eb23a01.mp3	male
2289	הַחֶשְׁבּוֹן כְּבָר מְשׁוּלָּם.	Счёт уже оплачен.	s_c35635f65385.mp3	male
2290	אַתָּה תָּמִיד מוּזְמָן אֵלֵינוּ.	Ты всегда приглашён к нам.	s_4d742e5ce22a.mp3	male
2291	הַקּוֹר מוּרְגָּשׁ הַיּוֹם.	Холод ощутим сегодня.	s_7fb1162a96fb.mp3	male
2292	הוּא סוֹפֵר מְפוּרְסָם מְאֹד.	Он очень известный писатель.	s_46711cf9c2cb.mp3	male
2293	הוּא הָיָה מוּפְתָּע מְאֹד.	Он был очень удивлён.	s_72035d8dea5a.mp3	male
2294	הַמּוּצָר הַזֶּה פָּגוּם.	Этот товар бракованный.	s_c198a2bf00ac.mp3	male
2295	הַחוֹזֶה הַזֶּה חוּקִּי לְגַמְרֵי.	Этот договор полностью законный.	s_ccd211375de1.mp3	male
2296	זֶה רַעְיוֹן מְאוֹד הֶגְיוֹנִי.	Это очень логичная идея.	s_0bcd6cd08bb6.mp3	male
2297	הַקּוֹבֶץ הַזֶּה מְצוֹרָף לַמִּכְתָּב.	Этот файл приложен к письму.	s_c621cae1507f.mp3	male
2298	הַחֶדֶר הַזֶּה מְרוֹהָט.	Эта комната меблирована.	s_84fd28681a42.mp3	male
2299	זֶה סֵפֶר מְעַנְיֵן מְאֹד.	Это очень интересная книга.	s_e30a5ebf22cc.mp3	male
2300	הַסֶּרֶט הַזֶּה מַצְחִיק מְאֹד.	Этот фильм очень смешной.	s_7c7325ca3aad.mp3	male
2301	זֶה אוֹטוֹבּוּס יָשִׁיר לִירוּשָׁלַיִם.	Это прямой автобус в Иерусалим.	s_649f324dafae.mp3	male
2302	זֶה הַשִּׁעוּר הָרִאשׁוֹן שֶׁלִּי.	Это мой первый урок.	s_7929e95d7605.mp3	male
2303	זֶה הַשִּׁעוּר הַשֵּׁנִי שֶׁלָּנוּ.	Это наш второй урок.	s_75ad8e32cf1f.mp3	male
2304	זֶה הַשִּׁעוּר הַשְּׁלִישִׁי שֶׁלָּנוּ.	Это наш третий урок.	s_e5577cd1446b.mp3	male
2305	זֶה הַחֶדֶר הָרְבִיעִי בַּבַּיִת.	Это четвертая комната в доме.	s_aef5785fc8a6.mp3	male
2306	זֶה הַסֵּפֶר הַחֲמִישִׁי שֶׁלּוֹ.	Это его пятая книга.	s_4749bc047a1f.mp3	male
2307	זֶה הָאוֹטוֹבּוּס הָאַחֲרוֹן הַיּוֹם.	Это последний автобус сегодня.	s_c46bf8537d80.mp3	male
2308	הַסֶּרֶט הַזֶּה מְרַתֵּק מְאוֹד.	Этот фильм очень увлекательный.	s_7631ddc61fe6.mp3	male
2309	הַחֲתוּל הַזֶּה חָמוּד מְאוֹד.	Этот кот очень милый.	s_72a900bc0b06.mp3	male
2310	הָיָה לִי יוֹם קָשֶׁה.	У меня был тяжелый день.	s_62be108cf8bf.mp3	male
2311	זֶה הָיָה מִבְחָן קַל.	Это был легкий экзамен.	s_4a531dab244b.mp3	male
2312	זֶה שִׁעוּר חָשׁוּב מְאֹד.	Это очень важный урок.	s_2dff0ebb6a91.mp3	male
2313	הַבֶּגֶד הַזֶּה מְלוּכְלָךְ מְאֹד.	Эта одежда очень грязная.	s_6ab1847c8926.mp3	male
2314	הַכִּסֵּא הַזֶּה נוֹחַ מְאֹד.	Этот стул очень удобный.	s_98d316a23a5f.mp3	male
2315	הַבָּחוּר הַזֶּה מְאוֹד רָזֶה.	Этот парень очень худой.	s_9739ea1c4d1c.mp3	male
2316	יֵשׁ לָנוּ חָתוּל שָׁמֵן.	У нас есть толстый кот.	s_34f86ba55f6c.mp3	male
2317	סַבָּא שֶׁלִּי כְּבָר זָקֵן.	Мой дедушка уже старый.	s_257213b370f0.mp3	male
2318	לָמָּה אַתָּה עָצוּב הַיּוֹם?	Почему ты сегодня грустный?	s_5b9009e319fd.mp3	male
2319	הַיָּד שֶׁלִּי כּוֹאֶבֶת מְאוֹד.	Моя рука очень болит.	s_18ab392752b1.mp3	male
2320	הוּא עָיֵף מְאוֹד הַיּוֹם.	Он сегодня очень устал.	s_7d0eae746673.mp3	male
2321	הִיא עֲיֵפָה אַחֲרֵי הָעֲבוֹדָה.	Она устала после работы.	s_ecf56468d557.mp3	female
2322	זֶה מִסְמָךְ סוֹדִי וְחָסוּי.	Это секретный и конфиденциальный документ.	s_828a10267cbb.mp3	male
2323	הַסֵּפֶר הַזֶּה שֶׁלִּי.	Эта книга — моя.	s_c27b7f5b63dd.mp3	male
2324	אַתָּה רוֹצֶה לָלֶכֶת אִתִּי?	Ты хочешь пойти со мной?	s_f0b76486d44c.mp3	male
2325	יֵשׁ לִי שְׁאֵלָה אַחַת.	У меня есть один вопрос.	s_1522784e7a59.mp3	male
2326	אַתָּה שׁוֹמֵעַ אוֹתִי טוֹב?	Ты хорошо меня слышишь?	s_7aa848e2f709.mp3	male
2327	דָּוִד יוֹשֵׁב לְיָדִי בָּאוּלְפָּן.	Давид сидит рядом со мной в ульпане.	s_f58cba375131.mp3	male
2328	אֲנִי אוֹהֵב אֶת יִשְׂרָאֵל.	Я люблю Израиль.	s_2a459d7f3ebc.mp3	male
2329	אֲנִי מְאַחֵר בִּגְלַל הַפְּקָק.	Я опаздываю из-за пробки.	s_0e9628127d31.mp3	male
2330	זֶה מִכְתָּב לִכְבוֹד הַמְּנַהֵל.	Это письмо в адрес директора.	s_95d232a7070f.mp3	male
2331	הוּא הוֹלֵךְ אֶל הַבַּיִת.	Он идёт к дому.	s_1f41ed48cb0b.mp3	male
2332	הוּא שׂוֹחֶה כְּמוֹ דָּג.	Он плавает как рыба.	s_a9e5c6ec20d8.mp3	male
2333	לְדִבְרֵי הָרוֹפֵא, הַכֹּל בְּסֵדֶר.	По словам врача, всё в порядке.	s_cdbaa49366c0.mp3	male
2334	אֲנַחְנוּ הוֹלְכִים לְטִיפַּת חָלָב.	Мы идём в детскую консультацию.	s_c04fc65caf4b.mp3	female
2335	הַתִּינוֹק יָשֵׁן בַּמִּטָּה.	Малыш спит в кроватке.	s_63486cc9984a.mp3	female
2336	הַיּוֹם יֵשׁ לַתִּינוֹק חִיסּוּן.	Сегодня у малыша прививка.	s_762ab08947e4.mp3	female
2337	מָה הַמִּשְׁקָל שֶׁל הַיֶּלֶד?	Каков вес ребёнка?	s_50789cd1649c.mp3	female
2338	הַגּוֹבַהּ שֶׁלּוֹ מְצוּיָּן.	Его рост отличный.	s_2704764a89d4.mp3	female
2339	צָרִיךְ לְהַחְלִיף לוֹ חִיתּוּל.	Нужно поменять ему подгузник.	s_31d7b63df9a0.mp3	female
2340	אֵיפֹה הַמּוֹצֵץ שֶׁל הַתִּינוֹק?	Где соска малыша?	s_e1b587661b36.mp3	female
2341	הַתִּינוֹק שׁוֹתֶה מֵהַבַּקְבּוּק.	Малыш пьёт из бутылочки.	tinok_bakbuk_google_tts.mp3	female
2342	הַהַנְקָה חֲשׁוּבָה לַתִּינוֹק.	Грудное вскармливание важно для малыша.	s_875ce64b2ff4.mp3	female
2343	הַבַּקְבּוּק עִם מָטֶרְנָה מוּכָן.	Бутылочка со смесью готова.	s_9ae4ec1590ee.mp3	female
2344	הָעֲגָלָה שֶׁל הַתִּינוֹק כְּבֵדָה.	Коляска малыша тяжёлая.	s_a475370eeff9.mp3	female
2345	הַתִּינוֹק נִמְצָא בַּמִּנְשָׂא.	Малыш находится в слинге.	s_8b8c86ec2baa.mp3	female
2346	שִׂים לַיֶּלֶד סִינָר.	Надень ребёнку слюнявчик.	s_58352ce0f037.mp3	female
2347	תָּבִיא לִי אֶת הַמַּדְחוֹם.	Принеси мне градусник.	s_37c8e1e72688.mp3	female
2348	יֵשׁ לַיֶּלֶד חוֹם גָּבוֹהַּ.	У ребёнка высокая температура.	s_2fbbd44d9e20.mp3	female
2349	יֵשׁ לוֹ שִׁיעוּל לַח מְאוֹד.	У него очень влажный кашель.	s_777b51538467.mp3	female
2350	יֵשׁ לַיֶּלֶד הַרְבֵּה נַזֶּלֶת.	У ребёнка сильный насморк.	s_4660b711c2eb.mp3	female
2351	יֵשׁ לָהּ דַּלֶּקֶת אָזְנַיִם.	У неё воспаление уха (отит).	s_114aa0469d16.mp3	female
2352	הָרוֹפֵא בּוֹדֵק דַּלֶּקֶת גָּרוֹן.	Врач проверяет воспаление горла.	s_3fa5bbd3cfed.mp3	female
2353	הָרוֹפֵא נוֹתֵן אִישׁוּר מַחֲלָה.	Врач даёт справку о болезни.	s_49a72ad7d505.mp3	female
2354	אֲנִי צְרִיכָה תּוֹר דָּחוּף.	Мне нужна срочная очередь.	s_3cbbad7fc65c.mp3	female
2355	אֲנִי הוֹלֶכֶת לְבֵית מִרְקַחַת.	Я иду в аптеку.	s_2d5bdf45d444.mp3	female
2356	הַיֶּלֶד צָרִיךְ לִשְׁתּוֹת תְּרוּפָה.	Ребёнок должен выпить лекарство.	s_b9ed15db09af.mp3	female
2357	יֵשׁ לִי מִרְשָׁם מֵהָרוֹפֵא.	У меня есть рецепт от врача.	s_bd5a68f75669.mp3	female
2358	הַיֶּלֶד שׁוֹתֶה סִירוֹפּ מָתוֹק.	Ребёнок пьёт сладкий сироп.	s_369e880ba198.mp3	female
2359	מָה הַמִּינּוּן לְפִי מִשְׁקָל?	Какова дозировка по весу?	s_70ab7adc961f.mp3	female
2360	שִׂים פְּלַסְטֶר עַל הַמַּכָּה.	Наклей пластырь на ссадину.	s_10818fe8b7b5.mp3	female
2361	תִּמְרַח אֶת הַמִּשְׁחָה בִּזְהִירוּת.	Намажь мазь осторожно.	s_2ac2f8e82ac0.mp3	female
2362	הַתִּינוֹק הוֹלֵךְ לַמָּעוֹן.	Малыш идёт в ясли.	s_cb3ba63b8447.mp3	female
2363	הַגַּנֶּנֶת מְדַבֶּרֶת עִם הַהוֹרִים.	Воспитательница говорит с родителями.	s_d4e8c96b4c69.mp3	female
2364	הַסַּיַּעַת עוֹזֶרֶת לַיְלָדִים בַּגַּן.	Помощница помогает детям в саду.	s_f7e76f15f0fc.mp3	female
2365	הַיֶּלֶד נִשְׁאָר בַּצַּהֲרוֹן הַיּוֹם.	Ребёнок остаётся на продлёнке сегодня.	s_5911a2bcde72.mp3	female
2366	הֵכַנְתִּי אֲרוּחַת עֶשֶׂר יָפָה.	Я приготовила хороший второй завтрак.	s_e16eea64a75b.mp3	female
2367	אֵיפֹה קוּפְסַת הָאוֹכֶל שֶׁלְּךָ?	Где твоя коробочка для еды?	s_e1ef394f00a4.mp3	female
2368	הַיֶּלֶד יוֹרֵד בַּמַּגְלֵשָׁה.	Ребёнок съезжает с горки.	s_14b093f29d13.mp3	female
2369	הַיַּלְדָּה רוֹצָה לַנַּדְנֵדָה עַכְשָׁיו.	Девочка хочет на качели сейчас.	s_1e67d051d77a.mp3	female
2370	הַיֶּלֶד הוֹלֵךְ לְבֵית סֵפֶר.	Ребёнок идёт в школу.	s_f61cb755cd17.mp3	female
2371	הַמּוֹרָה מַסְבִּירָה אֶת הַשִּׁיעוּר.	Учительница объясняет урок.	s_52bd2b295824.mp3	female
2372	הַיַּלְקוּט שֶׁל הַיֶּלֶד כָּבֵד.	Ранец ребёнка тяжёлый.	s_77a9d985c8f1.mp3	female
2373	שָׂמְתָּ עֵפְרוֹנוֹת בַּקַּלְמָר?	Ты положил карандаши в пенал?	s_71c99a22be37.mp3	female
2374	סִיַּמְתָּ שִׁיעוּרֵי בַּיִת הַיּוֹם?	Ты закончил домашнее задание сегодня?	s_8fcdadc94cd5.mp3	female
2375	וַעַד הַהוֹרִים אָסַף כֶּסֶף.	Родительский комитет собрал деньги.	s_502f448f83b6.mp3	female
2376	זֹאת תִּזְכּוֹרֶת לְכָל הַהוֹרִים.	Это напоминание всем родителям.	s_8c6b631aaa8d.mp3	female
2377	קָנִינוּ מַתָּנָה יָפָה לַצֶּוֶות.	Мы купили красивый подарок коллективу.	s_aefa6a571973.mp3	female
2378	מָחָר לוֹבְשִׁים חוּלְצָה לְבָנָה.	Завтра надеваем белую футболку.	s_c7a31b84a733.mp3	female
2379	הוֹלְכִים לְגִינַת שַׁעֲשׁוּעִים הַיּוֹם.	Идём на детскую площадку сегодня.	s_ee6ecbd7bcbc.mp3	female
2380	יֵשׁ לוֹ חוּג אַחֲרֵי הַצָּהֳרַיִם.	У него кружок во второй половине дня.	s_551b7f3ceab3.mp3	female
2381	הַיֶּלֶד רוֹכֵב עַל קוּרְקִינֶט.	Ребёнок едет на самокате.	s_8f382e7d6b60.mp3	female
2382	חַיָּיבִים לַחְבּוֹשׁ קַסְדָּה בַּנְּסִיעָה.	Обязательно надевать шлем при поездке.	s_7f71b41b8cde.mp3	female
2383	עַכְשָׁיו תּוֹרְךָ לַעֲלוֹת.	Сейчас твоя очередь подниматься.	s_761fcde099ed.mp3	female
2384	הִיא רוֹצָה לְהָנִיק עַכְשָׁיו.	Она хочет покормить грудью сейчас.	s_68b7fd412e98.mp3	female
2385	יֵשׁ לַתִּינוֹק גָּזִים בַּבֶּטֶן.	У малыша газики в животе.	s_5590eb07f3b1.mp3	female
2386	זֹאת פְּלִיטָה רְגִילָה לְגַמְרֵי.	Это совершенно обычное срыгивание.	s_35d5a6d3ebdd.mp3	female
2387	הַתִּינוֹק עָלוּל לִפְלוֹט חָלָב.	Малыш может срыгнуть молоко.	s_fef892741e56.mp3	female
2388	הִתְחִילָה בְּקִיעַת שִׁינַּיִים אֶצְלוֹ.	У него началось прорезывание зубов.	s_908bef7712ff.mp3	female
2389	אֵיפֹה מִטַּת הַתִּינוֹק שֶׁלָּכֶם?	Где ваша детская кроватка?	s_000d6b29826e.mp3	female
2390	לָמָּה הַתִּינוֹק מַתְחִיל לִבְכּוֹת?	Почему малыш начинает плакать?	s_1ee0a2585162.mp3	female
2391	צָרִיךְ לִשְׁקוֹל אֶת הַתִּינוֹק.	Нужно взвесить малыша.	s_2e9018e115f3.mp3	female
2392	הוּא בַּאֲחוּזוֹן חֲמִישִׁים מְצוּיָּן.	Он на отличном пятидесятом процентиле.	s_c54baac25928.mp3	female
2393	עָשִׂינוּ בְּדִיקַת הִתְפַּתְּחוּת מְצוּיֶּנֶת.	Мы прошли отличную проверку развития.	s_5e595daa913c.mp3	female
2394	הָיְתָה לוֹ הֲקָאָה בַּלַּיְלָה.	У него была рвота ночью.	s_4787ccaf8c74.mp3	female
2395	זֶה רַק וִירוּס בֶּטֶן פָּשׁוּט.	Это всего лишь простой кишечный вирус.	s_cf936877b858.mp3	female
2396	יֵשׁ לַיֶּלֶד כְּאֵב בֶּטֶן חָזָק.	У ребёнка сильная боль в животе.	s_1fcbc4103a52.mp3	female
2397	יֵשׁ לָהּ כְּאֵב רֹאשׁ מֵהַחוֹם.	У неё болит голова от жара.	s_368fd9910df2.mp3	female
2398	הָרוֹפֵא לָקַח מִשְׁטַח גָּרוֹן.	Врач взял мазок из горла.	s_5f53089f53ef.mp3	female
2399	נָסַעְנוּ לְמוֹקֵד לַיְלָה דָּחוּף.	Мы поехали в срочную ночную неотложку.	s_1647b880a309.mp3	female
2400	הַיֶּלֶד אַפָּתִי וְלֹא שׁוֹתֶה.	Ребёнок апатичный и не пьёт.	s_365710b030dd.mp3	female
2401	קָנִיתִי נֵרוֹת לְהוֹרָדַת חוֹם.	Я купила жаропонижающие свечи.	s_dc9a751c95be.mp3	female
2402	נָתַתִּי לוֹ אֲקָמוֹלִי עַכְשָׁיו.	Я дала ему Акамоли сейчас.	s_c1bae8c6807d.mp3	female
2403	יֵשׁ בַּבַּיִת נוּרוֹפֶן לִילָדִים?	Есть дома детский Нурофен?	s_e40f0dfd46a7.mp3	female
2404	שְׁטוֹף אֶת מַזְרֵק הַמִּינּוּן.	Промой шприц-дозатор.	s_74b9849aebad.mp3	female
2405	הַמִּינּוּן הוּא לְפִי מִשְׁקָל.	Дозировка идёт по весу.	s_f503cb575a6f.mp3	female
2406	שִׂים טִיפּוֹת אָזְנַיִם בַּבֹּקֶר.	Закапай ушные капли утром.	s_5b95d772934d.mp3	female
2407	צָרִיךְ טִיפּוֹת עֵינַיִם לַיֶּלֶד.	Нужны глазные капли ребёнку.	s_57bf3dfbaf21.mp3	female
2408	קָנִינוּ מֵי מֶלַח לָאַף.	Мы купили физраствор для носа.	s_c03218b3b37a.mp3	female
2409	עָשִׂינוּ אִינְהַלַצְיָה עִם מַשְׁאֵף.	Мы сделали ингаляцию с ингалятором.	s_c9bcc6d381ff.mp3	female
2410	בְּדֹק אֶת תּוֹקֶף הַתְּרוּפָה.	Проверь срок годности лекарства.	s_ebd98533b73a.mp3	female
2411	אֵין לַתְּרוּפָה תּוֹפְעוֹת לְוַואי.	У лекарства нет побочных эффектов.	s_37791da597fd.mp3	female
2412	צָרִיךְ לְטַפְטֵף טִיפּוֹת לָאַף.	Нужно закапать капли в нос.	s_d3c9af19666d.mp3	female
2413	הִתְחַלְנוּ גְּמִילָה מֵחִיתּוּלִים הַשָּׁבוּעַ.	Мы начали отучение от подгузников на этой неделе.	s_0545d4ec1641.mp3	female
2414	הַיֶּלֶד יוֹשֵׁב עַל סִיר.	Ребёнок сидит на горшке.	s_99bcdc441866.mp3	female
2415	הוּא אַבָּא שֶׁל שַׁבָּת.	Он дежурный папа Шаббата.	s_ad8ff92b0b84.mp3	female
2416	מִי יָכוֹל לֶאֱסוֹף מֵהַגַּן?	Кто может забрать из садика?	s_2176f676702d.mp3	female
2417	לַיֶּלֶד קַל לְהִסְתַּגֵּל לַגַּן.	Ребёнку легко привыкнуть к саду.	s_8b2e1259efea.mp3	female
2418	הוּא מַתְחִיל לְהִתְגַּעְגֵּעַ לְאִמָּא.	Он начинает скучать по маме.	s_f949af15baf8.mp3	female
2419	אָסוּר לִנְשׁוֹךְ יְלָדִים בַּגַּן!	Нельзя кусать детей в саду!	s_5dba4bb0a216.mp3	female
2420	כְּדַאי לַחֲלוֹק צַעֲצוּעִים יַחַד.	Стоит делиться игрушками вместе.	s_c9a81b8a3af5.mp3	female
2421	הַיְלָדִים צְרִיכִים לִפְרוֹק אֶנֶרְגְּיָה.	Детям нужно выплеснуть энергию.	s_4a32bb28be84.mp3	female
2422	הַיּוֹם יֵשׁ יוֹם קָצָר.	Сегодня короткий день.	s_1db19a47daa3.mp3	female
2423	עַכְשָׁיו הַזְּמַן שֶׁל שְׁנַ"צ.	Сейчас время дневного сна.	s_5aaadf42b7fd.mp3	female
2424	הוּא עוֹלֶה לְכִיתָּה א'.	Он идёт в первый класс.	s_d6f44f23c290.mp3	female
2425	פָּגַשְׁנוּ אֶת מְחַנֶּכֶת הַכִּיתָּה.	Мы встретили классную руководительницу.	s_e04f67888e64.mp3	female
2426	קָנִינוּ מַחְבֶּרֶת שׁוּרוֹת חֲדָשָׁה.	Мы купили новую тетрадь в линейку.	s_131575725e72.mp3	female
2427	תֵּן לִי מַחְבֶּרֶת מִשְׁבָּצוֹת.	Дай мне тетрадь в клетку.	s_d2db74b7ca12.mp3	female
2428	פְּתַח אֶת חוֹבֶרֶת הָעֲבוֹדָה.	Открой рабочую тетрадь.	s_292f72881315.mp3	female
2429	הַסֵּפֶר לִימּוּד שֶׁלּוֹ כָּבֵד.	Его учебник тяжёлый.	s_1643fabe7288.mp3	female
2430	בַּהַפְסָקָה גְּדוֹלָה אוֹכְלִים כָּרִיךְ.	На большой перемене едят бутерброд.	s_c78b6c0cdbfa.mp3	female
2431	מָחָר יוֹצְאִים לְטִיּוּל שְׁנָתִי.	Завтра выходят в годовой поход.	s_0a31a57cc06d.mp3	female
2432	יֵשׁ אֲסֵפַת הוֹרִים הָעֶרֶב.	Есть родительское собрание сегодня вечером.	s_9b60bdee34e4.mp3	female
2433	הַיֶּלֶד נוֹסֵעַ בַּהַסָּעוֹת תָּמִיד.	Ребёнок всегда ездит на школьной развозке.	s_9a1d0c2fab64.mp3	female
2434	אָסוּר לַעֲשׂוֹת חֵרֶם בַּכִּיתָּה!	Нельзя устраивать бойкот в классе!	s_e5236ba676a6.mp3	female
2435	יֵשׁ לוֹ חַבְרוּתָא נֶהֱדֶרֶת.	У него прекрасная компания друзей.	s_d0cddf66e35d.mp3	female
2436	בּוֹא לְהָכִין שִׁיעוּרִים עַכְשָׁיו.	Иди делай уроки сейчас.	s_48ae8657a3b4.mp3	female
2437	קַל לוֹ לְהִשְׁתַּלֵּב בַּכִּיתָּה.	Ему легко влиться в коллектив класса.	s_72030dbf28b7.mp3	female
2438	נִשְׁמַע צִלְצוּל הַפְסָקָה בַּמִּסְדְּרוֹן.	Прозвенел звонок на перемену в коридоре.	s_2c7db487d3e7.mp3	female
2439	הִתְחִיל אִיסּוּף כְּסָפִים לַמַּתָּנָה.	Начался сбор денег на подарок.	s_df600151ec57.mp3	female
2440	מָחָר יוֹם הוּלֶּדֶת כִּיתָּתִי.	Завтра общий день рождения класса.	s_39af9562bfbb.mp3	female
2441	נָא לִשְׁלוֹחַ אִישּׁוּר הַגָּעָה.	Пожалуйста, отправьте подтверждение участия.	s_9f86538e83c4.mp3	female
2442	יֵשׁ לָנוּ מָקוֹם לַטְרֶמְפּ.	У нас есть место подвезти.	s_7d69a3f799d6.mp3	female
2443	תִּבְדְּקוּ בְּאַרְגַּז אֲבֵידָה וּמְצִיאָה.	Проверьте в ящике находок и потерь.	s_0f7916bd6b61.mp3	female
2444	הַיֶּלֶד חוֹלֶה וְלֹא יַגִּיעַ הַיּוֹם.	Ребёнок заболел и сегодня не придёт.	s_48b0e5b67345.mp3	female
2445	הוּא יַגִּיעַ בְּאִיחוּר שֶׁל חֲצִי שָׁעָה.	Он припозднится на полчаса.	s_dd39a9a4d6ed.mp3	female
2446	סַבְתָּא תֶּאֱסוֹף אוֹתוֹ הַיּוֹם.	Бабушка заберёт его сегодня.	s_03b63f139159.mp3	female
2447	מִישֶׁהוּ מָצָא קַלְמָר כָּחוֹל?	Кто-нибудь нашёл синий пенал?	s_5b103c50a436.mp3	female
2448	הַיְלָדִים צְרִיכִים לָבוֹא בְּחוּלְצָה לְבָנָה?	Детям нужно прийти в белой футболке?	s_ba88b1b994a7.mp3	female
2449	מָה צָרִיךְ לְהָבִיא לִפְעִילוּת מָחָר?	Что нужно принести на завтрашнее мероприятие?	s_fc2fa8eef4be.mp3	female
2450	יֵשׁ לְמִישֶׁהוּ מָקוֹם בָּרֶכֶב לַטְרֶמְפּ?	Есть у кого-то место в машине подвезти?	s_f2f1980ee362.mp3	female
2451	אֶפְשָׁר לִשְׁלוֹחַ אֶת הַקִּישׁוּר לַפֵּייבּוֹקְס?	Можно отправить ссылку на PayBox?	s_a11a6b4c7ccd.mp3	female
2452	רְפוּאָה שְׁלֵמָה וְהַחְלָמָה מְהִירָה!	Скорейшего выздоровления и поправки!	s_ea386e5f1776.mp3	female
2453	מַזָּל טוֹב עַד 120!	С днём рождения, до 120 лет!	s_016d25425f9c.mp3	female
2454	תּוֹדָה רַבָּה לְכָל הַצֶּוֶות הַנִּפְלָא!	Огромное спасибо всему замечательному коллективу!	s_d3922df616d7.mp3	female
2455	שַׁבָּת שָׁלוֹם וּמְבוֹרֶכֶת לְכָל הַמִּשְׁפָּחוֹת!	Мирного и благословенного Шаббата всем семьям!	s_b0775f1224f8.mp3	female
2456	נָא לְאַשֵׁר הַגָּעָה עַד יוֹם חֲמִישִׁי.	Пожалуйста, подтвердите присутствие до четверга.	s_1d0902fe74dc.mp3	female
2457	מִי מֵבִיא פֵּירוֹת לְיוֹם שִׁישִׁי?	Кто приносит фрукты на пятницу?	s_608408bdb288.mp3	female
2458	שָׁבוּעַ טוֹב וּמוּצְלָח לְכוּלָּם!	Хорошей и успешной недели всем!	s_6ab13260ae29.mp3	female
2459	הַחוּג נִמְצָא בַּמַּתְנָ"ס הַשְּׁכוּנָתִי.	Кружок находится в районном доме культуры.	s_7cc89de35fcc.mp3	female
2460	הַיּוֹם יֵשׁ חוּג שְׂחִיָּיה.	Сегодня есть кружок плавания.	s_15471bc33764.mp3	female
2461	הוּא הוֹלֵךְ לְחוּג ג'וּדוֹ.	Он ходит на секцию дзюдо.	s_13386f4701cb.mp3	female
2462	הִיא נִרְשְׁמָה לְחוּג בַּלֶט.	Она записалась на кружок балета.	s_4c7b19fd851b.mp3	female
2463	הוּא רוֹכֵב עַל אוֹפַנַּיִם.	Он едет на велосипеде.	s_5725028136bd.mp3	female
2464	שִׂים מָגֵנֵי בִּרְכַּיִם מִיָּד.	Надень наколенники немедленно.	s_b2928521612e.mp3	female
2465	יֵשׁ בַּגִּנָּה מַגְלֵשָׁה עֲנָקִית.	На площадке есть гигантская горка.	s_4cb3501c2ae2.mp3	female
2466	הַיְלָדִים עַל נַדְנֵדַת קֵן.	Дети на качелях-гнезде.	s_afe19279621b.mp3	female
2467	הַתִּינוֹק אוֹכֵל בַּמְבָּה בַּגִּנָּה.	Малыш ест Бамбу на площадке.	s_6b5f6b92c0ba.mp3	female
2468	קַח מַיִם בַּבַּקְבּוּק לַגִּנָּה.	Возьми воду в бутылочке на площадку.	s_40f036d99098.mp3	female
2469	אָסוּר לַחֲטוֹף צַעֲצוּעִים מֵאֲחֵרִים!	Нельзя отбирать игрушки у других!	s_bf26f66b458a.mp3	female
2470	לֹא לִדְחוֹף בַּתּוֹר לַמַּגְלֵשָׁה!	Не толкаться в очереди на горку!	s_a0a9e172db85.mp3	female
2471	רָצִיתִי לְהֵירָשֵׁם לְחוּג שְׂחִיָּיה.	Я хотела записаться на кружок плавания.	s_35608488c57a.mp3	female
2472	עַכְשָׁיו תּוֹרוֹ, הוּא חִכָּה רִאשׁוֹן.	Сейчас его очередь, он ждал первым.	s_fd1a8178a128.mp3	female
2473	לֹא לִדְחוֹף, יֵשׁ מָקוֹם לְכוּלָּם.	Не толкаться, места хватит всем.	s_185ce6da709b.mp3	female
2474	זֶה הַקּוּרְקִינֶט שֶׁלְּךָ אוֹ שֶׁלּוֹ?	Это твой самокат или его?	s_f7b4b009bc0a.mp3	female
2475	עוֹד חָמֵשׁ דַּקּוֹת הוֹלְכִים הַבַּיְתָה.	Ещё пять минут и идём домой.	s_d1465d8dae6f.mp3	female