Index	FileName	SentenceHebrew	Transcription	Russian
1	s_43a3f467d43b_f.mp3	אֲנִי רוֹצָה מַיִם קָרִים.	анӣ роца́ мáйим карӣ́м.	Я хочу холодную воду.
2	s_0f3a3929d039.mp3	אֶתְמוֹל רָצִיתִי קָפֶה.	этмóль рацӣ́ти кáфэ.	Вчера я хотел кофе.
3	s_aec04a99dab9.mp3	אֶתְמוֹל שָׁתִיתִי מִיץ.	этмóль шатӣ́ти миц.	Вчера я пил сок.
4	s_24be46eef63b_f.mp3	אֲנִי אוֹכֶלֶת לֶחֶם וּגְבִינָה.	анӣ охе́лет лéхем у-гвинá.	Я ем хлеб и сыр.
5	s_2059caa017cd.mp3	אֶתְמוֹל הָלַכְתִּי לַעֲבוֹדָה.	этмóль hалáхти ла-аводá.	Вчера я ходил на работу.
6	s_02c4eb2e0026.mp3	הִיא כּוֹתֶבֶת מִכְתָּב לְאִמָּא.	hи котéвет михтáв лэ-и́ма.	Она пишет письмо маме.
7	s_f4c33af40c1b.mp3	כָּתַבְתִּי הוֹדָעָה קְצָרָה.	катáвти hодаá кцарá.	Я написал короткое сообщение.
8	s_8f08c6e2916e_f.mp3	אֲנִי קוֹרֵאת סֵפֶר בָּעֶרֶב.	анӣ ко́рет сéфер ба-э́рев.	Я читаю книгу вечером.
9	s_93cd4799f910.mp3	אֲנַחְנוּ לוֹמְדִים עִבְרִית בָּאוּלְפָּן.	анáхну ломдӣ́м иврӣ́т ба-ульпáн.	Мы учим иврит в ульпане.
10	s_0bf2f9eac5f4.mp3	לָמַדְתִּי מִלִּים חֲדָשׁוֹת.	ламáдти милӣ́м хадашóт.	Я учил новые слова.
11	s_e3b859706ba3.mp3	דָּנִיאֵל גָּר בִּירוּשָׁלַיִם.	даниэ́ль гар би-рушалáйим.	Даниэль живёт в Иерусалиме.
12	s_53ca6edb0173.mp3	גַּרְתִּי בְּחֵיפָה שָׁנָה.	гáрти бэ-хэйфá шанá.	Я жил в Хайфе год.
13	s_1b2678da3913.mp3	הִיא קוֹנָה פֵּרוֹת בַּשּׁוּק.	hи конá пэрóт ба-шук.	Она покупает фрукты на рынке.
14	s_0a8b1904937a.mp3	אֶתְמוֹל קָנִיתִי חָלָב.	этмóль канӣ́ти халáв.	Вчера я купил молоко.
15	s_6a867d61f536.mp3	עָבַדְתִּי כָּל הַיּוֹם.	авáдти коль hа-йом.	Я работал весь день.
16	s_2a9337de731b_f.mp3	אַתְּ יוֹדַעַת אֶת הַתְּשׁוּבָה?	ат йода́ат эт hа-тшувá?	Ты знаешь ответ?
17	s_7de587b2f86e.mp3	לֹא יָדַעְתִּי אֶת זֶה.	ло ядáти эт зэ.	Я не знал этого.
18	s_0378a97bbdc2_f.mp3	אֲנִי רוֹאָה אֶת הַיָּם.	анӣ роа́ эт hа-ям.	Я вижу море.
19	s_1e5082717c0d.mp3	רָאִיתִי אֶת הַחֲבֵר בָּרְחוֹב.	раӣ́ти эт hа-хавéр ба-рехóв.	Я видел друга на улице.
20	s_37f0616d2d56.mp3	הִיא בָּאָה לַבַּיִת עַכְשָׁיו.	hи бáа ла-бáйит ахшáв.	Она приходит домой сейчас.
21	s_bc9b033910f6_f.mp3	מָה אַתְּ עוֹשָׂה הַיּוֹם?	ма ат оса́ hа-йом?	Что ты делаешь сегодня?
22	s_2d896262efd5.mp3	עָשִׂיתִי שִׁעוּרֵי בַּיִת.	асӣ́ти шиурэ́й бáйит.	Я сделал домашнее задание.
23	s_ae79c0e63003_f.mp3	אֲנִי שׁוֹמַעַת מוּזִיקָה.	анӣ шома́ат мӯ́зика.	Я слушаю музыку.
24	s_e3159308167e.mp3	שָׁמַעְתִּי אֶת הַשִּׁיר הַזֶּה.	шамáти эт hа-шир hа-зэ.	Я слышал эту песню.
25	s_d5bf692e2513.mp3	פָּגַשְׁתִּי אוֹתוֹ בַּבֹּקֶר.	пагáшти отó ба-бóкер.	Я встретил его утром.
26	s_b8557def0a6a.mp3	פָּתַחְתִּי אֶת הַחַלּוֹן.	патáхти эт hа-халóн.	Я открыл окно.
27	s_ff23d5daab5a.mp3	סָגַרְתִּי אֶת הַדֶּלֶת.	сагáрти эт hа-дéлет.	Я закрыл дверь.
28	s_7c1fc7f5afad.mp3	אֲנַחְנוּ יוֹשְׁבִים בְּבֵית קָפֶה.	анáхну йошвӣ́м бэ-вэ́йт кáфэ.	Мы сидим в кафе.
29	s_7f7a6a099ef0.mp3	יָשַׁבְתִּי עַל הַכִּסֵּא.	яшáвти аль hа-кисэ́.	Я сидел на стуле.
30	s_cf946eeba1d3.mp3	עָמַדְתִּי בַּתּוֹר בַּסּוּפֶּר.	амáдти ба-тор ба-сӯ́пер.	Я стоял в очереди в супермаркете.
31	s_70c378803429_f.mp3	אֲנִי לוֹקַחַת תַּפּוּחַ וּמַיִם.	анӣ лока́хат тапӯ́ах у-мáйим.	Я беру яблоко и воду.
32	s_2dec5903941d.mp3	לָקַחְתִּי אֶת הַמַּפְתֵּחַ.	лакáхти эт hа-мафтéах.	Я взял ключ.
33	s_74b534123bc3.mp3	הִיא נוֹתֶנֶת מַתָּנָה לַחֲבֵר.	hи нотéнет матанá ла-хавéр.	Она дарит подарок другу.
34	s_31df35d6381c.mp3	נָתַתִּי לוֹ אֶת הַסֵּפֶר.	натáти ло эт hа-сéфер.	Я дал ему книгу.
35	s_24ca1b3ac0df.mp3	הַתַּלְמִיד שׁוֹאֵל אֶת הַמּוֹרֶה.	hа-тальмӣ́д шоэ́ль эт hа-морé.	Ученик спрашивает учителя.
36	s_8092b96adebc.mp3	שָׁאַלְתִּי שְׁאֵלָה פְּשׁוּטָה.	шаáльти шеэлá пшутá.	Я задал простой вопрос.
37	s_b280408ead77.mp3	הַמּוֹרֶה עוֹנֶה לַתַּלְמִיד.	hа-морé онé ла-тальмӣ́д.	Учитель отвечает ученику.
38	s_cfa2533ab7ff.mp3	עָנִיתִי עַל הַשְּׁאֵלָה.	анӣ́ти аль hа-шеэлá.	Я ответил на вопрос.
39	s_4ec9d05a86f8.mp3	אָמַרְתִּי לוֹ תּוֹדָה רַבָּה.	амáрти ло тодá рабá.	Я сказал ему большое спасибо.
40	s_54819a52eb53.mp3	אֶתְמוֹל נָסַעְתִּי בָּרַכֶּבֶת לְחֵיפָה.	этмóль насáъти ба-ракéвет ле-хейфá.	Вчера я ехал на поезде в Хайфу.
41	s_c323e00f17a7_f.mp3	אֲנִי חוֹזֶרֶת הַבַּיְתָה בָּעֶרֶב.	анӣ хозе́рет hабáйта ба-э́рев.	Я возвращаюсь домой вечером.
42	s_0f2500234382.mp3	דָּנִי רָץ בַּפַּארְק בַּבֹּקֶר.	дáни рац ба-парк ба-бóкер.	Дани бегает в парке утром.
43	s_6884f7fbb6eb.mp3	אֶתְמוֹל רַצְתִּי חֲמִשָּׁה קִילוֹמֶטְרִים.	этмóль рáцти хамишá киломéтрим.	Вчера я пробежал пять километров.
44	s_273f59d95e65_f.mp3	אֲנִי עוֹזֶרֶת לַחֲבֵר בָּאוּלְפָּן.	анӣ озе́рет ла-хавéр ба-ульпáн.	Я помогаю другу в ульпане.
45	s_6954734e25cc.mp3	שָׂרָה עָזְרָה לְאִמָּא בַּבַּיִת.	сарá азрá ле-и́ма ба-бáйит.	Сара помогла маме по дому.
46	s_6a9612aca3ca_f.mp3	אֲנִי זוֹכֶרֶת אֶת כָּל הַמִּלִּים.	анӣ зохе́рет эт коль hа-милӣ́м.	Я помню все слова.
47	s_436805cb9962.mp3	זָכַרְתִּי אֶת מִסְפַּר הַטֶּלֶפוֹן.	захáрти эт миспáр hа-тéлефон.	Я вспомнил номер телефона.
48	s_6aa104fba7cc.mp3	שָׁכַחְתִּי אֶת הַתִּיק בַּבַּיִת.	шахáхти эт hа-тик ба-бáйит.	Я забыл сумку дома.
49	s_f2f74bfb6248_f.mp3	אֲנִי חוֹשֶׁבֶת עַל הָעֲבוֹדָה.	анӣ хоше́вет аль hа-аводá.	Я думаю о работе.
50	s_e93ce1703afb.mp3	אֶתְמוֹל חָשַׁבְתִּי עַל הָרַעְיוֹן.	этмóль хашáвти аль hа-раайóн.	Вчера я думал об этой идее.
51	s_53db33b7beda.mp3	מָצָאתִי עֲבוֹדָה טוֹבָה בָּעִיר.	мацáти аводá товá ба-ӣ́р.	Я нашёл хорошую работу в городе.
52	s_52b13987ebf3_f.mp3	אֲנִי אוֹהֶבֶת קָפֶה חָזָק בַּבֹּקֶר.	анӣ оhе́вет кáфэ хазáк ба-бóкер.	Я люблю крепкий кофе утром.
53	s_e12155f574e3.mp3	אָהַבְתִּי אֶת הַסֶּפֶר הַזֶּה מְאֹד.	аháвти эт hа-сéфер hа-зэ меóд.	Мне очень понравилась эта книга.
54	s_369b6ff9c1d5.mp3	שַׂמְתִּי אֶת הַכֶּסֶף בַּתִּיק.	сáмти эт hа-кéсеф ба-тик.	Я положил деньги в сумку.
55	s_00aadc6c77fe_f.mp3	אֲנִי קָמָה מוּקְדָּם בַּבֹּקֶר תָּמִיד.	анӣ кама́ мукдáм ба-бóкер тамӣ́д.	Я всегда встаю рано утром.
56	s_f0e41d86766c.mp3	הַיּוֹם קַמְתִּי בְּשָׁעָה שֶׁבַע.	hайóм кáмти бе-шаá шéва.	Сегодня я встал в семь часов.
57	s_78ea95389cf3.mp3	אֶתְמוֹל יָשַׁנְתִּי שְׁמוֹנֶה שָׁעוֹת טוֹבוֹת.	этмóль яшáнти шмóнэ шаóт товóт.	Вчера я спал восемь хороших часов.
58	s_33f5fe747e25.mp3	שַׂבָּא נָח בַּבַּיִת בַּצָּהֳרַיִם.	сáба нах ба-бáйит ба-цоhорáим.	Дедушка отдыхает дома днём.
59	s_670ec3a14b58.mp3	בַּשַּׁבָּת נַחְנוּ כָּל הַיּוֹם.	ба-шабáт нáхну коль hа-йóм.	В субботу мы отдыхали весь день.
60	s_54c6cdd34633.mp3	אֲנַחְנוּ טָסִים מָחָר לְאֵילַת.	анáхну тасӣ́м махáр ле-эйлáт.	Завтра мы летим в Эйлат.
61	s_da99020d6517.mp3	בַּשָּׁנָה שֶׁעָבְרָה טַסְתִּי לְפָרִיז.	ба-шанá ше-аврá тáсти ле-парӣ́з.	В прошлом году я летал в Париж.
62	s_671d85b2c927.mp3	הַסּוֹחֵר מוֹכֵר פֵּרוֹת בַּשּׁוּק.	hа-сохéр мохéр пейрóт ба-шук.	Торговец продаёт фрукты на рынке.
63	s_7c50bda65931_f.mp3	אֲנִי בּוֹחֶרֶת יְרָקוֹת טְרִיִּים בַּחֲנוּת.	анӣ бохе́рет йеракот терийӣ́м ба-ханӯ́т.	Я выбираю свежие овощи в магазине.
64	s_4d38866ab8c7.mp3	בָּחַרְתִּי מָנָה טְעִימָה בַּמִּסְעָדָה.	бахáрти манá теимá ба-мисадá.	Я выбрал вкусное блюдо в ресторане.
65	s_677cb82bf6db.mp3	הָרוֹפֵא בּוֹדֵק אֶת הַחוֹלֶה הַיּוֹם.	hа-рофé бодéк эт hа-холé hайóм.	Врач осматривает больного сегодня.
66	s_65e42516107a.mp3	בָּדַקְתִּי אֶת הַחֶשְׁבּוֹן בַּקְּפֵדָה.	бадáкти эт hа-хешбóн би-кфейдá.	Я тщательно проверил счёт.
67	s_41e2a883a070.mp3	שָׁמַרְתִּי לְךָ מָקוֹם טוֹב.	шамáрти лехá макóм тов.	Я занял для тебя хорошее место.
68	s_a739589dbb62.mp3	אֶתְמוֹל עָבַרְנוּ אֶת הַמִּבְחָן בְּהַצְלָחָה.	этмóль авáрну эт hа-мивхáн бе-hацлахá.	Вчера мы успешно сдали экзамен.
69	s_c9a16f2df578.mp3	הָאוֹטוֹבּוּס עוֹצֵר בַּתַּחֲנָה הַקְּרוֹבָה.	hа-отóбус оцéр ба-таханá hа-кровá.	Автобус останавливается на ближайшей остановке.
70	s_d5bea267778d.mp3	הַנַּהָג עָצַר בָּאוֹר הָאָדֹם.	hа-наháг ацáр ба-ор hа-адóм.	Водитель остановился на красный свет.
71	s_2da887c47d58_f.mp3	אֲנִי מְדַבֶּרֶת עִם הַמּוֹרֶה עִבְרִית.	анӣ медабе́рет им hа-морé иврӣ́т.	Я говорю с учителем на иврите.
72	s_d0b96a868f44.mp3	אֶתְמוֹל דִּבַּרְתִּי עִם דָּוִד בַּטֶּלֶפוֹן.	этмóль дибáрти им давӣ́д ба-тéлефон.	Вчера я говорил с Давидом по телефону.
73	s_0e62d863c7c3.mp3	בִּקַּשְׁתִּי חֶשְׁבּוֹן בַּמִּסְעָדָה בְּנִימוּס.	бикáшти хешбóн ба-мисадá бе-нимӯ́с.	Я вежливо попросил счёт в ресторане.
74	s_32717f4452f3.mp3	שִׁילַּמְתִּי עַל הַקָּפֶה בַּבֹּקֶר.	шилáмти аль hа-кáфэ ба-бóкер.	Утром я заплатил за кофе.
75	s_4f480b57f7be.mp3	סַבָּא מְסַפֵּר סִפּוּר יָפֶה לַיְּלָדִים.	сáба месапéр сипӯ́р яфé ла-йеладӣ́м.	Дедушка рассказывает красивую историю детям.
76	s_06ee99ea16e5.mp3	סִפַּרְתִּי לַחֲבֵר עַל הַטִּיּוּל.	сипáрти ла-хавéр аль hа-тийӯ́ль.	Я рассказал другу о поездке.
77	s_f5c246ef1425.mp3	אֲנַחְנוּ מְטַיְּלִים בִּירוּשָׁלַיִם הַיּוֹם בְּיַחַד.	анáхну метайлӣ́м би-рушалáим hайóм бé-яхад.	Мы гуляем в Иерусалиме сегодня вместе.
78	s_8be15628f05d.mp3	בַּשַּׁבָּת טִיַּלְנוּ בַּפַּארְק הַלְּאוּמִּי.	ба-шабáт тийáльну ба-парк hа-леумӣ́.	В субботу мы гуляли в национальном парке.
79	s_f9b9e926f51a_f.mp3	אֲנִי מְחַפֶּשֶׂת דִּירָה בְּתֵל-אָבִיב.	анӣ мехапе́сет дирá бе-тель-авӣ́в.	Я ищу квартиру в Тель-Авиве.
80	s_2e275a0c452e.mp3	חִפַּשְׂתִּי אֶת הַמַּפְתֵּחוֹת שָׁעָה שְׁלֵמָה.	хипáсти эт hа-мафтехóт шаá шлемá.	Я искал ключи целый час.
81	s_82445e8bbc97.mp3	הִיא מְסַדֶּרֶת אֶת הַחֶדֶר יָפֶה.	hи месадéрет эт hа-хéдер яфé.	Она красиво наводит порядок в комнате.
82	s_91f52600436d.mp3	אֶתְמוֹל סִדַּרְתִּי אֶת הָאֲרוֹן בַּבַּיִת.	этмóль сидáрти эт hа-арóн ба-бáйит.	Вчера я прибрал шкаф дома.
83	s_4fc26b8327ce.mp3	קִבַּלְתִּי הוֹדָעָה חֲשׁוּבָה מֵהַבַּנְק.	кибáльти hодаá хашувá ме-hа-банк.	Я получил важное сообщение из банка.
84	s_f80ab423e8c9.mp3	הַמּוֹרֶה מְלַמֵּד עִבְרִית בָּאוּלְפָּן.	hа-морé меламéд иврӣ́т ба-ульпáн.	Учитель преподаёт иврит в ульпане.
85	s_05d09414affe.mp3	שָׁנָה שְׁלֵמָה לִמַּדְתִּי בְּבֵית-סֵפֶר.	шанá шлемá лимáдти бе-вéйт-сéфер.	Целый год я преподавал в школе.
86	s_6d2cdc7bf6e0.mp3	הַיְּלָדִים מְשַׂחֲקִים בַּכַּדּוּר בַּחֲצַר.	hа-йеладӣ́м месахакӣ́м ба-кадӯ́р ба-хацáр.	Дети играют в мяч во дворе.
87	s_3a66420fdc59.mp3	אֶתְמוֹל שִׂחַקְנוּ שַׁחְמָט בַּבַּיִת.	этмóль сихáкну шахмáт ба-бáйит.	Вчера мы играли в шахматы дома.
88	s_a2597ad18a03.mp3	אִמָּא בִּשְּׁלָה אֲרוּחַת עֶרֶב נִפְלָאָה.	и́ма бишлá арухáт э́рев нефлаá.	Мама приготовила чудесный ужин.
89	s_d35f0b1f6e87.mp3	אֶתְמוֹל נִקִּיתִי אֶת כָּל הַדִּירָה.	этмóль никӣ́ти эт коль hа-дирá.	Вчера я убрал всю квартиру.
90	s_d969ad1dca28.mp3	הַיַּלְדָּה מְצַיֶּרֶת פְּרָחִים בְּצִבְעוֹנִיּוּת.	hа-яльдá мецаéрет прахӣ́м бе-цив’онӣ́ют.	Девочка красочно рисует цветы.
91	s_459ba73cca56.mp3	צִיַּרְתִּי תְּמוּנָה יָפָה עַל נְיָר.	цийáрти тмунá яфá аль нейáр.	Я нарисовал красивую картину на бумаге.
92	s_0f662b1090cc_f.mp3	אֲנִי מְצַלֶּמֶת אֶת הַנּוֹף הַיָּפֶה.	анӣ мецале́мет эт hа-ноф hа-яфé.	Я фотографирую красивый вид.
93	s_5bce89fe4cbf.mp3	אֶתְמוֹל צִלַּמְתִּי הַרְבֵּה תְּמוּנוֹת בַּיָּם.	этмóль цилáмти hарбé тмунóт ба-ям.	Вчера я сделал много фотографий на море.
94	s_1c02136c8b55.mp3	אֲנַחְנוּ מְבַקְּרִים אֵצֶל סַבָּא בָּעֶרֶב.	анáхну мевакрӣ́м э́цель сáба ба-э́рев.	Мы навещаем дедушку вечером.
95	s_df64471f6c32.mp3	בַּשַּׁבָּת בִּקַּרְתִּי בַּמּוּזֵאוֹן בִּירוּשָׁלַיִם.	ба-шабáт бикáрти ба-музеóн би-рушалáим.	В субботу я посетил музей в Иерусалиме.
96	s_160366f4363c.mp3	אָסוּר לְעַשֵּׁן בַּמָּקוֹם הַצִּבּוּרִי הַזֶּה.	асӯ́р леашéн ба-макóм hа-цибурӣ́ hа-зэ.	Запрещено курить в этом общественном месте.
97	s_2fa362f76149.mp3	הַטֶּכְנַאי מְתַקֵּן אֶת הַמַּחְשֵׁב הַיּוֹם.	hа-технáй метакéн эт hа-махшéв hайóм.	Техник чинит компьютер сегодня.
98	s_459cea7c4b87.mp3	תִּקַּנְתִּי אֶת הַטָּעוּת בַּמִּכְתָּב.	тикáнти эт hа-таӯ́т ба-михтáв.	Я исправил ошибку в письме.
99	s_4470e4b2bf5a.mp3	אַבָּא מְבָרֵךְ עַל הַיַּיִן בְּשַׁבָּת.	áба меварéх аль hа-йáин бе-шабáт.	Папа благословляет вино в субботу.
100	s_1a9c6f4063bc.mp3	בֵּרַכְתִּי אֶת הֶחָבֵר לְיוֹם-הוּלֶּדֶת.	берáхти эт hе-хавéр ле-йом-hулéдет.	Я поздравил друга с днём рождения.
101	s_cdae8f0dd8e0_f.mp3	אֲנִי מְחַכָּה לָאוֹטוֹבּוּס בַּתַּחֲנָה הַמֶּרְכָּזִית.	анӣ мехака́ ла-отóбус ба-таханá hа-мерказӣ́т.	Я жду автобус на центральной станции.
102	s_fa92d087f3ef.mp3	חִכִּיתִי לְךָ עֶשְׂרִים דַּקּוֹת שְׁלֵמוֹת.	хикӣ́ти лехá эсрӣ́м дакóт шлемóт.	Я ждал тебя целых двадцать минут.
103	s_3aeb3a6c5c0d.mp3	קִוִּיתִי לִפְגּוֹשׁ אוֹתְךָ הַיּוֹם כָּאן.	кивӣ́ти лифгóш отхá hайóм кан.	Я надеялся встретить тебя сегодня здесь.
104	s_e3f2906b0aa2.mp3	שִׁנִּיתִי אֶת הַסִּסְמָה שֶׁלִּי בַּמַּחְשֵׁב.	шинӣ́ти эт hа-сисмá шелӣ́ ба-махшéв.	Я сменил свой пароль на компьютере.
105	s_6519d6e7a4d4_f.mp3	אֲנִי מְנַסָּה לְדַבֵּר עִבְרִית.	анӣ менаса́ ледабéр иврӣ́т.	Я стараюсь говорить на иврите каждый день.
106	s_be0d4a72c26d.mp3	אֶתְמוֹל נִסִּיתִי מָנָה חֲדָשָׁה בַּמִּסְעָדָה.	этмóль нисӣ́ти манá хадашá ба-мисадá.	Вчера я попробовал новое блюдо в ресторане.
107	s_6df14efe373d_f.mp3	אֲנִי מְאַחֶלֶת לְךָ הַצְלָחָה רַבָּה.	анӣ меахе́лет лехá hацлахá рабá.	Я желаю тебе больших успехов.
108	s_992c7aaa31d1.mp3	אִחַלְנוּ חַג שָׂמֵחַ לְכָל הַמִּשְׁפָּחָה.	ихáльну хаг самéах ле-холь hа-мишпахá.	Мы пожелали весёлого праздника всей семье.
109	s_b998a70d5bc1.mp3	הִיא מְסַיֶּמֶת אֶת הָעֲבוֹדָה בַּזְּמַן.	hи месаéмет эт hа-аводá ба-змáн.	Она вовремя заканчивает работу.
110	s_d072ef71634f.mp3	סִיַּמְתִּי אֶת הַקּוּרְס בְּהַצְלָחָה גְּדוֹלָה.	сийáмти эт hа-курс бе-hацлахá гдолá.	Я с большим успехом окончил курс.
111	s_29656a26b9f5.mp3	אִרְגַּנְתִּי אֶת הַמִּסְמָכִים שֶׁלִּי הַיּוֹם.	иргáнти эт hа-мисмахӣ́м шелӣ́ hайóм.	Я привёл в порядок свои документы сегодня.
112	s_baf43caddbc8_f.mp3	אֲנִי מַרְגִּישָׁה מְצוּיָּן הַיּוֹם בַּבֹּקֶר.	анӣ маргиша́ мецуйáн hайóм ба-бóкер.	Я чувствую себя отлично сегодня утром.
113	s_24664f5f29c6.mp3	אֶתְמוֹל הִרְגַּשְׁתִּי עָיֵף מְאֹד בָּעֶרֶב.	этмóль hиргáшти айéф меóд ба-э́рев.	Вчера вечером я чувствовал себя очень уставшим.
114	s_2c06af4aaf7d_f.mp3	אֲנִי מַזְמִינָה פִּיצָה חַמָּה לַבַּיִת.	анӣ мазмина́ пӣ́ца хамá ла-бáйит.	Я заказываю горячую пиццу на дом.
115	s_ef0aed297da7.mp3	הִזְמַנְתִּי מָקוֹם טוֹב בַּמִּסְעָדָה מֵרֹאשׁ.	hизмáнти макóм тов ба-мисадá ме-рош.	Я заранее забронировал хорошее место в ресторане.
116	s_0f8f333d88cf.mp3	הַשִּׁעוּר שֶׁלָּנוּ מַתְחִיל בְּשָׁעָה תֵּשַׁע.	hа-шиӯ́р шелáну матхӣ́ль бе-шаá тéйша.	Наш урок начинается в девять часов.
117	s_64402affcdc5.mp3	הִתְחַלְתִּי לַעֲבוֹד בַּמִּשְׂרָד הֶחָדָשׁ.	hитхáльти лаавóд ба-мисрáд hе-хадáш.	Я начал работать в новом офисе.
118	s_1f2ef4a84153.mp3	הָרַכֶּבֶת מַגִּיעָה בִּזְמַן לַתַּחֲנָה עַכְשָׁיו.	hа-ракéвет магӣ́а бизмáн ла-таханá ахшáв.	Поезд сейчас прибывает вовремя на станцию.
119	s_b4ac3be8812e.mp3	הִגַּעְתִּי לָאוּלְפָּן בַּבֹּקֶר בְּשָׁלוֹם.	hигáъти ла-ульпáн ба-бóкер бе-шалóм.	Я благополучно добрался утром до ульпана.
120	s_22036e84a524_f.mp3	אֲנִי מְבַיֶּנֶת אֶת הַשְּׁאֵלָה הֵיטֵב.	анӣ мевӣ́н эт hа-шеэлá hейтéв.	Я хорошо понимаю вопрос.
121	s_7ff9e1b864e6.mp3	לֹא הֵבַנְתִּי אֶת הַמִּלָּה הַזֹּאת.	ло hевáнти эт hа-милá hа-зот.	Я не понял это слово.
122	s_cd8af1314aab_f.mp3	אֲנִי מַכִּירָה אֶת הָאִישׁ הַזֶּה.	анӣ макира́ эт hа-иш hа-зэ.	Я знаю этого человека.
123	s_51bcc3ebb10e.mp3	הִכַּרְתִּי אוֹתוֹ בָּאוּלְפָּן בַּקַּיִץ.	hикáрти отó ба-ульпáн ба-кáиц.	Я познакомился с ним в ульпане летом.
124	s_efe87a9d3cc0.mp3	הַמּוֹרֶה מַסְבִּיר אֶת הַכְּלָל בְּבֵרוּר.	hа-морé масбӣ́р эт hа-клаль бе-вейрӯ́р.	Учитель ясно объясняет правило.
125	s_70f079ffed18.mp3	הִסְבַּרְתִּי לַחֲבֵר אֶת הַדֶּרֶךְ.	hисбáрти ла-хавéр эт hа-дéрех.	Я объяснил другу дорогу.
126	s_604d8f8a58c5.mp3	הַתַּלְמִיד מַקְשִׁיב לַמּוֹרֶה בַּכִּתָּה בְּקֶשֶׁב.	hа-тальмӣ́д макшӣ́в ла-морé ба-китá бе-кéшев.	Ученик внимательно слушает учителя в классе.
127	s_4ecba55826fe.mp3	הִקְשַׁבְתִּי לַחֲדָשׁוֹת בָּרַדְיוֹ בַּבֹּקֶר.	hикшáвти ла-хадашóт ба-рáдио ба-бóкер.	Утром я послушал новости по радио.
128	s_5bd945f81a61.mp3	אֲנַחְנוּ מַמְשִׁיכִים לִלְמוֹד עִבְרִית בְּשִׂמְחָה.	анáхну мамшихӣ́м лильмóд иврӣ́т бе-симхá.	Мы с радостью продолжаем учить иврит.
129	s_bc2f74063648.mp3	הִמְשַׁכְתִּי יָשָׁר עַד הָרַמְזוֹר.	hимшáхти яшáр ад hа-рамзóр.	Я продолжил прямо до светофора.
130	s_f5fc2ee8daec.mp3	הַמְּנַהֵל מַחְלִיט עַל הַתּוֹכְנִית הַיּוֹם.	hа-менаhéль махлӣ́т аль hа-тохнӣ́т hайóм.	Директор сегодня принимает решение по плану.
131	s_d3be7938e7a2.mp3	הֶחְלַטְתִּי לִנְסוֹעַ לִירוּשָׁלַיִם מָחָר.	hехлáтти линсóа ли-рушалáим махáр.	Я решил завтра поехать в Иерусалим.
132	s_e3d22abd57e7.mp3	הֵבֵאתִי מַתָּנָה יָפָה מִפָּרִיז.	hевéти матáна яфá ми-парӣ́з.	Я привёз красивый подарок из Парижа.
133	s_b1b621344a82_f.mp3	אֲנִי מַדְלִיקָה אֶת הָאוֹר בַּחֶדֶר.	анӣ мадлика́ эт hа-ор ба-хéдер.	Я включаю свет в комнате.
134	s_342c2e70fe9f.mp3	אֶתְמוֹל הִדְלַקְתִּי אֶת הַמַּזְגָן בַּבַּיִת.	этмóль hидлáкти эт hа-мазгáн ба-бáйит.	Вчера я включил дома кондиционер.
135	s_61814061d761.mp3	הִיא מְכַבָּה אֶת הָאוֹר בַּלַּיְלָה.	hи мехабá эт hа-ор ба-лáйла.	Она выключает свет ночью.
136	s_ad267bc41679.mp3	כִּבִּיתִי אֶת הַטֶּלֶוִיזְיָה לִפְנֵי הַשֵּׁנָה.	кибӣ́ти эт hа-телеви́зья лифнéй hа-шенá.	Я выключил телевизор перед сном.
137	s_3e19c803660d.mp3	הַגֶּשֶׁם מַפְסִיק לָרֶדֶת בַּחוּץ עַכְשָׁיו.	hа-гéшем мафсӣ́к лáредет ба-хӯ́ц ахшáв.	Дождь на улице сейчас прекращается.
138	s_d09c084199e1.mp3	הִפְסַקְתִּי לַעֲבוֹד מְאוּחָר בַּלַּיְלָה.	hифсáкти лаавóд меухáр ба-лáйла.	Я перестал работать поздно ночью.
139	s_de451de9cf40.mp3	הַמֶּלְצַר מַמְלִיץ עַל הַדָּג הַטָּרִי.	hа-мельцáр мамлӣ́ц аль hа-даг hа-тарӣ́.	Официант рекомендует свежую рыбу.
140	s_2d0daf0b9dd6.mp3	הִמְלַצְתִּי עַל הַמָּלוֹן הַזֶּה לַחֲבֵרִים.	hимлáцти аль hа-малóн hа-зэ ла-хаверӣ́м.	Я порекомендовал этот отель друзьям.
141	s_776bc8099587.mp3	הַתַּלְמִיד מַצְלִיחַ בַּלִּמּוּדִים בָּאוּלְפָּן יָפֶה.	hа-тальмӣ́д мацлӣ́ах ба-лимудӣ́м ба-ульпáн яфé.	Ученик отлично успевает в учёбе в ульпане.
142	s_51873e418b56.mp3	הִצְלַחְתִּי בַּמִּבְחָן הַקָּשֶׁה בְּעִבְרִית.	hицлáхти ба-мивхáн hа-кашé бе-иврӣ́т.	Я успешно справился с трудным тестом по ивриту.
143	s_7af48f922782_f.mp3	אֲנִי מַעֲדִיפָה תֵּה עַל קָפֶה.	анӣ маадифа́ тэ аль кáфэ.	Я предпочитаю чай кофе.
144	s_6720576f3784.mp3	הֶעֱדַפְתִּי לְהִשָּׁאֵר בַּבַּיִת בַּגֶּשֶׁם.	hеэдáфти леhишаэ́р ба-бáйит ба-гéшем.	В дождь я предпочёл остаться дома.
145	s_9caef0e37c6e_f.mp3	אֲנִי מַסְכִּימָה עִם כָּל מִלָּה.	анӣ маскима́ им коль милá.	Я согласен с каждым словом.
146	s_6b049e08cbca.mp3	הִסְכַּמְנוּ עַל הַמְּחִיר מִיָּד שָׁם.	hискáмну аль hа-мехӣ́р мийáд шам.	Мы сразу договорились о цене там.
147	s_c473163a70b1.mp3	הִתְרַחַצְתִּי בַּיָּם עִם כָּל הַחֲבֵרִים.	hитрахáцти ба-ям им коль hа-хаверӣ́м.	Я купался в море со всеми друзьями.
148	s_528649f6f92e.mp3	הִתְלַבַּשְׁתִּי מַהֵר בַּבֹּקֶר לָעֲבוֹדָה.	hитлабáшти маhéр ба-бóкер ла-аводá.	Утром я быстро оделся на работу.
149	s_63c9d63f5dd0_f.mp3	אֲנִי מִתְרַגֶּשֶׁת מֵהַפְּגִישָׁה הַחֲדָשָׁה הַיּוֹם.	анӣ митраге́шет ме-hа-пгишá hа-хадашá hайóм.	Я волнуюсь из-за новой встречи сегодня.
150	s_ab66af768a3a.mp3	מְאֹד הִתְרַגַּשְׁתִּי בַּחֲתוּנָּה שֶׁל אָחִי.	меóд hитрагáшти ба-хатунá шель ахӣ́.	Я очень растрогался на свадьбе брата.
151	s_49d9dd7f7512_f.mp3	אֲנִי מִשְׁתַּמֶּשֶׁת בַּמַּחְשֵׁב בָּעֲבוֹדָה תָּמִיד.	анӣ миштаме́шет ба-махшéв ба-аводá тамӣ́д.	Я всегда пользуюсь компьютером на работе.
152	s_06e4a3659830.mp3	הִשְׁתַּמַּשְׁתִּי בַּמִּלּוֹן בַּשִּׁעוּר אֶתְמוֹל.	hиштамáшти ба-милóн ба-шиӯ́р этмóль.	Вчера на уроке я пользовался словарём.
153	s_e993fbd5c5a0.mp3	הֵם מִתְחַתְּנִים בַּקַּיִץ הַקָּרוֹב בְּיִשְׂרָאֵל.	hэм митхатнӣ́м ба-кáиц hа-карóв бе-исраэ́ль.	Они женятся ближайшим летом в Израиле.
154	s_5d97ec69651d.mp3	הָאִישׁ מִתְפַּלֵּל בְּבֵית-הַכְּנֶסֶת בַּבֹּקֶר.	hа-иш митпалéль бе-вéйт-hа-кнéсет ба-бóкер.	Мужчина молится в синагоге утром.
155	s_e2f68e5c7c7f.mp3	הִתְפַּלַּלְנוּ שָׁם בְּיוֹם כִּפּוּר בְּיַחַד.	hитпалáльну шам бе-йом кипӯ́р бé-яхад.	Мы молились там в Судный день вместе.
156	s_d90a52c46128_f.mp3	אֲנִי מִצְטַעֶרֶת עַל הַטָּעוּת הַזֹּאת.	анӣ мицтаэ́рет аль hа-таӯ́т hа-зот.	Я сожалею об этой ошибке.
157	s_34be2c25236f.mp3	מְאֹד הִצְטַעַרְתִּי עַל מָה שֶׁקָּרָה.	меóд hицтаáрти аль ма ше-карá.	Я очень сожалел о том, что произошло.
158	s_d9c35f2bbba9_f.mp3	אֲנִי מְתַקְשֶׁרֶת לְאִמָּא בָּעֶרֶב.	анӣ миткашéр ле-и́ма коль йом ба-э́рев.	Я звоню маме вечером.
159	s_34099899ef3d.mp3	אֶתְמוֹל הִתְקַשַּׁרְתִּי לָרוֹפֵא בַּבֹּקֶר.	этмóль hиткашáрти ла-рофé ба-бóкер.	Вчера утром я позвонил врачу.
160	s_5ce6d716d61e.mp3	אֲנַחְנוּ מִתְרָאִים שׁוּב בָּעֶרֶב בַּקָּפֶה.	анáхну митраӣ́м шув ба-э́рев ба-кáфэ.	Мы снова видимся вечером в кафе.
161	s_3a975ff92197.mp3	הִתְרָאֵינוּ בַּקָּפֶה בַּשָּׁבוּעַ שֶׁעָבַר.	hитраэ́йну ба-кáфэ ба-шавӯ́а ше-авáр.	Мы виделись в кафе на прошлой неделе.
162	s_d62f7db2bcdf.mp3	הִיא מִסְתַּכֶּלֶת עַל הַתְּמוּנָה הַיָּפָה.	hи мистакéлет аль hа-тмунá hа-яфá.	Она смотрит на красивую картину.
163	s_b85b273acae0.mp3	הִסְתַּכַּלְתִּי בַּחַלּוֹן שָׁעָה אֲרוּכָּה הַיּוֹם.	hистакáльти ба-халóн шаá арукá hайóм.	Я долго смотрел сегодня в окно.
164	s_d720e55d7aaa.mp3	הַתַּלְמִיד מִתְקַדֵּם יָפֶה בָּאוּלְפָּן הַשָּׁנָה.	hа-тальмӣ́д миткадéм яфé ба-ульпáн hа-шанá.	Ученик хорошо продвигается в ульпане в этом году.
165	s_3aab77ac9efd.mp3	הִתְקַדַּמְתִּי הַרְבֵּה בַּחֹדֶשׁ הָאַחֲרוֹן בָּעֲבוֹדָה.	hиткадáмти hарбé ба-хóдеш hа-ахарóн ба-аводá.	Я сильно продвинулся за последний месяц на работе.
166	s_62b0d6f8bf88_f.mp3	אֲנִי מִתְרַגֶּלֶת לַמֶּזֶג הָאֲוִיר בָּאָרֶץ.	анӣ митраге́лет ла-мéзег hа-авӣ́р ба-áрец.	Я привыкаю к погоде в Израиле.
167	s_d3537296714c.mp3	הִתְרַגַּלְתִּי מַהֵר לַחַיִּים בְּיִשְׂרָאֵל.	hитрагáльти маhéр ла-хайӣ́м бе-исраэ́ль.	Я быстро привык к жизни в Израиле.
168	s_4ec95d89fc20.mp3	הַתַּלְמִיד נִכְנָס לַכִּתָּה בְּשֶׁקֶט.	hа-тальмӣ́д нихнáс ла-китá бе-шéкет.	Ученик тихо входит в класс.
169	s_c12650002d81.mp3	אֶתְמוֹל נִכְנַסְתִּי לַמִּשְׂרָד מוּקְדָּם בַּבֹּקֶר.	этмóль нихнáсти ла-мисрáд мукдáм ба-бóкер.	Вчера я рано утром зашёл в офис.
170	s_e3d9d081bfa7_f.mp3	אֲנִי נִשְׁאֶרֶת בַּבַּיִת הַיּוֹם בָּעֶרֶב.	анӣ ниш’áр ба-бáйит hайóм ба-э́рев.	Я остаюсь дома сегодня вечером.
171	s_56fa991842a2.mp3	אֶתְמוֹל נִשְׁאַרְתִּי בָּעֲבוֹדָה עַד מְאוּחָר.	этмóль ниш’áрти ба-аводá ад меухáр.	Вчера я задержался на работе допоздна.
172	s_06f9e3ce374b.mp3	אֲנַחְנוּ נִפְגָּשִׁים בַּקָּפֶה בָּעֶרֶב בְּיַחַד.	анáхну нипгашӣ́м ба-кáфэ ба-э́рев бé-яхад.	Мы встречаемся вечером в кафе вместе.
173	s_c2f282e1fbd6.mp3	אֶתְמוֹל נִפְגַּשְׁתִּי עִם הַמְּנַהֵל לְשִׂיחָה.	этмóль нипгáшти им hа-менаhéль ле-сихá.	Вчера я встретился с директором для беседы.
174	s_4112c097e57a.mp3	הַחֲנוּת נִסְגֶּרֶת בְּשָׁעָה שְׁמוֹנֶה בָּעֶרֶב.	hа-ханӯ́т нисгéрет бе-шаá шмóнэ ба-э́рев.	Магазин закрывается в восемь вечера.
175	s_7d4505c2b021.mp3	הַדֶּלֶת נִסְגְּרָה לְפֶתַע פִּתְאוֹם בָּרוּחַ.	hа-дéлет нисгерá лефéта пит’óм ба-рӯ́ах.	Дверь внезапно захлопнулась от ветра.
176	s_ccbcae6734aa.mp3	הַסִּפְרִיָּה נִפְתַּחַת בַּבֹּקֶר בְּשָׁעָה שְׁמוֹנֶה.	hа-сифрийá нифтáхат ба-бóкер бе-шаá шмóнэ.	Библиотека открывается утром в восемь часов.
177	s_b6ba54edab5d.mp3	הַקּוּרְס הֶחָדָשׁ נִפְתַּח אֶתְמוֹל בָּאוּלְפָּן.	hа-курс hе-хадáш нифтáх этмóль ба-ульпáн.	Вчера в ульпане открылся новый курс.
178	s_9c1a69d32055.mp3	נִזְהַרְתִּי מְאֹד בַּדֶּרֶךְ הַחֲלָקָה בַּגֶּשֶׁם.	низháрти меóд ба-дéрех hа-халакá ба-гéшем.	Я был очень осторожен на скользкой дороге в дождь.
179	s_1a8aa8bf6b3e.mp3	תִּינוֹק חָדָשׁ נוֹלָד הַיּוֹם בַּמִּשְׁפָּחָה.	тинóк хадáш нолáд hайóм ба-мишпахá.	Сегодня в семье родился новый ребёнок.
180	s_328e6cc674bf.mp3	נוֹלַדְתִּי בְּיִשְׂרָאֵל לִפְנֵי עֶשְׂרִים שָׁנָה.	нолáдти бе-исраэ́ль лифнéй эсрӣ́м шанá.	Я родился в Израиле двадцать лет назад.
181	s_910ff739814a_f.mp3	אֲנִי נִזְכֶּרֶת בַּסִּפּוּר הַיָּפֶה עַכְשָׁיו.	анӣ низке́рет ба-сипӯ́р hа-яфé ахшáв.	Я сейчас вспоминаю красивую историю.
182	s_9b3af73949c5.mp3	פִּתְאוֹם נִזְכַּרְתִּי בַּשֵּׁם שֶׁלּוֹ מִיָּד.	пит’óм низкáрти ба-шем шелó мийáд.	Вдруг я сразу вспомнил его имя.
183	s_8d83dc8111c1.mp3	קָשֶׁה לְהִפָּרֵד מֵחֲבֵרִים טוֹבִים תָּמִיד.	кашé леhипарéд ме-хаверӣ́м товӣ́м тамӣ́д.	Всегда трудно расставаться с хорошими друзьями.
184	s_71656bf91db1.mp3	אֶתְמוֹל נִפְרַדְנוּ בִּשְׂדֵה הַתְּעוּפָה בְּחִבּוּק.	этмóль нифрáдну би-сдé hа-теуфá бе-хибӯ́к.	Вчера мы тепло попрощались в аэропорту.
185	s_36ff7b8e5621.mp3	הַשֶּׁמֶשׁ נֶעֱלֶמֶת מֵאֲחוֹרֵי הֶעָנָן לְאַט.	hа-шéмеш неэлéмет ме-ахорéй hе-анáн ле-áт.	Солнце медленно исчезает за тучей.
186	s_9b12a7687ba3.mp3	הַמַּפְתֵּחַ שֶׁלִּי נֶעֱלַם בַּבֹּקֶר פִּתְאוֹם.	hа-мафтéах шелӣ́ неэлáм ба-бóкер пит’óм.	Мой ключ утром внезапно пропал.
187	s_4bdf70e568c2.mp3	הַתִּינוֹק נִרְדָּם בָּעֶרֶשׂ בְּשֶׁקֶט עַכְשָׁיו.	hа-тинóк нирдáм ба-э́рес бе-шéкет ахшáв.	Ребёнок сейчас тихо засыпает в кроватке.
188	s_116843d97b18.mp3	נִרְדַּמְתִּי מַהֵר מוּל הַטֶּלֶוִיזְיָה אֶתְמוֹל.	нирдáмти маhéр муль hа-телеви́зья этмóль.	Вчера я быстро уснул перед телевизором.
189	s_e134ddb9c2dc.mp3	הַסֶּרֶט נִמְשָׁךְ שְׁעָתַיִם תְּמִימוֹת בַּקּוֹלְנוֹעַ.	hа-сéрет нимшáх шеатáим темӣмóт ба-кольнóа.	Фильм длится ровно два часа в кинотеатре.
190	s_512228f4319c.mp3	הַיְּשִׁיבָה נִמְשְׁכָה הַרְבֵּה זְמַן אֶתְמוֹל.	hа-йешивá нимшехá hарбé зман этмóль.	Вчера совещание длилось долго.
191	s_645163266178.mp3	אַף אֶחָד לֹא נִכְשָׁל כָּאן.	аф эхáд ло нихшáль кан.	Никто здесь не терпит неудачу.
192	s_6914815ee912.mp3	נִכְשַׁלְתִּי בַּטֶּסְט הָרִאשׁוֹן שֶׁל נְהִיגָה.	нихшáльти ба-тест hа-ришóн шель неhигá.	Я завалил первый практический экзамен по вождению.
193	s_15c39e20757b_f.mp3	אֲנִי מַסְפִּיקָה לָרַכֶּבֶת בַּבֹּקֶר תָּמִיד.	анӣ маспика́ ла-ракéвет ба-бóкер тамӣ́д.	Я всегда утром успеваю на поезд.
194	s_3da9ca3a955d.mp3	הִסְפַּקְתִּי לְסַיֵּם אֶת הַדּוּ״חַ הַיּוֹם.	hиспáкти лесаéм эт hа-дӯ́ах hайóм.	Я успел закончить отчёт сегодня.
195	s_eadd85c3ff90.mp3	הַמַּצָּב הַכַּלְכָּלִי מַשְׁפִּיעַ עַל הַכֹּל.	hа-мацáв hа-калькалӣ́ машпӣ́а аль hа-коль.	Экономическая ситуация влияет на всё.
196	s_87117f2801ac.mp3	הַמּוֹרֶה הִשְׁפִּיעַ עָלַי מְאֹד לְטוֹבָה.	hа-морé hишпӣ́а алáй меóд ле-товá.	Учитель очень повлиял на меня в лучшую сторону.
197	s_9d9abe414ed1.mp3	הִשְׁקַעְתִּי הַרְבֵּה מַאֲמָץ בַּלִּמּוּדִים הָאֵלֶּה.	hишкáъти hарбé маамáц ба-лимудӣ́м hа-э́ле.	Я вложил много усилий в эту учёбу.
198	s_cee4a05fe8fb_f.mp3	אֲנִי מַצִּיעָה פִּתָּרוֹן חָכָם לַבְּעָיָה.	анӣ мациа́ питарóн хахáм ла-беайá.	Я предлагаю умное решение проблемы.
199	s_50b4f942a6fd.mp3	הַמְּנַהֵל הִצִּיעַ לִי מִשְׂרָה מְעוּלָּה.	hа-менаhéль hицӣ́а ли мисрá меулá.	Руководитель предложил мне отличную должность.
200	s_6353a559767c.mp3	הַזַּמָּר מוֹפִיעַ בַּתֵּאַטְרוֹן הַיּוֹם בָּעֶרֶב.	hа-замáр мофӣ́а ба-театрóн hайóм ба-э́рев.	Певец выступает в театре сегодня вечером.
201	s_510f5991a884.mp3	הִיא הוֹפִיעָה בַּטֶּלֶוִיזְיָה בַּחֲדָשׁוֹת אֶתְמוֹל.	hи hофӣ́а ба-телеви́зья ба-хадашóт этмóль.	Вчера она появилась на телевидении в новостях.
202	s_98662a60ad5a_f.mp3	אֲנִי מַבְטִיחָה לַעֲזוֹר לְךָ תָּמִיד.	анӣ мавтиха́ лаазóр лехá тамӣ́д.	Я обещаю всегда помогать тебе.
203	s_206a624d2e2a.mp3	הִבְטַחְתִּי לָבוֹא בַּזְּמַן לַפְּגִישָׁה.	hивтáхти лавó ба-змáн ла-пгишá.	Я обещал вовремя прийти на встречу.
204	s_626dadcee4a5.mp3	עוֹרֵךְ-הַדִּין מוֹכִיחַ אֶת הָאֱמֶת בַּמִּשְׁפָּט.	орéх-hа-дин мохӣ́ах эт hа-эмéт ба-мишпáт.	Адвокат доказывает правду на суде.
205	s_12f5708c2c9c.mp3	הוֹכַחְתִּי אֶת הַטְּעָנָה שֶׁלִּי בְּבֵרוּר.	hохáхти эт hа-теанá шелӣ́ бе-вейрӯ́р.	Я ясно доказал своё утверждение.
206	s_cfaa240b8cad.mp3	אֲנַחְנוּ מִתְמוֹדְדִים עִם הַקְּשָׁיִים בְּיַחַד.	анáхну митмодедӣ́м им hа-кшайӣ́м бé-яхад.	Мы вместе справляемся с трудностями.
207	s_1fe9653d5d25.mp3	הִתְמוֹדַדְתִּי הֵיטֵב עִם כָּל הַלַּחַץ.	hитмодáдти hейтéв им коль hа-лáхац.	Я отлично справился со всем стрессом.
208	s_0724049d7ace.mp3	הִתְנַדַּבְתִּי בַּקְּהִלָּה שָׁנָה שְׁלֵמָה בְּאַהֲבָה.	hитнадáвти ба-кеhилá шанá шлемá бе-аhавá.	Я целый год с любовью волонтёрил в общине.
209	s_d2fc83062115.mp3	הִתְנַהַגְתָּ כְּמוֹ בֶּן-אָדָם אֲמִתִּי בַּמַּצָּב.	hитнаháгта кмо бен-адáм амитӣ́ ба-мацáв.	Ты повёл себя по-человечески в этой ситуации.
210	s_a4efcef663ae.mp3	הָעִיר מִתְפַּתַּחַת בִּמְהִירוּת גְּדוֹלָה מְאֹד.	hа-ӣ́р митпатáхат би-меhирӯ́т гдолá меóд.	Город развивается с очень большой скоростью.
211	s_68dadf373f83.mp3	הַחֶבְרָה הִתְפַּתְּחָה מְאֹד בַּשָּׁנִים הָאַחֲרוֹנוֹת.	hа-хеврá hитпатхá меóд ба-шанӣ́м hа-ахаронóт.	Компания сильно развилась за последние годы.
212	s_f3c8cdc7eaab.mp3	אֲנָשִׁים מִתְלוֹנְנִים עַל הַמֶּזֶג-הָאֲוִיר בַּקַּיִץ.	анашӣ́м митлоннӣ́м аль hа-мéзег-hа-авӣ́р ба-кáиц.	Люди жалуются на погоду летом.
213	s_3a7f84b9fe4d.mp3	הַלָּקוֹחַ הִתְלוֹנֵן עַל הַשֵּׁרוּת הָרַע.	hа-лакóах hитлонéн аль hа-шерӯ́т hа-ра.	Клиент пожаловался на плохое обслуживание.
214	s_2f9ad3d700da.mp3	טִפַּלְתִּי בַּחוֹלֶה כָּל הַיּוֹם.	типáльти ба-холé коль hа-йом.	Я ухаживал за больным весь день.
215	s_462b75ca8ecb.mp3	הִיא רוֹחֶצֶת אֶת הַיָּדַיִם בְּמַיִם.	hи рохéцет эт hа-ядáйим бэ-мáйим.	Она моет руки водой.
216	s_f37d2d4597a0.mp3	רָחַצְתִּי אֶת הַפָּנִים בַּבֹּקֶר.	рахáцти эт hа-панӣ́м ба-бóкер.	Я умыл лицо утром.
217	s_6d114ec04098.mp3	שָׁטַפְתִּי כֵּלִים אַחֲרֵי הָאֲרוּחָה.	шатáфти келӣ́м ахарéй hа-арухá.	Я вымыл посуду после еды.
218	s_d7ec0b60a3d3.mp3	הִלְבַּשְׁתִּי אֶת הַסָּבָא בְּחוּלְצָה.	hильбáшти эт hа-сáба бэ-хульцá.	Я одел дедушку в рубашку.
219	s_6ead7d52a7b0.mp3	הִיא מַפְשִׁיטָה אֶת הַמְּעִיל הַכָּבֵד.	hи мафшитá эт hа-меӣ́ль hа-кавéд.	Она снимает тяжёлое пальто.
220	s_85139b26819a.mp3	הִפְשַׁטְתִּי אֶת הַסְּוֶודֶר הַחַם.	hифшáтти эт hа-свéдер hа-хам.	Я снял тёплый свитер.
221	s_5632e9c76499.mp3	הֶאֱכַלְתִּי אֶת הַחוֹלֶה בַּצָּהֳרַיִם.	hээхáльти эт hа-холé ба-цоhорáим.	Я покормил больного в обед.
222	s_392cbe7aaa39.mp3	הִשְׁקֵיתִי אֶת הַסָּבָא בְּתֵה.	hишкéйти эт hа-сáба бэ-те.	Я напоил дедушку чаем.
223	s_51adae70abc6.mp3	הִשְׁכַּבְתִּי אוֹתוֹ לִישׁוֹן בָּעֶרֶב.	hишкáвти отó лишóн ба-э́рев.	Я уложил его спать вечером.
224	s_0ef90b4b03c7.mp3	הֶעֱמַדְתִּי אֶת הַכִּסֵּא לְיַד הַמִּטָּה.	hээмáдти эт hа-кисé ле-яд hа-митá.	Я поставил стул возле кровати.
225	s_bd1d9c4436d8.mp3	הַמְּטַפֵּל מְסַיֵּעַ לַקָּשִׁישׁ בַּהֲלִיכָה.	hа-метапéль месайéа ла-кашӣ́ш ба-hалихá.	Сиделка помогает пожилому человеку при ходьбе.
226	s_45922a679857.mp3	סִיַּעְתִּי לַמִּשְׁפָּחָה בְּכָל הַסִּדּוּרִים.	сийáъти ла-мишпахá бэ-холь hа-сидурӣ́м.	Я помог семье со всеми хлопотами.
227	s_562d3cd1bde7.mp3	תָּמַכְתִּי בַּסָּבָא עַד הַחֶדֶר.	тамáхти ба-сáба ад hа-хéдер.	Я поддерживал дедушку до комнаты.
228	s_708fef9fd102.mp3	חִמַּמְתִּי מַיִם חַמִּים לַתֵּה.	химáмти мáйим хамӣ́м ла-те.	Я подогрел горячую воду для чая.
229	s_2946c01023fb.mp3	מָדַדְתִּי חֹם בַּבֹּקֶר בַּמִּרְפָּאָה.	мадáдти хом ба-бóкер ба-мирпаá.	Я измерил температуру утром в клинике.
230	s_1d6fbeea410d.mp3	הַכַּדּוּר הַזֶּה מְשַׁכֵּךְ כְּאֵבִים מַהֵר.	hа-кадӯ́р hа-зé мешакéах кеэвӣ́м маhéр.	Эта таблетка быстро снимает боль.
231	s_80d4062ef847.mp3	שִׁכַּכְתִּי אֶת הַכְּאֵב בְּעֶזְרַת תְּרוּפָה.	шикáхти эт hа-кеэ́в бе-эзрáт труфá.	Я снял боль с помощью лекарства.
232	s_4baa5e205e81.mp3	הִרְגַּעְתִּי אוֹתוֹ בִּדְבָרִים טוֹבִים.	hиргáъти отó би-дварӣ́м товӣ́м.	Я успокоил его добрыми словами.
233	s_914ba2dfbcac.mp3	הֶחֱזַרְתִּי אֶת הַסֵּפֶר לָאֲרוֹן.	hэхеза́рти эт hа-сéфер ла-арóн.	Я вернул книгу в шкаф.
234	s_eac40e89e214.mp3	דִּוַּחְתִּי לָרוֹפֵא עַל שִׁנּוּי.	дивáхти ла-рофé аль шинӯ́й.	Я сообщил врачу об изменении.
235	s_37f06f90956c.mp3	הִיא מַחֲלִיפָה אֶת הַמַּצָּעִים הַיּוֹם.	hи махалӣ́фа эт hа-мацаӣ́м hайóм.	Она меняет постельное бельё сегодня.
236	s_7ec288d308f6.mp3	הֶחֱלַפְתִּי אֶת הַתַּחְבּוֹשֶׁת בַּבֹּקֶר.	hэхелáфти эт hа-тахбóшет ба-бóкер.	Я сменил повязку утром.
237	s_75bc0717749f.mp3	עוֹדַדְתִּי אוֹתוֹ בְּחִיּוּךְ רָחָב.	одáдти отó бе-хийӯ́х рахáв.	Я подбодрил его широкой улыбкой.
238	s_44bf9dc574d8.mp3	לִוִּיתִי אוֹתוֹ לְקוּפַּת חוֹלִים.	ливӣ́ти отó ла-купáт холӣ́м.	Я сопроводил его в поликлинику.
239	s_dad6a7db2346.mp3	הַגַּנֶּנֶת מַשְׁגִּיחָה עַל הַיְּלָדִים בֶּחָצֵר.	hа-ганéнет машгӣ́ха аль hа-еладӣ́м бэ-хацéр.	Воспитательница присматривает за детьми во дворе.
240	s_3ac4f3910505.mp3	הִשְׁגַּחְתִּי עֲלֵיהֶם כָּל הַיּוֹם.	hишгáхти алеhéм коль hа-йом.	Я следил за ними весь день.
241	s_6887436a45fb.mp3	אִמָּא מְחַבֶּקֶת אֶת הַיֶּלֶד בְּחֹם.	ӣ́ма мехабéкет эт hа-йéлед бэ-хом.	Мама тепло обнимает ребёнка.
242	s_f9d65f227f41.mp3	חִבַּקְתִּי אוֹתוֹ כְּשֶׁהוּא בָּכָה.	хибáкти отó кше-hу бахá.	Я обнял его, когда он заплакал.
243	s_2d58a4f66340.mp3	נִחַמְתִּי אֶת הַיַּלְדָּה בַּגַּן.	нихáмти эт hа-яльдá ба-ган.	Я утешил девочку в саду.
244	s_5b60f9c02675.mp3	דָּנִי מְשַׁתֵּף אֶת כּוּלָּם בַּמִּשְׂחָק.	дáни мешатéф эт кулáм ба-мисхáк.	Дани вовлекает всех в игру.
245	s_f733603309ca.mp3	שִׁתַּפְתִּי אֶת הַחֲבֵרִים בַּצַּעֲצוּעִים.	шитáфти эт hа-хаверӣ́м ба-цаацуӣ́м.	Я поделился с друзьями игрушками.
246	s_6c61aeeb7900.mp3	גָּזַרְתִּי צוּרוֹת יָפוֹת מִבְּרִיסְטוֹל.	газáрти цурóт яфóт ми-бристóль.	Я вырезал красивые фигурки из картона.
247	s_300c3cb1e949.mp3	הִרְכַּבְתִּי מִגְדָּל גָּבוֹהַּ מִלֶּגוֹ.	hиркáвти мигдáль гавóах ми-лéго.	Я собрал высокую башню из лего.
248	s_bb71d9c8d0a7.mp3	הַגַּנֶּנֶת מַקְרִיאָה סִפּוּר לַיְּלָדִים.	hа-ганéнет макриá сипӯ́р ла-еладӣ́м.	Воспитательница читает сказку детям.
249	s_b7e5675d9ac4.mp3	הִקְרֵאתִי שִׁיר יָפֶה לָהֶם.	hикрéти шир яфé лаhéм.	Я прочитал им красивое стихотворение.
250	s_6f82afc34a10.mp3	שָׁכַבְתִּי לָנוּחַ בַּצָּהֳרַיִם הַיּוֹם.	шахáвти ланӯ́ах ба-цоhорáим hайóм.	Я прилёг отдохнуть днём сегодня.
251	s_900a25301742.mp3	נָעַלְתִּי סַנְדָּלִים נוֹחִים לַגַּן.	наáльти сандалӣ́м нохӣ́м ла-ган.	Я обул удобные сандалии в садик.
252	s_2f7b3fb1b9d2.mp3	הַיְּלָדִים רוֹחֲצִים יָדַיִם בְּסַבּוֹן.	hа-еладӣ́м рохацӣ́м ядáим бэ-сабóн.	Дети моют руки с мылом.
253	s_0457945acfde.mp3	רָחַצְנוּ יָדַיִם לִפְנֵי הָאוֹכֶל.	рахáцну ядáим лифнéй hа-óхель.	Мы помыли руки перед едой.
254	s_a4ab1c671bdb.mp3	דָּנִי מְוַתֵּר עַל הַתּוֹר בִּנְדִיבוּת.	дáни меватéр аль hа-тор би-ндивӯ́т.	Дани великодушно уступает очередь.
255	s_96aed881ef50.mp3	וִתַּרְתִּי לַחֲבֵרָה שֶׁלִּי בַּמִּשְׂחָק.	витáрти ла-хаверá шелӣ́ ба-мисхáк.	Я уступил своей подруге в игре.
256	s_f0871e71a003.mp3	הִיא מְחַלֶּקֶת צְבָעִים לַיְּלָדִים.	hи мехалéкет цваӣ́м ла-еладӣ́м.	Она раздаёт карандаши детям.
257	s_73782af4503b.mp3	חִלַּקְתִּי אֶת הָעוּגָה שָׁוֶה.	хилáкти эт hа-угá шавé.	Я поровну разделил пирог.
258	s_73a5f87cc4f8.mp3	כָּל הַיְּלָדִים שָׁרִים בַּמַּעְגָּל.	коль hа-еладӣ́м шарӣ́м ба-маъгáль.	Все дети поют в хороводе.
259	s_a7e6b3f79e85.mp3	שַׁרְנוּ שִׁיר שָׂמֵחַ בִּמְסִבָּה.	шáрну шир самéах би-мсибá.	Мы спели весёлую песню на празднике.
260	s_09881b743407.mp3	הַיְּלָדִים רוֹקְדִים בְּשִׂמְחָה עַכְשָׁיו.	hа-еладӣ́м рокдӣ́м бэ-симхá ахшáв.	Дети с радостью танцуют сейчас.
261	s_02b2794baff2.mp3	רָקַדְתִּי עִם הַחֲבֵרִים בַּגַּן.	ракáдти им hа-хаверӣ́м ба-ган.	Я танцевал с друзьями в саду.
262	s_697c40a78cea.mp3	הִיא גּוֹמֶלֶת אוֹתוֹ מֵחִתּוּלִים עַכְשָׁיו.	hи гомéлет отó ме-хитулӣ́м ахшáв.	Она отучает его от подгузников сейчас.
263	s_35cab1f36e98.mp3	גָּמַלְנוּ אֶת הַיֶּלֶד מִמּוֹצֵץ.	гамáльну эт hа-йéлед ми-моцéц.	Мы отучили ребёнка от соски.
264	s_37e5fe6c21d7.mp3	הָרוֹפֵא מְאַבְחֵן אֶת הַמַּחֲלָה.	hа-рофé меавхéн эт hа-махалá.	Врач диагностирует болезнь.
265	s_4a1204465999.mp3	אִבְחַנְתִּי דַּלֶּקֶת רֵאוֹת אֶתְמוֹל.	ивхáнти далéкет реóт этмóль.	Я диагностировал воспаление лёгких вчера.
266	s_2a9ebe407d7e.mp3	הָרוֹפֵא רוֹשֵׁם מִרְשָׁם לַחוֹלֶה.	hа-рофé рошéм миршáм ла-холé.	Врач выписывает рецепт больному.
267	s_5f3083c03b7c.mp3	רָשַׁמְתִּי תְּרוּפָה חֲדָשָׁה לַמְּטוּפָּל.	рашáмти труфá хадашá ла-метупáль.	Я выписал новое лекарство пациенту.
268	s_07fd4190793a.mp3	הִפְנֵיתִי אֶת הַחוֹלֶה לְמוּמְחֶה.	hифнéйти эт hа-холé ле-мумхé.	Я направил больного к специалисту.
269	s_a5cd2458b892.mp3	הָאָחוֹת מְחַטֵּאת אֶת הַפֶּצַע.	hа-ахóт мехатéт эт hа-пéца.	Медсестра дезинфицирует рану.
270	s_3a647264524c.mp3	חִטֵּאתִי אֶת הַמָּקוֹם בְּאַלְכּוֹהוֹל.	хитéти эт hа-макóм бэ-алкоhóль.	Я продезинфицировал место спиртом.
271	s_8466b758dbaa.mp3	חָבַשְׁתִּי אֶת הָרֶגֶל בְּתַחְבֹּשֶׁת.	хавáшти эт hа-рéгель бэ-тахбóшет.	Я перевязал ногу бинтом.
272	s_3caf05bd1f95.mp3	הַכִירוּרְג מְנַתֵּחַ בְּבֵית הַחוֹלִים.	hа-хирӯ́рг менатéах бэ-вéйт hа-холӣ́м.	Хирург оперирует в больнице.
273	s_72516df2b718.mp3	נִתַּחְנוּ אֶת הַחוֹלֶה בְּהַצְלָחָה.	нитáхну эт hа-холé бэ-hацлахá.	Мы успешно прооперировали пациента.
274	s_e6ec7a962038.mp3	הִיא מַזְרִיקָה תְּרוּפָה לַשְּׁרִיר.	hи мазрикá труфá ла-шрӣ́р.	Она вводит лекарство в мышцу.
275	s_85b902ac0f83.mp3	הִזְרַקְתִּי חִסּוּן נֶגֶד שַׁפַּעַת.	hизрáкти хисӯ́н нéгед шапáат.	Я сделал прививку от гриппа.
276	s_bcf6c18858c2.mp3	הִרְדַּמְתִּי אֶת הַמְּטוּפָּל בְּבִטָּחוֹן.	hирдáмти эт hа-метупáль бэ-битахóн.	Я безопасно ввёл пациента в наркоз.
277	s_33947132136a.mp3	הֶחֱלַמְתִּי מֵהַשַּׁפַּעַת בְּמַהֲרוּת.	hэхелáмти ме-hа-шапáат би-мhирӯ́т.	Я быстро оправился от гриппа.
278	s_4636e510dc20.mp3	הַחוֹלֶה מִתְאוֹשֵׁשׁ בְּחֶדֶר הַתְאוֹשְׁשׁוּת.	hа-холé митошéш бэ-хéдер hитошешӯ́т.	Пациент приходит в себя в палате пробуждения.
279	s_f0c19d8ff04d.mp3	הִתְאוֹשַׁשְׁתִּי יָפֶה אַחֲרֵי הַטִּפּוּל.	hитошáшти яфé ахарéй hа-типӯ́ль.	Я хорошо восстановился после процедуры.
280	s_ccca38dfa0de.mp3	הַכַּדּוּר מֵקֵל עַל הַכְּאֵב.	hа-кадӯ́р мекéль аль hа-кеэ́в.	Таблетка облегчает боль.
281	s_b4d206fec0f4.mp3	הֵקַלְתִּי עַל הַסֵּבֶל שֶׁלּוֹ.	hекáльти аль hа-сéвель шелó.	Я облегчил его страдания.
282	s_3cccc8242235.mp3	הַמַּצָּב מַחְמִיר בַּלַּיְלָה תָּמִיד.	hа-мацáв махмӣ́р ба-лáйла тамӣ́д.	Состояние всегда ухудшается ночью.
283	s_04487e955a9b.mp3	הַכְּאֵב הֶחְמִיר בַּיָּמִים הָאַחֲרוֹנִים.	hа-кеэ́в hэхмӣ́р ба-ямӣ́м hа-ахаронӣ́м.	Боль усилилась в последние дни.
284	s_b3885ceb99db.mp3	הִשְׁתַּעַלְתִּי כָּל הַלַּיְלָה בַּמִּטָּה.	hиштаáльти коль hа-лáйла ба-митá.	Я кашлял всю ночь в постели.
285	s_267ecba7b383.mp3	הֵקֵאתִי אַחֲרֵי הָאוֹכֶל הַמְּקוּלְקָל.	hекéти ахарéй hа-óхель hа-мекулькáль.	Меня вырвало после испорченной еды.
286	s_fab1047417ee.mp3	הִיא כִּמְעַט מִתְעַלֶּפֶת מֵחֹם.	hи кимъáт митальéфет ме-хом.	Она почти падает в обморок от жары.
287	s_38dc38af0e9b.mp3	הָאִישׁ הִתְעַלֵּף בָּרְחוֹב הַיּוֹם.	hа-ӣ́ш hитальéф ба-рехóв hайóм.	Мужчина упал в обморок на улице сегодня.
288	s_c8c74f76d95d.mp3	נָשַׁמְתִּי לִרְוָחָה אַחֲרֵי הַבְּשׂוֹרָה.	нашáмти ли-рвахá ахарéй hа-бсорá.	Я вздохнул с облегчением после вести.
289	s_a23ee6134332.mp3	בָּלַעְתִּי אֶת הַתְּרוּפָה בַּבֹּקֶר.	балáъти эт hа-труфá ба-бóкер.	Я проглотил лекарство утром.
290	s_3ecc38e7b497.mp3	מְאַשְׁפְּזִים אוֹתוֹ בְּבֵית חוֹלִים.	меашпезӣ́м отó бэ-вéйт холӣ́м.	Его госпитализируют в больницу.
291	s_61d22af7be67.mp3	אִשְׁפַּזְנוּ אֶת הַחוֹלֶה לְהַשְׁגָּחָה.	ишпáзну эт hа-холé ле-hашгахá.	Мы госпитализировали больного под наблюдение.
292	s_22f73d3a4d41.mp3	הָרוֹפֵא מְשַׁחְרֵר אוֹתִי הַבַּיְתָה.	hа-рофé мешахрéр отӣ́ hабáйта.	Врач выписывает меня домой.
293	s_6d1c1583a0c9.mp3	שִׁחְרַרְנוּ אֶת הַחוֹלָה אֶתְמוֹל.	шихрáрну эт hа-холá этмóль.	Мы выписали пациентку вчера.
294	s_2b4c79ea4531.mp3	מִשַּׁשְׁתִּי אֶת הַדּוֹפֶק שֶׁלּוֹ.	мишáшти эт hа-дóфек шелó.	Я прощупал его пульс.
295	s_d1e0aa8cbba0.mp3	סָבַלְתִּי מֵחֹם גָּבוֹהַּ אֶתְמוֹל.	савáльти ме-хом гавóах этмóль.	Я страдал от высокой температуры вчера.
296	s_e53fa4e17394.mp3	נְגִיף שַׁפַּעַת מַדְבִּיק מַהֵר.	негӣ́ф шапáат мадбӣ́к маhéр.	Вирус гриппа быстро заражает.
297	s_39f96afa760b.mp3	לֹא הִדְבַּקְתִּי אַף אֶחָד בַּבַּיִת.	ло hидбáкти аф эхáд ба-бáит.	Я никого дома не заразил.
298	s_6a114836428d.mp3	רוֹאֵה חֶשְׁבּוֹן מְחַשֵּׁב מִסִּים.	роэ́ хешбóн мехашéв мисӣ́м.	Бухгалтер рассчитывает налоги.
299	s_3e36f43303d7.mp3	חִשַּׁבְתִּי אֶת הַהוֹצָאוֹת בַּדּוּ״חַ.	хишáвти эт hа-hоцаóт ба-дӯ́ах.	Я рассчитал расходы в отчёте.
300	s_1e774e41e2a1.mp3	הַבַּנְק מְחַיֵּב אֶת הַחֶשְׁבּוֹן.	hа-банк мехайéв эт hа-хешбóн.	Банк списывает средства со счёта.
301	s_f4820c6e1ddb.mp3	חִיַּבְתִּי אֶת כַּרְטִיס הָאַשְׁרַאי.	хийáвти эт картӣ́с hа-ашрáй.	Я снял оплату с кредитной карты.
302	s_f27ca0824ce9.mp3	הַסַּפָּק מְזַכֶּה אֶת הַלָּקוֹחַ.	hа-сапáк мезакé эт hа-лакóах.	Поставщик кредитует клиента.
303	s_a14e72b51ddc.mp3	זִכִּיתִי אֶת חֶשְׁבּוֹן הַבַּנְק.	зикӣ́ти эт хешбóн hа-банк.	Я пополнил банковский счёт.
304	s_6e944dc5c4af.mp3	הֵפַקְתִּי דּוּ״חַ שְׁנָתִי מְפֹרָט.	hефáкти дӯ́ах шнатӣ́ мефорáт.	Я выпустил подробный годовой отчёт.
305	s_d7057150a142.mp3	קִזַּזְתִּי מַס תְּשׂוּמוֹת כָּרָאוּי.	кизáзти мас тсумóт ка-раӯ́й.	Я зачел входящий НДС как положено.
306	s_db17447e76b6.mp3	הַמַּעֲסִיק מְנַכֶּה מַס מֵהַשָּׂכָר.	hа-маасӣ́к менакé мас ме-hа-сахáр.	Работодатель удерживает налог из зарплаты.
307	s_28d807f97918.mp3	נִכֵּיתִי מַס בַּמָּקוֹר כַּחֹק.	никéйти мас ба-макóр ка-хок.	Я удержал налог у источника по закону.
308	s_edcb44aa2fb7.mp3	הָעֵסֶק גּוֹבֶה תַּשְׁלוּם מֵהַלָּקוֹחַ.	hа-э́сек говé ташлӯ́м ме-hа-лакóах.	Бизнес взимает платёж с клиента.
309	s_882d68ecd57c.mp3	גָּבִיתִי אֶת כָּל הַחוֹבוֹת.	гавӣ́ти эт коль hа-ховóт.	Я собрал все задолженности.
310	s_b3c57242fb00.mp3	רוֹאֵה חֶשְׁבּוֹן מְאַזֵּן מַאֲזָן.	роэ́ хешбóн меазéн маазáн.	Бухгалтер сводит баланс.
311	s_5122538d814e.mp3	אִזַּנְתִּי אֶת הַתַּקְצִיב שֶׁל הַחֶבְרָה.	изáнти эт hа-такцӣ́в шель hа-хеврá.	Я сбалансировал бюджет компании.
312	s_ac437633ba25.mp3	הִפְקַדְתִּי אֶת הַצֵּ׳ק בַּחֶשְׁבּוֹן.	hифкáдти эт hа-чек ба-хешбóн.	Я положил чек на счёт.
313	s_225df510c112.mp3	מָשַׁכְתִּי מָאתַיִם שְׁקָלִים בַּבֹּקֶר.	машáхти маатáим шкалӣ́м ба-бóкер.	Я снял двести шекелей утром.
314	s_247aeca979fd.mp3	הֶעֱבַרְתִּי אֶת הַתַּשְׁלוּם בְּאַפְּלִיקַצְיָה.	hээвáрти эт hа-ташлӯ́м бэ-апликáция.	Я перевёл платёж в приложении.
315	s_33275c7269a2.mp3	נִהַלְתִּי אֶת תַּקְצִיב הַפְּרוֹיֶקְט.	ниháльти эт такцӣ́в hа-проéкт.	Я управлял бюджетом проекта.
316	s_371bce283644.mp3	עָקַבְתִּי אַחֲרֵי תְּנוּעוֹת הַחֶשְׁבּוֹן.	акáвти ахарéй тнуóт hа-хешбóн.	Я отследил движения по счёту.
317	s_1eb04f1c0852.mp3	פָּרַסְתִּי אֶת הַתַּשְׁלוּם לִשְׁלוֹשָׁה.	парáсти эт hа-ташлӯ́м ли-шлошá.	Я разбил платёж на три части.
318	s_a4d0f1cb0b75.mp3	בִּטַּלְתִּי אֶת הַהוֹרָאָה בַּבַּנְק.	битáльти эт hа-hораá ба-банк.	Я отменил распоряжение в банке.
319	s_fd107bcec86f.mp3	הַמַּעֲסִיק מַפְרִישׁ לְקֶרֶן פֶּנְסְיָה.	hа-маасӣ́к мафрӣ́ш ле-кéрен пéнсия.	Работодатель отчисляет в пенсионный фонд.
320	s_87c96065402e.mp3	הִפְרַשְׁנוּ אֶת הַכְּסָפִים כַּחֹק.	hифрáшну эт hа-ксафӣ́м ка-хок.	Мы перечислили отчисления по закону.
321	s_7408c93b49ae.mp3	הִפְחַתְתִּי עֲלוּיוֹת בְּעֵסֶק הַשָּׁנָה.	hифхáтти алуйóт бэ-э́сек hа-шанá.	Я сократил расходы в бизнесе в этом году.
322	s_34297fbac9d2.mp3	הִגַּשְׁתִּי אֶת הַדּוּ״חַ בַּזְּמַן.	hигáшти эт hа-дӯ́ах ба-змáн.	Я подал отчёт вовремя.
323	s_0a3b856ec7c6.mp3	הִסְדַּרְתִּי אֶת הַחוֹב בָּרָשׁוּת.	hисдáрти эт hа-хов ба-рашӯ́т.	Я урегулировал долг в ведомстве.
324	s_0963212a6f6d.mp3	הַמְּכוֹנַאי מְפָרֵק אֶת הַגַּלְגַּל.	hа-мехонáй мефарéк эт hа-гальгáль.	Механик разбирает колесо.
325	s_d8f05b364dda.mp3	פֵּרַקְתִּי אֶת הַמָּנוֹעַ הַיָּשָׁן.	перáкти эт hа-манóах hа-яшáн.	Я разобрал старый мотор.
326	s_937731a7f3e3.mp3	הַנַּהָג בּוֹלֵם בִּמְהִירוּת רַבָּה.	hа-наháг болéм би-мhирӯ́т рабá.	Водитель резко тормозит.
327	s_72cca5d2f6f0.mp3	בָּלַמְתִּי לִפְנֵי מַעֲבַר חֲצִיָּה.	балáмти лифнéй маавáр хацийá.	Я затормозил перед переходом.
328	s_832327d61460.mp3	הֵנַעְתִּי אֶת הַמָּנוֹעַ בְּקַלּוּת.	hенáъти эт hа-манóах бэ-калӯ́т.	Я завёл двигатель легко.
329	s_df0b503e0d1e.mp3	הַגַּרְרָן גּוֹרֵר אֶת הַמְּכוֹנִית.	hа-гаррáн горéр эт hа-мехонӣ́т.	Эвакуатор буксирует автомобиль.
330	s_63ad8b3b87b7.mp3	גָּרַרְנוּ אֶת הָרֶכֶב לַמּוּסָךְ.	гарáрну эт hа-рéхев ла-мусáх.	Мы отбуксировали машину в гараж.
331	s_977c26e31da0.mp3	שִׁמַּנְתִּי אֶת הַשַּׁרְשֶׁרֶת בְּשֶׁמֶן.	шимáнти эт hа-шаршéрет бэ-шéмен.	Я смазал цепь маслом.
332	s_2faf19a570d7.mp3	כִּוַּנְתִּי אֶת הַפָּנִים הַקִּדְמִיּוֹת.	кивáнти эт hа-панӣ́м hа-кидмийóт.	Я отрегулировал передние фары.
333	s_c8b05b7740ea.mp3	נִקַּזְתִּי אֶת הַמַּיִם מֵהָרַדְיָטוֹר.	никáзти эт hа-мáйим ме-hа-радьятóр.	Я слил воду из радиатора.
334	s_fcf96c699281.mp3	מִלֵּאתִי אֶת הַמְּכָל בְּשֶׁמֶן.	милéти эт hа-мехáль бэ-шéмен.	Я наполнил бачок маслом.
335	s_969e2e4c4aa7.mp3	הָרֶכֶב מַחְלִיק עַל כְּבִישׁ רָטֹב.	hа-рéхев махлӣ́к аль квӣ́ш ратóв.	Машина скользит по мокрой дороге.
336	s_1aae3212726c.mp3	הָאוֹטוֹ הֶחְלִיק בַּסִּבּוּב הַמְּסוּכָּן.	hа-óто hэхлӣ́к ба-сибӯ́в hа-месукáн.	Автомобиль занесло на опасном повороте.
337	s_8c36575c3eba.mp3	הִטְעַנְתִּי אֶת הַבָּטֶרְיָה כָּל הַלַּיְלָה.	hитъáнти эт hа-батéрья коль hа-лáйла.	Я заряжал батарею всю ночь.
338	s_2635d1fbc67d.mp3	חִבַּרְתִּי אֶת הַסּוֹרֵק לָרֶכֶב.	хибáрти эт hа-сорéк ла-рéхев.	Я подключил сканер к машине.
339	s_69690a234493.mp3	נִתַּקְתִּי אֶת הַמַּצְבֵּר לִפְנֵי הַתִּקּוּן.	нитáкти эт hа-мацбéр лифнéй hа-тикӯ́н.	Я отключил аккумулятор перед ремонтом.
340	s_30534da555ab.mp3	הִדַּקְתִּי הֵיטֵב בְּמַפְתֵּחַ בְּרָגִים.	hидáкти hейтéв бэ-мафтéах брагӣ́м.	Я крепко затянул гаечным ключом.
341	s_ca6013b1e887.mp3	הַמָּנוֹעַ מִתְחַמֵּם בַּפְּקָקִים הַיּוֹם.	hа-манóах митхамéм ба-пкакӣ́м hайóм.	Двигатель перегревается в пробках сегодня.
342	s_c3c759403fbe.mp3	הָרֶכֶב הִתְחַמֵּם בָּעֲלִיָּה לִירוּשָׁלַיִם.	hа-рéхев hитхамéм ба-алийá ли-рушалáим.	Машина нагрелась на подъёме в Иерусалим.
343	s_e1f2df7a8192.mp3	שֶׁמֶן דּוֹלֵף מֵהַמָּנוֹעַ כָּעֵת.	шéмен долéф ме-hа-манóах ка-э́т.	Масло подтекает из двигателя сейчас.
344	s_b5fef3e20f70.mp3	דֶּלֶק דָּלַף מֵהַצִּנּוֹר אֶתְמוֹל.	дéлек далáф ме-hа-цинóр этмóль.	Бензин капал из трубки вчера.
345	s_c30713f12395.mp3	פָּנִיתִי שְׂמֹאלָה בַּכִּכָּר הַיּוֹם.	панӣ́ти смóла ба-кикáр hайóм.	Я повернул налево на кругу сегодня.
346	s_356f7660f68a.mp3	אָטַמְתִּי אֶת הַחַלּוֹן שֶׁל הָרֶכֶב.	атáмти эт hа-халóн шель hа-рéхев.	Я загерметизировал окно машины.
347	s_1054a95b2eb1.mp3	הַסַּפְרָן מְקַטְלֵג סְפָרִים חֲדָשִׁים.	hа-сафрáн мекатлéг сфарӣ́м хадашӣ́м.	Библиотекарь каталогизирует новые книги.
348	s_0af755e08497.mp3	קִטְלַגְתִּי אֶת הַחוֹבֶרֶת בַּמַּעֲרֶכֶת.	китлáгти эт hа-ховéрет ба-маарéхет.	Я внёс брошюру в систему каталога.
349	s_bc28af7065eb.mp3	פִּתַּחְתִּי אֶת מַאֲגַר הַמֵּידָע.	питáхти эт маагáр hа-мейдá.	Я развил базу данных.
350	s_14cbc0514de1.mp3	הִיא מְמַיֶּנֶת סְפָרִים לְפִי נוֹשְׂאִים.	hи мемайéнет сфарӣ́м лефӣ́ носъӣ́м.	Она сортирует книги по темам.
351	s_ec1bcde3167c.mp3	מִיַּנְתִּי אֶת הַכְּרָכִים עַל הַמַּדָּף.	мийáнти эт hа-крахӣ́м аль hа-мадáф.	Я рассортировал тома на полке.
352	s_b6e874434e73.mp3	הִיא מַשְׁאִילָה סֵפֶר לַקּוֹרֵא.	hи машъилá сéфер ла-корé.	Она выдаёт книгу читателю.
353	s_56f9aca0429a.mp3	הִשְׁאַלְתִּי מִלּוֹן עָבֶה לְחֹדֶשׁ.	hишъáльти милóн авé ле-хóдеш.	Я выдал толстый словарь на месяц.
354	s_082babe10431.mp3	הֶאֱרַכְתִּי אֶת הַזְּמַן בְּשָׁבוּעַ.	hээра́хти эт hа-змáн бэ-шавӯ́а.	Я продлил срок на неделю.
355	s_dafaadba37e0.mp3	הַסְְטוּדֶנְט מְעַיֵּן בְּכְּתַב-עֵת.	hа-студéнт меайéн бэ-хтав-э́т.	Студент просматривает журнал.
356	s_90d0d3b04ccb.mp3	עִיַּנְתִּי בַּמַּסְמָכִים הָעַתִּיקִים.	ийáнти ба-масмахӣ́м hа-атикӣ́м.	Я ознакомился с древними документами.
357	s_63d013b446d5.mp3	אִתַּרְתִּי אֶת הַכֶּרֶךְ לְפִי הַסִּימוּן.	итáрти эт hа-кéрех лефӣ́ hа-симӯ́н.	Я отыскал том по шифру.
358	s_e9553cbb16fa.mp3	מְשַׁמְּרִים סְפָרִים בִּתְנָאִים מְיוּחָדִים.	мешамрӣ́м сфарӣ́м би-тнаӣ́м меюхадӣ́м.	Книги сохраняют в особых условиях.
359	s_fd9ee2cb7247.mp3	שִׁמַּרְנוּ אֶת כִּתְבֵי הַיָּד הַנְּדִירִים.	шимáрну эт китвéй hа-яд hа-недирӣ́м.	Мы законсервировали редкие рукописи.
360	s_bf622763b620.mp3	שִׁקַּמְתִּי אֶת הַכְּרִיכָה הַבְּלוּיָה.	шикáмти эт hа-крихá hа-блуйá.	Я отреставрировал ветхий переплёт.
361	s_13588be93fed.mp3	סָרַקְתִּי אֶת כָּל הַחוֹזֶה.	сарáкти эт коль hа-хозé.	Я отсканировал весь договор.
362	s_844426af460d.mp3	מְדַגְטְלִים אֶת כָּל הָאַרְכִיּוֹן.	медагтлӣ́м эт коль hа-архиóн.	Оцифровывают весь архив.
363	s_7956f304e589.mp3	דִּגְטַלְנוּ אֶת הָעִתּוֹנִים הַיְּשָׁנִים.	дигтáльну эт hа-итонӣ́м hа-ешанӣ́м.	Мы оцифровали старые газеты.
364	s_6971af88036a.mp3	גָּנַזְנוּ אֶת הַתִּיק הַהִיסְטוֹרִי.	ганáзну эт hа-тик hа-hисторӣ́.	Мы сдали в спецхран историческое дело.
365	s_daa7e5fcca85.mp3	כָּרַכְתִּי אֶת חוֹבְרוֹת הַלִּמּוּד.	карáхти эт ховрóт hа-лимӯ́д.	Я переплёл учебные тетради.
366	s_2f8b25d0dae9.mp3	תִּעַדְתִּי אֶת הַתַּהֲלִיךְ כּוּלּוֹ בַּדּוּ״חַ.	тиáдти эт hа-таhалӣ́х кулó ба-дӯ́ах.	Я задокументировал весь процесс в отчёте.
367	s_ba39fb30ff24.mp3	שָׁלַפְתִּי אֶת הַכַּרְטִיס מֵהַמְּגֵרָה.	шалáфти эт hа-картӣ́с ме-hа-мегерá.	Я достал карточку из ящика.
368	s_b8e8500d0d50.mp3	סִוַּגְנוּ אֶת הַמִּסְמָכִים הַסּוֹדִיִּים.	сивáгну эт hа-мисмахӣ́м hа-содийӣ́м.	Мы классифицировали секретные документы.
369	s_ea2e16882a3b.mp3	הִנְפַּקְתִּי אֶת הַתְּעוּדָה בָּרֶגַע.	hинпáкти эт hа-теудá ба-рéга.	Я оформил удостоверение вмиг.
370	s_fd5007d5f596.mp3	הַסַּפְרָן גּוֹרֵעַ סְפָרִים מֵהַמְּלַאי.	hа-сафрáн горéа сфарӣ́м ме-hа-млай.	Библиотекарь списывает книги из инвентаря.
371	s_7af6966c9775.mp3	גָּרַעְתִּי אֶת הַכְּרָכִים הַבְּלוּיִים.	гарáъти эт hа-крахӣ́м hа-блуйӣ́м.	Я списал обветшалые тома.
372	s_2fe7e64cb329.mp3	מְבַעֲרִים דַּפִּים מְיוּתָּרִים בִּמְגְרָסָה.	меваарӣ́м дапӣ́м меютарӣ́м би-мграсá.	Утилизируют лишние листы в шредере.
373	s_b04b150d69f9.mp3	בִּעַרְנוּ אֶת הָאַרְכִיּוֹן הַיָּשָׁן.	биáрну эт hа-архиóн hа-яшáн.	Мы утилизировали старый архив.
374	s_e9578b2616b3.mp3	הִדְפַּסְתִּי אֶת הַטּוֹפֶס לַבַּקָּשָׁה.	hидпáсти эт hа-тóфес ла-бакашá.	Я распечатал бланк для заявления.
375	s_6114995e136a.mp3	הִקְצַפְתִּי הֵיטֵב בְּקֶצֶף פָּעִיל.	hикцáфти hейтéв бэ-кéцеф паӣ́ль.	Я хорошо нанёс активную пену.
376	s_870ca38054de.mp3	נִגַּבְתִּי אֶת הַגַּג עַד יֹבֶשׁ.	нигáвти эт hа-гаг ад йóвеш.	Я насухо вытер крышу.
377	s_c95a23399b96.mp3	שָׁאַבְתִּי אֶת תָּא הַמִּטְעָן הַיּוֹם.	шаáвти эт та hа-митъáн hайóм.	Я пропылесосил багажник сегодня.
378	s_6e8942676439.mp3	הִבְרַקְתִּי אֶת הַשִּׁמְשָׁה לְגַמְרֵי.	hиврáкти эт hа-шимшá легамрéй.	Я до блеска отполировал лобовое стекло.
379	s_cac8ab2f1e5d.mp3	מָרַחְתִּי שִׁכְבָה שֶׁל חוֹמֶר מָגֵן.	марáхти шихвá шель хóмер магéн.	Я нанёс слой защитного средства.
380	s_da9142bea5cb.mp3	יִבַּשְׁתִּי אֶת הַדְּלָתוֹת מִטִּפּוֹת מַיִם.	йибáшти эт hа-длатóт ми-типóт мáйим.	Я высушил двери от капель воды.
381	s_cb5cb64a33d3.mp3	רִסַּסְתִּי תַּרְסִיס נֶגֶד כְּתָמִים.	рисáсти тарсӣ́с нéгед ктамӣ́м.	Я побрызгал спреем от пятен.
382	s_dd78669b0e52.mp3	קִרְצַפְתִּי אֶת הַחִשּׁוּקִים הֵיטֵב.	кирцáфти эт hа-хишукӣ́м hейтéв.	Я тщательно отдраил диски.
383	s_50a86aa95701.mp3	הִתַּזְתִּי זֶרֶם מַיִם עַל הַבּוֹץ.	hитáзти зéрем мáйим аль hа-боц.	Я направил струю воды на грязь.
384	s_0d05e0a56c82.mp3	הֵסַרְתִּי אֶת הַדֶּבֶק מֵהַחַלּוֹן.	hесáрти эт hа-дéвек ме-hа-халóн.	Я удалил клей со стекла.
385	s_2b0730118c00.mp3	הִשְׁחַרְתִּי אֶת אַרְבַּעַת הַצְּמִיגִים.	hишхáрти эт арбáат hа-цмигӣ́м.	Я почернил все четыре колеса.
386	s_7ea0263f0ef6.mp3	בִּשַּׂמְתִּי בְּרֵיחַ וָנִיל נָעִים.	бисáмти бэ-рéах ванӣ́ль наӣ́м.	Я освежил салон приятным запахом ванили.
387	s_92aabd71ae64.mp3	רוֹקַנְתִּי אֶת הַמַּאֲפֵרָה מֵאֵפֶר.	рокáнти эт hа-мааферá ме-э́фер.	Я вытряхнул пепельницу от пепла.
388	s_2b9b87b60718.mp3	נִעַרְתִּי אֶת הַשָּׁטִיחַ מֵאָבָק.	ниáрти эт hа-шатӣ́ах ме-авáк.	Я выбил коврик от пыли.
389	s_ad399bd129a0.mp3	הִכְנַסְתִּי אֶת הָאוֹטוֹ לַשְּׁטִיפָה.	hихнáсти эт hа-óто ла-штифá.	Я загнал авто на мойку.
390	s_6de678f98357.mp3	הַנַּהָג מְקַפֵּל אֶת הַמַּרְאוֹת.	hа-наháг мекапéль эт hа-марóт.	Водитель складывает зеркала.
391	s_0d7cbd8ab126.mp3	קִפַּלְתִּי מַרְאָה לִפְנֵי הַשְּׁטִיפָה.	кипáльти маръá лифнéй hа-штифá.	Я сложил зеркало перед мойкой.
392	s_bfd3b95c1da2.mp3	מָסַרְתִּי אֶת הַמַּפְתְּחוֹת בְּחִיּוּךְ.	масáрти эт hа-мафтехóт бе-хийӯ́х.	Я отдал ключи с улыбкой.
393	s_bfac96acdbdf_f.mp3	אֲנִי רוֹצָה לִשְׁתּוֹת קָפֶה.	анӣ роца́ лишто́т кафэ́.	Я хочу пить кофе.
394	s_8488faac758b_f.mp3	אֲנִי גָּרָה בְּתֵל אָבִיב.	анӣ гара́ бе-тель авӣ́в.	Я живу в Тель-Авиве.
395	s_319f52857b2c.mp3	הַסֵּפֶר עוֹלֶה עֲשָׂרָה שְׁקָלִים.	hа-сéфер олé асарá шкальӣ́м.	Книга стоит десять шекелей.
396	s_f75458bf4cff_f.mp3	אֲנִי כּוֹתֶבֶת מִכְתָּב עַכְשָׁיו.	анӣ коте́вет михтáв ахшáв.	Я пишу письмо сейчас.
397	s_ca673f398719.mp3	הִיא קוֹרֵאת עִתּוֹן בַּבֹּקֶר.	hӣ корэ́т итóн ба-бóкер.	Она читает газету утром.
398	s_f76e781914c5_f.mp3	אֲנִי הוֹלֶכֶת לַעֲבוֹדָה הַיּוֹם.	анӣ hоле́хет ла-аводá hайóм.	Я иду на работу сегодня.
399	s_1c04ca7037ef_f.mp3	אֲנִי שׁוֹמַעַת מוּזִיקָה טוֹבָה.	анӣ шома́ат му́зика товá.	Я слушаю хорошую музыку.
400	s_93230b480964.mp3	הִיא סוֹגֶרֶת אֶת הַחַלּוֹן.	hӣ согéрет эт hа-халóн.	Она закрывает окно.
401	s_cc0cfd4ce033_f.mp3	אֲנִי קָמָה מוּקְדָּם בַּבֹּקֶר.	анӣ кама́ мукдáм ба-бóкер.	Я встаю рано утром.
402	s_f4f2c0ae0b65.mp3	כּוֹאֵב לִי הָרֹאשׁ הַיּוֹם.	коэ́в ли hа-рош hа-йом.	У меня сегодня болит голова.
403	s_42af9c237e83.mp3	אַבָּא נָח עַל הַסַּפָּה.	áба нах аль hа-сапá.	Папа отдыхает на диване.
404	s_0428b89873f4_f.mp3	אֲנִי אוֹהֶבֶת קָפֶה חַם.	анӣ́ оhе́вет кафэ́ хам.	Я люблю горячий кофе.
405	s_28c0b79e96eb_f.mp3	אֲנִי חוֹתֶמֶת עַל הַחוֹזֶה.	анӣ́ хоте́мет аль hа-хозэ́.	Я подписываю договор.
406	s_386b87eda306_f.mp3	אֲנִי מַטִּילָה עִם הַכֶּלֶב.	анӣ́ метайéль им hа-кéлев.	Я гуляю с собакой.
407	s_f80ab423e8c9.mp3	הַמּוֹרֶה מְלַמֵּד עִבְרִית בָּאוּלְפָּן.	hа-морэ́ меламэ́д иврӣ́т ба-ульпáн.	Учитель преподает иврит в ульпане.
408	s_1742ea299089.mp3	הַסֶּרֶט מַתְחִיל עַכְשָׁיו בַּקּוֹלְנוֹעַ.	hа-сéрет матхӣ́ль ахшáв ба-кольнóа.	Фильм начинается сейчас в кинотеатре.
409	s_45429c606b28_f.mp3	אֲנִי מַרְגִּישָׁה מְצוּיָן הַיּוֹם.	анӣ́ маргиша́ мецуя́н hа-йом.	Я чувствую себя отлично сегодня.
410	s_cb2c56eea678_f.mp3	אֲנִי מַכִּירָה אֶת הָאִישׁ.	анӣ́ макира́ эт hа-ӣ́ш.	Я знаю этого человека.
411	s_c6ae19c8bbc6.mp3	הָאוֹטוֹבּוּס מַגִּיעַ עַכְשָׁיו לַתַּחֲנָה.	hа-óтобус магӣ́а ахшáв ла-таханá.	Автобус прибывает сейчас на остановку.
412	s_f29ff275c917_f.mp3	אֲנִי מַקְשִׁיבָה לְמוּזִיקָה טוֹבָה.	анӣ́ макшива́ ле-мýзика товá.	Я слушаю хорошую музыку.
413	s_b70cfeed8e90.mp3	הַמּוֹרֶה מַסְבִּיר אֶת הַשִּׁעוּר.	hа-морэ́ масбӣ́р эт hа-шиъýр.	Учитель объясняет урок.
414	s_73f7a5b87f0b_f.mp3	אֲנִי מִתְרַחֶצֶת בַּמִּקְלַחַת עַכְשָׁיו.	анӣ́ митрахе́цет ба-миклáхат ахшáв.	Я моюсь в душе сейчас.
415	s_5fef53372d49_f.mp3	אֲנִי מִתְרַגֶּשֶׁת מְאוֹד הַיּוֹם.	анӣ́ митраге́шет меóд hа-йом.	Я очень волнуюсь сегодня.
416	s_ee6caa2b285d_f.mp3	אֲנִי מִצְטַעֶרֶת עַל הַטָּעוּת.	анӣ́ мицтаэ́рет аль hа-таýт.	Я сожалею об ошибке.
417	s_bcdec44f16cf_f.mp3	אֲנִי מִתְנַצֶּלֶת עַל הָאִחוּר.	анӣ́ митнаце́лет аль hа-ихýр.	Я извиняюсь за опоздание.
418	s_0378a97bbdc2_f.mp3	אֲנִי רוֹאָה אֶת הַיָּם.	анӣ́ роа́ эт hа-ям.	Я вижу море.
419	s_4d6442d1d763_f.mp3	אֲנִי מְבַיֶּנֶת עִבְרִית הֵיטֵב.	анӣ́ мевӣ́н иврӣ́т hейтéв.	Я хорошо понимаю иврит.
420	s_2ed37ef76f82.mp3	הַמְּחִיר כּוֹלֵל חַשְׁמָל וּמַיִם.	hа-мехӣ́р колéль хашмáль у-мáйим.	Цена включает электричество и воду.
421	s_d5c7307a3611.mp3	דָּנִי פּוֹגֵשׁ חָבֵר בַּקָּפֶה.	Дáни погéш хавéр ба-кафэ́.	Дани встречает друга в кафе.
422	s_20b4b062d986_f.mp3	אֲנִי זוֹכֶרֶת אֶת הַכֹּל.	анӣ зохе́рет эт hа-коль.	Я всё помню.
423	s_891732bac8a2_f.mp3	אֲנִי טוֹעֶנֶת אֶת הַטֶּלֶפוֹן.	анӣ тоэ́нет эт hа-тéлефон.	Я заряжаю телефон.
424	s_0ba5906e8cf8.mp3	דָּנִי כּוֹתֵב מִכְתָּב עַכְשָׁיו.	дáни котéв михтáв ахшáв.	Дани пишет письмо сейчас.
425	s_ac8eae1715d7.mp3	דָּנִי אוֹכֵל תַּפּוּחַ טָעִים.	дáни охéль тапӯ́ах таӣ́м.	Дани ест вкусное яблоко.
426	s_060f14f87dda.mp3	הַתַּלְמִיד כּוֹתֵב מִכְתָּב עַכְשָׁיו.	hа-тальмӣ́д котéв михтáв ахшáв.	Ученик пишет письмо сейчас.
427	s_91e367e59eca.mp3	דָּנִי לוֹמֵד עִבְרִית בָּאוּלְפָּן.	дáни ломéд иврӣ́т ба-ульпáн.	Дани учит иврит в ульпане.
428	s_1c04ca7037ef_f.mp3	אֲנִי שׁוֹמַעַת מוּזִיקָה טוֹבָה.	анӣ́ шома́ат му́зика товá.	Я слушаю хорошую музыку.
429	s_fad409b16b53_f.mp3	אֲנִי פּוֹגֶשֶׁת חָבֵר בַּקָּפֶה.	анӣ́ поге́шет хавéр ба-кафé.	Я встречаю друга в кафе.
430	s_0734555c9b7a.mp3	הַכַּתָּב שׁוֹאֵל שְׁאֵלוֹת קָשׁוֹת.	hа-катáв шоэ́ль шеэлóт кашóт.	Репортер задает трудные вопросы.
431	s_83b79e0cb66e.mp3	הַכַּתָּב עוֹבֵד בָּעִתּוֹן הַזֶּה.	hа-катáв овéд ба-итóн hа-зэ.	Репортер работает в этой газете.
432	s_f4b329d2fc62.mp3	הַתַּלְמִידִים לוֹמְדִים כָּל יוֹם.	hа-тальмидӣ́м ломдӣ́м коль йом.	Ученики учатся каждый день.
433	s_87eb2908b398.mp3	הָעֶבֶד רוֹצֶה לִהְיוֹת חוֹפְשִׁי.	hа-э́вед роцé лиhйóт хофшӣ́.	Раб хочет быть свободным.
434	s_3cb60dd4c1ee.mp3	הֵם עוֹבְדִים בַּמִּשְׂרָד הַזֶּה.	hэм овдӣ́м ба-мисрáд hа-зэ.	Они работают в этом офисе.
435	s_9c070d9a318a.mp3	יֵשׁ סֶגֶר בָּעִיר עַכְשָׁיו.	йеш сéгер ба-ӣ́р ахшáв.	В городе сейчас комендантский час.
436	s_475512a5daed_f.mp3	אֲנִי עוֹמֶדֶת לְיַד הַפֶּתַח.	анӣ́ оме́дет ле-йáд hа-пéтах.	Я стою возле входа.
437	s_2eae7e80e267.mp3	הַמּוֹרֶה אוֹמֵר שָׁלוֹם לַכִּתָּה.	hа-морé омéр шалóм ла-китá.	Учитель говорит классу привет.
438	s_6d7ab92d0ec3.mp3	הֵם אוֹמְרִים אֶת הָאֱמֶת.	hэм омрӣ́м эт hа-эмéт.	Они говорят правду.
439	s_a5b4a1463d40.mp3	הַיְּלָדִים הוֹלְכִים לְבֵית הַסֵּפֶר.	hа-йеладӣ́м hольхӣ́м ле-вéйт hа-сéфер.	Дети идут в школу.
440	s_db65c412092d_f.mp3	אֲנִי גָּרָה בִּירוּשָׁלַיִם עַכְשָׁיו.	анӣ́ гара́ би-рушалáим ахшáв.	Я живу в Иерусалиме сейчас.
441	s_5e31540d4fd7_f.mp3	אֲנִי קָמָה מוּקְדָּם בַּבּוֹקֶר.	анӣ́ кама́ мукдáм ба-бóкер.	Я встаю рано утром.
442	s_a11185db9301_f.mp3	אֲנִי בָּאָה לַבַּיִת שֶׁלְּךָ.	анӣ́ баа́ ла-бáйт шельхá.	Я прихожу к тебе домой.
443	s_0e1af1d242fa_f.mp3	אֲנִי בָּאָה בַּשָּׁבוּעַ הַבָּא.	анӣ́ баа́ ба-шавýа hа-бá.	Я приду на следующей неделе.
444	s_7ceea064ea25.mp3	הָאוֹרְחִים בָּאִים לַמְּסִיבָּה הָעֶרֶב.	hа-орхӣ́м баӣ́м ла-месибá hа-э́рев.	Гости приходят на вечеринку вечером.
445	s_ce763f18dd51.mp3	הַצֶּמַח הַזֶּה מֵת בַּחוֹרֶף.	hа-цéмах hа-зэ мет ба-хóреф.	Это растение погибает зимой.
446	s_fb3aabb26459.mp3	הַנֶּחָת מְשָׁרֵת בַּצָּבָא הָאָמֶרִיקָאִי.	hа-нэхáт мешарéт ба-цавá hа-америкáи.	Морской пехотинец служит в американской армии.
447	s_5aa605626e9a_f.mp3	אֲנִי טָסָה לְיִשְׂרָאֵל מָחָר.	анӣ́ таса́ ле-исраэ́ль махáр.	Я лечу в Израиль завтра.
448	s_8d61e5e48ae0_f.mp3	אֲנִי קוֹנָה לֶחֶם בַּמַּכּוֹלֶת.	анӣ́ кона́ лéхем ба-макóлет.	Я покупаю хлеб в продуктовом магазине.
449	s_8aea433bf2b3_f.mp3	אֲנִי רוֹצָה לִשְׁתּוֹת מַיִם.	анӣ́ роца́ лишто́т мáйим.	Я хочу пить воду.
450	s_025677454b4c_f.mp3	אֲנִי שׁוֹתָה קָפֶה חַם.	анӣ́ шота́ кафé хам.	Я пью горячий кофе.
451	s_80bfc1049149_f.mp3	מָה אַתְּ עוֹשָׂה עַכְשָׁיו?	ма ат оса́ ахшáв?	Что ты делаешь сейчас?
452	s_1ae767c9d013_f.mp3	אֲנִי רוֹאָה סֶרֶט טוֹב.	анӣ́ роа́ сéрет тов.	Я смотрю хороший фильм.
453	s_da2a749993b2.mp3	יֵשׁ עָשׁ בַּאֲרוֹן הַבְּגָדִים.	йеш аш ба-арóн hа-бгадӣ́м.	В шкафу для одежды есть моль.
454	s_4e86122bf4a1.mp3	הֵם רוֹאִים אֶת הַיָּם.	hэм роӣ́м эт hа-йам.	Они видят море.
455	s_2a74be48a5d2.mp3	אֶתְמוֹל הָיִיתִי בְּתֵל אָבִיב.	этмóль hайӣ́ти бе-Тэль Авӣ́в.	Вчера я был в Тель-Авиве.
456	s_5fbfd35623e6.mp3	הִיא הָיְתָה בַּבַּיִת אֶתְמוֹל.	hи hайтá ба-бáйт этмóль.	Она была дома вчера.
457	s_af2dca31f494.mp3	הֵם הָיוּ שָׁם אֶתְמוֹל.	hэм hайу́ шам этмóль.	Они были там вчера.
458	s_383c5aba98b3_f.mp3	אֲנִי מַמְשִׁיכָה לִלְמוֹד עִבְרִית.	анӣ́ мамшиха́ лильмóд иврӣ́т.	Я продолжаю учить иврит.
459	s_2b46ee2b031c.mp3	מָחָר אֶכְתּוֹב מִכְתָּב חָדָשׁ.	махáр эхтóв михтáв хадáш.	Завтра я напишу новое письмо.
460	s_83169bc3f0f2.mp3	מָחָר אֶלְמַד מִילִּים חֲדָשׁוֹת.	махáр эльмáд милӣ́м хадашóт.	Завтра я буду учить новые слова.
461	s_de37f3cdb334.mp3	מָחָר אֶעֱבוֹד כָּל הַיּוֹם.	махáр ээвóд коль hа-йом.	Завтра я буду работать целый день.
462	s_13e414f1480c.mp3	מָחָר נִכְתּוֹב אֶת הַמִּבְחָן.	махáр нихтóв эт hа-мивхáн.	Завтра мы напишем тест.
463	s_7ee663b38488.mp3	בְּקָרוֹב נִפְגּוֹשׁ אֶת הַחֲבֵרִים.	бе-карóв нифгóш эт hа-хаверӣ́м.	Скоро мы встретим друзей.
464	s_daa7f226d228.mp3	דָּנִי כּוֹתֵב מִכְתָּב לַחֲבֵרָה.	дáни котéв михтáв ла-хаверá.	Дани пишет письмо подруге.
465	s_f6899d6215d6.mp3	הַתַּלְמִיד כּוֹתֵב שִׁיעוּרֵי בַּיִת.	hа-тальмӣ́д котéв шиурéй бáйт.	Ученик пишет домашнее задание.
466	s_b4d397938735.mp3	הַסּוֹפֵר כּוֹתֵב סֵפֶר חָדָשׁ.	hа-софéр котéв сéфер хадáш.	Писатель пишет новую книгу.
467	s_d5c7307a3611.mp3	דָּנִי פּוֹגֵשׁ חָבֵר בַּקָּפֶה.	дáни погéш хавéр ба-кафé.	Дани встречает друга в кафе.
468	s_b8aa62b083a8.mp3	אַבָּא כּוֹתֵב מִכְתָּב עַכְשָׁו.	áба котéв михтáв ахшáв.	Папа пишет письмо сейчас.
469	s_53716963def3.mp3	הַסְטוּדֶנְט לוֹמֵד הַרְבֵּה בַּלַּיְלָה.	hа-студéнт ломéд hарбé ба-лáйла.	Студент много учится ночью.
470	s_fbbdbb9e3fdb.mp3	הָרוֹפֵא עוֹבֵד בְּבֵית חוֹלִים.	hа-рофé овéд бе-вéйт холӣ́м.	Врач работает в больнице.
471	s_4807c37a7d90.mp3	דָּנִי עוֹבֵד שָׁעוֹת רַבּוֹת.	дáни овéд шаóт рабóт.	Дани работает много часов.
472	s_39a8943427f2.mp3	דָּנִי בָּא לַבַּיִת עַכְשָׁו.	дáни ба ла-бáйт ахшáв.	Дани идёт домой сейчас.
473	s_8ec4a48b1ebe.mp3	הָאוֹרֵחַ בָּא בָּעֶרֶב תָּמִיד.	hа-орéах ба ба-э́рев тамӣ́д.	Гость всегда приходит вечером.
474	s_ac4199ac39c4.mp3	הַחָבֵר בָּא לַמְּסִיבָּה הַיּוֹם.	hа-хавéр ба ла-месибá hайóм.	Друг приходит на вечеринку сегодня.
475	s_42af9c237e83.mp3	אַבָּא נָח עַל הַסַּפָּה.	áба нах аль hа-сапá.	Папа отдыхает на диване.
476	s_c0a4dd5f3036.mp3	יֵשׁ כָּאן אֵשׁ גְּדוֹלָה.	йеш кан эш гдолá.	Здесь есть большой огонь.
477	s_edb8b25a97ae.mp3	הַסֵּפֶר נִקְנֶה בַּחֲנוּת הַיּוֹם.	hа-сéфер никнé ба-ханýт hайóм.	Книга покупается в магазине сегодня.
478	s_9085110393f9.mp3	דָּנִי רוֹצֶה כּוֹס קָפֶה.	дáни роцé кос кафé.	Дани хочет чашку кофе.
479	s_b68af73c5989.mp3	הַכֹּל נַעֲשֶׂה בְּבֵית הַסֵּפֶר.	hа-кóль наасé бе-вéйт hа-сéфер.	Всё делается в школе.
480	s_8701e7490abc.mp3	הַתֵּה נִשְׁתֶּה בַּבּוֹקֶר תָּמִיד.	hа-тé ништé ба-бóкер тамӣ́д.	Чай выпивается утром всегда.
481	s_f24133b87c36.mp3	דָּנִי רוֹאֶה תְּמוּנָה יָפָה.	дáни роэ́ тмунá яфá.	Дани видит красивую картину.
482	s_4dfe1cee7f53.mp3	הַפַּחַד מְאַבֵּן אֶת הָאִישׁ.	hа-пáхад меабéн эт hа-ӣ́ш.	Страх парализует этого человека.
483	s_3810229721a9.mp3	זֶה עֵץ אֵשֶׁל גָּבוֹהַּ.	зэ эц э́шель гавóаh.	Это высокое дерево тамариск.
484	s_287de51a007a_f.mp3	אֲנִי מְבַקֶּשֶׁת כּוֹס מַיִם.	ани́ меваке́шет кос мáйим.	Я прошу стакан воды.
485	s_5ea7ec7d4362.mp3	הַסֶּרֶט מַתְחִיל בְּשֶׁבַע בָּעֶרֶב.	hасéрет матхíль бешéва баъéрев.	Фильм начинается в семь вечера.
486	s_45429c606b28_f.mp3	אֲנִי מַרְגִּישָׁה מְצוּיָן הַיּוֹם.	ани́ маргиша́ мецуйáн hайóм.	Я чувствую себя отлично сегодня.
487	s_e56ad8af038b.mp3	הַמּוֹרֶה מַסְבִּיר אֶת הַחוֹמֶר.	hаморé масбíр эт hахóмер.	Учитель объясняет материал.
488	s_bdd5a0a630bb.mp3	יֵשׁ לָהּ נֶמֶשׁ קָטָן.	йеш лаh нéмеш катáн.	У неё есть маленькая веснушка.
489	s_ef2c09c80a8b.mp3	דָּנִי מִתְחַתֵּן עִם שָׂרָה.	дáни митхатéн им сарá.	Дани женится на Саре.
490	s_82bed8b148ad.mp3	הַבַּנְק נִסְגָּר בְּאַרְבַּע הַיּוֹם.	hабáнк нисгáр беáрба hайóм.	Банк закрывается в четыре сегодня.
491	s_ea4d93e72af6.mp3	הַקַּנְיוֹן נִפְתָּח בְּתֵשַׁע בַּבּוֹקֶר.	hаканьóн нифтáх бетéша бабóкер.	Торговый центр открывается в девять утра.
492	s_c68add321d5c.mp3	הַמִּכְתָּב נִכְתָּב בְּעִבְרִית עַכְשָׁו.	hамихтáв нихтáв беиврíт ахшáв.	Письмо пишется на иврите сейчас.
493	s_8b1a52919bfa.mp3	הַחַלּוֹן נִשְׁבָּר מֵהָרוּחַ הַחֲזָקָה.	hахалóн нишбáр меhарýах hахазакá.	Окно разбивается от сильного ветра.
494	s_12ba197be536.mp3	הַסֵּפֶר נִמְצָא עַל הַשּׁוּלְחָן.	hасéфер нимцá аль hашульхáн.	Книга находится на столе.
495	s_e21636eaf408.mp3	הַסֶּרֶט נִגְמָר בְּעוֹד שָׁעָה.	hасéрет нигмáр беъóд шаъá.	Фильм заканчивается через час.
496	s_91ae61c7cacb.mp3	הַבַּיִת נִמְכָּר בִּמְחִיר טוֹב.	hабáит нимкáр бимхíр тов.	Дом продаётся по хорошей цене.
497	s_8b3640dedbca_f.mp3	אֲנִי נִזְהֶרֶת מֵהַכֶּלֶב הַזֶּה.	анӣ низhе́рет ме-hа-кéлев hа-зэ́.	Я остерегаюсь этой собаки.
498	s_384e459e77c6.mp3	הַכֶּסֶף נֶעֱלָם מֵהַשּׁוּלְחָן.	hа-кéсеф неълáм ме-hа-шульхáн.	Деньги исчезают со стола.
499	s_cc85f8a9a875_f.mp3	אֲנִי סוֹמֶכֶת עָלֶיךָ תָּמִיד.	анӣ соме́хет алéха тамӣ́д.	Я всегда полагаюсь на тебя.
500	s_1778a4654fe5.mp3	הָרֶכֶב מִתְקָרֵב אֶל הַתַּחֲנָה.	hа-рéхев миткарéв эль hа-таханá.	Машина приближается к остановке.
501	s_fcf7e65c280e.mp3	הַמִּפְעָל מַתְפִּיל מֵי יָם.	hа-мифъáль матпúль мэй ям.	Завод опресняет морскую воду.
502	s_68dd1e36d1d5.mp3	הַמַּדְּעָן חוֹקֵר אֶת הַנּוֹשֵׂא.	hа-мадъáн хокéр эт hа-носэ́.	Учёный исследует эту тему.
503	s_3c30e85458b9.mp3	הָאוּלְפָּן קוֹלֵט עוֹלִים חֲדָשִׁים.	hа-ульпáн колéт олúм хадашúм.	Ульпан принимает новых репатриантов.
504	s_720d077045ea.mp3	הַתַּלְמִיד מַטֶּה אֶת הַפּוֹעַל.	hа-тальмúд матэ́ эт hа-пóаль.	Ученик спрягает глагол.
505	s_4af2c2d6f333_f.mp3	אֲנִי מְסַדֶּרֶת אֶת הַחֶדֶר.	анӣ́ месаде́рет эт hа-хéдер.	Я навожу порядок в комнате.
506	s_beab7fe85f6c.mp3	סַבָּא מְסַפֵּר סִפּוּר מְעַנְיֵן.	сáба месапэ́р сипýр меаньéн.	Дедушка рассказывает интересную историю.
507	s_1fbcca9afd4e.mp3	הַבַּנְק נִפְתָּח עַכְשָׁיו.	hа-банк нифтáх ахшáв.	Банк открывается сейчас.
508	s_0f16dc5a70ea.mp3	מָה הַשֵּׁם שֶׁלְּךָ?	ма hа-шем шельхá?	Как тебя зовут? (досл. Каково твоё имя?)
509	s_375a01d4f233.mp3	הַיּוֹם יוֹם יָפֶה מְאֹד.	hа-йом йом яфэ́ меóд.	Сегодня очень красивый день.
510	s_9ea05c72a19e_f.mp3	אֲנִי שׁוֹתָה תֵּה בַּבֹּקֶר.	анӣ шота́ тэ ба-бóкер.	Я пью чай утром.
511	s_f4ed326a821f.mp3	לַיְלָה טוֹב לְכוּלָּם.	лáйла тов ле-хулáм.	Доброй ночи всем.
512	s_06c76a71e03c_f.mp3	אֲנִי רוֹצָה קָפֶה חַם.	анӣ роца́ кафэ́ хам.	Я хочу горячий кофе.
513	s_c8f6720fa6a8.mp3	יֵשׁ פֹּה מַיִם קָרִים.	йеш по мáйим карӣ́м.	Здесь есть холодная вода.
514	s_e53a45a7c193_f.mp3	אֲנִי רוֹצָה קָפֶה עִם חָלָב.	анӣ роца́ кафэ́ им халáв.	Я хочу кофе с молоком.
515	s_af01eacf41b6_f.mp3	אַתְּ רוֹצָה סוֹכֶרֶת בַּתֵּה?	ат роца́ сукáр ба-тэ?	Ты хочешь сахар в чай?
516	s_c5093355c7e5.mp3	זֹאת עוּגָה טְעִימָה מְאֹד.	зот угá теимá меóд.	Это очень вкусный пирог.
517	s_2c1cb05678b7.mp3	אֶפְשָׁר חֶשְׁבּוֹן, בְּבַקָּשָׁה?	эфшáр хешбóн, бевакашá?	Можно счёт, пожалуйста?
518	s_5c41ff550f25.mp3	תֵּל אָבִיב זֹאת עִיר יָפָה.	Тель Авӣв зот ир яфá.	Тель-Авив — это красивый город.
519	s_44fff0c3b0e0.mp3	יִשְׂרָאֵל מְדִינָה קְטַנָּה.	Исраэ́ль мединá ктанá.	Израиль — маленькая страна.
520	s_e7060303dbfa_f.mp3	אֲנִי גָּרָה בְּיִשְׂרָאֵל עַכְשָׁו.	анӣ гара́ бе-Исраэ́ль ахшáв.	Я живу в Израиле сейчас.
521	s_a53fd2f99df0_f.mp3	אֲנִי מְדַבֶּרֶת עִבְרִית בָּאוּלְפָּן.	анӣ медабе́рет иврӣ́т ба-ульпáн.	Я говорю на иврите в ульпане.
522	s_36074bc1dd4d.mp3	הִיא מְדַבֶּרֶת רוּסִית בַּבַּיִת.	hи медабéрет русӣ́т ба-бáит.	Она говорит по-русски дома.
523	s_1e28d88d954a_f.mp3	אַתְּ מְבַיֶּנֶת אַנְגְּלִית טוֹבָה?	ат мевӣ́н англӣ́т това́?	Ты хорошо понимаешь по-английски?
524	s_e9c7127bfb1b_f.mp3	אֲנִי קוֹרֵאת סֵפֶר טוֹב.	анӣ ко́рет сéфер тов.	Я читаю хорошую книгу.
525	s_4e324573ce8d.mp3	יֵשׁ לִי מַחְבֶּרֶת חֲדָשָׁה.	йеш ли махбéрет хадашá.	У меня есть новая тетрадь.
526	s_1f11f086a1b2.mp3	אֶפְשָׁר עֵט, בְּבַקָּשָׁה?	эфшáр эт, бевакашá?	Можно ручку, пожалуйста?
527	s_7be786e4ef9d.mp3	הַסֵּפֶר עַל הַשּׁוּלְחָן.	hа-сéфер аль hа-шульхáн.	Книга на столе.
528	s_775a25faf92b.mp3	זֶה כִּסֵּא נוֹחַ מְאֹד.	зэ кисэ́ нóах меóд.	Это очень удобный стул.
529	s_dbc7ad25a0dc.mp3	הַמּוֹרֶה מְדַבֵּר לְאַט בַּשִּׁעוּר.	hа-морé медабéр леáт ба-шиў́р.	Учитель говорит медленно на уроке.
530	s_b3d6badc4e78_f.mp3	אֲנִי קוֹנָה הַכֹּל בַּסּוּפֶּרְמַרְקֶט.	анӣ кона́ hакóль ба-су́пермаркет.	Я покупаю всё в супермаркете.
531	s_c28369f89d27.mp3	אֲנַחְנוּ הוֹלְכִים לַשּׁוּק הַיּוֹם.	анáхну hольхӣ́м ла-шук hа-йом.	Мы идём на рынок сегодня.
532	s_cd1a84a00d0a.mp3	כַּמָּה עוֹלוֹת הָעַגְבָנִיּוֹת הָאֵלֶּה?	кáма олóт hа-агванийóт hа-э́ле?	Сколько стоят эти помидоры?
533	s_61382e66d759_f.mp3	אֲנִי רוֹצָה קִילוֹ מְלָפְפוֹנִים.	анӣ роца́ кӣ́ло мелафефонӣ́м.	Я хочу килограмм огурцов.
534	s_d5cc4f9ff049.mp3	יֵשׁ פֹּה לֶחֶם טָרִי?	йеш по лéхем тарӣ́?	Здесь есть свежий хлеб?
535	s_6b835caec639.mp3	הִיא אוֹהֶבֶת גְּבִינָה טְעִימָה.	hи оhéвет гвинá теимá.	Она любит вкусный сыр.
536	s_efe368fdef5c.mp3	זֶה עוֹלֶה עֲשָׂרָה שְׁקָלִים.	зэ олé асарá шкалӣ́м.	Это стоит десять шекелей.
537	s_133858d67656_f.mp3	אֲנִי רוֹצָה שְׁנֵי קִילוֹ תַּפּוּזִים.	анӣ роца́ шней кӣ́ло тапузӣ́м.	Я хочу два килограмма апельсинов.
538	s_56cb65008f64_f.mp3	אַתְּ רוֹצָה שַׂקִּית גְּדוֹלָה?	ат роца́ сакӣ́т гдолá?	Ты хочешь большой пакет?
539	s_3d36ee820bef.mp3	הַמּוֹכֵר עוֹזֵר לִי בַּחֲנוּת.	hа-мохéр озéр ли ба-ханýт.	Продавец помогает мне в магазине.
540	s_371936a20e59.mp3	יֵשׁ לִי מִשְׁפָּחָה גְּדוֹלָה.	йеш ли мишпахá гдолá.	У меня большая семья.
541	s_fd98c8af4bb0.mp3	אַבָּא שֶׁלִּי עוֹבֵד פֹּה.	áба шелӣ́ овéд по.	Мой папа работает здесь.
542	s_f41b1b9e6c47.mp3	אִמָּא שֶׁלִּי בַּבַּיִת עַכְשָׁו.	ӣ́ма шелӣ́ ба-бáит ахшáв.	Моя мама дома сейчас.
543	s_2a81f4bf497c.mp3	יֵשׁ לִי אָח אֶחָד.	йеш ли ах эхáд.	У меня есть один брат.
544	s_26f655f58ad7.mp3	אָחוֹת שֶׁלִּי לוֹמֶדֶת בָּאוּלְפָּן.	ахóт шелӣ́ ломéдет ба-ульпáн.	Моя сестра учится в ульпане.
545	s_b858775e9297.mp3	הַבֵּן שֶׁלּוֹ לוֹמֵד בְּבֵית סֵפֶר.	hа-бен шелó ломéд бе-вейт сéфер.	Его сын учится в школе.
546	s_102e49b0479e.mp3	יֵשׁ לָהֶם בַּת קְטַנָּה.	йеш лаhéм бат ктанá.	У них есть маленькая дочь.
547	s_8528e7513600.mp3	סַבָּא שֶׁלִּי גָּר בִּירוּשָׁלַיִם.	сáба шелӣ́ гар би-Йерушалáим.	Мой дедушка живёт в Иерусалиме.
548	s_7c97e0344627.mp3	סָבְתָא מְבַשֶּׁלֶת מָרָק טָעִים.	сáвта мевашéлет марáк таӣ́м.	Бабушка готовит вкусный суп.
549	s_e66821d45236.mp3	זֹאת תְּמוּנָה יָפָה מְאֹד.	зот тмунá яфá меóд.	Это очень красивая фотография.
550	s_f91926100278.mp3	הַיְּלָדִים הוֹלְכִים לְבֵית סֵפֶר.	hа-еладӣ́м hольхӣ́м ле-вейт сéфер.	Дети идут в школу.
551	s_923b0bd294c9.mp3	זֹאת דִּירָה יָפָה וּגְדוֹלָה.	зот дирá яфá у-гдолá.	Это красивая и большая квартира.
552	s_6554186cede9.mp3	יֵשׁ לִי חֶדֶר גָּדוֹל.	йеш ли хéдер гадóль.	У меня большая комната.
553	s_b3989ac6d5f6.mp3	אֲנַחְנוּ יוֹשְׁבִים בַּסָּלוֹן עַכְשָׁו.	анáхну йошвӣ́м ба-салóн ахшáв.	Мы сидим в гостиной сейчас.
554	s_2907fb9b20df.mp3	אִמָּא מְבַשֶּׁלֶת בַּמִּטְבָּח עַכְשָׁו.	ӣ́ма мевашéлет ба-митбáх ахшáв.	Мама готовит на кухне сейчас.
555	s_f484cd5a8887.mp3	זֹאת מִיטָּה נוֹחָה מְאֹד.	зот митá нóха меóд.	Это очень удобная кровать.
556	s_3ccf2df8e730.mp3	הַבְּגָדִים שֶׁלִּי בָּאָרוֹן.	hа-бгадӣ́м шелӣ́ ба-арóн.	Моя одежда в шкафу.
557	s_429b9e74f35c.mp3	הֶחָלָב נִמְצָא בַּמְּקָרֵר.	hе-халáв нимцá ба-мекарéр.	Молоко находится в холодильнике.
558	s_e98eb56caaec.mp3	אֶפְשָׁר לִפְתֹּחַ אֶת הַחַלּוֹן?	эфшáр лифтóах эт hа-халóн?	Можно открыть окно?
559	s_2bf79aa69c33_f.mp3	אֲנִי כּוֹתֶבֶת מִכְתָּב לַחֲבֵר.	анӣ коте́вет михтáв ла-хавéр.	Я пишу письмо другу.
560	s_593913092614.mp3	יֵשׁ לִי עֲבוֹדָה מְעַנְיֶנֶת.	йеш ли аводá меаньéнет.	У меня интересная работа.
561	s_6c9ad7d79426.mp3	אֲנַחְנוּ לוֹמְדִים בָּאוּלְפָּן הַיּוֹם.	анáхну ломдӣ́м ба-ульпáн hа-йом.	Мы учимся в ульпане сегодня.
562	s_af2ae21c5b81.mp3	מָה הַשָּׁעָה עַכְשָׁו?	ма hа-шаá ахшáв?	Который сейчас час?
563	s_bc245dcd8064.mp3	רַק דַּקָּה אַחַת, בְּבַקָּשָׁה.	рак дакá ахáт, бевакашá.	Только одну минуту, пожалуйста.
564	s_4ed13796d2e1_f.mp3	אֲנִי אוֹכֶלֶת בַּצָּהֳרַיִּים.	анӣ охе́лет ба-цоhорáим.	Я ем в обеденное время.
565	s_ed31a8dc8bc8_f.mp3	אֲנִי אוֹכֶלֶת אֲרוּחַת בֹּקֶר.	анӣ охе́лет арухáт бóкер.	Я ем завтрак.
566	s_92aaecc98331.mp3	זֹאת אֲרוּחַת עֶרֶב טְעִימָה.	зот арухáт э́рев теимá.	Это вкусный ужин.
567	s_4c0e1866b168_f.mp3	אֲנִי נוֹסַעַת בְּאוֹטוֹבּוּס לָעֲבוֹדָה.	анӣ носа́ат бе-óтобус ла-аводá.	Я еду на автобусе на работу.
568	s_f3fb7fbba22f.mp3	הָרַכֶּבֶת מַגִּיעָה בַּזְּמַן.	hа-ракéвет магӣ́а ба-змáн.	Поезд прибывает вовремя.
569	s_d8137de61b95.mp3	אֲנַחְנוּ לוֹקְחִים מוֹנִית לַתַּחֲנָה.	анáхну локхӣ́м монӣ́т ла-таханá.	Мы берём такси до остановки.
570	s_9b53105fb6ba.mp3	אֵיפֹה הַתַּחֲנָה שֶׁל הָאוֹטוֹבּוּס?	э́йфо hа-таханá шель hа-óтобус?	Где автобусная остановка?
571	s_1c1c2107dff6.mp3	הָאוֹטוֹבּוּס נוֹסֵעַ לַתַּחֲנָה הַמֶּרְכָּזִית.	hа-óтобус носéа ла-таханá hа-мерказӣ́т.	Автобус едет на центральную автостанцию.
572	s_29a97b4243c3.mp3	זֶה רְחוֹב שָׁקֵט מְאֹד.	зэ рехóв шакéт меóд.	Это очень тихая улица.
573	s_0c1f47f7c1c6.mp3	אֶפְשָׁר כַּרְטִיס אֶחָד, בְּבַקָּשָׁה?	эфшáр картӣ́с эхáд, бевакашá?	Можно один билет, пожалуйста?
574	s_e793e4f6682c_f.mp3	אֲנִי קוֹנָה קִילוֹ בָּצָל.	анӣ кона́ кӣло бацáль.	Я покупаю килограмм лука.
575	s_e41ed3227772_f.mp3	אֲנִי רוֹצָה שׁוּם טָרִי.	анӣ роца́ шум тарӣ́.	Я хочу свежий чеснок.
576	s_9834dbd1f7c7.mp3	יֵשׁ פֹּה תַּפּוּחַ אֲדָמָה.	йеш по тапӯ́ах адамá.	Здесь есть картофель.
577	s_92c7aabba30d.mp3	הַתַּפּוּחַ הַזֶּה מָתוֹק מְאֹד.	hа-тапӯ́ах hа-зэ матóк меóд.	Это яблоко очень сладкое.
578	s_2bfb102e6b14.mp3	הַבַּנָּנָה הַזֹּאת מְתוּקָה מְאֹד.	hа-банáна hа-зот мэтукá меóд.	Этот банан очень сладкий.
579	s_2d369f8262fa_f.mp3	אֲנִי שׁוֹתָה מִיץ תַּפּוּזִים.	анӣ шота́ миц тапузӣ́м.	Я пью апельсиновый сок.
580	s_0e727c0d550a.mp3	הָאַבַטִיחַ הַזֶּה מָתוֹק מְאֹד.	hа-аватӣ́ах hа-зэ матóк меóд.	Этот арбуз очень сладкий.
581	s_35a3b7a630c4.mp3	הָאַבוֹקָדוֹ בַּשּׁוּק טָרִי מְאֹד.	hа-авокáдо ба-шук тарӣ́ меóд.	Авокадо на рынке очень свежий.
582	s_917bae072f12_f.mp3	אֲנִי שָׂמָה גֶּזֶר בַּסָּלָט.	анӣ сама́ гéзер ба-салáт.	Я кладу морковь в салат.
583	s_0b859d18edc0_f.mp3	אֲנִי אוֹכֶלֶת בֵּיצָה בַּבֹּקֶר.	анӣ охе́лет бейцá ба-бóкер.	Я ем яйцо утром.
584	s_654283becd62_f.mp3	אֲנִי מַזְמִינָה מָרָק עוֹף.	анӣ мазмина́ марáк оф.	Я заказываю куриный суп.
585	s_4458a550d87d.mp3	יֵשׁ פֹּה דָּג טָרִי?	йеш по даг тарӣ́?	Здесь есть свежая рыба?
586	s_e161d184c4d6_f.mp3	אֲנִי אוֹכֶלֶת אוֹרֶז בַּצָּהֳרַיִם.	анӣ охе́лет óрез ба-цоhорáйим.	Я ем рис в обед.
587	s_844aa7aeffce_f.mp3	אֲנִי מְכִינָה סָלָט יִשְׂרְאֵלִי.	анӣ махӣн салáт исрээлӣ́.	Я готовлю израильский салат.
588	s_80dc8db8c74d.mp3	יֵשׁ פֹּה שֶׁמֶן זַיִת?	йеш по шéмен зáйит?	Здесь есть оливковое масло?
589	s_ea8ebe013182.mp3	אֶפְשָׁר קְצָת מֶלַח, בְּבַקָּשָׁה?	эфшáр кцат мéлах, бевакашá?	Можно немного соли, пожалуйста?
590	s_fea7c6275220.mp3	יֵשׁ פֹּה הֲנָחָה טוֹבָה.	йеш по hанахá товá.	Здесь есть хорошая скидка.
591	s_e663e46bfc50.mp3	יֵשׁ מִבְצָע גָּדוֹל בַּשּׁוּק.	йеш мивцá гадóль ба-шук.	На рынке большая акция.
592	s_99748ecc9bb6_f.mp3	אֲנִי רוֹצָה קַבָּלָה, בְּבַקָּשָׁה.	анӣ роца́ кабалá, бевакашá.	Я хочу чек, пожалуйста.
593	s_ec5be1e166d3.mp3	סְלִיחָה, כַּמָּה זֶה עוֹלֶה?	слихá, кáма зэ олé?	Извините, сколько это стоит?
594	s_df05644d3c37_f.mp3	אַתְּ רוֹצָה עוֹד מַשֶּׁהוּ?	ат роца́ од мáшеhу?	Ты хочешь что-нибудь еще?
595	s_57ed1e207ea9.mp3	זֹאת מִסְעָדָה טוֹבָה מְאוֹד.	зот мисадá товá меóд.	Это очень хороший ресторан.
596	s_1682866f4630.mp3	הָאוֹכֶל כָּאן טָעִים מְאוֹד.	hа-óхель кан таӣм меóд.	Еда здесь очень вкусная.
597	s_38ab4bb56083.mp3	הַחוּמוּס הַזֶּה טָעִים מְאוֹד.	hа-хýмус hа-зэ таӣм меóд.	Этот хумус очень вкусный.
598	s_5bd6702d45fc.mp3	הַפָלָאפֶל כָּאן טָעִים מְאוֹד.	hа-фалáфель кан таӣм меóд.	Фалафель здесь очень вкусный.
599	s_dd9103e6910c.mp3	אֶפְשָׁר תַּפְרִיט, בְּבַקָּשָׁה?	эфшáр тафрӣт, бевакашá?	Можно меню, пожалуйста?
600	s_77863838660e.mp3	הַיּוֹם מֶזֶג אֲוִויר נָעִים.	hа-йом мэ́зег авӣр наӣ́м.	Сегодня приятная погода.
601	s_a426802a7469.mp3	הַיּוֹם יוֹרֵד גֶּשֶׁם חָזָק.	hа-йом йорэ́д гэ́шем хазáк.	Сегодня идёт сильный дождь.
602	s_a3c2aa044022.mp3	הַשֶּׁמֶשׁ חַמָּה מְאוֹד הַיּוֹם.	hа-шэ́меш хамá меóд hа-йом.	Солнце сегодня очень жаркое.
603	s_cb5a9a3e52cd.mp3	הַיּוֹם יֵשׁ רוּחַ חֲזָקָה.	hа-йом йеш рýах хазакá.	Сегодня сильный ветер.
604	s_765eab54d372.mp3	הַקַּיִץ בְּיִשְׂרָאֵל חַם מְאוֹד.	hа-кáйиц бе-исраэ́ль хам меóд.	Лето в Израиле очень жаркое.
605	s_0f3bec44e780.mp3	הַחוֹרֶף פֹּה קַר מְאוֹד.	hа-хóреф по кар меóд.	Зима здесь очень холодная.
606	s_1beda241ec55.mp3	הָאָבִיב בְּיִשְׂרָאֵל יָפֶה מְאוֹד.	hа-авӣв бе-исраэ́ль яфэ́ меóд.	Весна в Израиле очень красивая.
607	s_0dd95d3b9348.mp3	הַסְּתָיו בְּיִשְׂרָאֵל נָעִים מְאוֹד.	hа-стáв бе-исраэ́ль наӣ́м меóд.	Осень в Израиле очень приятная.
608	s_8b5e09060b6d.mp3	זֶה בֶּגֶד יָפֶה מְאֹד.	зэ бэ́гед яфэ́ меóд.	Это очень красивая одежда.
609	s_0ac60fa1e249.mp3	הַחוּלְצָה הַזֹּאת יָפָה מְאֹד.	hа-хульцá hа-зот яфá меóд.	Эта рубашка очень красивая.
610	s_1240f1c726de_f.mp3	אֲנִי לוֹבֶשֶׁת מִכְנָסַיִּים שְׁחוֹרִים.	анӣ лове́шет михнасáйим шхорӣ́м.	Я ношу чёрные брюки.
611	s_312978316e32.mp3	יֵשׁ לָהּ שִׂמְלָה אֲדוּמָּה.	йеш ла симлá адумá.	У неё есть красное платье.
612	s_860236c3c0ba.mp3	הַנַּעֲלַיִּים הָאֵלֶּה נוֹחוֹת מְאֹד.	hа-наалáйим hа-э́ле нохóт меóд.	Эти туфли очень удобные.
613	s_c3e86164e1d2_f.mp3	אֵיזֶה צֶבַע אַתְּ אוֹהֶבֶת?	э́йзе цэ́ва ат оhе́вет?	Какой цвет ты любишь?
614	s_634d1fd87d9e.mp3	אֵיזוֹ מִידָּה אַתְּ צְרִיכָה?	э́йзо мидá ат цриха́?	Какой размер тебе нужен?
615	s_82ebeaa511c2.mp3	אֵיפֹה תָּא הַמְּדִידָה כָּאן?	э́йфо та hа-мэдидá кан?	Где здесь примерочная?
616	s_3bf3cafaed88_f.mp3	אֲנִי הוֹלֶכֶת לָרוֹפֵא הַיּוֹם.	анӣ hоле́хет ла-рофэ́ hа-йом.	Я иду к врачу сегодня.
617	s_b3779971c23a.mp3	הַמִּרְפָּאָה פְּתוּחָה עַכְשָׁיו.	hа-мирпаá птухá ахшáв.	Поликлиника сейчас открыта.
618	s_c8abe189f0e3.mp3	אֵיפֹה קוּפַּת חוֹלִים שֶׁלְּךָ?	э́йфо купáт холӣ́м шельхá?	Где твоя больничная касса?
619	s_7fb3307d6dd9.mp3	כּוֹאֵב לִי הָרֹאשׁ מְאֹד.	коэ́в ли hа-рош меóд.	У меня очень болит голова.
620	s_88a60781ded9.mp3	כּוֹאֶבֶת לִי הַבֶּטֶן הַיּוֹם.	коэ́вет ли hа-бэ́тен hа-йом.	У меня сегодня болит живот.
621	s_2195c155909b.mp3	כּוֹאֵב לִי הַגָּרוֹן מְאֹד.	коэ́в ли hа-гарóн меóд.	У меня очень болит горло.
622	s_bdbc2e8aa361.mp3	יֵשׁ לִי חוֹם גָּבוֹהַּ.	йеш ли хом гавóаh.	У меня высокая температура.
623	s_efd4785025e3_f.mp3	אֲנִי לוֹקַחַת תְּרוּפָה עַכְשָׁיו.	анӣ лока́хат труфá ахшáв.	Я принимаю лекарство сейчас.
624	s_b901700c59b4.mp3	אֵיפֹה יֵשׁ בֵּית מִרְקַחַת?	э́йфо йеш бэйт миркáхат?	Где есть аптека?
625	s_daafc344f5f9.mp3	זֶה הַיּוֹם-יוֹם שֶׁלָּנוּ פֹּה.	зэ hа-йом-йом шелáну по.	Это наша повседневная жизнь здесь.
626	s_a80b66174424.mp3	זֶה הֶרְגֵּל טוֹב מְאֹד.	зэ hэргéль тов меóд.	Это очень хорошая привычка.
627	s_5a2c5e5c0212.mp3	זֶה סֵדֶר יוֹם טוֹב.	зэ сэ́дер йом тов.	Это хороший распорядок дня.
628	s_bd57d8b9587a.mp3	אֵין לִי זְמַן הַיּוֹם.	эйн ли зман hа-йом.	У меня нет времени сегодня.
629	s_d5fa799f5976.mp3	יֵשׁ לִי הַרְבֵּה סַבְלָנוּת.	йеш ли hарбэ́ савланýт.	У меня много терпения.
630	s_e7241fa36f56.mp3	כַּמָּה כֶּסֶף יֵשׁ לְךָ?	кáма кэ́сеф йеш лехá?	Сколько денег у тебя есть?
631	s_b251c332eb12.mp3	יֵשׁ לָנוּ רֶכֶב חָדָשׁ.	йеш лáну рэ́хев хадáш.	У нас есть новая машина.
632	s_78860c43fba6.mp3	יֵשׁ לְךָ דַּרְכּוֹן יִשְׂרְאֵלִי?	йеш лехá даркóн исрээлӣ́?	У тебя есть израильский загранпаспорт?
633	s_387de6355d3c.mp3	יֵשׁ לִי תְּעוּדַת זֶהוּת.	йеш ли тэудáт зэhýт.	У меня есть удостоверение личности.
634	s_693b487aaa9f.mp3	יֵשׁ לִי שְׁאֵלָה טוֹבָה.	йеш ли шээлá товá.	У меня есть хороший вопрос.
635	s_dbdcc684fa73.mp3	זֹאת תְּשׁוּבָה נְכוֹנָה מְאֹד.	зот тшувá нэхонá меóд.	Это очень верный ответ.
636	s_edd4dc764605.mp3	אֵין שׁוּם בְּעָיָה כָּאן.	эйн шум бэайá кан.	Здесь нет никакой проблемы.
637	s_0be941a5562a.mp3	זֶה מִקְצוֹעַ מְעַנְיֵן מְאֹד.	зэ микцóа меаньéн меóд.	Это очень интересная профессия.
638	s_0d09448294f0.mp3	הַמְּנַהֵל יוֹשֵׁב בַּמִּשְׂרָד עַכְשָׁיו.	hа-мэнаhэ́ль йошэ́в ба-мисрáд ахшáв.	Директор сидит в офисе сейчас.
639	s_2c041de74e34.mp3	זֹאת חֶבְרָה גְּדוֹלָה מְאֹד.	зот хэврá гдолá меóд.	Это очень большая компания.
640	s_c24bdc967515_f.mp3	אֲנִי עוֹבֶדֶת בַּמִּשְׂרָד הַזֶּה.	анӣ ове́дет ба-мисрáд hа-зэ.	Я работаю в этом офисе.
641	s_69ca4dd8813b.mp3	יֵשׁ לִי רֵאָיוֹן עֲבוֹדָה.	йеш ли рэайóн аводá.	У меня собеседование.
642	s_b929e648cfd1_f.mp3	אֲנִי שׁוֹלַחַת קוֹרוֹת חַיִּים.	анӣ шола́хат корóт хайӣ́м.	Я отправляю резюме.
643	s_0a5ea23de309.mp3	יֵשׁ כָּאן מַשְׂכּוֹרֶת טוֹבָה.	йеш кан маскóрет товá.	Здесь хорошая зарплата.
644	s_78696495e8e4.mp3	יֵשׁ לִי הַרְבֵּה נִיסָּיוֹן.	йеш ли hарбэ́ нисайóн.	У меня много опыта.
645	s_3bf833ff696f_f.mp3	אֲנִי מְאַחֶלֶת לְךָ הַצְלָחָה!	анӣ меахе́лет лехá hацлахá!	Я желаю тебе успеха!
646	s_1adec923b1b2.mp3	יֵשׁ לִי הוֹבִּי חָדָשׁ.	йеш ли hóби хадáш.	У меня есть новое хобби.
647	s_d6fcd8b91f3c.mp3	אֵין לִי שְׁעוֹת פְּנַאי.	эйн ли шъот пнай.	У меня нет свободного времени.
648	s_c58e0fb2dec1_f.mp3	אֲנִי אוֹהֶבֶת סְפּוֹרְט מְאוֹד.	анӣ оhе́вет спорт меóд.	Я очень люблю спорт.
649	s_1736a979d9db.mp3	זֶה סֶרֶט יָפֶה מְאוֹד.	зэ сэ́рет яфэ́ меóд.	Это очень красивый фильм.
650	s_5f2d245a94a4.mp3	אֲנַחְנוּ הוֹלְכִים לַקּוֹלְנוֹעַ עַכְשָׁיו.	анáхну hольхӣм ла-кольнóа ахшáв.	Мы сейчас идём в кинотеатр.
651	s_4d811a1e000a.mp3	יֵשׁ לָנוּ טִיּוּל מָחָר.	йеш лáну тию́ль махáр.	У нас завтра поездка.
652	s_4389c174eee3_f.mp3	אֲנִי אוֹהֶבֶת שְׂחִיָּה בַּיָּם.	анӣ оhе́вет схийá ба-ям.	Я люблю плавание в море.
653	s_4021aae52411.mp3	יֵשׁ בְּרֵיכָה גְּדוֹלָה בַּמָּלוֹן.	йеш брейхá гдолá ба-малóн.	В гостинице есть большой бассейн.
654	s_5e67409194de.mp3	אֲנַחְנוּ הוֹלְכִים לַיָּם הַיּוֹם.	анáхну hольхӣм ла-ям hа-йом.	Мы сегодня идём на море.
655	s_2af14c24bcc8.mp3	הַבַּנְק פָּתוּחַ עַד אַרְבַּע.	hа-банк патýах ад áрба.	Банк открыт до четырёх.
656	s_d9adae4128e4_f.mp3	אֲנִי הוֹלֶכֶת לַדּוֹאַר הַיּוֹם.	анӣ hоле́хет ла-дóар hа-йом.	Я иду на почту сегодня.
657	s_499051c4cebc_f.mp3	אֲנִי פּוֹתַחַת חֶשְׁבּוֹן בַּנְק.	анӣ пота́хат хешбóн банк.	Я открываю банковский счёт.
658	s_d5158cc0fa44.mp3	יֵשׁ כַּסְפּוֹמָט לְיַד הַבַּנְק.	йеш каспомáт ле-яд hа-банк.	Возле банка есть банкомат.
659	s_633443cdc2ba_f.mp3	אֲנִי רוֹצָה לְשַׁלֵּם בִּמְזוּמָּן.	анӣ роца́ лэшалэ́м би-мзумáн.	Я хочу заплатить наличными.
660	s_d6b7f55b4f64.mp3	יֵשׁ לְךָ חֲבִילָה בַּדּוֹאַר.	йеш лехá хавилá ба-дóар.	Для тебя есть посылка на почте.
661	s_3ca334bffe83.mp3	יֵשׁ תּוֹר אָרוֹךְ בַּדּוֹאַר.	йеш тор арóх ба-дóар.	На почте длинная очередь.
662	s_cbf30f159529.mp3	יֵשׁ לִי הַזְמָנָה לַמְּסִיבָּה.	йеш ли hазманá ла-мэсибá.	У меня есть приглашение на вечеринку.
663	s_2650ac81935a.mp3	כָּל הַתְחָלָה הִיא קָשָׁה.	коль hатхалá hи кашá.	Всякое начало трудно.
664	s_3a2a8e439728.mp3	יֵשׁ לִי הַרְגָּשָׁה טוֹבָה.	йеш ли hаргашá товá.	У меня хорошее самочувствие.
665	s_26ce4f46cc38.mp3	יֵשׁ לָנוּ חֲתוּנָּה הַיּוֹם.	йеш лáну хатунá hа-йом.	У нас сегодня свадьба.
666	s_183d54fcb37f.mp3	זֹאת מַתָּנָה יָפָה מְאוֹד.	зот матанá яфá меóд.	Это очень красивый подарок.
667	s_a1df80f2afcb.mp3	יוֹם הוּלֶּדֶת שָׂמֵחַ לְךָ!	йом hулэ́дет самэ́ах лехá!	С днём рождения тебя!
668	s_5bd31b09e57d.mp3	יֵשׁ מְסִיבָּה גְּדוֹלָה הָעֶרֶב.	йеш мэсибá гдолá hа-э́рев.	Сегодня вечером большая вечеринка.
669	s_b32de411ada6_f.mp3	אֲנִי כּוֹתֶבֶת בְּרָכָה לַחֲתוּנָּה.	анӣ коте́вет брахá ла-хатунá.	Я пишу поздравление на свадьбу.
670	s_cb2eb84ac91d.mp3	קָנִיתִי פְּרָחִים יָפִים לְשַׁבָּת.	канӣти прахӣм яфӣм ле-шабáт.	Я купил красивые цветы на Шаббат.
671	s_59e870f2e4ea.mp3	יֵשׁ לָנוּ אוֹרֵחַ חָשׁוּב.	йеш лáну орэ́ах хашýв.	У нас важный гость.
672	s_86b9d278e5e4.mp3	אֲנַחְנוּ שׁוֹתִים יַיִן אָדוֹם.	анáхну шотӣм я́йин адóм.	Мы пьём красное вино.
673	s_a7a014fcd3bc.mp3	שַׁבָּת שָׁלוֹם לְכָל הַמִּשְׁפָּחָה!	шабáт шалóм ле-холь hа-мишпахá!	Мирного Шаббата всей семье!
674	s_a28934e0a7a0.mp3	חַג שָׂמֵחַ לְכָל הַחֲבֵרִים!	хаг самэ́ах ле-холь hа-хаверӣм!	Весёлого праздника всем друзьям!
675	s_acd9ea268304.mp3	אִמָּא אוֹפָה חַלָּה לְשַׁבָּת.	ӣма офá халá ле-шабáт.	Мама печёт халу на Шаббат.
676	s_335ffeb7ce03.mp3	הִיא מַדְלִיקָה נֵרוֹת שַׁבָּת.	hи мадликá нерóт шабáт.	Она зажигает шаббатние свечи.
677	s_d90aef62322c.mp3	אַבָּא עוֹשֶׂה קִידּוּשׁ בָּעֶרֶב.	áба осэ́ кидýш ба-э́рев.	Папа делает кидуш вечером.
678	s_084b8f971f56.mp3	אֲנַחְנוּ אוֹכְלִים מַצָּה בְּפֶסַח.	анáхну охлӣм мацá бэ-Фэ́сах.	Мы едим мацу на Песах.
679	s_2f9a719fe7da.mp3	חַג רֹאשׁ הַשָּׁנָה שָׂמֵחַ!	хаг Рош hа-Шанá самэ́ах!	Счастливого праздника Рош а-Шана!
680	s_c7f415602cda.mp3	חַג חֲנוּכָּה שָׂמֵחַ לְכוּלָּם!	хаг Ханукá самэ́ах ле-хулáм!	Счастливой Хануки всем!
681	s_e087e47dac27.mp3	בְּתֵיאָבוֹן לְכָל הַמִּשְׁפָּחָה!	бетеавóн ле-холь hа-мишпахá!	Приятного аппетита всей семье!
682	s_9d44f535ff34.mp3	הַיּוֹם קַר מְאֹד בַּחוּץ.	hа-йом кар меóд ба-хýц.	Сегодня очень холодно на улице.
683	s_b29df919615f.mp3	בְּדֶרֶךְ כְּלָל אֲנַחְנוּ לוֹמְדִים.	бе-дéрех клаль анáхну ломдӣ́м.	Обычно мы учимся.
684	s_caba5b5c241a.mp3	לִפְעָמִים אֲנַחְנוּ הוֹלְכִים לַיָּם.	лиф’амӣ́м анáхну hолхӣ́м ла-ям.	Иногда мы ходим на море.
685	s_b5507d8a6fe9.mp3	אַף פַּעַם לֹא מְאוּחָר!	аф пáам ло мэухáр!	Никогда не поздно!
686	s_cc0cfd4ce033_f.mp3	אֲנִי קָמָה מוּקְדָם בַּבֹּקֶר.	анӣ кама́ мукдáм ба-бóкер.	Я встаю рано утром.
687	s_ee194e557f58_f.mp3	אֲנִי לוֹמֶדֶת כָּל יוֹם.	анӣ ломе́дет коль йом.	Я учусь каждый день.
688	s_1522784e7a59.mp3	יֵשׁ לִי שְׁאֵלָה אַחַת.	йеш ли шеэлá ахáт.	У меня есть один вопрос.
689	s_bd57d8b9587a.mp3	אֵין לִי זְמַן הַיּוֹם.	эйн ли зман hайóм.	У меня нет времени сегодня.
690	s_d6279ccece69.mp3	אֵין בְּעָיָה, נְדַבֵּר מָחָר.	эйн беайá, недабéр махáр.	Нет проблем, поговорим завтра.
691	s_074af231820d_f.mp3	אֲנִי מְחַפֶּשֶׂת עֲבוֹדָה טוֹבָה.	анӣ мехапе́сет аводá товá.	Я ищу хорошую работу.
692	s_4172a71f5fc1.mp3	בְּהַצְלָחָה רַבָּה בַּעֲבוֹדָה הַחֲדָשָׁה!	беhацлахá рабá ба-аводá hа-хадашá!	Большой удачи на новой работе!
693	s_c1058b4fbd92.mp3	הָרַכֶּבֶת נוֹסַעַת מַהֵר מְאֹד.	hа-ракéвет носáат маhéр меóд.	Поезд едет очень быстро.
694	s_890446588547.mp3	אֶפְשָׁר בְּבַקָּשָׁה לְדַבֵּר לְאַט?	эфшáр бевакашá ледабéр леáт?	Можно, пожалуйста, говорить медленнее?
695	s_45429c606b28_f.mp3	אֲנִי מַרְגִּישָׁה מְצוּיָן הַיּוֹם.	анӣ маргиша́ мецуйáн hайóм.	Я чувствую себя отлично сегодня.
696	s_41d8c9ac2bf2.mp3	שָׁלוֹם, מְאֹד נָעִים לְהַכִּיר!	шалóм, меóд наӣ́м леhакӣ́р!	Привет, очень приятно познакомиться!
697	s_614855052fc9_f.mp3	סְלִיחָה, אֲנִי מִצְטַעֶרֶת מְאֹד.	слихá, анӣ́ мицтаэ́рет меóд.	Извините, мне очень жаль.
698	s_d246e493d450_f.mp3	אֲנִי רוֹצָה לְדַבֵּר אִיתְּךָ.	анӣ роца́ ледабéр итхá.	Я хочу поговорить с тобой.
699	s_87afc21da3ec.mp3	דָּנָה לוֹמֶדֶת עִבְרִית אִיתּוֹ.	Дáна ломéдет иврӣ́т итó.	Дана учит иврит с ним.
700	s_24b127ef5388_f.mp3	אַתְּ רוֹצָה לָבוֹא אִיתָּנוּ?	ат роца́ лавó итáну?	Ты хочешь пойти с нами?
701	s_554e5b65da80_f.mp3	אֲנִי שׁוֹמַעַת אוֹתְךָ מְצוּיָן.	анӣ шома́ат отхá мецуйáн.	Я слышу тебя отлично.
702	s_924a57d3138f_f.mp3	אֲנִי מַכִּירָה אוֹתוֹ טוֹב.	анӣ макира́ отó тов.	Я хорошо его знаю.
703	s_e3f6224a28c9.mp3	הַמּוֹרֶה רוֹאֶה אוֹתָנוּ כָּאן.	hа-морé ро’é отáну кан.	Учитель видит нас здесь.
704	s_aa5e1c6c8f6b.mp3	אֲנַחְנוּ לוֹמְדִים יַחַד בָּאוּלְפָּן.	анáхну ломдӣ́м я́хад ба-ульпáн.	Мы учимся вместе в ульпане.
705	s_a36df10773f3_f.mp3	בֶּטַח, אֲנִי בָּאָה מָחָר!	бéтах, анӣ баа́ махáр!	Конечно, я приду завтра!
706	s_3c20bcafaefb.mp3	מַזָּל טוֹב לְיוֹם הַהוּלֶּדֶת!	мазáль тов ле-йом hа-hулéдет!	Поздравляю с днём рождения!
707	s_e4d7ad7c4509.mp3	לְחַיִּים, חֲבֵרִים, כּוּלָּם יַחַד!	ле-хайӣ́м, хаверӣ́м, кулям я́хад!	За жизнь, друзья, все вместе!
708	s_c932cd1b59ff.mp3	עַד מֵאָה וְעֶשְׂרִים שָׁנָה!	ад мéа ве-эсрӣ́м шанá!	До ста двадцати лет!
709	s_a7a014fcd3bc.mp3	שַׁבָּת שָׁלוֹם לְכָל הַמִּשְׁפָּחָה!	шабáт шалóм ле-холь hа-мишпахá!	Шаббат шалом всей семье!
710	s_825e2d3096a9.mp3	חַג שָׂמֵחַ לְכוּלָּם הַיּוֹם!	хаг самéах ле-хулáм hайóм!	Весёлого праздника всем сегодня!
711	s_a4e56b84221b.mp3	שָׁבוּעַ טוֹב לְכָל הַחֲבֵרִים!	шавýа тов ле-холь hа-хаверӣ́м!	Хорошей недели всем друзьям!
712	s_4d09cd565892.mp3	אֲנַחְנוּ גָּרִים בְּבֵית מָלוֹן.	Анáхну гарӣм бэ-вейт малóн.	Мы живём в гостинице.
713	s_2d369f8262fa_f.mp3	אֲנִי שׁוֹתָה מִיץ תַּפּוּזִים.	Анӣ шота́ миц тапузӣм.	Я пью апельсиновый сок.
714	s_a51f32b77efa.mp3	יֵשׁ לִי שׁוֹקוֹלָד טוֹב.	Еш лӣ шоколáд тов.	У меня есть хороший шоколад.
715	s_73101bef5583.mp3	בַּעַל הַדִּירָה טוֹב מְאוֹד.	Бáаль hа-дирá тов меóд.	Хозяин квартиры очень хороший.
716	s_45aa84fa13a4.mp3	הַשּׁוּתָף שֶׁלִּי נֶחְמָד.	hа-шутáф шэлӣ нэхмáд.	Мой сосед по квартире приятный.
717	s_b94dae5dbc80.mp3	שִׁלַּמְתִּי בְּהַמְחָאָה.	Шиламти бэ-hамхаá.	Я заплатил чеком.
718	s_d27cb4118cfe.mp3	הַמַּזְגָּן לֹא עוֹבֵד.	hа-мазгáн ло овэ́д.	Кондиционер не работает.
719	s_1e568150fc55.mp3	הַשֵּׂיעָר שֶׁלָּהּ יָפֶה.	hа-сэ'áр шэлá яфэ́.	У неё красивые волосы.
720	s_227357b5f7bf.mp3	הָעֵינַיִּים שֶׁלּוֹ כְּחוּלוֹת.	hа-эйнáйим шэló кхулóт.	Его глаза голубые.
721	s_5ac33ba39cc1.mp3	יֵשׁ לָהּ אוֹפִי חָזָק.	Еш лáh óфи хазáк.	У неё сильный характер.
722	s_ccdb4c67ae0b.mp3	אֵיפֹה הַמַּפְתֵּחַ שֶׁלִּי?	Эйфó hа-мафтэ́ах шэлӣ?	Где мой ключ?
723	s_488f29c0dd9a.mp3	הַנּוֹף פֹּה יָפֶה מְאוֹד.	hа-ноф по яфэ́ меóд.	Вид здесь очень красивый.
724	s_948adb042b11.mp3	הַמִּזְוָודָה שֶׁלִּי כְּבֵדָה.	hа-мизвадá шэлӣ квэдá.	Мой чемодан тяжёлый.
725	s_ca65ca3923c2.mp3	אֵין לִי מַגֶּבֶת בַּחֶדֶר.	Эйн лӣ магэ́вет ба-хэ́дер.	В номере нет полотенца.
726	s_233bb552c124.mp3	הַמַּעֲלִית לֹא עוֹבֶדֶת.	hа-маалӣт ло овэ́дет.	Лифт не работает.
727	s_97d3be934480_f.mp3	אֲנִי גָּרָה בַּקּוֹמָה הַשְּׁלִישִׁית.	Анӣ гара́ ба-комá hа-шлишӣт.	Я живу на третьем этаже.
728	s_768402d1952f.mp3	קָרָאתִי עִיתּוֹן הַיּוֹם.	Карáти итóн hа-йóм.	Я читал газету сегодня.
729	s_e5ec58f5beed.mp3	קִיבַּלְתִּי הוֹדָעָה חֲדָשָׁה.	Кибáлти hодаá хадашá.	Я получил новое сообщение.
730	s_d1120e6c813d.mp3	סִגְרִי אֶת הַדֶּלֶת בְּבַקָּשָׁה.	Сигрӣ эт hа-дэ́лет бэвакашá.	Закрой дверь, пожалуйста.
731	s_0471432e375e.mp3	הָרוֹקֵחַ נָתַן לִי תְּרוּפָה.	hа-рокэ́ах натáн лӣ труфá.	Фармацевт дал мне лекарство.
732	s_bd5a68f75669.mp3	יֵשׁ לִי מִרְשָׁם מֵהָרוֹפֵא.	Еш лӣ миршáм мэ-hа-рофэ́.	У меня есть рецепт от врача.
733	s_b5192f68490c.mp3	קָחִי שְׁנֵי כַּדּוּרִים בַּיּוֹם.	Кахӣ шнэй кадурӣм ба-йóм.	Принимай две таблетки в день.
734	s_9e3b8f78a816.mp3	הַטִּיפּוֹת הֵן לָעֵינַיִּים.	hа-типóт hен ла-эйнáйим.	Эти капли для глаз.
735	s_fb64da41a8d9.mp3	שִׂימִי מִשְׁחָה עַל הַיָּד.	Сӣми мишхá аль hа-яд.	Намажь мазь на руку.
736	s_c550a5244e82.mp3	צָרִיךְ פְּלַסְטֶר לָאֶצְבַּע.	Царӣх плáстер ла-эцбá.	Нужен пластырь на палец.
737	s_6a1334d34414_f.mp3	אֲנִי צָרִיךְ מְשַׁכֶּכֶת כְּאֵבִים.	Анӣ царӣх мешаке́хет кээвӣм.	Мне нужно обезболивающее.
738	s_512b2a4c666a.mp3	הָלַכְנוּ לַקַּנְיוֹן הַיּוֹם.	hалáхну ла-каньóн hа-йóм.	Мы пошли в торговый центр сегодня.
739	s_294ea1390fa0.mp3	הַמּוּצָר הַזֶּה זוֹל.	hа-муцáр hа-зэ золь.	Этот товар дешёвый.
740	s_c9d5ed544268.mp3	עָמַדְתִּי בְּתוֹר לַקּוּפָּה.	Амáдти бэ-тор ла-купá.	Я стоял в очереди к кассе.
741	s_0fc7baae6e27.mp3	הַקּוֹנֶה שָׁאַל שְׁאֵלָה.	hа-конэ́ шааль шээлá.	Покупатель задал вопрос.
742	s_1fc827a1bd94.mp3	קִיבַּלְתִּי זִיכּוּי מֵהַחֲנוּת.	Кибáлти зикýй мэ-hа-ханýт.	Я получил возврат средств из магазина.
743	s_0c7a963baab1.mp3	יֵשׁ לִי רַב קָו.	Йеш ли рав-кóв.	У меня есть Рав-Кав.
744	s_e607bd74dda8.mp3	הָרַכֶּבֶת בָּאָה לָרָצִיף.	hа-ракэ́вет баá ла-рацӣф.	Поезд прибывает на перрон.
745	s_8b8b0ebd6565.mp3	רָאִיתִי אֶת לוּחַ הַזְּמַנִּים.	Раи́ти эт лýах hа-змани́м.	Я посмотрел расписание.
746	s_d0683cd050f1.mp3	הַנְּסִיעָה הָיְתָה נְעִימָה.	hа-нэсиá hайта нэимá.	Поездка была приятной.
747	s_a1f71d1fb6dc.mp3	הַנּוֹסֵעַ יָשַׁב בָּאוֹטוֹבּוּס.	hа-носэ́а яшáв ба-отобýс.	Пассажир сидел в автобусе.
748	s_5fe948d7fbe3.mp3	הַנְּהָג נָסַע מַהֵר.	hа-нэháг насáв маhэ́р.	Водитель ехал быстро.
749	s_a66ca9bc510b.mp3	הַחֲנוּת בַּפִּנָּה.	hа-ханýт ба-пинá.	Магазин на углу.
750	s_2f5f040d2ceb.mp3	עֲצוֹר בַּצּוֹמֶת.	Ацóр ба-цóмет.	Остановись на перекрёстке.
751	s_6c8336c24478.mp3	הָרַמְזוֹר אָדֹם.	hа-рамзóр адóм.	Светофор красный.
752	s_fdeb952c6a90.mp3	הַגֶּשֶׁר גָּדוֹל וְיָפֶה.	hа-гэ́шер гадóль вэ-яфэ́.	Мост большой и красивый.
753	s_0a5424389e0d.mp3	הָלַכְנוּ לַמֶּרְכָּז קְנִיּוֹת.	hалáхну ла-мэркáз книйóт.	Мы пошли в торговый центр.
754	s_38dd812d5171.mp3	עָלִיתִי בַּמַּדְרֵגוֹת.	Али́ти ба-мадрэгóт.	Я поднялся по лестнице.
755	s_d384d237030c.mp3	הַכְּנִיסָה פְּתוּחָה.	hа-книсá птухá.	Вход открыт.
756	s_d931fc248be6.mp3	אֵיפֹה הַיְּצִיאָה?	Эйфо hа-йэциá?	Где выход?
757	s_7ce04d4948d8.mp3	הָלַכְנוּ לַתֵּאַטְרוֹן אֶמֶשׁ.	hалáхну ла-тэатрóн э́меш.	Вчера вечером мы ходили в театр.
758	s_9ecb598279de.mp3	הָאָמָּן צָיַר תְּמוּנָה יָפָה.	hа-омáн цайáр тмунá яфá.	Художник нарисовал красивую картину.
759	s_9c2104d05223.mp3	קָנִינוּ כַּרְטִיסֵי כְּנִיסָה לַמּוּזֵיאוֹן.	Кани́ну картисэ́й книсá ла-музэóн.	Мы купили входные билеты в музей.
760	s_f0d59819aef1.mp3	הַמַּדְרִיךְ הִסְבִּיר הַרְבֵּה.	hа-мадрӣх hисби́р харбэ́.	Гид объяснил многое.
761	s_f00c87afdf5f.mp3	יֵשׁ לִי מַתְכּוֹן טוֹב.	Йеш ли маткóн тов.	У меня есть хороший рецепт.
762	s_2f60f2ab6529.mp3	הוֹסַפְתִּי פִּלְפֵּל לַמָּרָק.	hосáфти пильпэ́ль ла-марáк.	Я добавил перец в суп.
763	s_d3fb44a54dda.mp3	הַמַּחֲבַת חַמָּה.	hа-махавáт хамá.	Сковорода горячая.
764	s_53249ca4a027.mp3	הַסִּיר עַל הָאֵשׁ.	hа-сир аль hа-эш.	Кастрюля на огне.
765	s_b36d56761e1e.mp3	יֵשׁ לִי מִבְחָן מָחָר.	Йеш ли мивхáн махáр.	У меня завтра экзамен.
766	s_e390e5f7fbc3.mp3	קִבַּלְתִּי צִיּוּן טוֹב.	Кибáльти цию́н тов.	Я получил хорошую оценку.
767	s_6db875f697bd.mp3	קִבַּלְתִּי תְּעוּדָה מֵהָאוּלְפָּן.	Кибáльти тэудá мэ-hа-ульпáн.	Я получил удостоверение из ульпана.
768	s_be59cafafacb.mp3	יֵשׁ הַפְסָקָה קְצָרָה עַכְשָׁיו.	Йеш hафсакá кцарá ахшáв.	Сейчас короткий перерыв.
769	s_082cc3aba05e.mp3	הַמּוֹרֶה כָּתַב עַל הַלּוּחַ.	hа-морэ́ катáв аль hа-лýах.	Учитель написал на доске.
770	s_c84419bd568c.mp3	הַכֶּלֶב שֶׁלִּי גָּדוֹל.	hа-кэ́лев шели гадóль.	Моя собака большая.
771	s_e2291ccd367c.mp3	הַחָתוּל יָשֵׁן עַל הַסַּפָּה.	hа-хатýль яшэ́н аль hа-сапá.	Кот спит на диване.
772	s_578e567e3a1c.mp3	הַצִּיפּוֹר שָׁרָה בַּבֹּקֶר.	hа-ципóр шарá ба-бóкер.	Птица поёт утром.
773	s_7f4c60274cd7_f.mp3	אֲנִי אוֹהֶבֶת אֶת הַטֶּבַע.	Ани охэ́в эт hа-тэ́ва.	Я люблю природу.
774	s_9a6b96afecb9.mp3	הָעֵץ גָּבוֹהַּ מְאֹד.	hа-эц гавóах мэод.	Дерево очень высокое.
775	s_24f697dabab4.mp3	הַכֶּלֶב הוֹלֵךְ עִם רְצוּעָה.	hа-кэ́лев hолэ́х им рэцуá.	Собака идёт на поводке.
776	s_bbd9606a5863.mp3	הֶעָבָר לֹא חוֹזֵר.	hе-авáр ло хозэ́р.	Прошлое не возвращается.
777	s_203671df03e6.mp3	עָבַר זְמַן רַב מֵאָז.	авáр змáн рав мэáз.	С тех пор прошло долгое время.
778	s_2b0613ccaf05.mp3	הִיא אוֹהֶבֶת לַעֲשׂוֹת קְנִיּוֹת.	hи охéвет лаасóт книйóт.	Она любит ходить за покупками.
779	s_6b8186cda507.mp3	יֵשׁ לִי פְּגִישָׁה מָחָר.	йеш лӣ пгишá махáр.	У меня завтра встреча.
780	s_cefcaec9b6cc.mp3	מָה הַנְדּוֹן שֶׁל הַמַּיְל?	мá hа-ндóн шэль hа-мэйль?	Какова тема письма?
781	s_f153d4536c9a.mp3	שָׁלַחְתִּי קוֹבֶץ מְצוּרָף בַּמַּיְל.	шалáхти кóвец мэцурáф ба-мэйль.	Я отправил прикреплённый файл по почте.
782	s_987c3f30444a.mp3	צָרִיךְ לַחְתּוֹם עַל הַמִּסְמָךְ.	царӣх лахтóм аль hа-мисмáх.	Нужно подписать документ.
783	s_a01b7ae39fa3.mp3	מָה הַכְּתוֹבֶת שֶׁלְּךָ?	мá hа-ктóвет шэльхá?	Какой твой адрес?
784	s_ddff25b8247b.mp3	הָיְתָה לָנוּ שִׂיחָה נֶהֱדֶרֶת.	hайтá лáну сихá нэhэдéрет.	У нас был прекрасный разговор.
785	s_8794cd98d7a0.mp3	הִשְׁאַרְתִּי הוֹדָעָה קוֹלִית.	hишáрти hодаá колӣт.	Я оставил голосовое сообщение.
786	s_4f7a59acc565.mp3	הַסּוֹלְלָה שֶׁלִּי נִגְמְרָה.	hа-солэлá шэлӣ нигмэрá.	У меня разрядился аккумулятор.
787	s_0ec7a5ae518a.mp3	רָאִיתָ אֶת הַמִּטְעָן שֶׁלִּי?	раитá эт hа-мит'áн шэлӣ?	Ты видел моё зарядное устройство?
788	s_ccee1c74c2b4.mp3	צָרִיךְ לְמַלֵּא אֶת הַטּוֹפֶס.	царӣх лэмалэ эт hа-тóфес.	Нужно заполнить бланк.
789	s_8a0ebd295ec3.mp3	הַפָּקִיד עָזַר לִי הַרְבֵּה.	hа-пакӣд азáр лӣ харбэ́.	Клерк мне очень помог.
790	s_48a5c7146d79.mp3	שָׁכַחְתִּי אֶת רִישָּׁיוֹן הַנְּהִיגָה.	шахáхти эт ришйóн hа-нэhигá.	Я забыл водительское удостоверение.
791	s_b3ceca3a8fce.mp3	יֵשׁ לְךָ זְכוּת לָדַעַת.	йеш лэхá зхут ладáат.	У тебя есть право знать.
792	s_de42f98b43ef.mp3	צָרִיךְ חֲתִימָה שֶׁלְּךָ פֹּה.	царӣх хатимá шэльхá пó.	Здесь нужна твоя подпись.
793	s_22359586e7e7.mp3	קִיבַּלְתִּי אֶזְרָחוּת יִשְׂרְאֵלִית.	кибáлти эзрахут исраэлӣт.	Я получил израильское гражданство.
794	s_b958f7fe7f08.mp3	קָרָאנוּ טֶקְסְט קָצָר הַיּוֹם.	карáну тéкст кацáр hа-йóм.	Сегодня мы читали короткий текст.
795	s_6bbb42304b49.mp3	הַקְּרִיאָה עוֹזֶרֶת לְהֵבִין עִבְרִית.	hа-криá озéрет лэhавӣн иврӣт.	Чтение помогает понять иврит.
796	s_40c1e01d0fb3.mp3	עָשִׂיתִי אֶת הַתַּרְגִּיל בְּבַיִת.	асӣти эт hа-таргӣль бэ-байт.	Я сделал упражнение дома.
797	s_5a6fa020b034.mp3	הַסִּיּוּם הָיָה טוֹב.	hа-сийу́м hайá тов.	Завершение прошло хорошо.
798	s_5e518909489e.mp3	חֲזָרָה עַל הַחוֹמֶר חֲשׁוּבָה.	хазарá аль hа-хóмер хашувá.	Повторение материала важно.
799	s_5bbc8087c8e3.mp3	הָרָמָה שֶׁלּוֹ גְּבוֹהָה מְאוֹד.	hа-рамá шэло гвоhá меод.	Его уровень очень высокий.
800	s_c72541ec49b9.mp3	זֶה הֶישֵּׂג גָּדוֹל בִּשְׁבִילְךָ.	зэ hэйсэ́г гадóль бишвильхá.	Это большое достижение для тебя.
801	s_3fc43b3aa949.mp3	הַיֶּדַע שֶׁלָּהּ מַרְשִׁים מְאוֹד.	hа-йэ́да шэлáh маршӣм меод.	Её знания очень впечатляют.
802	s_95993f16dcb3.mp3	יֵשׁ לוֹ בִּיטָּחוֹן עַצְמִי גָּדוֹל.	йеш лó битахóн ацмӣ гадóль.	У него большая уверенность в себе.
803	s_b18399224ad1_f.mp3	אֲנִי גָּרָה פֹּה.	ани́ гара́ по.	Я живу здесь.
804	s_04e544f64689.mp3	אֵיפֹה הַתַּחֲנָה?	эйфо́ hа-тахана́?	Где станция?
805	s_c699ce40dede_f.mp3	לְאָן אַתְּ הוֹלֶכֶת?	леáн ат hоле́хет?	Куда ты идёшь?
806	s_1571c53bf8ed.mp3	מָתַי אַתְּ בָּאָה?	матáй ат баá?	Когда ты придёшь?
807	s_9e87f9a16346_f.mp3	לָמָּה אַתְּ עָצוּב?	ламá ат ъацу́в?	Почему ты грустный?
808	s_454171c3bfa6.mp3	בָּרוּךְ הַבָּא לְיִשְׂרָאֵל!	бару́х hаба́ лейисраэ́ль!	Добро пожаловать в Израиль!
809	s_965068cfae75.mp3	כָּל הַכָּבוֹד, עָשִׂיתָ נִפְלָא!	коль hакавóд, ъаси́та нифла́!	Молодец, ты сделал отлично!
810	s_ff261d0d8866.mp3	שָׁלוֹם רַב לְכוּלָּם.	шало́м рав, мехуба́д.	Здравствуйте, уважаемый.
811	s_1c6d327d203b.mp3	בִּבְרָכָה, דָּנִיאֵל.	бивраха́, даниэ́ль.	С уважением, Даниэль.
812	s_e1b16888b919.mp3	בְּתוֹדָה מֵרֹאשׁ עַל עֶזְרַתְכֶם.	бетода́ меро́ш ъаль ъэзратхэ́м.	Заранее благодарен за вашу помощь.
813	s_bbe6b36c1975.mp3	הָיָה כֵּיף אֶתְמוֹל!	hайá кэйф этмо́ль!	Вчера было здорово!
814	s_d518f43f74ee.mp3	מָה הָיָה שָׁם?	ма hайá шам?	Что там случилось?
815	s_2539f439f11b_f.mp3	אֲנִי רוֹצָה דִּיבּוּר שׁוֹטֵף.	ани́ роца́ дибу́р шотэ́ф.	Я хочу говорить бегло.
816	s_b0cddfa64af7_f.mp3	אֲנִי חוֹשֶׁבֶת עַל הֶעָתִיד.	ани́ хоше́вет аль hэ-атӣ́д.	Я думаю о будущем.
817	s_df1b4eb1b37f.mp3	הַמּוֹרֶה מַסְבִּיר אֶת הַצִּיוּוּי.	hа-морэ́ масбӣ́р эт hа-цивýй.	Учитель объясняет повелительное наклонение.
818	s_ce51e5623487.mp3	יֵשׁ לִי בַּקָּשָׁה קְטַנָּה.	йеш ли бакашá ктанá.	У меня есть маленькая просьба.
819	s_df200532f5a5.mp3	אֲנַחְנוּ יוֹצְאִים לְנוֹפֶשׁ נָעִים.	анáхну йоцъӣ́м лэ-нóфеш наӣ́м.	Мы выезжаем на приятный отдых.
820	tzimer_tzafon.mp3	שָׂכַרְנוּ צִימֶר יָפֶה בַּצָּפוֹן.	сахáрну цӣ́мер яфэ́ ба-цафóн.	Мы сняли красивый циммер на севере.
821	s_c5185648ff76.mp3	נָסַעְנוּ לְטַיֵּל בַּגָּלִיל.	насáну лэтайе́ль ба-галӣ́ль.	Мы поехали путешествовать по Галилее.
822	s_5546b257eade.mp3	יֵשׁ גַּ'קוּזִי בַּצִימֶר שֶׁלָּנוּ.	йеш джакýзи ба-цӣ́мер шелáну.	В нашем циммере есть джакузи.
823	s_e0e0272c6e85.mp3	יֵשׁ פֹּה מַסְלוּל הֲלִיכָה.	йеш по маслýль hалихá.	Здесь есть пешеходный маршрут.
824	s_a2f9dc851c29.mp3	הַמְּרַאְיֵן שָׁאַל שְׁאֵלוֹת קָשׁוֹת.	hа-мэрайе́н шаъáль шеэлóт кашóт.	Интервьюер задал сложные вопросы.
825	s_73df2c355f3c.mp3	זֶה תַּפְקִיד מְעַנְיֵן מְאֹד.	зэ тафкӣ́д меаньéн меóд.	Это очень интересная должность.
826	s_2e13fe76c0d4.mp3	הַשָּׂכָר בְּרוּטוֹ שֶׁלִּי גָּבוֹהַּ.	hа-схар брýто шелӣ́ гавóах.	Моя зарплата брутто высокая.
827	s_fc2e4bf021e7.mp3	מָה הַשָּׂכָר נֶטוֹ שֶׁלְּךָ?	ма hа-схар нэ́то шельхá?	Какая у тебя зарплата нетто?
828	s_f2b941c13be8.mp3	הֵם מַצִּיעִים תְּנָאִים סוֹצְיָאלִיִּים.	hем мациъӣ́м тнаӣ́м соцйáлийим.	Они предлагают социальный пакет.
829	s_9cf21a003324.mp3	יֵשׁ לִי קֶרֶן הִשְׁתַּלְמוּת.	йеш ли кэ́рен hиштальмýт.	У меня есть фонд повышения квалификации.
830	s_9eba568e5a3e.mp3	זֶה יִתְרוֹן גָּדוֹל מְאֹד.	зэ йитрóн гадóль меóд.	Это очень большое преимущество.
831	s_a0d8dba1e9f8.mp3	הִיא עוֹבֶדֶת בְּחֶבְרַת הַיְיטֶק.	hи овéдэт бэ-хэврáт hа́йтек.	Она работает в хайтек-компании.
832	s_234d9f6ef0bf.mp3	מָה צִיפִּיּוֹת הַשָּׂכָר שֶׁלְּךָ?	ма ципийóт hа-схар шельхá?	Каковы твои зарплатные ожидания?
833	s_53dbd8ea4987.mp3	סָגַרְנוּ הַשְׂכָּרַת רֶכֶב מֵרֹאשׁ.	сагáрну hаскарáт рéхев ме-рóш.	Мы оформили прокат автомобиля заранее.
834	s_30febbb07a34.mp3	קָשֶׁה לִמְצֹא חֲנָיָה פֹּה.	кашэ́ лимцó ханайá по.	Здесь трудно найти парковку.
835	s_1509a60341af.mp3	קִיבַּלְתִּי דּוּ"חַ עַל מְהִירוּת.	кибáлти дýах аль мэhирýт.	Я получил штраф за скорость.
836	s_0337da8c1eff.mp3	יֵשׁ לִי פַּנְצֶ'ר בַּגַּלְגַּל.	йеш ли пáнчер ба-гальгáль.	У меня прокол в колесе.
837	s_809543dd9403.mp3	אֲנַחְנוּ עוֹצְרִים בְּתַחֲנַת דֶּלֶק.	анáхну оцрӣ́м бэ-таханáт дэ́лек.	Мы останавливаемся на автозаправке.
838	s_4eeb9a8a463a.mp3	תִּדְלוּק עַצְמִי זוֹל יוֹתֵר.	тидлýк ацмӣ́ золь йотэ́р.	Самообслуживание на АЗС дешевле.
839	s_f914d15d2c09.mp3	עָשִׂיתִי בִּיטּוּחַ מַקִּיף לָרֶכֶב.	асӣ́ти битýах макӣ́ф ла-рéхев.	Я сделал полную страховку на автомобиль.
840	s_4a0734489378.mp3	יֵשׁ פְּקָק תְּנוּעָה כָּבֵד.	йеш пкак тнуá кавэ́д.	Стоит тяжёлая автомобильная пробка.
841	s_ebbb615eaaa4.mp3	הִזְמַנְתִּי בַּעַל מִקְצוֹעַ הַבַּיְתָה.	hизмáнти бáаль микцóа hабáйта.	Я вызвал мастера домой.
842	s_3655a1c55cc8.mp3	הָאִינְסְטָלָטוֹר תִּיקֵּן אֶת הַבֶּרֶז.	hа-инсталáтор тикéн эт hа-бéрез.	Сантехник починил кран.
843	s_561bc29b8a3b.mp3	הַחַשְׁמַלַּאי בָּדַק אֶת הָאוֹר.	hа-хашмалáй бадáк эт hа-óр.	Электрик проверил свет.
844	s_faa12c514f3b.mp3	יֵשׁ תַּקָּלָה בַּמַּזְגָן שֶׁלָּנוּ.	йеш такалá ба-мазгáн шелáну.	В нашем кондиционере поломка.
845	s_52fc6c3698b9.mp3	יֵשׁ נְזִילָה בַּמִּטְבָּח שֶׁלָּנוּ.	йеш нэзилá ба-митбáх шелáну.	На нашей кухне протечка.
846	s_6c4f166c4089.mp3	הָיָה פֹּה קֶצֶר חַשְׁמַלִי.	hайá по кэ́цер хашмалӣ́.	Здесь было короткое замыкание.
847	s_902560ecaaa2.mp3	הַדּוּד שֶׁמֶשׁ לֹא עוֹבֵד.	hа-дуд шэ́меш ло овэ́д.	Солнечный бойлер не работает.
848	s_fde7aab1e59e.mp3	הִדְלַקְתִּי אֶת דּוּד הַחַשְׁמַל.	hидлáкти эт дуд hа-хашмáль.	Я включил электрический бойлер.
849	s_91713835b656.mp3	קִיבַּלְתִּי הַצָּעַת מְחִיר חֲדָשָׁה.	кибáлти hацаáт мэхӣ́р хадашá.	Я получил новое ценовое предложение.
850	s_6610bd6acea6.mp3	הַמַּנְעוּלָן פָּתַח אֶת הַדֶּלֶת.	hа-ман’улáн патáх эт hа-дéлет.	Слесарь открыл дверь.
851	s_e9276ea402cd.mp3	כַּמָּה עוֹלִים דְּמֵי בִּיקּוּר?	кáма олӣ́м дмэй бикýр?	Сколько стоит вызов мастера?
852	s_318c6b00d987.mp3	יֵשׁ לָנוּ מַשְׁכַּנְתָּא גְּדוֹלָה.	йеш лáну машкáнта гдолá.	У нас большая ипотека.
853	s_5d63733d0835.mp3	צָרִיךְ הוֹן עַצְמִי גָּבוֹהַּ.	царӣ́х hон ацмӣ́ гавóах.	Нужен высокий собственный капитал.
854	tabu_dira.mp3	הַדִּירָה כְּבָר רְשׁוּמָה בַּטַּאבּוּ.	hа-дирá квар рэшумá ба-тáбу.	Квартира уже зарегистрирована в Табу.
855	s_a728d8b3cc92.mp3	הָרִיבִּית בַּבַּנְק עָלְתָה הַיּוֹם.	hа-рибӣ́т ба-банк алтá hа-йом.	Процентная ставка в банке сегодня выросла.
856	s_e24ddcc3c713.mp3	פָּגַשְׁנוּ יוֹעֵץ מַשְׁכַּנְתָּאוֹת מְצוּיָּן.	пагáшну йоэ́ц машкантаóт мэцуйáн.	Мы встретили отличного ипотечного консультанта.
857	s_827b49546339.mp3	דִּיבַּרְתִּי עִם עוֹרֵךְ דִּין.	дибáрти им орéх дин.	Я поговорил с адвокатом.
858	s_43088efb13c4.mp3	שִׁילַּמְנוּ מַס רְכִישָׁה גָּבוֹהַּ.	шилáмну мас рэхишá гавóах.	Мы заплатили высокий налог на покупку.
859	s_d59055a2b097.mp3	דִּיבַּרְתִּי עִם מְתַוּוֵךְ נַדְלָ"ן.	дибáрти им мэтавéх надлáн.	Я поговорил с риелтором.
860	s_496d97241acd.mp3	הַהֶחְזֵר הַחוֹדְשִׁי מַתְאִים לָנוּ.	hа-hэхзэ́р hа-ходшӣ́ мат’ӣ́м лáну.	Ежемесячный платёж нам подходит.
861	s_b0c0d9a0b1f3.mp3	זֹאת הַשְׁקָעָה טוֹבָה מְאֹד.	зот hашкаá товá мэóд.	Это очень хорошая инвестиция.
862	s_8613ba6c0499.mp3	פָּתַחְתִּי פִּיקָּדוֹן חָדָשׁ בַּבַּנְק.	патáхти пикадóн хадáш ба-банк.	Я открыл новый депозит в банке.
863	s_67a24ae47564.mp3	יֵשׁ לִי חִיסָּכוֹן בַּבַּנְק.	йеш ли хисахóн ба-банк.	У меня есть сбережения в банке.
864	s_053a81525fef.mp3	קִיבַּלְתִּי עוֹד נְקוּדַּת זִיכּוּי.	кибáлти од נэкудáт зикýй.	Я получил ещё один налоговый балл.
865	s_a622c3b578eb.mp3	עָשִׂיתִי תֵּיאוּם מַס בָּאִינְטֶרְנֶט.	ъасӣ́ти тэýм мас ба-интернéт.	Я сделал согласование налогов в интернете.
866	s_383026b43384.mp3	הָעֵסֶק הֵבִיא רֶוַוח יָפֶה.	hа-э́сек hэвӣ́ рéвах яфэ́.	Бизнес принёс хорошую прибыль.
867	s_d7a2496083cb.mp3	לַחֶבְרָה יֵשׁ הֶפְסֵד כַּסְפִּי.	ла-хэврá йеш hэфсéд каспӣ́.	У компании финансовый убыток.
868	s_c4f18b13acfe.mp3	דִּיבַּרְתִּי עִם יוֹעֵץ הַשְׁקָעוֹת.	дибáрти им йоэ́ц hашкаóт.	Я поговорил с инвестиционным советником.
869	s_bcafea572474.mp3	בָּדַקְתִּי אֶת הָעוֹבֵר וָשָׁב.	бадáкти эт hа-овэ́р ва-шав.	Я проверил текущий счёт.
870	s_d064db682ebc.mp3	יֵשׁ לִי פְּגִישָׁה עִסְקִית.	йеш ли пгишá искӣ́т.	У меня деловая встреча.
871	s_08a043e9f5ba.mp3	זֶה תְּנַאי חָשׁוּב מְאֹד.	зэ тнай хашýв мэóд.	Это очень важное условие.
872	s_deb04c32c8f4.mp3	עָשִׂינוּ הַשְׁוָואָה בֵּין הַמְּחִירִים.	ъасӣ́ну hашваá бэйн hа-мэхирӣ́м.	Мы сделали сравнение цен.
873	s_2a9eb1268c25.mp3	לָמַדְנוּ שֵׁם פְּעוּלָּה בַּכִּיתָּה.	ламáдну шем пэулá ба-китá.	Мы учили отглагольное существительное в классе.
874	s_70ba907efb79.mp3	הַכְּתִיבָה שֶׁלּוֹ בְּרוּרָה מְאֹד.	hа-ктивá шэлó брурá мэóд.	Его почерк (письмо) очень понятный.
875	s_322ed807fb1b.mp3	הַלְּמִידָה הַזֹּאת חֲשׁוּבָה מְאֹד.	hа-лэмидá hа-зот хашувá мэóд.	Это обучение очень важное.
876	s_095a40a1f806.mp3	הַתַּשְׁלוּם עָבַר בְּהַצְלָחָה הַיּוֹם.	hа-ташлýм авáр бэ-hацлахá hа-йом.	Платёж сегодня прошёл успешно.
877	s_d0d2c1cc30c2.mp3	הַתִּיקּוּן שֶׁל הַמַּזְגָן הִצְלִיחַ.	hа-тикýн шэль hа-мазгáн hицлӣ́ах.	Ремонт кондиционера удался.
878	s_1be00e0afbc0.mp3	הָיְיתָה הִתְרַגְּשׁוּת גְּדוֹלָה מְאֹד.	hайтá hитрагшýт гдолá мэóд.	Было очень большое волнение.
879	s_3df342a3badb.mp3	תּוֹדָה עַל הַהִשְׁתַּתְּפוּת שֶׁלָּכֶם.	тодá аль hа-hиштатфýт шэлахéм.	Спасибо за ваше участие.
880	s_84cd9aadfbf5.mp3	יֵשׁ לוֹ הִתְנַהֲגוּת טוֹבָה.	йеш ло hитнаhагýт товá.	У него хорошее поведение.
881	s_49e96049747f.mp3	נִפָּגֵשׁ מָחָר בַּבּוֹקֶר.	нипагéш махáр ба-бóкер.	Встретимся завтра утром.
882	s_c3766d550d65.mp3	הַשִּׁיעוּר יִהְיֶה מָחֳרָתַיִּים.	hа-шиýр йиhйé мохоратáйим.	Урок будет послезавтра.
883	s_0b9a3b77cb2f.mp3	הֵם יַגִּיעוּ בַּשָּׁבוּעַ הַבָּא.	hем ягӣу ба-шавýа hа-ба.	Они приедут на следующей неделе.
884	s_1bc56fa0621e.mp3	נַתְחִיל לַעֲבוֹד בַּחוֹדֶשׁ הַבָּא.	натхӣль лаавóд ба-хóдеш hа-ба.	Мы начнём работать в следующем месяце.
885	s_29ec7af3a5ff.mp3	שָׁלוֹם, נִרְאֶה בְּקָרוֹב שׁוּב!	шалóм, ниръэ́ бэ-карóв шув!	Пока, скоро увидимся снова!
886	s_84fb8fb88be0.mp3	דָּוִד, מָתַי תָּבוֹא הַיּוֹם?	давӣд, матáй тавó hайóм?	Давид, когда ты придёшь сегодня?
887	s_dd8f7906b655.mp3	אִם תִּרְצֶה, נָבוֹא אֵלֶיךָ.	им тирцэ́, навó элéйха.	Если захочешь, мы придём к тебе.
888	s_df1c47e3dc57.mp3	תַּחְשׁוֹב עַל זֶה הֵיטֵב.	тахшóв аль зэ hэйтéв.	Подумай об этом хорошенько.
889	s_4f1033cd4631.mp3	הַחֲבֵרִים יַעַזְרוּ לָנוּ תָּמִיד.	hа-хаверӣм яазрý лáну тамӣд.	Друзья всегда нам помогут.
890	s_a06d360ecf98.mp3	הַכֹּל יִהְיֶה בְּסֵדֶר, חָבֵר!	hакóль йиhйé бэсэ́דэр, хавéр!	Всё будет хорошо, друг!
891	s_e118b1d76a07.mp3	בַּקַּיִץ נָטוּס לְחוּ"ל יַחַד.	ба-кáйиц натýс лэ-хуль я́хад.	Летом мы полетим за границу вместе.
892	s_05aa98b25a89.mp3	בְּשָׁעָה טוֹבָה עַל הַדִּירָה!	бэ-шаá товá аль hа-дирá!	В добрый час с покупкой квартиры!
893	s_8522da46483a.mp3	נִשְׁתֶּה קָפֶה בַּבַּיִת שֶׁלִּי.	ништэ́ кафэ́ ба-бáйит шелӣ.	Мы выпьем кофе у меня дома.
894	s_544d7e1d3a39.mp3	נִרְאֶה מָה יִהְיֶה מָחָר.	ниръэ́ ма йиhйé махáр.	Посмотрим, что будет завтра.
895	s_a3e57a29ae5a.mp3	תַּעֲשׂוּ חַיִּים בַּטִיּוּל הַיּוֹם!	таасý хайӣм ба-тийýль hайóм!	Хорошо вам провести время в поездке сегодня!
896	s_ca7137fb4eed.mp3	אֶעֱנֶה לְךָ עוֹד מְעַט.	ээнэ́ лехá од меáт.	Я отвечу тебе чуть позже.
897	s_abe196f27e3d.mp3	מָה שֶׁיִּהְיֶה יִהְיֶה, חֲבֵרִים.	ма шэ-йиhйé йиhйé, хаверӣм.	Будь что будет, друзья.
898	s_f927a7c43e57.mp3	נְדַבֵּר מָחָר בַּטֶּלֶפוֹן, טוֹב?	нэдабэ́р махáр ба-тéлефон, тов?	Поговорим завтра по телефону, хорошо?
899	s_cbae09c84736.mp3	יִהְיֶה בְּסֵדֶר, אֲסַדֵּר הַכֹּל!	йиhйé бэсэ́דэр, асадéр hакóль!	Всё будет хорошо, я всё улажу!
900	s_76e540c9e1e8.mp3	אַגִּיד לְךָ אֶת הָאֱמֶת.	агӣд лехá эт hа-эмéт.	Я скажу тебе правду.
901	s_6eb742b8deaa.mp3	תַּגִּיד לִי אֵיפֹה אַתָּה.	тагӣд ли эйфó атá.	Скажи мне, где ты.
902	s_5185f01b5953_f.mp3	אֲנִי מַבְטִיחָה לְךָ לַעֲזוֹר.	анӣ мавтиха́ лехá лаазóр.	Я обещаю тебе помочь.
903	s_1ab0e8ccf3cd.mp3	נִתְרָאֶה בַּקָּפֶה בְּקָרוֹב!	нитраэ́ ба-кафэ́ бэ-карóв!	Увидимся в кафе скоро!
904	s_c1866ef47f16.mp3	שָׁלוֹם, נִתְרָאֶה מָחָר בַּעֲבוֹדָה!	шалóм, нитраэ́ махáр ба-аводá!	До свидания, увидимся завтра на работе!
905	s_0f76e9dfcd6d.mp3	אֶתְקַשֵּׁר אֵלֶיךָ עוֹד שָׁעָה.	эткашэ́р элéйха од шаá.	Я позвоню тебе через час.
906	s_2704390fa0a2.mp3	אַל תִּתְרַגֵּשׁ, יִהְיֶה טוֹב!	аль титрагэ́ш, йиhйé тов!	Не волнуйся, всё будет хорошо!
907	s_bd0e9511b099.mp3	תִּתְלַבְּשׁוּ יָפֶה לַמְּסִבָּה הַיּוֹם.	титлабшý яфэ́ ла-мэсибá hайóм.	Оденьтесь красиво на вечеринку сегодня.
908	s_c130dcdcbe32.mp3	תּוֹדָה רַבָּה, נִשְׁתַּמֵּעַ בְּקָרוֹב!	тодá рабá, ништамá бэ-карóв!	Большое спасибо, созвонимся скоро!
909	s_f46061f9bdc4_f.mp3	אַל תִּדְאַג, אֲנִי עוֹזֶרֶת.	аль тид’áг, анӣ озе́рет.	Не волнуйся, я помогаю.
910	s_60ec89e5e65c.mp3	אַל תִּשְׁכַּח אֶת הַמַּפְתֵּחַ!	аль тишкáх эт hа-мафтéах!	Не забудь ключ!
911	s_5c8ae3510141.mp3	תַּמְתִּין רֶגַע עַל הַקַּו.	тамтӣн рéга аль hа-кав.	Подождите минутку на линии.
912	s_12549230bd18.mp3	תִּיכָּנֵס בְּבַקָּשָׁה לַחֶדֶר שֶׁלִּי.	тиканéс бэвакашá ла-хéдер шелӣ.	Заходи, пожалуйста, в мою комнату.
913	s_0784df5d5214.mp3	בְּבַקָּשָׁה, תֵּשֵׁב עַל הַכִּסֵּא.	бэвакашá, тэшэ́в аль hа-кисэ́.	Пожалуйста, присаживайся на стул.
914	s_5bbbbc65d9c9.mp3	תַּקְשִׁיב לִי בְּבַקָּשָׁה עַכְשָׁיו.	такшӣв ли бэвакашá ахшáв.	Послушай меня, пожалуйста, сейчас.
915	s_f237f8bf39ff.mp3	תִּיזָּהֵר כְּשֶׁאַתָּה חוֹצֶה כְּבִישׁ!	тизаhэ́р кшэ-атá хоцэ́ квиш!	Будь осторожен, когда переходишь дорогу!
916	s_7999642ca26e.mp3	שִׂים לֵב לַתַּמְרוּר הַזֶּה!	сим лев ла-тамрýр hазэ́!	Обрати внимание на этот дорожный знак!
917	s_1a3841a92f84.mp3	תִּרְגַּע, יֵשׁ לָנוּ זְמַן.	тиргá, йеш лáну зман.	Успокойся, у нас есть время.
918	s_8a69e1119808.mp3	אֲרוּחַת בּוֹקֶר כְּלוּלָה בַּמְּחִיר.	арухáт бóкер клулá ба-мэхӣр.	Завтрак включён в стоимость.
919	s_6001678be27a.mp3	חוּפְשָׁה נְעִימָה לְכָל הַמִּשְׁפָּחָה!	хуфшá неимá ле-холь hа-мишпахá!	Приятного отпуска всей семье!
920	s_3d5039fcb742.mp3	תַּהֲנוּ מְאוֹד בַּמְּלוֹן הַיּוֹם!	тэhанý меóд ба-малóн hайóм!	Хорошо вам провести время в гостинице сегодня!
921	s_6451d86db9cd.mp3	בְּהַצְלָחָה בָּרֵאָיוֹן לָעֲבוֹדָה הַיּוֹם!	бэhацлахá ба-рэайóн ла-аводá hайóм!	Удачи на собеседовании на работу сегодня!
922	s_ffac75a20c47.mp3	מוּתָּר לַחְנוֹת פֹּה בְּכָחוֹל-לָבָן.	мутáр лахнóт по бэ-кахóль-лавáн.	Здесь разрешено парковаться на сине-белой разметке.
923	s_0477362dd1cd.mp3	אָסוּר לַחְנוֹת פֹּה בְּאָדוֹם-לָבָן.	асýр лахнóт по бэ-адóм-лавáн.	Здесь запрещено парковаться на красно-белой разметке.
924	s_951bf07223e1.mp3	צָרִיךְ לְהַפְעִיל פַּנְגּוֹ עַכְשָׁיו.	царӣ́х лэhафъӣль пáнго ахшáв.	Нужно активировать Pango сейчас.
925	s_63007bfea284.mp3	שֶׁתִּהְיֶה לְךָ נְהִיגָה בְּטוּחָה!	шэ-тиhйé лэхá нэhигá бтухá!	Безопасного тебе вождения!
926	s_23ad19807e0f.mp3	שֶׁיִּהְיֶה בְּשָׁעָה טוֹבָה וּמוּצְלַחַת!	шэ-йиhйé бэ-шаá товá вэ-муцлáхат!	Пусть всё пройдёт в добрый и успешный час!
927	s_cd63bb7021a1.mp3	נִמְאַס לִי מֵהַמַּצָּב הַזֶּה.	ним’áс ли мэ-hа-мацáв hа-зэ.	Мне надоела эта ситуация.
928	s_b961b3dd0117.mp3	הָרַעְיוֹן שֶׁלְּךָ נִשְׁמָע מְצוּיָן.	hа-раайóн шельхá нишмá мэцуян.	Твоя идея звучит отлично.
929	s_2c99921a7497.mp3	אָז נִפָּגֵשׁ מָחָר בַּבּוֹקֶר.	аз нипагéш махáр ба-бóкер.	Тогда встретимся завтра утром.
930	s_f400c9218a0c.mp3	הַיּוֹם אֶשָּׁאֵר בַּבַּיִת לָנוּחַ.	hа-йом эшаэ́р ба-бáйит ланýах.	Сегодня я останусь дома отдохнуть.
931	s_d190bba9852c.mp3	מְדוּבָּר בִּבְעָיָה קָשָׁה מְאֹד.	мэдубáр би-въая́ кашá меóд.	Речь идёт об очень трудной проблеме.
932	s_ebcea952488a_f.mp3	אַתְּ מוּזְמָן לֶאֱכוֹל אִתָּנוּ.	ат музмáн лээхóль итáну.	Ты приглашён пообедать с нами.
933	s_c24b7c6316b7.mp3	הַכֹּל מוּסְכָּם וּבָרוּר עַכְשָׁיו.	hакóль мускáм у-варýр ахшáв.	Всё согласовано и понятно сейчас.
934	s_26265147efe9.mp3	הַמָּקוֹם הוּזְמַן מֵרֹאשׁ עֲבוּרֵנוּ.	hа-макóм hузмáн мэ-рош авурéну.	Место было забронировано заранее для нас.
935	s_069a8aca4902.mp3	אַל תִּדְאַג, הַכֹּל מְסוּדָּר.	аль тидъáг, hакóль мэсудáр.	Не волнуйся, всё устроено.
936	s_960436507da1.mp3	הַקָּפֶה הַיּוֹם זֶה עָלַי!	hа-кафэ́ hа-йом зэ алáй!	Кофе сегодня за мой счёт!
937	s_cc85f8a9a875_f.mp3	אֲנִי סוֹמֶכֶת עָלֶיךָ תָּמִיד.	анӣ соме́хет алéйха тамӣ́д.	Я всегда полагаюсь на тебя.
938	s_0931813d8d69.mp3	תַּגִּיד, מַה עוֹבֵר עָלֶיךָ?	тагӣ́д, ма овэ́р алéйха?	Скажи, что с тобой происходит?
939	s_7e0afda2d53b.mp3	בְּבַקָּשָׁה תַּחֲזוֹר אֵלַי מָחָר.	бэвакашá тахзóр элáй махáр.	Пожалуйста, перезвони мне завтра.
940	s_2548986e1429.mp3	בּוֹא אֵלֵינוּ בְּיוֹם שִׁשִּׁי.	бо элéйну бэ-йом шишӣ́.	Приходи к нам в пятницу.
941	s_9061941dc953.mp3	פָּנִיתִי אֵלָיו בִּשְׁאֵלָה חֲשׁוּבָה.	панӣ́ти элáв би-шъэлá хашувá.	Я обратился к нему с важным вопросом.
942	s_1b340fc7d2e8.mp3	שָׁלַחְתִּי אֵלֶיךָ מִכְתָּב חָשׁוּב.	шалáхти элéйха михтáв хашýв.	Я отправил тебе важное письмо.
943	s_124dcf1dc473.mp3	בּוֹאוּ אַחֲרַי לַחֶדֶר הַזֶּה.	бóу ахарáй ла-хéдер hа-зэ.	Идите за мной в эту комнату.
944	s_3e7e18868d02.mp3	אִי אֶפְשָׁר בִּלְעָדֶיךָ כָּאן.	и эфшáр бильадéйха кан.	Без тебя здесь никак нельзя.
945	s_7d7865050cb4.mp3	בָּאוּ כּוּלָּם מִלְּבַדּוֹ הַיּוֹם.	бáу кулáм мильвадó hа-йом.	Пришли все, кроме него сегодня.
946	s_3a3bde88978a.mp3	הִתְקַשַּׁרְתִּי כַּאֲשֶׁר הִגַּעְתִּי הַבַּיְתָה.	hиткашáрти каашэ́р hигáти hабáйта.	Я позвонил, когда пришёл домой.
947	s_d6a82a2ad51b.mp3	אֵחַרְתִּי מִפְּנֵי שֶׁהָיָה פְּקָק.	эхáрти мипнэ́й шэ-hайá пкак.	Я опоздал, потому что была пробка.
948	s_9dd23e583e97.mp3	נִשְׁאַרְתִּי מִכֵּיוְוָן שֶׁיָּרַד גֶּשֶׁם.	нишъáрти микейвáн шэ-ярáд гéшем.	Я остался, так как шёл дождь.
949	s_abf045c96d20.mp3	בָּאתִי לַמְרוֹת שֶׁהָיִיתִי עָיֵף.	бáти ламрóт шэ-hайӣ́ти айéф.	Я пришёл, несмотря на то что устал.
950	s_7d112b2b7d00.mp3	בָּאתִי, אַף-עַל-פִּי שֶׁהָיִיתִי עָיֵף.	бáти, аф-аль-пи́ шэ-hайӣ́ти айéф.	Я пришёл, даже несмотря на то что устал.
951	s_00a2fd9c2169.mp3	הִסְבַּרְתִּי כְּדֵי שֶׁתָּבִין הֵיטֵב.	hисбáрти кдэй шэ-тавӣ́н hэйтéв.	Я объяснил, чтобы ты хорошо понял.
952	s_44930e0e9984.mp3	הַכֹּל קָרָה כְּפִי שֶׁאָמַרְתָּ.	hакóль карá кэфӣ шэ-амáрта.	Всё произошло так, как ты сказал.
953	s_f84814ce4148.mp3	הִקְשַׁבְתִּי בִּזְמַן שֶׁהוּא דִּבֵּר.	hикшáвти би-змáн шэ-hу дибéр.	Я слушал, пока он говорил.
954	s_fadfd2f7c6c9.mp3	חִכִּיתִי עַד שֶׁהוּא הִגִּיעַ.	хикӣ́ти ад шэ-hу hигӣ́а.	Я ждал, пока он не пришёл.
955	s_4ea678c41194_f.mp3	מָה בְּעֶצֶם אַתְּ רוֹצָה?	ма бээ́цем ат роца́?	Что, собственно говоря, ты хочешь?
956	s_7c9179eecfea_f.mp3	כְּלוֹמַר, אַתְּ לֹא מַסְכִּימָה?	кломáр, ат ло маскима́?	То есть, ты не согласен?
957	s_6da0b3400b80.mp3	לְפִי דַּעְתִּי זֶה מְצוּיָן.	лэфӣ датӣ зэ мэцуян.	По моему мнению, это отлично.
958	s_9614fda43b42.mp3	תִּתְקַשֵּׁר אֵלַי אִם תּוּכַל.	титкашéр элáй им тухáль.	Позвони мне, если сможешь.
959	s_00bfa671c075.mp3	אִילּוּ יָכוֹלְתִּי, הָיִיתִי בָּא.	илý яхóльти, hайӣ́ти ба.	Если бы я мог, я бы пришёл.
960	s_96f3241fb4cd.mp3	לוּ רַק הָיִיתִי יוֹדֵעַ.	лу рак hайӣ́ти йодéа.	Если бы только я знал.
961	s_ed38bc94ba89.mp3	אָבוֹא בִּתְנַאי שֶׁתַּעֲזוֹר לִי.	авó би-тнáй шэ-таазóр ли.	Я приду при условии, что ты мне поможешь.
962	s_1be1ea5a7338.mp3	אָז מָה נַעֲשֶׂה הַיּוֹם?	аз ма наасэ́ hа-йом?	Тогда что мы будем делать сегодня?
963	s_8aa46a83861e.mp3	אִילּוּ יָדַעְתִּי, הָיִיתִי עוֹזֵר.	илý ядáти, hайӣ́ти озéр.	Если бы я знал, я бы помог.
964	s_feb791f62063.mp3	הָיִיתִי עוֹשֶׂה אֶת זֶה.	hайӣ́ти осэ́ эт зэ.	Я бы сделал это.
965	s_f36fbca661e9.mp3	תַּעֲזוֹר לִי אִם אֶפְשָׁר.	таазóр ли им эфшáр.	Помоги мне, если можно.
966	s_744e5e53c09a.mp3	אִם כָּךְ, נֵלֵךְ עַכְשָׁיו.	им ках, нэлéх ахшáв.	Если так, пойдём сейчас.
967	s_b803385e8aba.mp3	תִּתְקַשֵּׁר בְּמִקְרֶה שֶׁתִּצְטָרֵךְ עֶזְרָה.	титкашéр бэ-микрé шэ-тицтарéх эзрá.	Позвони в случае, если тебе понадобится помощь.
968	s_6d4b80ceab21.mp3	אֵין בְּרֵירָה, צָרִיךְ לָלֶכֶת.	эйн брерá, царӣ́х лалéхет.	Нет выбора, нужно идти.
969	s_4507b7dbe501_f.mp3	אֲנִי רוֹצָה יוֹתֵר זְמַן.	анӣ роца́ йотэ́р зман.	Я хочу больше времени.
970	s_66d8d5771fdf.mp3	יֵשׁ לָנוּ פָּחוֹת זְמַן.	йеш лáну пахóт зман.	У нас меньше времени.
971	s_db8c4e3a4a4b.mp3	זֶה הַמָּקוֹם הֲכִי יָפֶה.	зэ hа-макóм hахӣ яфэ́.	Это самое красивое место.
972	s_a3ed932048ab.mp3	זֶה הַסֵּפֶר הַטּוֹב בְּיוֹתֵר.	зэ hа-сéфер hа-тов бэйотэ́р.	Это самая лучшая книга.
973	s_160b8b6a632d.mp3	הֲכִי טוֹב לִנְסוֹעַ בְּרַכֶּבֶת.	hахӣ тов линсóа бэ-ракéвет.	Лучше всего ехать на поезде.
974	s_a334af7a7ab6.mp3	זֶה הַפִּתְרוֹן הַטּוֹב בְּיוֹתֵר.	зэ hа-питрóн hа-тов бэйотэ́р.	Это наилучшее решение.
975	s_8499eb43f8c0_f.mp3	אֲנִי כָּל כָּךְ עֲיֵפָה.	анӣ коль ках айефа́.	Я так устал.
976	s_969ae9b0686b.mp3	זֶה זוֹל בְּהַשְׁוָואָה לְאֶתְמוֹל.	зэ золь бэ-hашваá лэ-этмóль.	Это дёшево по сравнению со вчерашним днем.
977	s_488f38036263.mp3	הֵבַנְתִּי פָּחוֹת אוֹ יוֹתֵר.	hэвáнти пахóт о йотэ́р.	Я приблизительно понял.
978	s_b441a16b5393.mp3	זֶה נַעֲשָׂה בְּהֶסְכֵּם מָלֵא.	зэ наасá бэ-hэскéм малé.	Это было сделано при полном согласии.
979	s_4bef7557ed45.mp3	קָרָאתִי כּוֹתֶרֶת מְעַנְיֶנֶת בָּעִתּוֹן.	карáти котéрет меаньéнет ба-итóн.	Я прочитал интересный заголовок в газете.
980	s_3b5d3ca2d7fd.mp3	שָׁמַעְתִּי מִבְזַק חֲדָשׁוֹת קָצָר.	шамáъти мивзáк хадашóт кацáр.	Я услышал короткий выпуск новостей.
981	s_11f6484eb232.mp3	זֹאת כַּתָּבָה חֲשׁוּבָה מְאוֹד.	зот катавá хашувá меóд.	Это очень важная статья.
982	s_5150b163f4b1.mp3	הָעִיתּוֹנַאי שׁוֹאֵל שְׁאֵלוֹת קָשׁוֹת.	hа-итонаӣ шоэ́ль шеэлóт кашóт.	Журналист задаёт трудные вопросы.
983	s_03f60d04eed0.mp3	צָפִינוּ בַּמַּהֲדוּרָה הַמֶּרְכָּזִית בָּעֶרֶב.	цафӣ́ну ба-маhадурá hа-мерказӣт ба-э́рев.	Мы смотрели главный выпуск новостей вечером.
984	s_c0080789aac4.mp3	זֶה שִׁידּוּר חַי מִיְּרוּשָׁלַיִם.	зэ шидýр хай ми-йерушалáим.	Это прямой эфир из Иерусалима.
985	s_da0972c38dc4.mp3	יֵשׁ לָזֶה הַשְׁפָּעָה גְּדוֹלָה.	йеш ла-зэ́ hашпаá гдолá.	Это оказывает большое влияние.
986	s_1db5a0ee39fd.mp3	הַסֶּרֶט קִבֵּל בִּיקּוֹרֶת מְצוּיֶּנֶת.	hа-сэ́рет кибéль бикóрет мецуйéнет.	Фильм получил отличную критику.
987	s_f5376154fca1.mp3	הִיא לוֹמֶדֶת יַזָּמוּת בָּאוּנִיבֶרְסִיטָה.	hи ломéдет язамýт ба-унивéрсита.	Она изучает предпринимательство в университете.
988	s_a9edf32186f5.mp3	הַקֶּרֶן מַשְׁקִיעָה בְּהוֹן סִיכּוּן.	hа-кéрен машкӣ́а бэ-hон сикýн.	Фонд инвестирует в венчурный капитал.
989	s_b0b3bd38a67a.mp3	הַחֶבְרָה סִיְּימָה גִּיּוּס כְּסָפִים.	hа-хэврá сиймá гию́с ксафӣм.	Компания завершила привлечение средств.
990	s_0f80d5147899.mp3	זֹאת פְּרִיצַת דֶּרֶךְ מַדָּעִית.	зот прицáт дэ́рех мадаӣ́т.	Это научный прорыв.
991	s_7a4cfabf21fb.mp3	הֵם מַתְחִילִים פִּיתּוּחַ חָדָשׁ.	hэм матхилӣ́м питýах хадáш.	Они начинают новую разработку.
992	s_5b46d3ec8510.mp3	הִיא הֵקִימָה חֶבְרַת הֶזְנֵק.	hи hэки́ма хэврáт hэзнéк.	Она основала стартап-компанию.
993	s_658a0aa06eb0.mp3	אֲנַחְנוּ מִשְׁתַּמְּשִׁים בְּטֶכְנוֹלוֹגְיָה מִתְקַדֶּמֶת.	анáхну миштамшӣ́м бэ-тэхнолóгия миткадéмет.	Мы используем передовую технологию.
994	s_14ec41fbde38.mp3	נִשְׁמוֹר עַל אִיכוּת הַסְּבִיבָה.	нишмóр аль ихýт hа-свивá.	Мы сохраним окружающую среду.
995	s_ee3259dc748f.mp3	מִיחְזוּר חָשׁוּב מְאוֹד לַסְּבִיבָה.	михзýр хашýв меóд ла-свивá.	Переработка очень важна для окружающей среды.
996	s_c20d7280472c.mp3	יֵשׁ פַּח כָּתוֹם בָּרְחוֹב.	йеш пах катóм ба-рэхóв.	На улице есть оранжевый бак.
997	s_870aa6e0b31d.mp3	הַבַּיִת מִשְׁתַּמֵּשׁ בְּאֶנֶרְגְּיָה סוֹלָארִית.	hа-бáит миштамéш бэ-энэ́רгия солáрит.	Дом использует солнечную энергию.
998	s_3b04819e775b.mp3	הִתְחַמְּמוּת גְּלוֹבָּלִית מַשְׁפִּיעָה עָלֵינוּ.	hитхамэмýт глобáлит машпӣ́а алéйну.	Глобальное потепление влияет на нас.
999	s_ef046d2549c4.mp3	טִיַּלְנוּ בִּשְׁמוּרַת טֶבַע יָפָה.	тия́льну би-шмурáт тэ́ва яфá.	Мы гуляли в красивом заповеднике.
1000	s_d80046c4512c.mp3	יֵשׁ זִיהוּם אֲוִויר בָּעִיר.	йеш зиhýм авӣр ба-ӣр.	В городе есть загрязнение воздуха.
1001	s_99e51f6f329c.mp3	פְּלַסְטִיק חַד פַּעֲמִי מַזִּיק.	плáстик хад паамӣ́ мазӣ́к.	Одноразовый пластик вреден.
1002	s_1fe927aad5f3.mp3	קַיָּימוּת חֲשׁוּבָה לָעוֹלָם שֶׁלָּנוּ.	каямýт хашувá ла-олáм шелáну.	Устойчивое развитие важно для нашего мира.
1003	s_b779743dd5a6.mp3	קִבַּלְתִּי טוֹפֶס 17 בַּמִּרְפָּאָה.	кибáльти тóфес шва-эсрé ба-мирпаá.	Я получил форму 17 в поликлинике.
1004	s_be78885a6060.mp3	הִגַּעְנוּ לַחֲדַר מִיּוּן בַּלַּיְלָה.	hигáъну ла-хадáр мию́н ба-лáйла.	Мы прибыли в приёмный покой ночью.
1005	s_5a08fb838c61_f.mp3	אֲנִי צָרִיךְ רוֹפֵאת מוּמְחֶה.	анӣ царӣ́х ро́фет мумхэ́.	Мне нужен врач-специалист.
1006	s_9b52922f9b5d.mp3	הָרוֹפֵא נָתַן לִי הַפְנָיָה.	hа-рофэ́ натáн ли hафная́.	Врач дал мне направление.
1007	s_35574ec95a49.mp3	עָשִׂיתִי בְּדִיקַת דָּם הַבֹּקֶר.	асӣ́ти бдикáт дам hа-бóкер.	Я сделал анализ крови этим утром.
1008	s_39bb8ace8244.mp3	עָשׂוּ לוֹ צִילוּם רֶנְטְגֶּן.	асý ло цилýм рéнтген.	Ему сделали рентгеновский снимок.
1009	s_c295ce79c08b.mp3	הַנִּיתּוּחַ עָבַר בְּהַצְלָחָה רַבָּה.	hа-нитýах авáр бэ-hацлахá рабá.	Операция прошла с большим успехом.
1010	s_cd233d26d4eb.mp3	צָרִיךְ הִתְחַיְּיבוּת כַּסְפִּית לַטִּיפּוּל.	царӣ́х hитхайэвýт каспӣ́т ла-типýль.	Требуется финансовое обязательство на лечение.
1011	s_e5c403cf67a2.mp3	קִבַּלְתִּי אֶת תּוֹצָאוֹת הַבְּדִיקָה.	кибáльти эт тоцаóт hа-бдикá.	Я получил результаты обследования.
1012	s_ef753cd8a3cb.mp3	הַכְּנֶסֶת נִמְצֵאת בִּירוּשָׁלַיִם.	hа-Кнéсет нимцéт би-йерушалáим.	Кнессет находится в Иерусалиме.
1013	s_09b578077920.mp3	בְּקָרוֹב יִהְיוּ בְּחִירוֹת חֲדָשׁוֹת.	бэ-карóв йиhйý бхирóт хадашóт.	Скоро будут новые выборы.
1014	s_295de4026bf1.mp3	הַמֶּמְשָׁלָה הֶחְלִיטָה עַל כָּך.	hа-мэмшалá hэхлӣ́та аль ках.	Правительство решило об этом.
1015	s_a846bf734170.mp3	רֹאשׁ הַמֶּמְשָׁלָה נָאַם אֶתְמוֹל.	рош hа-мэмшалá наáм этмóль.	Премьер-министр выступил вчера с речью.
1016	s_624ceae90f89.mp3	נְשִׂיא הַמְּדִינָה בִּקֵּר בְּחֵיפָה.	нэсӣ hа-мэдинá бикéр бэ-Хэйфá.	Президент страны посетил Хайфу.
1017	s_786dd80dcb6e.mp3	הַקּוֹאָלִיצְיָה חֲזָקָה מְאוֹד הַיּוֹם.	hа-коалӣ́ция хазакá мэóд hайóм.	Коалиция сегодня очень сильна.
1018	s_b25a88a0f57e.mp3	הָאוֹפּוֹזִיצְיָה מִתְנַגֶּדֶת לַחוֹק הַזֶּה.	hа-опозӣ́ция митнагéдэт ла-хок hа-зэ.	Оппозиция выступает против этого закона.
1019	s_0979822dff60.mp3	הַכְּנֶסֶת אִשְּׁרָה חוֹק חָדָשׁ.	hа-кнéсет ишрá хок хадáш.	Кнессет утвердил новый закон.
1020	s_8f7e208d6b95.mp3	הָאֲנָשִׁים הוֹלְכִים לַקַּלְפִּי הַיּוֹם.	hа-анашӣ́м hольхӣ́м ла-кáльпи hайóм.	Люди идут на избирательный участок сегодня.
1021	s_a7eb3610e2a9.mp3	יִשְׂרָאֵל הִיא דֵּמוֹקְרַטְיָה חֲזָקָה.	Исраэ́ль hи демокрáтия хазакá.	Израиль — сильная демократия.
1022	s_086129f624b0.mp3	חַיָּלִים מְשָׁרְתִים בְּצַהַ"ל.	хайялӣ́м мэшартӣ́м бэ-Цáхаль.	Солдаты служат в ЦАХАЛе.
1023	s_7d7eddbc9540.mp3	יוֹם הַגִּיּוּס שֶׁלּוֹ הִגִּיעַ.	йом hа-гию́с шелó hигӣ́а.	День его призыва настал.
1024	s_2eedadb6d299.mp3	דָּנִי עוֹשֶׂה מִילוּאִים כָּעֵת.	Дáни осэ́ милуӣ́м каэ́т.	Дани сейчас на армейских сборах.
1025	s_e60a21441fb5.mp3	הַקָּצִין מְדַבֵּר עִם הַחַיָּלִים.	hа-кацӣ́н мэдаבэ́ר им hа-хайялӣ́м.	Офицер говорит с солдатами.
1026	s_b8a9743988b9.mp3	פִּיקּוּד הָעוֹרֶף פִּרְסֵם הוֹדָעָה.	пикýд hа-óреф пирсéм hодаá.	Командование тыла опубликовало сообщение.
1027	s_80f4c6313612.mp3	יֵשׁ לָנוּ מָמָ"ד בַּדִּירָה.	йеш лáну мамáд ба-дирá.	У нас в квартире есть защищенная комната.
1028	s_a179d0b6914d.mp3	חַיָּבִים לִשְׁמוֹר עַל הַהַנְחָיוֹת.	хайявӣ́м лишмóр аль hа-hанхайóт.	Необходимо соблюдать инструкции.
1029	s_b55f825433ee.mp3	חִפַּשְׂנוּ מֶרְחָב מוּגָן קָרוֹב.	хипáсну мерхáв мугáн карóв.	Мы искали ближайшее защищенное пространство.
1030	s_5744ca85f69d.mp3	חָזַרְנוּ לַשִּׁגְרָה אַחֲרֵי הַמִּלְחָמָה.	хазáрну ла-шигрá ахарéй hа-мильхамá.	Мы вернулись к рутине после войны.
1031	s_c9c3387914a5.mp3	חָגַגְנוּ אֶת יוֹם הָעַצְמָאוּת.	хагáгну эт йом hа-ацмаýт.	Мы праздновали День независимости.
1032	s_b4a3284a826e.mp3	יוֹם הַזִּיכָּרוֹן מְאוֹד עָצוּב.	йом hа-зикарóн мэóд ацýв.	День памяти очень грустный.
1033	s_783912520159.mp3	עָמַדְנוּ בְּשֶׁקֶט בִּזְמַן הַצְּפִירָה.	амáдну бэ-шéкет бизмáн hа-цфирá.	Мы стояли в тишине во время сирены.
1034	s_543bcaf6e2b5.mp3	הִשְׁתַּתַּפְנוּ בְּטֶקֶס יָפֶה מְאוֹד.	hиштатáфну бэ-тéкес яфэ́ мэóд.	Мы участвовали в очень красивой церемонии.
1035	s_334c939eae1d.mp3	הִיא הִדְלִיקָה מַשּׂוּאָה בַּטֶּקֶס.	hи hидлӣ́ка масуá ба-тéкес.	Она зажгла факел на церемонии.
1036	s_136e194ee2bb.mp3	עָשִׂינוּ מַנְגָּל בַּפַּארְק הַיּוֹם.	асӣ́ну мангáль ба-парк hайóм.	Мы делали шашлыки в парке сегодня.
1037	s_b6858e7a7b71.mp3	רָאִינוּ מַטָּס מַרְשִׁים בַּשָּׁמַיִם.	раӣ́ну матáс маршӣ́м ба-шамáйим.	Мы видели впечатляющий воздушный парад в небе.
1038	s_6394baa6ac8f.mp3	הָיוּ זִיקּוּקֵי דִּינוּר יָפִים.	hайý зикукéй динýр яфӣ́м.	Был красивый фейерверк.
1039	s_1581f9f11d4a.mp3	הֵם נִלְחֲמוּ עַל עַצְמָאוּת.	hэм нильхамý аль ацмаýт.	Они сражались за независимость.
1040	s_b0483c0c6e45.mp3	תָּלִינוּ אֶת דֶּגֶל הַמְּדִינָה.	талӣ́נו эт дéгель hа-мэдинá.	Мы повесили государственный флаг.
1041	lo_fraier.mp3	אַף אֶחָד לֹא פְרָאיֶיר.	аф эхáд ло фрáер.	Никто не лох (никто не позволит себя обмануть).
1042	s_a2ab461316d7.mp3	מָה נִשְׁמַע אִתְּךָ, כַּפָּרָה?	ма нишмá итхá, капáра?	Как дела у тебя, душа моя?
1043	s_0789ed5c6f13.mp3	יֵשׁ כָּאן בָּלָגָן שָׁלֵם.	йеш кан балагáн шалéм.	Здесь полный бардак.
1044	s_220eb29148fa.mp3	אֲנַחְנוּ לוֹמְדִים גֵּאוֹגְרַפְיָה הַיּוֹם.	анáхну ломдӣ́м геогрáфия hайóм.	Мы изучаем географию сегодня.
1045	s_248ae4c30f7e.mp3	הַמִּדְבָּר חַם מְאוֹד בַּקַּיִץ.	hа-мидбáр хам мэóד ба-кáйиц.	В пустыне очень жарко летом.
1046	s_97f7920575f7.mp3	שָׂחִינוּ בְּיַם הַמֶּלַח הַיּוֹם.	сахӣ́נו бэ-ям hа-Мéлах hайóм.	Мы купались в Мертвом море сегодня.
1047	s_88dff5288553.mp3	יַם כִּנֶּרֶת יָפֶה מְאוֹד.	ям Кинéрет яфэ́ мэóד.	Озеро Кинерет очень красивое.
1048	s_74275749e46b.mp3	זֶה מַכְתֵּשׁ עֲנָק בַּנֶּגֶב.	зэ махтéш анáк ба-Нéгев.	Это гигантский кратер в Негеве.
1049	s_834bd08484e4.mp3	נָסַעְנוּ לְרָמַת הַגּוֹלָן הַשָּׁבוּעַ.	насáъну лэ-рамáт hа-Голáн hа-шавýа.	Мы поехали на Голанские высоты на этой неделе.
1050	s_2f53afd9eb75.mp3	הַר הַחֶרְמוֹן גָּבוֹהַּ מְאוֹד.	hар hа-Хермóн гавóаh мэóד.	Гора Хермон очень высокая.
1051	s_be58a10d6a9f.mp3	הָלַכְנוּ לְיַד הַנַּחַל הַיָּפֶה.	hалáхну лэ-йáд hа-нáхаль hа-яфэ́.	Мы гуляли около красивого ручья.
1052	s_b74d6752eb33.mp3	רָאִינוּ מַפָּל מַיִם מַרְשִׁים.	раӣ́נו мапáль мáйим маршӣ́м.	Мы увидели впечатляющий водопад.
1053	s_7d0bf51deab3.mp3	הֵם צוֹעֲדִים בִּשְׁבִיל יִשְׂרָאֵל.	hэм цоадӣ́м би-швӣ́ль Исраэ́ль.	Они идут в поход по Тропе Израиля.
1054	s_cc9dd88540ab.mp3	הַתֵּיאַטְרוֹן הַזֶּה מְפוּרְסָם מְאֹד.	hа-тэáтрон hа-зэ мефурсáм меóд.	Этот театр очень знаменит.
1055	s_17e49db7a821.mp3	רָאִינוּ הַצָּגָה מְצוּיֶּנֶת בָּעֶרֶב.	раӣ́ну hацагá мецуе́нет ба-э́рев.	Мы посмотрели отличный спектакль вечером.
1056	s_f0a37ae13ea9.mp3	הַבַּמַּאי מְבַקֵּשׁ שֶׁקֶט עַכְשָׁיו.	hа-бамаӣ́ мевакéш шéкет ахшáв.	Режиссёр просит тишины сейчас.
1057	s_d9ffebb13e4b.mp3	קָרָאתִי אֶת הַתַּסְרִיט הֶחָדָשׁ.	карáти эт hа-тасрӣ́т hэ-хадáш.	Я прочитал новый киносценарий.
1058	s_c46381e1ce63_f.mp3	אֲנִי לוֹמֶדֶת סִפְרוּת עִבְרִית.	анӣ́ ломе́дет сифрýт иврӣ́т.	Я изучаю ивритскую литературу.
1059	s_4d0d397b2827.mp3	הַסּוֹפֵר כָּתַב סֵפֶר מְעַנְיֵן.	hа-софэ́р катáв сэ́фер меаньéн.	Писатель написал интересную книгу.
1060	s_3744f608913c.mp3	הָיוּ מְחִיאוֹת כַּפַּיִּים סוֹעֲרוֹת.	hаю́ мехиóт капáйим соарóт.	Были бурные аплодисменты.
1061	s_84df502eb4f3.mp3	יֵשׁ פֶּסְטִיבָל קוֹלְנוֹעַ בְּחֵיפָה.	йеш фэстивáль кольнóа бе-Хейфá.	В Хайфе проходит кинофестиваль.
1062	s_762a0405d614.mp3	זוֹ סִדְרַת טֶלֶוִויזְיָה מְצוּיֶּנֶת.	зо сидрáт тэлэвӣ́зия мецуе́нет.	Это отличный сериал.
1063	s_a9cbeaec6a69.mp3	חוֹק הֲגָנַת הַצַּרְכָן חָשׁוּב.	хок hаганáт hа-цархáн хашýв.	Закон о защите прав потребителей важен.
1064	s_fc532b85b13f.mp3	בִּקַּשְׁתִּי בִּיטּוּל עִסְקָה בַּחֲנוּת.	бикáшти битýль искá ба-ханýт.	Я попросил об отмене сделки в магазине.
1065	s_dfb6dd98074e.mp3	קִבַּלְתִּי הֶחְזֵר כַּסְפִּי מֵהַחֲנוּת.	кибáльти hэхзэ́р каспӣ́ ме-hа-ханýт.	Я получил денежный возврат из магазина.
1066	s_0f23ea5df4a5.mp3	אֵיפֹה תְּעוּדַת אַחֲרָיוּת שֶׁלִּי?	э́йфо тэудáт ахраю́т шелӣ́?	Где мой гарантийный талон?
1067	s_a0d227f51236.mp3	שִׁילַּמְתִּי דְּמֵי בִּיטּוּל קְטַנִּים.	шилáмти дмэй битýль ктанӣ́м.	Я заплатил небольшую комиссию за отмену.
1068	s_96f98ad375b0.mp3	הִתְקַשַּׁרְתִּי לְשֵׁירוּת לָקוֹחוֹת הַיּוֹם.	hиткашáрти ле-шерýт лакохóт hа-йом.	Я позвонил в службу поддержки сегодня.
1069	s_1d11333c0874.mp3	חָתַמְנוּ עַל חוֹזֶה שְׂכִירוּת.	хатáмну аль хозэ́ схирýт.	Мы подписали договор аренды.
1070	s_a00dbf71348f.mp3	קְרָא אֶת הַסְּעִיף הַזֶּה.	кра эт hа-сеъӣ́ф hа-зэ.	Прочитай этот пункт.
1071	s_9f890eaaa847.mp3	הֵם הִגִּישׁוּ תְּבִיעָה מִשְׁפָּטִית.	hэм hигӣ́шу твиá мишпатӣ́т.	Они подали судебный иск.
1072	s_d9db6107b991.mp3	הָלַכְנוּ לְבֵית מִשְׁפָּט הַיּוֹם.	hалáхну ле-вéйт мишпáт hа-йом.	Мы пошли в суд сегодня.
1073	s_b5bfaa19dc8e.mp3	הַשּׁוֹפֵט הִקְשִׁיב לְכָל עֵד.	hа-шофэ́т hикшӣ́в ле-холь эд.	Судья выслушал каждого свидетеля.
1074	s_b920518aa351.mp3	זוֹ הֲפָרַת חוֹזֶה חֲמוּרָה.	зо hафарáт хозэ́ хамурá.	Это грубое нарушение контракта.
1075	s_0801e2b9ca78.mp3	הִגַּשְׁתִּי תְּבִיעָה לִתְבִיעוֹת קְטַנּוֹת.	hигáшти твиá ли-твиóт ктанóт.	Я подал иск в суд мелких тяжб.
1076	s_f738bcdbf386.mp3	חָתַמְתִּי עַל יִיפּוּי כּוֹחַ.	хатáмти аль йипýй кóах.	Я подписал доверенность.
1077	s_d2a687a51b82.mp3	הִיא לוֹמֶדֶת בָּאוּנִיבֶרְסִיטָה עַכְשָׁיו.	hи ломéдэт ба-унивэ́рсита ахшáв.	Она учится в университете сейчас.
1078	s_31cfa8985c54.mp3	סִיַּמְתִּי תּוֹאַר רִאשׁוֹן בְּהַצְלָחָה.	сийáмти тóар ришóн бе-hацлахá.	Я успешно окончил бакалавриат.
1079	s_1d5bb3cf8c63.mp3	הִיא קִבְּלָה מִלְגָּה לַלִּימּוּדִים.	hи кибельá мильгá ла-лимудӣ́м.	Она получила стипендию на учебу.
1080	syllabus_mevorat.mp3	הַסִּילָבּוּס מְפוֹרָט מְאֹד הַשָּׁנָה.	hа-силáбус мефорáт меóд hа-шанá.	Программа курса очень подробная в этом году.
1081	s_13df16f1b51c.mp3	הַמַּרְצֶה מַסְבִּיר אֶת הַחוֹמֶר.	hа-марцэ́ масбӣ́р эт hа-хóмер.	Преподаватель объясняет материал.
1082	s_edb1ae7e6bb8.mp3	תְּקוּפַת מִבְחָנִים קָשָׁה עַכְשָׁיו.	ткуфáт мивханӣ́м кашá ахшáв.	Экзаменационная сессия сейчас трудная.
1083	s_c8dd4f8fb0ec.mp3	הִיא כּוֹתֶבֶת עֲבוֹדַת גְּמָר.	hи котéвет аводáт гмар.	Она пишет дипломную работу.
1084	s_d760ea3b239f.mp3	שִׁילַּמְתִּי שְׂכַר לִימּוּד אֶתְמוֹל.	шилáмти схар лимýд этмóль.	Я оплатил учебу вчера.
1085	s_6d2ed8802821.mp3	זֶה מֶחְקָר מַדָּעִי חָשׁוּב.	зэ мэхкáр мадаӣ́ хашýв.	Это важное научное исследование.
1086	s_4fa40bf1330f.mp3	הִתְנַדְּבוּת תּוֹרֶמֶת לַחֶבְרָה מְאֹד.	hитнадвýт торéмет ла-хеврá меóд.	Волонтёрство очень помогает обществу.
1087	s_3367a2ca4614.mp3	נָתַנּוּ תְּרוּמָה יָפָה לָעֲמוּתָּה.	натáнну трумá яфá ла-амутá.	Мы сделали хорошее пожертвование фонду.
1088	s_e9db20ebcf49.mp3	עֶזְרָה הֲדָדִית חֲשׁוּבָה לְכוּלָּנוּ.	эзрá hададӣ́т хашувá ле-хулáну.	Взаимопомощь важна для всех нас.
1089	s_90b54de0cda9.mp3	יֵשׁ חֲלוּקַּת מָזוֹן הַיּוֹם.	йеш халукáт мазóн hа-йом.	Сегодня проходит раздача продуктов.
1090	s_48f41a5cb171.mp3	הַמִּתְנַדֵּב עוֹזֵר לְהַרְבֵּה קְשִׁישִׁים.	hа-митнадэ́в озэ́р лэ-hарбэ́ кшишӣ́м.	Волонтёр помогает многим пожилым людям.
1091	s_2fb877a5c005.mp3	הַנּוֹעַר אוֹהֵב מוּזִיקָה חֲדָשָׁה.	hа-нóар оhэ́в мýзика хадашá.	Молодёжь любит новую музыку.
1092	s_c0e3e29b5879.mp3	הֵכַנְתִּי מַצֶּגֶת מְצוּיֶּנֶת לַפְּגִישָׁה.	hэха́нти мацéгет мэцуйéнет ла-пгишá.	Я подготовил отличную презентацию к встрече.
1093	s_ea8f453492ce.mp3	הַקָּהָל מָחָא כַּפַּיִם בְּהִתְלַהֲבוּת.	hа-каháль махá капáйим бэ-hитлаhавýт.	Публика с восторгом аплодировала.
1094	s_a46b936e477d.mp3	יֵשׁ לוֹ כּוֹחַ שִׁכְנוּעַ.	йеш ло кóах шихнýа.	У него есть сила убеждения.
1095	s_8bc5783dd3f9.mp3	זֶה טִיעוּן הֶגְיוֹנִי וְחָזָק.	зэ тиýн hэгьёни́ вэ-хазáк.	Это логичный и сильный аргумент.
1096	s_32cc4bb7256c.mp3	הִגַּעְנוּ לְמַסְקָנָה חֲשׁוּבָה מְאוֹד.	hигáъну лэ-масканá хашувá мэóд.	Мы пришли к очень важному выводу.
1097	s_32dc3c868d12.mp3	שְׂפַת גּוּף חֲשׁוּבָה מְאוֹד.	сфат гуф хашувá мэóд.	Язык тела очень важен.
1098	s_28cfa39871c7.mp3	יֵשׁ לוֹ בִּיטָּחוֹן עַצְמִי.	йеш ло битахóн ацмӣ́.	У него есть уверенность в себе.
1099	s_9fa89fea32d9.mp3	קָרָאתִי מַאֲמַר דֵּעָה מְעַנְיֵן.	карáти маамáр дэá мэаньéн.	Я прочитал интересную авторскую колонку.
1100	s_93778ba5ebbb.mp3	שָׁמַעְנוּ פַּרְשָׁנוּת מְעוּלָּה בַּחֲדָשׁוֹת.	шамáъну паршанýт мэулá ба-хадашóт.	Мы услышали отличную аналитику в новостях.
1101	s_5a6f6613eff8.mp3	הִיא הִבִּיעָה עֶמְדָּה בְּרוּרָה.	hи hибӣ́а эмдá брурá.	Она выразила ясную позицию.
1102	s_43ac450ed8e5.mp3	הַפַּרְשָׁן מַסְבִּיר אֶת הַמַּצָּב.	hа-паршáн масбӣ́р эт hа-мацáв.	Обозреватель объясняет ситуацию.
1103	s_9d5f84746ab6.mp3	זֹאת הַעֲרָכָה מְדוּיֶּקֶת מְאוֹד.	зот hаарахá мэдуйéкет мэóд.	Это очень точная оценка.
1104	s_fd2cc5d3bd08.mp3	יֵשׁ לַהַחְלָטָה הַשְׁלָכוֹת רַבּוֹת.	йеш ла-hахлатá hашлахóт рабóт.	У решения есть много последствий.
1105	s_d4950a44b167.mp3	כָּתַבְתִּי תְּגוּבָה לַמַּאֲמָר הַזֶּה.	катáвти тгувá ла-маамáр hа-зэ.	Я написал комментарий к этой статье.
1106	s_253145f6a260.mp3	זֹאת נְקוּדַּת מַבָּט מְעַנְיֶנֶת.	зот нэкудáт мабáт мэаньéнет.	Это интересная точка зрения.
1107	s_61c2d87103f8.mp3	הַחַקְלַאי מִשְׁתַּמֵּשׁ בְּהַשְׁקָיָה בְּטִפְטוּף.	hа-хаклаӣ́ миштамéш бэ-hашкая́ бэ-тифтýф.	Фермер использует капельное орошение.
1108	s_de1b8731382b.mp3	הַתְפָּלַת מַיִם פּוֹתֶרֶת בְּעָיוֹת.	hатпалáт мáйим потéрет бэайóт.	Опреснение воды решает проблемы.
1109	s_ee325ec5e8ba.mp3	רָאִינוּ מִתְקַן הַתְפָּלָה חָדָשׁ.	раӣ́ну миткáн hатпалá хадáш.	Мы увидели новую опреснительную установку.
1110	s_69c451222c5b.mp3	יִשְׂרָאֵל מְפַתַּחַת חַקְלָאוּת מִתְקַדֶּמֶת.	Исраэ́ль мэпатáхат хаклаýт миткадéмет.	Израиль развивает передовое сельское хозяйство.
1111	s_f55995af7ceb.mp3	הַחַקְלַאי עוֹבֵד בַּשָּׂדֶה הַיּוֹם.	hа-хаклаӣ́ овэ́д ба-садэ́ hайóм.	Фермер работает сегодня в поле.
1112	s_46d3293c98e3.mp3	הַשָּׁנָה יֵשׁ יְבוּל מְצוּיָּן.	hа-шанá йеш йэвýль мэцуя́н.	В этом году отличный урожай.
1113	s_8511f650f4db.mp3	הֵם בָּנוּ חֲמָמָה גְּדוֹלָה.	hэм банý хамамá гдолá.	Они построили большую теплицу.
1114	s_d37d6cc438d2.mp3	חִיסָּכוֹן בְּמַיִם חָשׁוּב לְכוּלָּנוּ.	хисахóн бэ-мáйим хашýв лэ-хулáну.	Экономия воды важна для всех нас.
1115	s_f43ddaa1d7cb.mp3	מֵי תְּהוֹם מְשַׁמְּשִׁים לְהַשְׁקָיָה.	мэй тэhóм мэшамшӣ́м лэ-hашкая́.	Грунтовые воды служат для орошения.
1116	s_ea5a73601d02.mp3	הַחֶבְרָה מְפַתַּחַת טֶכְנוֹלוֹגְיָה יְרוּקָּה.	hа-хэврá мэпатáхат тэхнолóгия йэрукá.	Компания разрабатывает зелёные технологии.
1117	s_2005df1204fb.mp3	פָּגַשְׁנוּ חֲתַן פְּרַס נוֹבֶּל.	пагáшну хатáн прас Нóбель.	Мы встретили лауреата Нобелевской премии.
1118	s_fc8fc46951e0.mp3	זֹאת תַּגְלִית מַדָּעִית חֲשׁוּבָה.	зот таглӣ́т мадаӣ́т хашувá.	Это важное научное открытие.
1119	s_7fe9fb5a916b.mp3	הַחוֹקְרִים עוֹבְדִים בַּמַּעְבָּדָה הַחֲדָשָׁה.	hа-хокрӣ́м овдӣ́м ба-маабадá hа-хадашá.	Исследователи работают в новой лаборатории.
1120	s_87988999dcc1.mp3	הַנִּיסּוּי הִצְלִיחַ מְאוֹד אֶתְמוֹל.	hа-нисýй hицлӣ́ах мэóд этмóль.	Эксперимент вчера очень удался.
1121	s_0a125e166fa6.mp3	הַחוֹקֵר כּוֹתֵב מַאֲמָר חָדָשׁ.	hа-хокэ́р котэ́в маамáр хадáш.	Исследователь пишет новую статью.
1122	s_b07ef1def700.mp3	הִיא לוֹמֶדֶת בִּיּוֹטֶכְנוֹלוֹגְיָה בָּאוּנִיבֶרְסִיטָה.	hи ломéдэт биотэхнолóгия ба-унивэ́рсита.	Она изучает биотехнологии в университете.
1123	s_d500b3832995.mp3	זֹאת רְפוּאָה מוּתְאֶמֶת אִישִׁית.	зот рэфуá мут’э́мет ишӣ́т.	Это персонализированная медицина.
1124	s_bde4b161b9f2.mp3	הָיָה לָנוּ דִּיּוּן מְעַנְיֵן.	hая́ лáну дию́н мэаньéн.	У нас было интересное обсуждение.
1125	s_35441e3550d5.mp3	הִתְחִיל וִיכּוּחַ סוֹעֵר בַּחֶדֶר.	hитхӣ́ль викýах соэ́р ба-хéдэр.	В комнате начался бурный спор.
1126	s_e61b0a9bcadf.mp3	הַצְּדָדִים הִגִּיעוּ לִפְשָׁרָה הוֹגֶנֶת.	hа-цдадӣ́м hигӣ́у ли-пшарá hогéнет.	Стороны пришли к справедливому компромиссу.
1127	s_92567191364f.mp3	יֵשׁ בֵּינֵיהֶם חִילּוּקֵי דֵּעוֹת.	йеш бэнэhéм хилукéй дэóт.	Между ними есть разногласия.
1128	s_52932d101713.mp3	זוֹ עוּבְדָּה חֲשׁוּבָה מְאוֹד.	зо увдá хашувá мэóд.	Это очень важный факт.
1129	s_b8cf59ebff8d.mp3	אֲנַחְנוּ כּוֹתְבִים בִּכְתִיב מָלֵא.	анáхну котвӣ́м би-ктӣ́в малé.	Мы пишем полным написанием.
1130	s_923081802188.mp3	אֵלֶּה אִימוֹת קְרִיאָה בָּעִבְרִית.	э́ле имóт криá ба-иврӣ́т.	Это буквы — матери чтения на иврите.
1131	s_38c5fde6a4f7.mp3	הַכֹּל תָּלוּי בַּהֶקְשֵׁר הַזֶּה.	hакóль талýй ба-hэ́кшер hа-зэ́.	Всё зависит от этого контекста.
1132	s_6eba43055161.mp3	הַתַּחְבִּיר בַּמִּשְׁפָּט מְאוֹד בָּרוּר.	hа-тахбӣ́р ба-мишпáт мэóд барýр.	Синтаксис в предложении очень понятен.
1133	s_387fb95821cb.mp3	יֵשׁ לוֹ שְׁטִיפוּת קְרִיאָה.	йеш ло штифýт криá.	У него есть беглость чтения.
1134	s_551154ac9403.mp3	מַהִי מַשְׁמָעוּת הַמִּילָּה הַזֹּאת?	мáhи машмаýт hа-милá hа-зóт?	Каково значение этого слова?
1135	s_687f2a67fe34.mp3	לָמַדְנוּ אֶת תַּבְנִית הַבִּנְיָיין.	ламáдну эт тавнӣ́т hа-биньян.	Мы выучили модель биньяна.
1136	s_a0433cff232e.mp3	זֹאת קְרִיאָה עִיוֶּורֶת מְצוּיֶּנֶת.	зот криá ивéрет мэцуе́нет.	Это отличное чтение без огласовок.
1137	s_0a447c849a43.mp3	זֶה שִׁינּוּי מַשְׁמָעוּת חָשׁוּב.	зэ шину́й машмаýт хашу́в.	Это важное изменение значения.
1138	s_8809852551d6.mp3	קָרָאנוּ טֶקְסְט אוֹתֶנְטִי מֵהָעִיתּוֹן.	карáну текст отэ́нти мэ-hа-итóн.	Мы прочитали аутентичный текст из газеты.
1139	s_b8ab353d905e.mp3	עָשִׂינוּ סְרִיקָה מְהִירָה בַּסֵּפֶר.	асӣ́ну срикá мэhирá ба-сéфер.	Мы сделали беглый просмотр в книге.
1140	s_33083ee68889.mp3	זֶה נִיתּוּחַ טֶקְסְט מְעַנְיֵין.	зэ нитýах текст мэаньéн.	Это интересный анализ текста.
1141	s_ab1f02fbda4e.mp3	מָה הָרַעְיוֹן הַמֶּרְכָּזִי כָּאן?	ма hа-раайóн hа-мерказӣ́ кан?	В чём главная мысль здесь?
1142	s_6d9656e51426.mp3	קְרָא אֶת הַפִּסְקָה הָרִאשׁוֹנָה.	кра эт hа-пискá hа-ришонá.	Прочитай первый абзац.
1143	s_3c4ef9ce721a.mp3	זֶה אוֹצַר מִילִּים עָשִׁיר.	зэ оцáр милӣ́м ашӣ́р.	Это богатый словарный запас.
1144	s_d7b17ec2b8a8.mp3	תִּרְגַּלְנוּ הֲבָנַת הַנִּקְרָא הַיּוֹם.	тиргáльну hаванáт hа-никрá hайóм.	Мы практиковали понимание прочитанного сегодня.
1145	s_3832f5c3905f.mp3	יֵשׁ לוֹ מוּמְחִיּוּת רַבָּה.	йеш ло мумхию́т рабá.	У него большой профессионализм.
1146	s_31d9a1eb9d5f.mp3	תִּרְגַּלְנוּ הֲבָנַת הַנִּשְׁמָע בַּשִּׁיעוּר.	тиргáльну hаванáт hа-нишмá ба-шиу́р.	Мы практиковали аудирование на уроке.
1147	s_41b4d67e5141.mp3	שָׁמַעְתִּי הֶסְכֵּת מְעַנְיֵין הַיּוֹם.	шамáти hэскéт мэаньéн hайóм.	Я послушал интересный подкаст сегодня.
1148	s_2ce2af161145.mp3	יֵשׁ לָהּ מִבְטָא יָפֶה.	йеш ла мивтá яфé.	У неё красивое произношение.
1149	s_2640f3e12496.mp3	קָשֶׁה לְהָבִין דִּיבּוּר מָהִיר.	кашé лэhавӣ́н дибýр маhӣ́р.	Трудно понимать быструю речь.
1150	s_b5d2af9ac030.mp3	שָׁמַעְנוּ דִּיוּוּחֵי תְּנוּעָה בָּרַדְיוֹ.	шамáну дивухéй тнуá ба-рáдио.	Мы услышали сводку о пробках по радио.
1151	s_c574f9efc0c5.mp3	הַשַּׁדְּרָן מְדַבֵּר בָּרַדְיוֹ כָּעֵת.	hа-шадрáн мэдабéр ба-рáдио каэ́т.	Радиоведущий говорит по радио сейчас.
1152	s_b46d8f146186.mp3	זֶה קֶצֶב דִּיבּוּר מָהִיר.	зэ кэ́цев дибýр маhӣ́р.	Это быстрый темп речи.
1153	s_0e89b9aa88e4.mp3	אֲנַחְנוּ לוֹמְדִים עִבְרִית מְדוּבֶּרֶת.	анáхну ломдӣ́м иврӣ́т мэдубéрет.	Мы учим разговорный иврит.
1154	s_e461f85dd1b5.mp3	קִבַּלְתִּי אִישּׁוּר קַבָּלָה רִשְׁמִי.	кибáльти ишу́р кабалá ришмӣ́.	Я получил официальное подтверждение получения.
1155	s_ecbd9256dca2.mp3	שָׁלַחְתִּי פְּנִיָּה רִשְׁמִית לָעִירִיָּה.	шалáхти пнийя́ ришмӣ́т ла-ирийя́.	Я отправил официальное обращение в мэрию.
1156	s_a6b0aca02448.mp3	זֶה מוֹסָד צִיבּוּרִי חָשׁוּב.	зэ мосáд цибурӣ́ хашу́в.	Это важное общественное учреждение.
1157	s_5113ac781220.mp3	לָמַדְנוּ אֶת שִׁבְעַת הַבִּנְיָינִים.	ламáдну эт шив’áт hа-биньяни́м.	Мы выучили все семь биньянов.
1158	s_980c43d0aabb.mp3	זֶה שׁוֹרֶשׁ תְּלַת אוֹתִיּוֹת.	зэ шóреш тлат отиё́т.	Это трехбуквенный корень.
1159	s_8678b07783b0.mp3	הִכַּרְנוּ פָּעִיל וְסָבִיל הַיּוֹם.	hикáрну паӣ́ль вэ-савӣ́ль hайóм.	Мы познакомились с активным и пассивным залогом сегодня.
1160	s_829ec20369dd.mp3	הֵבַנּוּ אֶת חוֹזֶק הַשָּׂפָה.	hэвáну эт хóзек hа-сафá.	Мы поняли мощь языка.
1161	s_63fd7e06a2ea.mp3	יֵשׁ לָהּ שְׁלִיטָה מְלֵאָה.	йеш ла шлитá млэá.	У неё полное владение языком.
1162	s_e314d290a7ab.mp3	נִדְרָשׁ כָּאן דִּיּוּק דִּקְדּוּקִי.	нидрáш кан дию́к дикдукӣ́.	Здесь требуется грамматическая точность.
1163	s_4e013ccec32a.mp3	עָשִׂינוּ חֲזָרָה כְּלָלִית הַיּוֹם.	асӣ́ну хазарá клалӣ́т hайóм.	Мы провели генеральное повторение сегодня.
1164	s_cb81c245fc72.mp3	יֵשׁ לָנוּ מוּכָנוּת לַמִּבְחָן.	йеш лáну муханýт ла-мивхáн.	У нас есть готовность к экзамену.
1165	s_522bbb05be31.mp3	קִבַּלְתִּי תְּעוּדַת סִיּוּם הַיּוֹם.	кибáльти тэудáт сию́м hайóм.	Я получил сертификат об окончании сегодня.
1166	s_15dadc1edfc7.mp3	זֶה הֶישֵּׂג עֲנָק בִּשְׁבִילֵנוּ.	зэ hэсэ́г анáк бишвилéну.	Это грандиозное достижение для нас.
1167	s_4024adfd2705.mp3	עִבְרִית הִיא שָׂפָה חַיָּה.	иврӣ́т hи сафá хая́.	Иврит — это живой язык.
1168	s_414314fd62d2.mp3	נִהַלְנוּ שִׂיחָה חוֹפְשִׁית בָּעִבְרִית.	ниháльну сихá хофшӣ́т ба-иврӣ́т.	Мы вели свободную беседу на иврите.
1169	s_eb68dc046683.mp3	יֵשׁ לוֹ בִּיטָּחוֹן שְׂפָתִי.	йеш ло битахóн сфатӣ́.	У него есть языковая уверенность.
1170	s_a448255dc5a3.mp3	נִמְסַר כִּי הַנָּשִׂיא הִגִּיעַ.	нимсáр ки hа-насӣ́ hигӣ́а.	Сообщается, что президент прибыл.
1171	s_e4e1431f4ab5.mp3	לְפִי מְקוֹרוֹת הַמַּצָּב יִשְׁתַּפֵּר.	лэфӣ́ мэкорóт hа-мацáв йиштапéр.	Согласно источникам, ситуация улучшится.
1172	s_cba7e7f664fd.mp3	יֵשׁ לַחֶבְרָה הַצְלָחָה בֵּינְלְאוּמִּית.	йеш ла-хэврá hацлахá бейнлэумӣ́т.	У компании международный успех.
1173	s_50c1a8441255.mp3	חָשׁוּב לִשְׁמוֹר עַל הַטֶּבַע.	хашýв лишмóр аль hа-тэ́ва.	Важно беречь природу.
1174	s_ff680f707df2_f.mp3	אֲנִי מְאַחֶלֶת בְּרִיאוּת אֵיתָנָה!	анӣ́ меахе́лет бриýт эйтанá!	Я желаю крепкого здоровья!
1175	s_2780566da173.mp3	יֵשׁ כְּבָר חֲזָרָה לַשִּׁגְרָה.	йеш квар хазарá ла-шигрá.	Уже есть возвращение к привычному ритму жизни.
1176	s_62c23c0cd263.mp3	לְתִפְאֶרֶת מְדִינַת יִשְׂרָאֵל!	лэ-тиф’э́рет мэдинáт Исраэ́ль!	Во славу Государства Израиль!
1177	s_3094dca86141.mp3	חַג עַצְמָאוּת שָׂמֵחַ לְכוּלָּם!	хаг ацмаýт самéах лэ-хулáм!	С Днем независимости всех!
1178	s_bc0f3678b8f6.mp3	זֶה חֲבָל עַל הַזְּמַן!	зэ хавáль аль hа-змáн!	Это просто потрясающе!
1179	s_672331b25db7.mp3	הָאוֹכֶל כָּאן סוֹף הַדֶּרֶךְ!	hа-óхель кан соф hа-дéрех!	Еда здесь просто отпад!
1180	s_68bbfbba0a30_f.mp3	תַּכְלֶס, אַתְּ מַמָּשׁ צוֹדֶקֶת.	тáхлес, ат мамáш цоде́кет.	По сути, ты совершенно прав.
1181	s_bae6693a72dd.mp3	הַהַרְגָּשָׁה שֶׁלִּי עַל הַפָּנִים.	hа-hаргашá шелӣ́ аль hа-панӣ́м.	Самочувствие у меня ужасное.
1182	s_57aa0ed12549.mp3	טוֹב, יַאלְלָה בַּיי, נִתְרָאֶה!	тов, я́лла бай, нитраэ́!	Ладно, давай пока, увидимся!
1183	s_2007ed58085e.mp3	בְּבַקָּשָׁה אַל תַּחְפּוֹר לִי!	бэвакашá аль тахпóр ли!	Пожалуйста, не грузи меня!
1184	s_2dbf1e4e22c3.mp3	הַמְּסִבָּה הַזֹּאת הָיְתָה אֵשׁ!	hа-мэсибá hа-зот hайтá эш!	Эта вечеринка была просто огонь!
1185	s_2eb8bee69376.mp3	מֵהַחַלּוֹן יֵשׁ נוֹף מַרְהִיב.	мэ-hа-халóн йеш ноф марhӣ́в.	Из окна открывается захватывающий вид.
1186	s_fbd91fbb4136.mp3	הַסֵּפֶר קִבֵּל בִּיקּוֹרֶת מְשַׁבַּחַת.	hа-сéфер кибéль бикóрет мэшабáхат.	Книга получила восторженную рецензию.
1187	s_80323bf969f7_f.mp3	אֲנִי רוֹצָה לְהַחְלִיף מִידָּה.	анӣ́ роца́ лэhахлӣ́ф мидá.	Я хочу поменять размер.
1188	s_dc468bfaaa35.mp3	הַמּוּצָר נִמְצָא בַּאֲרִיזָה מְקוֹרִית.	hа-муцáр нимцá бэ-аризá мэкорӣ́т.	Товар находится в оригинальной упаковке.
1189	s_b990ad233bbb.mp3	יֵשׁ לָהֶם רוּחַ הִתְנַדְּבוּת.	йеш лаhéм рýах hитнадвýт.	У них есть дух волонтерства.
1190	s_6eb6c6db35dc.mp3	גְּבָרוֹתַי וְרַבּוֹתַי, עֶרֶב טוֹב!	гваротáй вэ-работáй, э́рев тов!	Дамы и господа, добрый вечер!
1191	s_20393b32be97.mp3	לְסִיכּוּם, הַפְּגִישָׁה הָיְתָה מוּצְלַחַת.	лэ-сикýм, hа-пгишá hайтá муцлáхат.	В заключение, встреча была успешной.
1192	s_31995a7a1c3f.mp3	יֶתֶר עַל כֵּן, הִסְכַּמְנוּ.	йéтер аль кен, hискáмну.	Более того, мы согласились.
1193	s_f43012c11ec0.mp3	אֵין סָפֵק שֶׁהוּא יַצְלִיחַ.	эйн сафéк шэ-hу яцлӣ́ах.	Нет сомнений, что он добьется успеха.
1194	s_98baadcdbfc1.mp3	יֵשׁ לְהַדְגִּישׁ אֶת הַנְּקוּדָּה.	йеш лэhадгӣ́ш эт hа-нэкудá.	Следует подчеркнуть этот пункт.
1195	s_388153097540.mp3	מִצַּד אֶחָד, מִצַּד שֵׁנִי.	ми-цад эхáд, ми-цад шенӣ́.	С одной стороны, с другой стороны.
1196	s_23eb70b4464b.mp3	זֶה חָזוֹן הַפְרָחַת הַשְּׁמָמָה.	зэ хазóн hафрахáт hа-шмамá.	Это видение возрождения пустыни.
1197	s_748b6a6893aa.mp3	זוֹ פְּרִיצַת דֶּרֶךְ מַדָּעִית.	зо прицáт дéрех мадаӣ́т.	Это научный прорыв.
1198	s_e854e5be19f0.mp3	זֶה הֶישֵּׂג בֵּינְלְאוּמִּי חָשׁוּב.	зэ hэсéг бейнлэумӣ́ хашýв.	Это важное международное достижение.
1199	s_1d1185ba32a6_f.mp3	סְלִיחָה, אֲנִי חוֹלֶקֶת עָלֶיךָ.	слихá, анӣ́ холе́кет алéйха.	Простите, я с вами не согласен.
1200	s_d33b31b13bf7.mp3	מָצָאנוּ אֶת שְׁבִיל הַזָּהָב.	мацáנו эт швиль hа-заháв.	Мы нашли золотую середину.
1201	s_a42773aee164.mp3	הֵם הִצְלִיחוּ לְהַגִּיעַ לְהַסְכָּמָה.	hэм hицлӣ́ху лэhагӣ́а лэ-hаскамá.	Они смогли прийти к согласию.
1202	s_5bad5d65bd85.mp3	עִם כָּל הַכָּבוֹד, תַּקְשִׁיב.	им коль hа-кавóд, такшӣ́в.	При всём уважении, послушай.
1203	s_06c24b783750.mp3	תָּבִין זֹאת לְפִי הַהֶקְשֵׁר.	тавӣ́н зот лэфӣ́ hа-hэ́кшер.	Пойми это исходя из контекста.
1204	s_6b7ff714afb0.mp3	לְעוּמַּת זֹאת, אֲנַחְנוּ נִשְׁאַרְנוּ.	лэумáт зот, анáхну ниш’áрну.	В отличие от этого, мы остались.
1205	s_ba6ace21bf15.mp3	כְּתוֹצָאָה מִכָּךְ הַתּוֹכְנִית הִשְׁתַּנְּתָה.	кэ-тоцаá ми-кáх hа-тохнӣ́т hиштанэтá.	Вследствие этого программа изменилась.
1206	s_a8bf5c275248.mp3	בְּנוֹסָף לְכָךְ קִבַּלְנוּ הֲנָחָה.	бэ-носáф лэ-хáх кибáльну hанахá.	Кроме того, мы получили скидку.
1207	s_e1666787f51a.mp3	עַכְשָׁיו קָלַטְתִּי אֶת הַכֹּל!	ахшáв калáти эт hа-коль!	Сейчас до меня всё дошло!
1208	s_6ff4f011fc3a.mp3	נָא לַחְזוֹר עַל הַדְּבָרִים.	на лахзóр аль hа-дварӣ́м.	Пожалуйста, повторите сказанное.
1209	s_9b42251c404d.mp3	כְּדַאי לְהַקְשִׁיב בְּקֶשֶׁב רַב.	кэдáй лэhакшӣ́в бэ-кéшев рав.	Стоит слушать очень внимательно.
1210	s_b3db926f87a1.mp3	הֲרֵינִי פּוֹנֶה בִּשְׁאֵלָה דְּחוּפָה.	hарэйнӣ́ понé би-ш’элá дхуфá.	Сим обращаюсь со срочным вопросом.
1211	s_2d21162c2253_f.mp3	אֲנִי חוֹתֶמֶת בִּכְבוֹד רַב.	анӣ́ хоте́мет би-хвóд рав.	Я подписываю с глубоким уважением.
1212	s_1efbd020a4ca_f.mp3	בְּהֶמְשֵׁךְ לַשִּׂיחָה אֲנִי כּוֹתֶבֶת.	бэ-hэмшéх ла-сихá анӣ́ коте́вет.	В продолжение разговора я пишу.
1213	s_46aad7e135a7.mp3	זֶה מוּעֲבָר לְטִיפּוּלְכֶם הַמָּסוּר.	зэ муавáр лэ-типульхéм hа-масýр.	Это передано на ваше внимательное рассмотрение.
1214	s_d5f2fce5ca81.mp3	נָא לַחֲזוֹר בְּהֶקְדֵּם הָאֶפְשָׁרִי.	на лахазóр бэ-hэкдéм hа-эфшаרӣ́.	Пожалуйста, вернитесь с ответом как можно скорее.
1215	s_63aa07e74440.mp3	עָבַרְנוּ יַחַד דֶּרֶךְ אֲרוּכָּה.	авáרנו я́хад дéрех арукá.	Мы прошли вместе долгий путь.
1216	s_ae7871c542b6_f.mp3	אֲנִי מְאַחֶלֶת בְּהַצְלָחָה עֲנָקִית!	анӣ́ меахе́лет бэ-hацлахá анакӣ́т!	Я желаю огромных успехов!
1217	s_ab6467527ee1.mp3	זֹאת הָיְתָה גַּאֲוָוה גְּדוֹלָה.	зот hайтá гаавá гдолá.	Это была большая гордость.
1218	s_b73dff003587.mp3	חֲבֵרִי הַיָּקָר, עֲלֵה וְהַצְלַח!	хаверӣ́ hа-якáр, алé вэ-hацлáх!	Мой дорогой друг, процветай и преуспевай!
1219	s_94768a594b2c_f.mp3	אֲנִי מְאַחֶלֶת דֶּרֶךְ צְלֵחָה!	анӣ́ меахе́лет дéрех цлехá!	Я желаю счастливого пути!
1220	s_a8d133033517.mp3	חָשׁוּב תָּמִיד לְהַמְשִׁיךְ לְהִתְקַדֵּם.	хашýв тамӣ́д лэhамшӣ́х лэhиткадéм.	Важно всегда продолжать совершенствоваться.
1221	s_cae016b237d2.mp3	בּוֹא, יִשְׂרָאֵל מְחַכָּה לְךָ!	бо, Исраэ́ль мэхакá лехá!	Приезжай, Израиль ждет тебя!
1222	s_fdbb4aaa45be.mp3	יוֹפִי, כָּל הַכָּבוֹד, אַלּוּף!	йóфи, коль hа-кавóд, алýф!	Отлично, молодец, чемпион!
1223	s_6deccfc7a935.mp3	שָׁלוֹם, נָעִים מְאוֹד.	шалóм, наӣ́м меóд.	Привет, очень приятно.
1224	s_9dcc4637622c.mp3	בּוֹקֶר טוֹב לְכוּלָּם.	бóкер тов ле-хулáм.	Доброе утро всем.
1225	s_e5f6a50f004f.mp3	עֶרֶב טוֹב, חֲבֵרִים.	э́рев тов, хаверӣ́м.	Добрый вечер, друзья.
1226	s_db516bfafa09.mp3	תּוֹדָה רַבָּה עַל הָעֶזְרָה.	тодá рабá аль hа-эзрá.	Большое спасибо за помощь.
1227	s_60ce02f1b330.mp3	כּוֹס מַיִם, בְּבַקָּשָׁה.	кос мáйим, бевакашá.	Стакан воды, пожалуйста.
1228	s_659272eb5180.mp3	שְׁמִי דָּנִי, נָעִים מְאוֹד.	шмӣ дáни, наӣ́м меóд.	Меня зовут Дани, очень приятно.
1229	s_664bcec3efa5.mp3	הַיי, מָה נִשְׁמָע הַיּוֹם?	hай, ма нишмá hайóм?	Привет, как сегодня дела?
1230	s_a92426e2c9d3.mp3	תוֹדָה, הַכֹּל בְּסֵדֶר אֶצלִי.	тодá, hакóль бесéдер эцлӣ́.	Спасибо, у меня всё в порядке.
1231	s_8802d1c02bc6.mp3	זֶה רַעְיוֹן יֹופִי מַמָּשׁ.	зэ раайóн йóфи мамáш.	Это действительно отличная идея.
1232	s_ca561d672ec3.mp3	סְלִיחָה, אֵיפֹה הַתַּחֲנָה?	слихá, э́йфо hа-таханá?	Извините, где остановка?
1233	s_18f9c00a1467_f.mp3	כֵּן, אֲנִי מְבַיֶּנֶת הַכֹּל.	кен, анӣ мевӣ́н hакóль.	Да, я всё понимаю.
1234	s_ac9f93fb9ab5_f.mp3	לֹא, אֲנִי לֹא רוֹצָה.	ло, анӣ ло роца́.	Нет, я не хочу.
1235	s_6b0b2ee9255f_f.mp3	מְאַיֶּנֶת אַתְּ בָּאָרֶץ?	меáйин ат ба-áрец?	Откуда ты в стране?
1236	s_5f969196efbe_f.mp3	מֵאֵיפֹה אַתְּ מַכִּירָה אוֹתוֹ?	мэ-э́йфо ат макира́ отó?	Откуда ты его знаешь?
1237	s_32fb5f55849f_f.mp3	אֲנִי מְדַבֶּרֶת עִבְרִית קְצָת.	анӣ медабе́рет иврӣ́т кцат.	Я немного говорю на иврите.
1238	s_e28bff7036f4_f.mp3	גַּם אֲנִי לוֹמֶדֶת עִבְרִית.	гам анӣ ломе́дет иврӣ́т.	Я тоже учу иврит.
1239	s_2a84603e9d98.mp3	זֶה סֵפֶר טוֹב מְאוֹד.	зэ сéфер тов меóд.	Это очень хорошая книга.
1240	s_dd2c39cb8ccc.mp3	זֹאת חֲבֵרָה שֶׁלִּי.	зот хаверá шелӣ́.	Это моя подруга.
1241	s_05c0c1c8daed.mp3	אֵלֶּה הַחֲבֵרִים שֶׁלִּי.	э́ле hа-хаверӣ́м шелӣ́.	Это мои друзья.
1242	s_5b7685c6e48b.mp3	מִי רוֹצֶה קָפֶה חַם?	ми роцé кафэ́ хам?	Кто хочет горячий кофе?
1243	s_80bfc1049149_f.mp3	מָה אַתְּ עוֹשָׂה עַכְשָׁיו?	ма ат оса́ ахшáв?	Что ты сейчас делаешь?
1244	s_f8c1c5dce571.mp3	כַּמָּה זֶה עוֹלֶה בַּחֲנוּת?	кáма зэ олé ба-ханӯ́т?	Сколько это стоит в магазине?
1245	s_599fe0db2544.mp3	הַהוֹרִים שֶׁלִּי גָּרִים פֹּה.	hа-hорӣ́м шелӣ́ гарӣ́м по.	Мои родители живут здесь.
1246	s_b18ed30cf69e.mp3	זֶה חֲדַר שֵׁינָה נָעִים.	зэ хадáр шейнá наӣ́м.	Это приятная спальня.
1247	s_8760fd3ec6f8.mp3	יֵשׁ פֹּה קָפֶה טוֹב.	йеш по кафэ́ тов.	Здесь есть хороший кофе.
1248	s_ab8d3a9ed110.mp3	תֵּלֵךְ יָשָׁר עַד הָרַמְזוֹר.	телéх яшáр ад hа-рамзóр.	Иди прямо до светофора.
1249	s_b7f96f24d032.mp3	תִּפְנֶה יָמִינָה בָּרְחוֹב.	тифнэ́ ямӣ́на ба-рехóв.	Поверни направо на улице.
1250	s_89af7c268ea0.mp3	תִּפְנֶה שְׂמֹאלָה בָּרַמְזוֹר.	тифнэ́ смóла ба-рамзóр.	Поверни налево на светофоре.
1251	s_0b4f41484c64.mp3	זוֹ עוּגַת שׁוֹקוֹלָד טְעִימָה.	зо угáт шóколад теимá.	Это вкусный шоколадный торт.
1252	s_10033b34b2e3.mp3	אֵיפֹה יֵשׁ תַּחֲנַת אוֹטוֹבּוּס?	э́йфо йеш таханáт óтобус?	Где есть автобусная остановка?
1253	s_5ba70d4360d6.mp3	זֹאת תַּחֲנַת רַכֶּבֶת גְּדוֹלָה.	зот таханáт ракéвет гдолá.	Это большая железнодорожная станция.
1254	s_855def92c1b7.mp3	זֶה מִיץ תַּפּוּזִים סָחוּט.	зэ миц тапузӣ́м сахýт.	Это свежевыжатый апельсиновый сок.
1255	s_a9cc0903bf76.mp3	זֶה בֵּית כְּנֶסֶת עַתִּיק.	зэ бéйт кнéсет атӣ́к.	Это старинная синагога.
1256	s_42f445d89005.mp3	הַשְּׂכִירוּת פֹּה יְקָרָה מְאוֹד.	hа-схирýт по йекарá меóд.	Аренда здесь очень дорогая.
1257	s_b8af6ce2c4a0.mp3	צָרִיךְ לְשַׁלֵּם אַרְנוֹנָה הַיּוֹם.	царӣ́х лешалэ́м арнóна hа-йом.	Нужно заплатить арнону сегодня.
1258	s_bb88d47b5e1f.mp3	אֵין פֹּה חַשְׁמָל הַיּוֹם.	эйн по хашмáль hа-йом.	Здесь сегодня нет электричества.
1259	s_413b47b7561b_f.mp3	אֲנִי מְחַפֶּשֶׂת שׁוּתָף לַדִּירָה.	анӣ мехапе́сет шутáф ла-дирá.	Я ищу соседа по квартире.
1260	s_07bfdfa13db2_f.mp3	אֲנִי כּוֹתֶבֶת צֵ'ק לַדִּירָה.	анӣ коте́вет чек ла-дирá.	Я выписываю чек за квартиру.
1261	s_7391cabf3164.mp3	צָרִיךְ לַחְתּוֹם עַל חוֹזֶה.	царӣ́х лахтóм аль хозэ́.	Нужно подписать договор.
1262	s_19da57e4dcf8.mp3	יֵשׁ לָהּ עֵינַיִם יָפוֹת.	йеш ла эйнáйим яфóт.	У неё красивые глаза.
1263	s_25207da53907.mp3	זֶה מָלוֹן יָפֶה מְאֹד.	зэ малóн яфэ́ меóд.	Это очень красивая гостиница.
1264	s_48311ff1022c.mp3	אֲנַחְנוּ רוֹצִים חֶדֶר זוּגִי.	анáхну роцӣ́м хéдер зугӣ́.	Мы хотим двухместный номер.
1265	s_0249f5f57dc6.mp3	מָה הַסִּיסְמָה לְוַויְפַאי?	ма hа-сисмá ле-вайфай?	Какой пароль от вайфая?
1266	s_1c947a9439a4_f.mp3	אֲנִי לוֹקַחַת שְׁתֵּי טִיפּוֹת.	анӣ лока́хат штэй типóт.	Я принимаю две капли.
1267	s_29ccc879a0fa.mp3	קַח כַּדּוּר פַּעַם בְּיוֹם.	ках кадӯ́р пáам бе-йом.	Принимай таблетку раз в день.
1268	s_01ebcead0d18.mp3	לוֹקְחִים תְּרוּפָה לִפְנֵי הָאוֹכֶל.	локхӣ́м труфá лифнéй hа-óхель.	Лекарство принимают перед едой.
1269	s_ec3360dcc0ab.mp3	לוֹקְחִים תְּרוּפָה אַחֲרֵי הָאוֹכֶל.	локхӣ́м труфá ахарéй hа-óхель.	Лекарство принимают после еды.
1270	s_00a702a24460.mp3	זֶה כַּדּוּר לְלֹא מִרְשָׁם.	зэ кадӯ́р лелó миршáм.	Это таблетка без рецепта.
1271	s_10a669e5744f.mp3	יֵשׁ מִבְצָע סוֹף עוֹנָה.	йеш мивцá соф онá.	Идёт распродажа конца сезона.
1272	s_8986aee58d05.mp3	אֶפְשָׁר פֶּתֶק הַחְלָפָה, בְּבַקָּשָׁה?	эфшáр пéтек hахлафá, бевакашá?	Можно чек на обмен, пожалуйста?
1273	s_0969917e0a77_f.mp3	אֲנִי נוֹסַעַת בַּכִּיוּוּן הַזֶּה.	анӣ носа́ат ба-кивӯ́н hа-зэ.	Я еду в этом направлении.
1274	s_bdff67ab7975.mp3	הָרַכֶּבֶת נוֹסַעַת לְנַתְבַּ"ג.	hа-ракéвет носáат ле-натбáг.	Поезд едет в Бен-Гурион.
1275	s_66a68d3832e4_f.mp3	אֲנִי מְאַחֶלֶת נְסִיעָה טוֹבָה!	анӣ меахе́лет несиá товá!	Я желаю счастливого пути!
1276	s_b0ac86b9b192.mp3	יֵשׁ עִיכּוּב בָּרַכֶּבֶת הַיּוֹם.	йеш икӯ́в ба-ракéвет hа-йом.	Сегодня задержка поезда.
1277	s_aa81f5b61f00_f.mp3	אֲנִי עֲיֵפָה כִּי עָבַדְתִּי.	анӣ аéф ки авáдети.	Я устал, потому что работал.
1278	s_1d9c07e5e475_f.mp3	אֵיךְ אַתְּ מַרְגִּישָׁה הַיּוֹם?	эйх ат маргиша́ hа-йом?	Как ты себя чувствуешь сегодня?
1279	s_e0d8594e7854.mp3	אֵיזֶה יוֹם יָפֶה הַיּוֹם!	э́йзе йом яфэ́ hа-йом!	Какой красивый день сегодня!
1280	s_978ddaa7b59d.mp3	קָנִינוּ כָּל מִינֵי דְּבָרִים.	канӣ́ну коль минéй дварӣ́м.	Мы купили разные вещи.
1281	s_c0af960fe67a.mp3	מָה הַתַּאֲרִיךְ שֶׁל הַפְּגִישָׁה?	ма hа-таарӣ́х шель hа-пгишá?	Какая дата встречи?
1282	s_4ca435689cba.mp3	שָׁנָה טוֹבָה וּמְתוּקָה לְכוּלָּם!	шанá товá у-метукá ле-хулáм!	Хорошего и сладкого года всем!
1283	s_cdad24f8e2ff.mp3	הַפַּעַם הַכֹּל בְּסֵדֶר גָּמוּר.	hа-пáам hакóль бесéдер гамӯ́р.	На этот раз всё в полном порядке.
1284	s_808549a985f5.mp3	לְבַסּוֹף הַכֹּל הָיָה טוֹב.	левасóф hакóль hайá тов.	В конце концов всё было хорошо.
1285	s_387a1d2eb83b.mp3	אֲנַחְנוּ הוֹלְכִים לַמּוּזֵאוֹן הַיּוֹם.	анáхну hолехӣ́м ла-музеóн hайóм.	Мы идём сегодня в музей.
1286	s_d3d097653cb5.mp3	יֵשׁ תַּעֲרוּכָה חֲדָשָׁה בָּעִיר.	йеш таарухá хадашá ба-ӣ́р.	В городе есть новая выставка.
1287	s_6a68e2200335.mp3	דָּנִי לוֹמֵד אָמָּנוּת מוֹדֶרְנִית.	дáни ломéд оманӯ́т модéרнит.	Дани изучает современное искусство.
1288	s_dbd88ee674e2.mp3	זֶה צִיּוּר יָפֶה מְאוֹד.	зэ цийӯ́р яфэ́ меóд.	Это очень красивая картина.
1289	s_3a88b1a800a9.mp3	אֲנַחְנוּ לוֹקְחִים סִיּוּר מוּדְרָךְ.	анáхну локхӣ́м сийӯ́р мудрáх.	Мы берём экскурсию с гидом.
1290	s_cb37422debce.mp3	יֵשׁ פֹּה הֲנָחָה לִסְטוּדֶנְטִים?	йеш по hанаха́ ли-студэ́нтим?	Здесь есть скидка для студентов?
1291	s_4f9ff6b6d3cb.mp3	הַגַּנֶּנֶת מְדַבֶּרֶת עִם הַיְּלָדִים.	hа-ганэ́нет медабéрет им hа-еладӣ́м.	Воспитательница разговаривает с детьми.
1292	s_1dbe7f4ae357_f.mp3	אֲנִי כּוֹתֶבֶת שִׁעוּרֵי בַּיִת.	анӣ́ коте́вет шиурéй бáит.	Я делаю домашнее задание.
1293	s_e4f528f638ee.mp3	יֵשׁ לִי חוֹבֶרֶת חֲדָשָׁה.	йеш ли ховéрет хадашá.	У меня есть новая тетрадь.
1294	s_cbd53d6cde2b.mp3	הַחוֹפֶשׁ הַגָּדוֹל מַתְחִיל בְּיוּלִי.	hа-хóфеш hа-гадóль матхӣ́ль бе-ю́ли.	Летние каникулы начинаются в июле.
1295	s_acf51c6ddee3.mp3	יֵשׁ לָהֶם חַיַּת מַחְמָד.	йеш лаhэ́м хайя́т махмáд.	У них есть домашний питомец.
1296	s_64b0ca9c8eef.mp3	הַכֶּלֶב הוֹלֵךְ לַוֶטֶרִינָר הַיּוֹם.	hа-кéлев hолéх ла-ветеринáр hайóм.	Собака идёт к ветеринару сегодня.
1297	s_c97ab1acc461.mp3	אֲנַחְנוּ הוֹלְכִים לְפַארְק כְּלָבִים.	анáхну hолехӣ́м ле-пáрк клавӣ́м.	Мы идём в собачий парк.
1298	s_c60a609265e4.mp3	אֶתְמוֹל עָבַדְתִּי הַרְבֵּה מְאוֹד.	этмóль авáдти hарбэ́ меóд.	Вчера я очень много работал.
1299	s_947598d27293.mp3	שִׁלְשׁוֹם רָאִיתִי סֶרֶט מְצוּיָּן.	шильшóм раӣ́ти сéрет мецуйáн.	Позавчера я посмотрел отличный фильм.
1300	s_57e6bec7d989.mp3	הָיִיתִי שָׁם לִפְנֵי שָׁבוּעַ.	hайӣ́ти шам лифнéй шавӯ́а.	Я был там неделю назад.
1301	s_4a5417fc0ee4.mp3	בַּשָּׁנָה שֶׁעָבְרָה גַּרְתִּי בִּירוּשָׁלַיִם.	ба-шанá ше-аврá гáрти би-Йерушалáим.	В прошлом году я жил в Иерусалиме.
1302	s_3f37a9b03914_f.mp3	אֲנִי כְּבָר מוּכָנָה לָצֵאת.	анӣ́ квар мухана́ лацéт.	Я уже готов выходить.
1303	s_16eaa2c073f1_f.mp3	אֲנִי עוֹד לֹא מוּכָנָה.	анӣ́ од ло мухана́.	Я ещё не готов.
1304	s_36cb85268347.mp3	הֲבַנְתֶּם אֶת הַשִּׁעוּר הַיּוֹם?	hавантéм эт hа-шиъýр hа-йом?	Вы поняли сегодняшний урок?
1305	s_91c6e7c9add1.mp3	לְהֵיכָן טַסְתָּ בַּחוֹפֶשׁ הָאַחֲרוֹן?	леhэхáн тáста ба-хóфеш hа-ахарóн?	Куда ты летал в прошлый отпуск?
1306	s_be74d4aac05b.mp3	הֵם קָמוּ מוּקְדָּם הַבּוֹקֶר.	hэм кáму мукдáм hа-бóкер.	Они встали сегодня утром.
1307	s_b01e729ca435.mp3	אֲנַחְנוּ עוֹשִׂים קְנִיּוֹת בַּסּוּפֶּר.	анáхну осӣ́м книйóт ба-сýпер.	Мы делаем покупки в супермаркете.
1308	s_d94e79c18be2.mp3	מָה עָשִׂיתָ לִפְנֵי כֵן?	ма асӣ́та лифнéй хен?	Что ты делал до этого?
1309	s_cd9115a6d3c5.mp3	נְדַבֵּר שׁוּב אַחֲרֵי כֵן.	недабéр шув ахарéй хен.	Поговорим снова после этого.
1310	s_32f7b4f3aeec.mp3	מָה רָצִיתָ לְהַגִּיד לִי?	ма рацӣ́та леhагӣ́д ли?	Что ты хотел мне сказать?
1311	s_249540f0c4f1.mp3	הָיָה לִי יוֹם טוֹב.	hайá ли йом тов.	У меня был хороший день.
1312	s_0047a0317392.mp3	הָיְתָה לִי פְּגִישָׁה אֶתְמוֹל.	hайтá ли пгишá этмóль.	У меня была встреча вчера.
1313	s_f547581ce34b.mp3	הָיוּ לִי הַרְבֵּה שְׁאֵלוֹת.	hайу́ ли hарбé шъэлóт.	У меня было много вопросов.
1314	s_af321857bbc4.mp3	לֹא הָיָה לִי זְמַן.	ло hайá ли зман.	У меня не было времени.
1315	s_a1a0aaca6610.mp3	הָאוֹכֶל הָיָה מְצוּיָּן אֶתְמוֹל.	hа-óхель hайá мецуйáн этмóль.	Еда вчера была отличной.
1316	s_01ae3be7b504.mp3	מָה הָיָה שָׁם אֶתְמוֹל?	ма hайá шам этмóль?	Что там было вчера?
1317	s_a2a02013b593_f.mp3	אֲנִי רוֹצָה לִשְׁלוֹחַ אִימֵייל.	анӣ́ роца́ лишлóах имéйл.	Я хочу отправить имейл.
1318	s_086d32a1c1b7.mp3	כָּתַבְתִּי לִפְנִיּוֹת הַצִּיבּוּר הַיּוֹם.	катáвти ли-фнийóт hа-цибӯ́р hа-йом.	Я написал в отдел обращений граждан сегодня.
1319	s_b2b6cbf55976.mp3	אֶפְשָׁר לְהַשְׁאִיר הוֹדָעָה קְצָרָה?	эфшáр леhашъӣ́р hодаá кцарá?	Можно оставить короткое сообщение?
1320	s_45ef7271be81.mp3	סְלִיחָה, זֹאת טָעוּת בַּמִּסְפָּר.	слихá, зот тау́т ба-миспáр.	Извините, это ошибка номером.
1321	s_95e006c75f12.mp3	יֵשׁ לִי שִׂיחָה מְמַתֶּנֶת.	йеш ли сихá мематéнет.	У меня входящий по второй линии.
1322	s_59beee027b2f_f.mp3	אֲנִי רוֹצָה לִשְׁלוֹחַ הוֹדָעָה.	анӣ́ роца́ лишлóах hодаá.	Я хочу отправить сообщение.
1323	s_8a502a818340.mp3	טוֹב, נְדַבֵּר אַחַר כָּךְ.	тов, недабéр áхар ках.	Ладно, поговорим позже.
1324	s_d5026c5a98c1.mp3	הָלַכְתִּי לְמִשְׂרַד הַפְּנִים הַיּוֹם.	hалáхти ле-мисрáд hа-пним hа-йом.	Я ходил в МВД сегодня.
1325	s_01fd751fd41c.mp3	קִבַּלְתִּי סַל קְלִיטָה הַחֹדֶשׁ.	кибáльти сал клитá hа-хóдеш.	Я получил корзину абсорбции в этом месяце.
1326	s_cb6045fdf8bc_f.mp3	אֲנִי קוֹרֵאת עִבְרִית קַלָּה.	анӣ́ ко́рет иврӣ́т калá.	Я читаю на простом иврите.
1327	s_cd908cca9083.mp3	בַּהַתְחָלָה הַכֹּל הָיָה קָשֶׁה.	ба-hатхалá hакóль hайá кашэ́.	Вначале всё было сложно.
1328	s_d76d38f397ce.mp3	זֶה סִיפּוּר חַיִּים מְעַנְיֵן.	зэ сипӯ́р хайӣ́м меаньéн.	Это интересная история жизни.
1329	s_9d1da93701f8.mp3	סִיַּמְתִּי אֶת רָמַת אָלֶף!	сийáмти эт рамáт áлеф!	Я закончил уровень Алеф!
1330	s_181bfb326aa5_f.mp3	אֲנִי מַתְחִילָה רָמַת בֵּית.	анӣ́ матхила́ рамáт бет.	Я начинаю уровень Бет.
1331	s_4a8760e22d34.mp3	מָתַי תָּבוֹא אֵלַי הַיּוֹם?	матáй тавó элáй hайóм?	Когда ты придёшь ко мне сегодня?
1332	s_cbae09c84736.mp3	יִהְיֶה בְּסֵדֶר, אֲסַדֵּר הַכֹּל.	yihyé beséder, asadér hakól.	Всё будет в порядке, я всё улажу.
1333	s_4652a24690d5.mp3	אֵלֶּה תְּנָאִים סוֹצְיָאלִיִּים מְצוּיָנִים.	э́ле тнаíм соцйáлийим мецуянíм.	Это отличные социальные условия.
1334	s_a67328c8a66a.mp3	מָה צִפִּיּוֹת הַשָּׂכָר שֶׁלְּךָ?	ма ципийóт hасахáр шельхá?	Каковы твои зарплатные ожидания?
1335	s_235f21218714.mp3	הַחֲנָיָה פֹּה כָּחוֹל לָבָן.	hаханайá по кахóль лавáн.	Здесь сине-белая парковка.
1336	s_249dbeb9bd6e.mp3	אָסוּר לַחֲנוֹת בְּאָדוֹם לָבָן.	асýр лаханóт беадóм лавáн.	Запрещено парковаться на красно-белом.
1337	s_fb693e9b27a3.mp3	קִבַּלְתִּי דּוּ"חַ חֲנָיָה הַיּוֹם.	кибáльти дýах ханайá hайóм.	Я получил штраф за парковку сегодня.
1338	pancher_baoto.mp3	יֵשׁ לִי פַּנְצֶ'ר בָּאוֹטוֹ.	йеш ли пáнчер баóто.	У меня прокол колеса в машине.
1339	s_3d7a83abe7bb.mp3	מְדוּבָּר בִּבְעָיָה קָשָׁה מְאוֹד.	медубáр би-въайá кашá меóд.	Речь идёт об очень трудной проблеме.
1340	s_68613ea16590_f.mp3	אֲנִי חוֹשֶׁבֶת עָלֶיךָ הַרְבֵּה.	анӣ хоше́вет алéха hарбэ́.	Я много думаю о тебе.
1341	s_c01ec44c24ce.mp3	הֵם מְדַבְּרִים עָלָיו עַכְשָׁו.	hем медабрӣ́м алáв ахшáв.	Они говорят о нём сейчас.
1342	s_ccec8d769212_f.mp3	אֲנִי יוֹדַעַת הַכֹּל עֲלֵיהֶם.	анӣ йода́ат hа-коль алеhéм.	Я знаю всё о них.
1343	s_960436507da1.mp3	הַקָּפֶה הַיּוֹם זֶה עָלַי!	hа-кафэ́ hа-йом зэ алáй!	Кофе сегодня за мой счёт!
1344	s_0931813d8d69.mp3	תַּגִּיד, מָה עוֹבֵר עָלֶיךָ?	тагӣ́д, ма овéр алéха?	Скажи, что с тобой происходит?
1345	s_64457f8333f7_f.mp3	אֲנִי בָּאָה אֵלֶיךָ עַכְשָׁו.	анӣ баа́ элéха ахшáв.	Я иду к тебе сейчас.
1346	s_7e1404170d57.mp3	הִיא הוֹלֶכֶת אֵלָיו הַבַּיְתָה.	hи hолéхет элáв hа-бáйта.	Она идёт к нему домой.
1347	s_35fac6ee6bdc.mp3	אַתֶּם בָּאִים אֵלֵינוּ הַיּוֹם?	атéм баӣ́м элéйну hа-йом?	Вы придёте к нам сегодня?
1348	s_6694ad26d787.mp3	אֲנַחְנוּ נוֹסְעִים אֲלֵיהֶם מָחָר.	анáхну носъӣ́м алеhéм махáр.	Мы едем к ним завтра.
1349	s_69a2d789af25.mp3	אַל תֵּלֵךְ לְשָׁם בִּלְעָדַי.	аль телéх ле-шам бильъадáй.	Не ходи туда без меня.
1350	s_5e6cdf51d7e8_f.mp3	אֲנִי לֹא הוֹלֶכֶת בִּלְעָדֶיךָ.	анӣ ло hоле́хет бильъадéха.	Я не пойду без тебя.
1351	s_4ad3a63b7f08.mp3	אֲנַחְנוּ לֹא נוֹסְעִים בִּלְעָדָיו.	анáхну ло носъӣ́м бильъадáв.	Мы не поедем без него.
1352	s_124dcf1dc473.mp3	בּוֹאוּ אַחֲרַי לַחֶדֶר הַזֶּה.	бóу ахарáй ла-хéдер hа-зэ́.	Идите за мной в эту комнату.
1353	s_a58ba61e66e3.mp3	אֵין שָׁם אִישׁ מִלְּבַדִּי.	эйн шам иш мильвадӣ́.	Там никого нет, кроме меня.
1354	s_f9a860b7f9ca.mp3	כּוּלָּם צוֹעֲקִים: אַחֲרַי לַצַּנְחָנִים!	кульáм цоакӣ́м: ахарáй ла-цанханӣ́м!	Все кричат: за мной в десант!
1355	s_31888a1f2381.mp3	יֵשׁ לְפָנֵינוּ דֶּרֶךְ אֲרוּכָּה.	йеш лефанéйну дéрех арухá.	Перед нами долгий путь.
1356	s_d6a82a2ad51b.mp3	אֵחַרְתִּי מִפְּנֵי שֶׁהָיָה פְּקָק.	эхáрти мипнéй ше-hайá пкак.	Я опоздал, потому что была пробка.
1357	s_9dd23e583e97.mp3	נִשְׁאַרְתִּי מִכֵּיוָון שֶׁיָּרַד גֶּשֶׁם.	нишъáрти микевáн ше-ярáд гéшем.	Я остался, так как шёл дождь.
1358	s_abf045c96d20.mp3	בָּאתִי לַמְרוֹת שֶׁהָיִיתִי עָיֵף.	бáти ламрóт ше-hайӣ́ти айéф.	Я пришёл, несмотря на то что устал.
1359	s_7d112b2b7d00.mp3	בָּאתִי, אַף-עַל-פִּי שֶׁהָיִיתִי עָיֵף.	бáти, аф-аль-пӣ́ ше-hайӣ́ти айéф.	Я пришёл, даже несмотря на то что устал.
1360	s_00a2fd9c2169.mp3	הִסְבַּרְתִּי כְּדֵי שֶׁתָּבִין הֵיטֵב.	hисбáрти кдэй ше-тавӣ́н hейтéв.	Я объяснил, чтобы ты хорошо понял.
1361	s_44930e0e9984.mp3	הַכֹּל קָרָה כְּפִי שֶׁאָמַרְתָּ.	hа-коль карá кефӣ́ ше-амáрта.	Всё произошло так, как ты сказал.
1362	s_f84814ce4148.mp3	הִקְשַׁבְתִּי בִּזְמַן שֶׁהוּא דִּבֵּר.	hикшáвти бизмáн ше-hу дибéр.	Я слушал, пока он говорил.
1363	s_fadfd2f7c6c9.mp3	חִכִּיתִי עַד שֶׁהוּא הִגִּיעַ.	хикӣ́ти ад ше-hу hигӣ́а.	Я ждал, пока он не пришёл.
1364	s_03c964046087_f.mp3	אֲנִי מַסְכִּימָה בִּתְנַאי שֶׁתָּבוֹא.	ани маскúм битнáй ше-тавó.	Я согласен при условии, что ты придёшь.
1365	s_5147f3af8906.mp3	תִּתְקַשֵּׁר בְּמִקְרֶה שֶׁיֵּשׁ בְּעָיָה.	титкашéр бэ-микрé ше-йéш бэайá.	Позвони в случае, если возникнет проблема.
1366	s_9bac6f36fb1e.mp3	זֶה קַל בְּהַשְׁוָאָה לָעָבָר.	зэ каль бэ-hашваá ла-авáр.	Это легко по сравнению с прошлым.
1367	s_c6872579c724.mp3	תּוֹצְאוֹת הַבְּדִיקָה הִגִּיעוּ הַיּוֹם.	тоцеóт hа-бдикá hигúу hайóм.	Результаты проверки пришли сегодня.
1368	s_0a10fbe43a5e.mp3	כָּל אָדָם רוֹצֶה חֵרוּת.	коль адáм роцэ́ херýт.	Каждый человек хочет свободы.
1369	zahal_megen.mp3	צַהַ"ל מֵגֵן עַל הַמְּדִינָה.	Цáхаль мегéн аль hа-мединá.	ЦАХАЛ защищает страну.
1370	s_0b07915812c8.mp3	הֵם פּוֹעֲלִים לְפִי הַהַנְחָיוֹת.	hэм поалúм лефú hа-hанхайóт.	Они действуют согласно инструкциям.
1371	s_ba8a467456c7.mp3	מִתְנַדְּבִים עוֹזְרִים לַקְּשִׁישִׁים בָּעִיר.	митнадвúм озрúм ла-кешишúм ба-úр.	Волонтёры помогают пожилым людям в городе.
1372	s_024286c0ed0a.mp3	אֵין סָפֵק שֶׁהוּא צוֹדֵק.	эйн сафéк ше-hу цодéк.	Нет сомнения, что он прав.
1373	s_8262b390357c.mp3	בַּסְּתָיו יֵשׁ שַׁלֶּכֶת יָפָה.	ба-стáв йéш шалéхет яфá.	Осенью красивый листопад.
1374	s_393ddd677ad9.mp3	לָמַדְנוּ אֶת תַּבְנִית הַבִּנְיָן.	ламáдну эт тавнúт hа-биньян.	Мы выучили модель биньяна.
1375	s_ff715cac3a09.mp3	זֶה בְּהֶמְשֵׁךְ לַשִּׂיחָה שֶׁלָּנוּ.	зэ бэ-hэмшéх ла-сихá шелáну.	Это в продолжение нашей беседы.
1376	s_3aa348c0a82d_f.mp3	כָּל הַכָּבוֹד, אַתְּ אַלּוּף!	коль hа-кавóд, ат алýф!	Молодец, ты чемпион!
1377	s_f2f462e54a2b_f.mp3	אֲנִי שׁוֹתָה קָפֶה הָפוּךְ.	анӣ шота́ кафé hафýх.	Я пью кофе капучино.
1378	s_a631a4b7d3c8_f.mp3	אַתְּ רוֹצָה קָפֶה שָׁחוֹר?	ат роца́ кафé шахóр?	Ты хочешь черный кофе?
1379	s_e891734c69d6_f.mp3	אֲנִי מְבַקֶּשֶׁת מַיִם קָרִים.	анӣ меваке́шет мáйим карӣ́м.	Я прошу холодную воду.
1380	s_7574bf55c7dd.mp3	יֵשׁ כָּאן מִיץ תַּפּוּזִים?	йеш кан миц тапузӣ́м?	Здесь есть апельсиновый сок?
1381	s_8ef4c94c671c.mp3	סְלִיחָה, אֶפְשָׁר חֶשְׁבּוֹן, בְּבַקָּשָׁה?	слихá, эфшáр хежбóн, бевакашá?	Извините, можно счет, пожалуйста?
1382	s_bb150b21e63c.mp3	הַמֶּלְצַר מֵבִיא תַּפְרִיט.	hа-мельцáр мевӣ תaфрӣ́т.	Официант приносит меню.
1383	s_be5b43c347e4.mp3	הַמֶּלְצָרִית עוֹבֶדֶת בַּמִּסְעָדָה.	hа-мельцарӣ́т овéдет ба-мисадá.	Официантка работает в ресторане.
1384	s_8ac87a1421a9.mp3	אֲנַחְנוּ רוֹצִים שׁוּלְחָן לִשְׁנַיִם.	анáхну роцӣ́м шульхáн лишнáим.	Мы хотим столик на двоих.
1385	s_ff5dc0f93c3e_f.mp3	אֲנִי שׁוֹתָה תֵּה בְּלִי סוּכָּר.	анӣ шота́ тэ бли сукáр.	Я пью чай без сахара.
1386	s_031b82d8a56f.mp3	יֵשׁ לָכֶם חֲלַב שְׁקֵדִים?	йеш лахéм халáв шкедӣ́м?	У вас есть миндальное молоко?
1387	s_897b75722395.mp3	זֶה חֲלַב שִׁיבּוֹלֶת שׁוּעָל.	зэ халáв шибóлет шуáль.	Это овсяное молоко.
1388	s_b09660f674f4.mp3	הִשְׁאַרְתָּ טִיפּ לַמֶּלְצַר?	hишъáрта тип ла-мельцáр?	Ты оставил чаевые официанту?
1389	s_29de0d06239d.mp3	מָה הַמָּנָה הָרִאשׁוֹנָה הַיּוֹם?	ма hа-манá hа-ришонá hа-йом?	Какое сегодня первое блюдо?
1390	s_ca63b683029d_f.mp3	אֲנִי מַזְמִינָה מָנָה עִיקָּרִית.	анӣ мазмина́ манá икарӣ́т.	Я заказываю основное блюдо.
1391	s_b83cc215d216.mp3	אַתֶּם רוֹצִים קִינּוּחַ מָתוֹק?	атéм роцӣ́м кинýах матóк?	Вы хотите сладкий десерт?
1392	s_bc72bb24967a.mp3	אֶפְשָׁר מַזְלֵג נָקִי, בְּבַקָּשָׁה?	эфшáр мазлéг накӣ́, бевакашá?	Можно чистую вилку, пожалуйста?
1393	s_23c40784104f.mp3	הַסַּכִּין הַזֶּה חַד מְאֹד.	hа-сакӣ́н hа-зэ хад меóд.	Этот нож очень острый.
1394	s_828fa10c0737.mp3	תֵּן לִי מַפִּית, בְּבַקָּשָׁה.	тэн ли мапӣ́т, бевакашá.	Дай мне салфетку, пожалуйста.
1395	s_43bdee1c9af6.mp3	בְּתֵאָבוֹן וְלִבְרִיאוּת לָכֶם!	бетеавóн ве-ливрӣ́ут лахéм!	Приятного аппетита и на здоровье вам!
1396	s_205058f23ca7.mp3	חֲדַר הָרַחְצָה נָקִי מְאֹד.	хадáр hа-рахцá накӣ́ меóд.	Ванная комната очень чистая.
1397	s_001045651d85.mp3	סְלִיחָה, אֵיפֹה הַשֵּׁירוּתִים?	слихá, э́йфо hа-шерутӣ́м?	Извините, где туалет?
1398	s_447c222484b0.mp3	יֵשׁ לָנוּ מִרְפֶּסֶת גְּדוֹלָה.	йеш лáну мирпéсет гдолá.	У нас есть большой балкон.
1399	s_65f410a55312.mp3	יֵשׁ סַפָּה נוֹחָה בַּסָּלוֹן.	йеш сапá нохá ба-салóн.	В гостиной есть удобный диван.
1400	s_874f46a84227.mp3	מְכוֹנַת הַכְּבִיסָה עוֹבֶדֶת עַכְשָׁיו.	мехонáт hа-квисá овéдет ахшáв.	Стиральная машина сейчас работает.
1401	s_0e8d3e741e7d.mp3	הָאוֹכֶל כְּבָר בַּתַּנּוּר.	hа-óхель квар ба-танýр.	Еда уже в духовке.
1402	s_53983aac3fbe_f.mp3	אֲנִי מְחַמֶּמֶת אוֹכֶל בַּמִּיקְרוֹגַל.	анӣ мехаме́мет óхель ба-микрогáль.	Я грею еду в микроволновке.
1403	s_63f0cf813340.mp3	אֲנַחְנוּ רוֹאִים טֶלֶוִיזְיָה בָּעֶרֶב.	анáхну роӣ́м телеви́зья ба-э́рев.	Мы смотрим телевизор вечером.
1404	s_fecf69aa54d0.mp3	הַמְּנוֹרָה עַל הַשּׁוּלְחָן.	hа-менорá аль hа-шульхáн.	Лампа стоит на столе.
1405	s_ee5c3c0b7beb.mp3	הַתְּמוּנָה תְּלוּיָה עַל הַקִּיר.	hа-тмунá тлуйá аль hа-кир.	Картина висит на стене.
1406	s_78466138b3ad.mp3	הָרִצְפָּה נְקִיָּה מְאֹד הַיּוֹם.	hа-рицпá некийá меóд hа-йом.	Пол сегодня очень чистый.
1407	s_8945547207c0.mp3	יֵשׁ שָׁטִיחַ יָפֶה בַּחֶדֶר.	йеш шатӣ́ах яфэ́ ба-хéдер.	В комнате красивый ковер.
1408	s_9c5c1931e991.mp3	תֵּן לִי סַבּוֹן, בְּבַקָּשָׁה.	тэн ли сабóн, бевакашá.	Дай мне мыло, пожалуйста.
1409	s_b6f0a9740479_f.mp3	אֲנִי נוֹסַעַת בָּרַכֶּבֶת הַקַּלָּה.	анӣ носа́ат ба-ракéвет hа-калá.	Я еду на трамвае.
1410	s_7af34cd153d3.mp3	יֵשׁ לְךָ כַּרְטִיס רַב-קַו?	йеш лехá картӣ́с рав-кав?	У тебя есть карточка Рав-Кав?
1411	s_56a9df5794aa.mp3	אֵיזֶה קַו מַגִּיעַ לַמֶּרְכָּז?	э́йзе кав магӣ́а ла-меркáз?	Какой маршрут идет в центр?
1412	s_772f655e275f.mp3	הַבַּיִת שֶׁלִּי קָרוֹב מְאֹד.	hа-бáит шелӣ́ карóв меóд.	Мой дом очень близко.
1413	s_4a3213f4f179.mp3	הַיָּם רָחוֹק מִכָּאן מְאֹד.	hа-ям рахóк ми-кан меóд.	Море очень далеко отсюда.
1414	s_7bd4623cf1ed.mp3	אֵיךְ מַגִּיעִים לַתַּחֲנָה הַמֶּרְכָּזִית?	эйх магӣ́им ла-таханá hа-мерказӣ́т?	Как добраться до центральной автостанции?
1415	s_b05da52f22f5.mp3	סְלִיחָה, אֵיפֹה זֶה נִמְצָא?	слихá, э́йфо зэ нимцá?	Извините, где это находится?
1416	s_5aa2d8b2829f_f.mp3	אֲנִי גָּרָה בְּמֶרְכַּז הָעִיר.	анӣ гара́ бе-меркáз hа-ӣ́р.	Я живу в центре города.
1417	s_80e3e2c52889.mp3	הַכְּבִישׁ הַזֶּה עָמוּס מְאֹד.	hа-квиш hа-зэ амýс меóд.	Это шоссе очень загружено.
1418	s_951c77db94bd.mp3	אֲנַחְנוּ הוֹלְכִים עַל הַמִּדְרָכָה.	анáхну hольхӣ́м аль hа-мидрахá.	Мы идем по тротуару.
1419	s_582bd5e3a506.mp3	יֵשׁ כָּאן מַעֲבַר חֲצִיָּה.	йеш кан маавáр хацийá.	Здесь есть пешеходный переход.
1420	s_c6575423e1e9.mp3	הַיּוֹם הוֹלְכִים לְחוֹף הַיָּם.	hа-йом hольхӣ́м ле-хоф hа-ям.	Сегодня идем на морской пляж.
1421	s_8fde90e59a71.mp3	זֶה פַּארְק יָפֶה מְאוֹד.	зэ парк яфэ́ меóд.	Это очень красивый парк.
1422	s_283e92f6edb9.mp3	זֶה נְמַל תְּעוּפָה גָּדוֹל.	зэ немáль теуфá гадóль.	Это большой аэропорт.
1423	s_615c19741c86.mp3	הַמָּטוֹס הַזֶּה גָּדוֹל מְאוֹד.	hа-матóс hа-зэ́ гадóль меóд.	Этот самолет очень большой.
1424	s_18b65261b6d5.mp3	יֵשׁ לוֹ מְכוֹנִית חֲדָשָׁה.	йеш ло мехонӣ́т хадашá.	У него новая машина.
1425	s_a073a8f6ab5d.mp3	זֹאת יַלְדָּה טוֹבָה מְאוֹד.	зот яльдá товá меóд.	Это очень хорошая девочка.
1426	s_80e5a05c6531.mp3	הַבַּעַל שֶׁלָּהּ עוֹבֵד פֹּה.	hа-бáаль шелáh овéд по.	Её муж работает здесь.
1427	s_6f2b4016d663.mp3	הִיא אִשָּׁה נֶחְמָדָה מְאוֹד.	hи ишá нехмадá меóд.	Она очень приятная женщина.
1428	s_7ab4bd50423d.mp3	מָחָר יִהְיֶה יוֹם שֵׁנִי.	махáр йихйé йом шенӣ́.	Завтра будет понедельник.
1429	s_74942f5febb7.mp3	נִפָּגֵשׁ בְּיוֹם שְׁלִישִׁי בַּבּוֹקֶר.	нипагéш бе-йóм шлишӣ́ ба-бóкер.	Мы встретимся во вторник утром.
1430	s_15fe99768bd4.mp3	נִפָּגֵשׁ בְּיוֹם רְבִיעִי בָּעֶרֶב.	нипагéш бе-йóм ревиӣ́ ба-э́рев.	Мы встретимся в среду вечером.
1431	s_eb7f1058b721_f.mp3	אֲנִי לוֹמֶדֶת בְּיוֹם חֲמִישִׁי.	анӣ́ ломе́дет бе-йóм хамишӣ́.	Я учусь в четверг.
1432	s_b23fe546f7f8.mp3	בְּיוֹם שִׁשִּׁי אֲנַחְנוּ נָחִים.	бе-йóм шишӣ́ анáхну нахӣ́м.	В пятницу мы отдыхаем.
1433	s_bdb5e7f5c29b.mp3	סוֹף שָׁבוּעַ נָעִים לְכוּלָּם!	соф шавӯ́а наӣ́м ле-хулáм!	Приятных выходных всем!
1434	s_bc9b033910f6_f.mp3	מָה אַתְּ עוֹשָׂה הַיּוֹם?	ма ат оса́ hайóм?	Что ты делаешь сегодня?
1435	s_c794b2d08a92_f.mp3	אֲנִי הוֹלֶכֶת הַבַּיְתָה עַכְשָׁיו.	анӣ́ hоле́хет hабáйта ахшáв.	Я иду домой сейчас.
1436	s_7d699dd64ff4.mp3	שָׁבוּעַ טוֹב לְכוּלָּם!	шавӯ́а тов ле-хулáм!	Хорошей недели всем!
1437	s_e228d2ccaf8f.mp3	סְלִיחָה, מָה הַשָּׁעָה עַכְשָׁיו?	слихá, ма hа-шаъá ахшáв?	Извините, который сейчас час?
1438	s_dd733633546a.mp3	יֵשׁ לִי חָבֵר אֶחָד.	йеш ли хавéр эхáд.	У меня есть один друг.
1439	s_e928634de004.mp3	הַשָּׁעָה עַכְשָׁיו שְׁתַּיִם בְּדִיּוּק.	hа-шаъá ахшáв штáйим бедъю́к.	Сейчас ровно два часа.
1440	s_eadc52757829.mp3	הַשָּׁעָה עַכְשָׁיו שָׁלוֹשׁ בְּדִיּוּק.	hа-шаъá ахшáв шалóш бедъю́к.	Сейчас ровно три часа.
1441	s_c39d4c3671a0.mp3	נִפָּגֵשׁ בְּשָׁעָה אַרְבַּע בְּדִיּוּק.	нипагéш бе-шаъá áрба бедъю́к.	Встретимся ровно в четыре часа.
1442	s_c1f967ccee3b.mp3	יֵשׁ פֹּה חֲמִישָּׁה תַּלְמִידִים.	йеш по хамишá тальмидӣ́м.	Здесь пять учеников.
1443	s_7732d338be7c.mp3	הַשָּׁעָה שֵׁשׁ בַּבּוֹקֶר עַכְשָׁיו.	hа-шаъá шеш ба-бóкер ахшáв.	Сейчас шесть часов утра.
1444	s_d42eab7c68a3.mp3	בַּשָּׁבוּעַ יֵשׁ שִׁבְעָה יָמִים.	ба-шавӯ́а йеш шивъá ямӣ́м.	В неделе семь дней.
1445	s_e1b81e6e4868.mp3	הַשִּׁעוּר מַתְחִיל בְּשָׁעָה שְׁמוֹנֶה.	hа-шиу́р матхӣ́ль бе-шаъá шмóнэ.	Урок начинается в восемь часов.
1446	s_456a21a4bd05.mp3	הַחֲנוּת נִפְתַּחַת בְּשָׁעָה תֵּשַׁע.	hа-ханӯ́т нифтáхат бе-шаъá тéша.	Магазин открывается в девять часов.
1447	s_068c534137bb.mp3	הַשָּׁעָה כְּבָר עֶשֶׂר בַּלַּיְלָה.	hа-шаъá квар э́сер ба-лáйла.	Уже десять часов вечера.
1448	s_233bf2159914.mp3	זֶה עוֹלֶה עֶשְׂרִים שְׁקָלִים.	зэ олé эсрӣ́м шкальӣ́м.	Это стоит двадцать шекелей.
1449	s_7843d9d71b51.mp3	הַנְּסִיעָה נִמְשֶׁכֶת אַרְבָּעִים דַּקּוֹת.	hа-несиá нимшéхет арбаъӣ́м дакóт.	Поездка длится сорок минут.
1450	s_87918a44d018.mp3	יֵשׁ בַּכִּתָּה חֲמִישִּׁים תַּלְמִידִים.	йеш ба-китá хамишӣ́м тальмидӣ́м.	В классе пятьдесят учеников.
1451	s_79f7a79680ba.mp3	הַחוּלְצָה עוֹלָה מֵאָה שְׁקָלִים.	hа-хульцá олá меá шкальӣ́м.	Рубашка стоит сто шекелей.
1452	s_e73186d6ca2a.mp3	הַמַּחְשֵׁב עוֹלֶה אֶלֶף שְׁקָלִים.	hа-махшéв олé э́леф шкальӣ́м.	Компьютер стоит тысячу шекелей.
1453	s_3d8f48355adc.mp3	תֵּן לִי יָד, בְּבַקָּשָׁה.	тен ли яд, бевакашá.	Дай мне руку, пожалуйста.
1454	s_0aea83a430a4.mp3	כּוֹאֶבֶת לִי הָרֶגֶל מְאוֹד.	коэ́вет ли hа-рéгель меóд.	У меня очень болит нога.
1455	s_a339c807bb26.mp3	הָאוֹזֶן שֶׁלִּי כּוֹאֶבֶת מְאוֹד.	hа-óзен шелӣ́ коэ́вет меóд.	У меня очень болит ухо.
1456	s_a795caa333ee.mp3	יֵשׁ לוֹ אַף גָּדוֹל.	йеш ло аф гадóль.	У него большой нос.
1457	s_dc1861b69c50.mp3	כּוֹאֶבֶת לִי שֵׁן עַכְשָׁיו.	коэ́вет ли шен ахшáв.	У меня сейчас болит зуб.
1458	s_5f42aebe239f.mp3	כּוֹאֵב לִי הַגַּב מְאוֹד.	коэ́в ли hа-гав меóд.	У меня очень болит спина.
1459	s_d1b0134b92eb.mp3	הַלֵּב שֶׁלִּי דּוֹפֵק מַהֵר.	hа-лев шелӣ́ дофéк маhéр.	Мое сердце быстро стучит.
1460	s_88a60781ded9.mp3	כּוֹאֶבֶת לִי הַבֶּטֶן הַיּוֹם.	коэ́вет ли hа-бэ́тен hайóм.	У меня сегодня болит живот.
1461	s_bdbc2e8aa361.mp3	יֵשׁ לִי חוֹם גָּבוֹהַּ.	йеш ли хом гавóаh.	У меня высокая температура.
1462	s_ea0a4fdffe1a.mp3	הִיא רוֹפְאָה טוֹבָה מְאוֹד.	hи рофъá товá меóд.	Она очень хороший врач.
1463	s_2b90c21a463f.mp3	בְּרִיאוּת זֶה הֲכִי חָשׁוּב.	бриу́т зэ hахӣ́ хашу́в.	Здоровье — это самое главное.
1464	s_08de590ba67f.mp3	הָאַמְבּוּלַנְס מַגִּיעַ מַהֵר מְאוֹד.	hа-áмбуланс магӣ́а маhéр меóд.	Скорая помощь приезжает очень быстро.
1465	s_64059787de74.mp3	תַּרְגִּישׁ טוֹב, חָבֵר שֶׁלִּי!	таргӣ́ш тов, хавéр шелӣ́!	Поправляйся, мой друг!
1466	s_f4fae4310ddd.mp3	תַּרְגִּישִׁי טוֹב וּתְנוּחִי הַרְבֵּה.	таргӣ́ши тов у-тну́хи hарбэ́.	Поправляйся и много отдыхай.
1467	s_22c2181470f9.mp3	הַכֹּל בְּסֵדֶר אֶצְלִי כָּעֵת.	hакóль бесéдер эцлӣ́ каэ́т.	У меня сейчас всё в порядке.
1468	s_cb7c6de8debd.mp3	לַחַץ הַדָּם שֶׁלּוֹ תַּקִּין.	лáхац hа-дам шелó такӣ́н.	Его кровяное давление в норме.
1469	s_053ccd3eb9dd_f.mp3	אֲנִי רוֹצָה לִקְבּוֹעַ תּוֹר.	анӣ́ роца́ ликбóа тор.	Я хочу записаться на приём.
1470	s_ce97bf50befb_f.mp3	אֲנִי הוֹלֶכֶת לְרוֹפֵא מִשְׁפָּחָה.	анӣ́ hоле́хет ле-рофэ́ мишпахá.	Я иду к семейному врачу.
1471	s_b77444489f03.mp3	קִבַּלְתִּי תּוֹצָאוֹת טוֹבוֹת הַיּוֹם.	кибáльти тоцаóт товóт hа-йом.	Я получил сегодня хорошие результаты.
1472	s_c9bd836609e0.mp3	יֵשׁ לִי בִּיטּוּחַ רְפוּאִי.	йеш ли битýах рефуӣ́.	У меня есть медицинская страховка.
1473	s_08b8bc575d88.mp3	יֵשׁ לָהּ דַּלֶּקֶת בַּגָּרוֹן.	йеш ла далéкет ба-гарóн.	У неё воспаление в горле.
1474	s_84785a1b9dec.mp3	עָשִׂיתִי חִיסּוּן נֶגֶד שַׁפַּעַת.	асӣ́ти хису́н нéгед шапáат.	Я сделал прививку против гриппа.
1475	s_a5439fd87503.mp3	הִיא מְנַהֶלֶת טוֹבָה מְאוֹד.	hи менаhéлет товá меóд.	Она очень хорошая руководительница.
1476	s_9980fd9d89d2.mp3	זֶה הַשָּׂכָר בְּרוּטוֹ שֶׁלִּי.	зэ hа-сахáр брýто шелӣ́.	Это моя зарплата брутто.
1477	s_18a6a3de2418_f.mp3	כְּמֵהָה אַתְּ מְקַבֵּל נֶטוֹ?	кáма ат мекабéль нéто?	Сколько ты получаешь нетто?
1478	s_e501538d1acd.mp3	קִבַּלְתִּי תְּלוּשׁ מַשְׂכּוֹרֶת הַיּוֹם.	кибáльти тлуш маскóрет hа-йом.	Я получил сегодня расчетный листок.
1479	s_bc1aca117900.mp3	חָתַמְתִּי עַל חוֹזֵה עֲבוֹדָה.	хатáмти аль хозэ́ аводá.	Я подписал трудовой договор.
1480	s_73c7a648ef27.mp3	יֵשׁ לָנוּ יְשִׁיבָה חֲשׁוּבָה.	йеш лáну йешивá хашувá.	У нас важное совещание.
1481	s_3911e5cf0607.mp3	יֵשׁ לָנוּ צֶוֶות נֶהֱדָר.	йеш лáну צֶוֶות неhедáр.	У нас замечательная команда.
1482	s_e70aaad205e5_f.mp3	אֲנִי עוֹבֶדֶת בְּמִשְׂרָה מְלֵאָה.	анӣ́ ове́дет бе-мисрá мелеá.	Я работаю на полную ставку.
1483	s_b405e7387358.mp3	הִיא רוֹצָה מִשְׂרָה חֶלְקִית.	hи роцá мисрá хелькӣ́т.	Она хочет неполную ставку.
1484	s_986dd876835d.mp3	יֵשׁ לִי עֲבוֹדָה מֵהַבַּיִת.	йеш ли аводá ме-hа-бáйт.	У меня работа из дома.
1485	s_d653eb54ca09.mp3	זֶה סְטַארְט-אַפּ חָדָשׁ וּמַצְלִיחַ.	зэ стáрт-ап хадáш у-мацлӣ́ах.	Это новый и успешный стартап.
1486	s_f7c285672144.mp3	זֶה פְּרוֹיֶקְט חָשׁוּב מְאוֹד.	зэ пройéкт хашу́в меóд.	Это очень важный проект.
1487	s_878b476ea333.mp3	שְׂכַר הַדִּירָה גָּבוֹהַּ כָּאן.	схар hа-дирá гавóа кан.	Арендная плата здесь высокая.
1488	s_3279e5f3f51c.mp3	דִּבַּרְתִּי עִם בַּעַל הַבַּיִת.	дибáрти им бáаль hа-бáйт.	Я поговорил с хозяином квартиры.
1489	s_832194ba29b5.mp3	שִׂילַּמְתִּי אֶת חֶשְׁבּוֹן הַחַשְׁמַל.	шилáмти эт хежбóн hа-хашмáль.	Я оплатил счет за электричество.
1490	s_5b7210d57a30.mp3	הִגִּיעַ חֶשְׁבּוֹן מַיִם גָּבוֹהַּ.	hигӣ́а хежбóн мáйим гавóа.	Пришел большой счет за воду.
1491	s_e27c4b9800cd.mp3	עָשִׂיתִי הַעֲבָרָה בַּנְקָאִית הַבּוֹקֶר.	асӣ́ти hааварá банкаӣ́т hа-бóкер.	Я сделал банковский перевод этим утром.
1492	s_acd2367e8d03.mp3	כָּתַבְתִּי צֶ׳ק לְבַעַל הַבַּיִת.	катáвти чек ле-вáаль hа-бáйт.	Я выписал чек хозяину квартиры.
1493	s_72274e4f015c.mp3	פָּתַחְתִּי הוֹרָאַת קֶבַע בַּבַּנְק.	патáхти hораáт кéва ба-банк.	Я оформил автоплатеж в банке.
1494	s_8d65982ebc5a.mp3	יֵשׁ לִי תְּעוּדַת עוֹלֶה.	йеш ли теудáт олé.	У меня есть удостоверение репатрианта.
1495	hakol_sababa.mp3	הַכֹּל סַבָּבָה, תּוֹדָה רַבָּה!	hакóль сабáба, тодá рабá!	Всё отлично, большое спасибо!
1496	s_5f2cd9e7d8e1.mp3	זוֹ חוּצְפָּה גְּדוֹלָה מְאוֹד.	зо хуцпá гдолá меóд.	Это очень большая наглость.
1497	s_528da73abe74.mp3	הַמְּסִיבָּה הַזֹּאת הָיְתָה אֵשׁ!	hа-месибá hа-зот hайтá эш!	Эта вечеринка была просто огонь!
1498	s_38ba39427d65.mp3	הָאוֹכֶל כָּאן פְּצָצָה מַמָּשׁ.	hа-óхель кан пцацá мамáш.	Еда здесь просто бомба.
1499	s_ddba7df2ccbc.mp3	אֵיזוֹ בָּאסָה שֶׁהוּא הָלַךְ.	э́йзо бáаса ше-hу hалáх.	Какой облом, что он ушел.
1500	s_37f29776aeb5.mp3	אַל תַּחְפּוֹר לִי כָּל-כָּךְ.	аль тахпóр ли коль-ках.	Не грузи меня так сильно.
1501	s_bc7dcbefc682.mp3	אָמַרְתִּי אֶת זֶה סְתָם.	амáрти эт зэ стам.	Я сказал это просто так.
1502	s_d26b5d88dcb7.mp3	יַאלְלָה, בּוֹאוּ נֵלֵךְ הַבַּיְתָה!	я́лла, бóу нелéх hабáйта!	Давайте, пошли домой!
1503	s_de4bd83844b9.mp3	תּוֹדָה רַבָּה, כַּפָּרָה עָלֶיךָ!	тодá рабá, капарá алéха!	Большое спасибо, дорогой мой!
1504	s_47ca406294b9.mp3	שָׁלוֹם, מָה נִשְׁמָע הַיּוֹם?	шалóм, ма нишмá hа-йом?	Привет, как сегодня дела?
1505	s_4d378356c295.mp3	שָׁלוֹם, מָה הוֹלֵךְ שָׁם?	шалóм, ма hолéх шам?	Привет, что там происходит?
1506	s_9d2b466069e9.mp3	אֵין מַצָּב שֶׁהוּא יָבוֹא.	эйн мацáв шэ-hу явó.	Исключено, что он придёт.
1507	s_7b2f30b964ed.mp3	אַל תֵּרֵד עָלַיו כָּכָה.	аль терéд алáв кáха.	Не наезжай на него так.
1508	s_cddb6d7e15c5.mp3	תּוֹדָה, הַכֹּל טוֹב אֶצְלִי.	тодá, hакóль тов эцлӣ́.	Спасибо, у меня всё хорошо.
1509	s_4f5b7c11c025_f.mp3	אֲנִי שׁוֹמַעַת חֲדָשׁוֹת עַכְשָׁו.	анӣ шома́ат хадашóт ахшáв.	Я сейчас слушаю новости.
1510	s_0bbcbd238ea7.mp3	הַכְּנֶסֶת מְאַשֶּׁרֶת אֶת הַחוֹק.	hа-кнéсет меашéрет эт hа-хок.	Кнессет утверждает закон.
1511	s_7ac237327df3.mp3	הַחַיָּל שׁוֹמֵר עַל הַגְּבוּל.	hа-хая́ль шомéр аль hа-гвуль.	Солдат охраняет границу.
1512	s_29b6f66e3b1f.mp3	הַחַיֶּלֶת חוֹזֶרֶת הַבַּיְתָה הַיּוֹם.	hа-хайéлет хозéрет hабáйта hайóм.	Солдатка сегодня возвращается домой.
1513	s_4e7c9c924a35.mp3	הַכַּלְכָּלָה בְּיִשְׂרָאֵל צוֹמַחַת עַכְשָׁו.	hа-калькалá бе-йисраэ́ль цомáхат ахшáв.	Экономика в Израиле сейчас растёт.
1514	s_f0f15f86bb4c.mp3	הַמִּשְׁטָרָה שׁוֹמֶרֶת עַל הַסֵּדֶר.	hа-миштарá шомéрет аль hа-сéдер.	Полиция следит за порядком.
1515	s_34ac086fbd69.mp3	הַמִּלְחָמָה הַזֹּאת תִּסְתַּיֵּם בְּקָרוֹב.	hа-мильхамá hа-зот тистайéм бе-карóв.	Эта война скоро закончится.
1516	s_451cd1462b19.mp3	הֵם חָתְמוּ עַל הֶסְכֵּם.	hем хатмӯ́ аль hескéм.	Они подписали соглашение.
1517	s_717591085cb1.mp3	סְפּוֹרְט חָשׁוּב לַגּוּף שֶׁלָּנוּ.	спорт хашӯ́в ла-гуф шелáну.	Спорт важен для нашего тела.
1518	s_38ca3938982c.mp3	הָרוֹפֵא בּוֹדֵק אֶת הָרֵיאוֹת.	hа-рофэ́ бодéк эт hа-реóт.	Врач проверяет лёгкие.
1519	s_9e1cfdf11cc3.mp3	יֵשׁ שֶׁבֶר בָּעֶצֶם הַזֹּאת.	йеш шéвер ба-э́цем hа-зот.	В этой кости есть перелом.
1520	s_52cef99c7211.mp3	יֵשׁ לוֹ עוֹר יָבֵשׁ.	йеш ло ор явéш.	У него сухая кожа.
1521	s_d54a13eefd1e.mp3	יֵשׁ כְּאֵב חָזָק בַּגַּב.	йеш кеэ́в хазáк ба-гав.	Есть сильная боль в спине.
1522	s_2f02bb06225c.mp3	יֵשׁ לָהּ סְחַרְחוֹרֶת קָשָׁה.	йеш ла схархóрет кашá.	У неё сильное головокружение.
1523	s_576680a0a591.mp3	יֵשׁ לִי בְּחִילָה עַכְשָׁו.	йеш ли бхилá ахшáв.	Меня сейчас тошнит.
1524	s_8f14d54edb08.mp3	זֹאת הָיְתָה נְפִילָה קָשָׁה.	зот hайтá нефилá кашá.	Это было тяжёлое падение.
1525	s_3af669550f47.mp3	יֵשׁ פְּצָעִים עַל הַיָּד.	йеш пцаӣ́м аль hа-йяд.	На руке есть раны.
1526	s_bb46302e1e32.mp3	יֵשׁ לוֹ נְשִׁימָה קָשָׁה.	йеш ло нешимá кашá.	У него тяжёлое дыхание.
1527	s_35423ffe92b6.mp3	יֵשׁ לוֹ בִּלְבּוּל רַב.	йеш ло бильбӯ́ль рав.	У него сильная спутанность сознания.
1528	s_4ab6b3d1fc80.mp3	סַבָּא לֹא מַרְגִּישׁ טוֹב.	сáба ло маргӣ́ш тов.	Дедушка плохо себя чувствует.
1529	s_1e943e521059.mp3	זֶה שַׁמְפּוֹ טוֹב לַשֵּׂעָר.	зэ шампó тов ла-сеáр.	Это хороший шампунь для волос.
1530	s_d8b772546dd6.mp3	אֵיפֹה מִשְׁחַת הַשִּׁינַּיִם שֶׁלְּךָ?	э́йфо мишхáт hа-шинáйим шелха́?	Где твоя зубная паста?
1531	s_f2bb5a88969c.mp3	צָרִיךְ לְהַחְלִיף אֶת הַמִּיטוּשׁ.	царӣ́х леhахлӣ́ф эт hа-митӯ́ш.	Нужно поменять подгузник.
1532	s_b7bf6b7efc71.mp3	זֶה מַסְרֵק חָדָשׁ שֶׁלּוֹ.	зэ масрéк хадáш шелó.	Это его новая расчёска.
1533	s_9c18f1f52e8d.mp3	שִׂים מָגֵן שֶׁמֶשׁ הַיּוֹם.	сим магéн шéмеш hайóм.	Нанеси защиту от солнца сегодня.
1534	s_e4174a1ef83c.mp3	הַכָּרִית הַזֹּאת נוֹחָה מְאֹד.	hа-карӣ́т hа-зот нóха меóד.	Эта подушка очень удобная.
1535	s_2f849a18aaaf.mp3	שִׂים שְׂמִיכָה חַמָּה עָלָיו.	сим смихá хамá алáв.	Положи тёплое одеяло на него.
1536	s_837476958090.mp3	סַבָּא הוֹלֵךְ עִם הֲלִיכוֹן.	сáба hолéх им hалихóн.	Дедушка ходит с ходунками.
1537	s_b47e591d978d.mp3	יֵשׁ לָהּ מַקֵּל הֲלִיכָה.	йеш ла макéль hалихá.	У неё есть трость для ходьбы.
1538	s_dcf0c84eec5a.mp3	נִמְדֹּד חֹם עִם מַד-חוֹם.	нимдóд хом им мад-хóм.	Измерим температуру термометром.
1539	s_db51fc1a05f1.mp3	נִבְדֹּק לַחַץ עִם מַד-לַחַץ.	нивдóк лáхац им мад-лáхац.	Проверим давление тонометром.
1540	s_fd56a3260b14.mp3	הַגְּלוּקוֹמֶטֶר מוּכָן לִבְדִיקַת הַסּוּכָּר.	hа-глюкóметер мухáн ли-вдика́т hа-сукáр.	Глюкометр готов к проверке сахара.
1541	s_eff3a4c1f154.mp3	הָרוֹפֵא מִשְׁתַּמֵּשׁ בִּסְטֶטוֹסְקוֹפּ כָּעֵת.	hа-рофэ́ миштамéш би-стетоскóп ка-э́т.	Врач сейчас слушает стетоскопом.
1542	s_797b39b79458.mp3	שִׂים מָרָק בִּקְעָרָה עֲמוּקָּה.	сим марáк би-кеарá амукá.	Налей суп в глубокую миску.
1543	s_703be03aaf0a.mp3	תֵּן לִי כּוֹס מַיִם.	тен ли кос мáйим.	Дай мне стакан воды.
1544	s_1a327e57b4d7.mp3	תִּשְׁתֶּה מַיִם עִם קַשִּׁית.	тиштé мáйим им кашӣ́т.	Пей воду через трубочку.
1545	s_e517824bfe8b.mp3	לְבַשׁ סִינָר לִפְנֵי הָאוֹכֶל.	левáш синáр лифнéй hа-óхель.	Надень нагрудник перед едой.
1546	s_350ac7818cd2.mp3	קַח טַבְלֶט אֶחָד בַּבּוֹקֶר.	ках таблéт эхáд ба-бóкер.	Прими одну таблетку утром.
1547	s_6cde1308a5eb.mp3	בְּלַע כַּמּוּסָה עִם מַיִם.	блá камусá им мáйим.	Проглоти капсулу с водой.
1548	s_b4168b37f2f0.mp3	זֶה מִינוּן נָכוֹן לַתְּרוּפָה.	зэ минӯ́н нахóн ла-труфá.	Это правильная дозировка лекарства.
1549	s_d5a890e24581.mp3	תִּשְׁתֶּה פַּרָצֵטָמוֹל כְּנֶגֶד חוֹם.	тиштé парацетамóл кнéгед хом.	Выпей парацетамол от температуры.
1550	s_e9c09f5d6d73.mp3	קַח מְשַׁכֵּךְ כְּאֵב עַכְשָׁו.	ках мешакéах кеэ́в ахшáв.	Прими обезболивающее сейчас.
1551	s_24d4393f5f7b.mp3	הָאָחוֹת נוֹתֶנֶת זְרִיקָה כָּעֵת.	hа-ахóт нотéнет зрикá ка-э́т.	Медсестра сейчас делает укол.
1552	s_9034bcfaa15f.mp3	הַמְטַפֶּלֶת שָׂמָה עֲנִיבַת תַּחְבּוֹשֶׁת.	hа-метапэ́лет самá анивáт тахбóшет.	Сиделка наложила косыночную повязку.
1553	s_0897133beb2f.mp3	צָרִיךְ לְהַחְלִיף אֶת הַתַּחְבּוֹשֶׁת.	царӣ́х леhахлӣ́ф эт hа-тахбóшет.	Нужно поменять повязку.
1554	s_981b1949e76d.mp3	הָרוֹפֵא עָשָׂה לוֹ אֶקְג.	hа-рофэ́ асá ло экэгэ́.	Врач сделал ему ЭКГ.
1555	s_eff29ca49945.mp3	הִיא לוֹקַחַת תְּרוּפָה בַּבּוֹקֶר.	hи локáхат труфá ба-бóкер.	Она принимает лекарство утром.
1556	s_c3f315d6b3c7.mp3	קַח כַּדּוּר לִפְנֵי אֲכִילָה.	ках кадӯ́р лифнéй ахилá.	Прими таблетку перед едой.
1557	s_9b850d11728c.mp3	שְׁתֵה מַיִם אַחֲרֵי אֲכִילָה.	штэ мáйим ахарéй ахилá.	Выпей воды после еды.
1558	s_7dcd78cc360a.mp3	קַח שְׁתֵּי פְּעָמִים בַּיּוֹם.	ках штэй пеамӣ́м ба-йóм.	Принимай два раза в день.
1559	s_69d76535115b.mp3	תְּרוּפָה כָּל שְׁמוֹנֶה שָׁעוֹת.	труфá коль шмóнэ шаóт.	Лекарство каждые восемь часов.
1560	s_56b9fc9b43d2_f.mp3	שָׁלוֹם, אֵיךְ אַתְּ מַרְגִּישָׁה?	шалóм, эйх ат маргиша́?	Привет, как ты себя чувствуешь?
1561	s_56b9fc9b43d2.mp3	שָׁלוֹם, אֵיךְ אַתְּ מַרְגִּישָׁה?	шалóм, эйх ат маргишá?	Привет, как ты себя чувствуешь?
1562	s_7ca95692d47b.mp3	הַאִם כּוֹאֵב לְךָ עַכְשָׁיו?	hаӣ́м коэ́в лехá ахшáв?	Тебе больно сейчас?
1563	s_2a43f45ff684.mp3	תַּגִּיד, אֵיפֹה כּוֹאֵב לְךָ?	тагӣ́д, э́йфо коэ́в лехá?	Скажи, где у тебя болит?
1564	s_9a58e59083cb_f.mp3	אַתְּ יְכוֹלָה לָקוּם לְאַט?	ат йехола́ лакӯ́м ле-áт?	Ты можешь медленно встать?
1565	s_388675f32ec4.mp3	בּוֹא נִרְחַץ פָּנִים עַכְשָׁיו.	бо нирхáц панӣ́м ахшáв.	Давай умоем лицо сейчас.
1566	s_f58b4b01e77d.mp3	עַכְשָׁיו נֹאכַל אֲרוּחָה חַמָּה.	ахшáв нохáль арухá хамá.	Сейчас поедим горячую еду.
1567	s_1bfe53af6792.mp3	אַל תִּירָא, הַכֹּל בְּסֵדֶר.	аль тирá, hа-кóль бе-сéдер.	Не бойся, всё в порядке.
1568	s_91f4686958f5_f.mp3	עוֹד רֶגַע אֲנִי בָּאָה.	од рéга анӣ́ баа́.	Ещё минутку, я иду.
1569	s_d08cf6567e10.mp3	נַעֲשֶׂה צַעַד קָטָן קָטָן.	наасэ́ цáад катáн катáн.	Сделаем совсем маленький шаг.
1570	s_9e76e23a818c.mp3	הַאִם יֵשׁ בְּעָיָה עַכְשָׁיו?	hаӣ́м йеш беайá ахшáв?	Есть ли проблема сейчас?
1571	s_8bbb786ddcf7.mp3	צָרִיךְ לִקְרֹא לְרוֹפֵא מַהֵר.	царӣ́х ликрó ле-рофэ́ маhéр.	Нужно быстро вызвать врача.
1572	s_bd9e44bff0f8.mp3	כְּבָר לָקַחְתִּי אֶת הַתְּרוּפָה.	квар лакáхти эт hа-труфá.	Я уже принял лекарство.
1573	s_3244f3231c83.mp3	נַזְמִין מָגֵן דָּוִד אָדוֹם.	назмӣ́н магéн давӣ́д адóм.	Мы вызовем скорую помощь (Маген Давид Адом).
1574	s_11ad89ccfc8a.mp3	הַמָּנוֹעַ פּוֹעֵל מְצוּיָן עַכְשָׁיו.	hа-манóа поэ́ль мецуйáн ахшáв.	Двигатель работает отлично сейчас.
1575	s_59767173fb34.mp3	צָרִיךְ לִבְדּוֹק אֶת הַבַּלָּמִים.	царӣ́х ливдóк эт hа-баламӣ́м.	Нужно проверить тормоза.
1576	s_7c28baae3eaf.mp3	הַמּוּסַכְנִיק הֶחְלִיף רְפִידוֹת בֶּלֶם.	hа-мусахнӣ́к hехлӣ́ф рефидóт бéлем.	Автомеханик заменил тормозные колодки.
1577	s_2c4c691af255.mp3	הַמַּצְבֵּר שֶׁל הָרֶכֶב הִתְרוֹקֵן.	hа-мацбéр шель hа-рéхев hитрокéн.	Аккумулятор машины разрядился.
1578	s_6b9ca6b956db.mp3	זֹאת תֵּיבַת הִילּוּכִים אוֹטוֹמָטִית.	зот тейвáт hилухӣ́м отомáтит.	Это автоматическая коробка передач.
1579	s_f3fab8b10665.mp3	יֵשׁ נְזִילָה מֵהָרַדְיָטוֹר הַזֶּה.	йеш незилá ме-hа-радйáтор hа-зэ.	Есть утечка из этого радиатора.
1580	s_1da35b21eecc.mp3	צָרִיךְ לְהוֹסִיף שֶׁמֶן מָנוֹעַ.	царӣ́х леhосӣ́ф шéмен манóа.	Нужно долить моторное масло.
1581	s_b99153e1d328.mp3	הַמּוּסַכְנִיק הֶחְלִיף אֶת הַמַּסְנֵן.	hа-мусахнӣ́к hехлӣ́ф эт hа-маснéн.	Автомеханик заменил фильтр.
1582	s_7093005354cd.mp3	הַמַּצָּת לֹא פּוֹעֵל כָּרָאוּי.	hа-мацáт ло поэ́ль ка-раӯ́й.	Свеча зажигания работает не должным образом.
1583	s_e1a8b3aceb06.mp3	הָאַלְטֶרְנָטוֹר לֹא טוֹעֵן מַצְבֵּר.	hа-альтернáтор ло тоэ́н мацбéр.	Генератор не заряжает аккумулятор.
1584	s_ee01e6b1c357.mp3	הַסְּטַרְטֶר לֹא מַתְנִיעַ כְּלָל.	hа-стáртер ло матнӣ́а клаль.	Стартер вообще не заводит.
1585	s_473baca9bf03.mp3	הַחְזֵק אֶת הַהֶגֶה הֵיטֵב.	hахзéк эт hа-héге hейтéв.	Держи руль крепко.
1586	s_ba750cbc1c38.mp3	צָרִיךְ לְמַלֵּא נוֹזֵל בְּלָמִים.	царӣ́х лемалé нозéль баламӣ́м.	Нужно залить тормозную жидкость.
1587	s_50b061f9edf9.mp3	צָרִיךְ לְהוֹסִיף נוֹזֵל קִירוּר.	Царӣ́х леhосӣ́ф нозéль кирýр.	Нужно добавить охлаждающую жидкость.
1588	s_63a04892ee48.mp3	הַפָּנָס הַקִּדְמִי שָׁבוּר.	hа-панáс hа-кидмӣ́ шавýр.	Передняя фара разбита.
1589	s_e3ab15068ced.mp3	הַשִּׁמְשָׁה הַקִּדְמִית נְקִיָּה.	hа-шимшá hа-кидмӣ́т некийá.	Лобовое стекло чистое.
1590	s_ec8b5e5993a4.mp3	הַמַּגְבִים לֹא עוֹבְדִים טוֹב.	hа-магвӣ́м ло овдӣ́м тов.	Дворники плохо работают.
1591	s_6ef67b6ffd2a.mp3	יֵשׁ חוֹר בָּאֶגְזוֹז.	Йеш хор ба-эгзóз.	В глушителе есть дыра.
1592	s_01d9764329d1.mp3	יֵשׁ נֶזֶק גָּדוֹל לָרֶכֶב.	Йеш нéзек гадóль ла-рéхев.	У автомобиля большой ущерб.
1593	s_990cbdcacc70.mp3	הִזְמַנּוּ חֶלְקֵי חִילּוּף לָרֶכֶב.	hизмáнну хелкéй хилýф ла-рéхев.	Мы заказали запчасти для машины.
1594	s_92fc330acd0f.mp3	תֵּן לִי מַפְתֵּחַ בְּרָגִים.	Тен ли мафтéах брагӣ́м.	Дай мне гаечный ключ.
1595	s_e96ab1874021_f.mp3	אֲנִי צָרִיךְ מְפַתַּחַת שְׁוֶודִי.	Анӣ царӣ́х мафтéах швéди.	Мне нужен разводной ключ.
1596	s_71855b344b88.mp3	הַמַּבְרֵג הַזֶּה קָטָן מִדַּי.	hа-маврéг hа-зэ катáн мидáй.	Эта отвёртка слишком мала.
1597	s_10973795f3c7.mp3	הַבּוֹרֶג הַזֶּה מְשׁוּחְרָר מְאוֹד.	hа-бóрег hа-зэ мешухрáр меóд.	Этот болт очень ослаблен.
1598	s_d4abf71b29d2_f.mp3	אֲנִי צָרִיךְ פְּלָיֶיר חֲזֵקָה.	Анӣ царӣ́х плáйер хазáк.	Мне нужны крепкие плоскогубцы.
1599	s_836af21ba706.mp3	הָרֶכֶב עוֹמֵד עַל גַּ׳ק.	hа-рéхев омéд аль джек.	Машина стоит на домкрате.
1600	s_6057106e63dd.mp3	הָרֶכֶב נִמְצָא עַל הַלִּיפְט.	hа-рéхев нимцá аль hа-лифт.	Машина находится на подъёмнике.
1601	s_954c297f210c.mp3	אֵיפֹה הַפַּטִּישׁ הַגָּדוֹל שֶׁלִּי?	Э́йфо hа-патӣ́ш hа-гадóль шелӣ́?	Где мой большой молоток?
1602	s_1afde4ac6492.mp3	אֵיפֹה מַד לַחַץ אֲוִויר?	Э́йфо мад лáхац авӣ́р?	Где манометр давления воздуха?
1603	s_d1314cf13e23.mp3	הַקּוֹמְפְּרֶסוֹר עוֹבֵד עַכְשָׁיו מְצוּיָן.	hа-компрéсор овéд ахшáв мецуйáн.	Компрессор сейчас отлично работает.
1604	s_2311670470e2.mp3	תְּחַבֵּר מַכְשִׁיר דִּיאַגְנוֹסְטִיקָה לָרֶכֶב.	Техабéр махшӣ́р диагнóстика ла-рéхев.	Подключи диагностический прибор к машине.
1605	s_6f7dbbea422d.mp3	הַסּוֹלְלָה שֶׁל הַמַּבְרֵגָה נִגְמְרָה.	hа-солелá шель hа-маврегá нигмерá.	Батарея шуруповёрта села.
1606	s_0fb751463b18.mp3	יֵשׁ לְךָ כַּבְלֵי הַתְנָעָה?	Йеш лехá кавлéй hатнаá?	У тебя есть провода для прикуривания?
1607	s_98265efd8d51.mp3	צָרִיךְ מַשְׁפֵּךְ לְמִלּוּי שֶׁמֶן.	Царӣ́х машпéх ле-милýй шéмен.	Нужна воронка для заливки масла.
1608	s_985ead95146e.mp3	קָנִיתִי מֵיכַל שֶׁמֶן חָדָשׁ.	Канӣ́ти мейхáль шéмен хадáш.	Я купил новую канистру масла.
1609	s_3001c3fcbcd6.mp3	תָּשִׂים כְּפָפוֹת עֲבוֹדָה עַכְשָׁיו.	Тасӣ́м кфафóт аводá ахшáв.	Надень сейчас рабочие перчатки.
1610	s_e978b706c0f9.mp3	יֵשׁ פֹּה סְמַרְטוּטִים נְקִיִּים.	Йеш по смартутӣ́м некийӣ́м.	Здесь есть чистые тряпки.
1611	s_55aa6b212931.mp3	תְּהַדֵּק אֶת הַחֵלֶק בַּמֶּלְחָצַיִם.	Теhадéк эт hа-хéлек ба-мелхацáим.	Зажми деталь в тисках.
1612	s_eee1e6d16c51.mp3	אֵיפֹה מַסּוֹר הַמַּתֶּכֶת שֶׁלָּנוּ?	Э́йфо масóр hа-матéхет шелáну?	Где наша ножовка по металлу?
1613	s_41d0c238535e.mp3	מַד הָעוֹמֶק מַרְאֶה שְׁחִיקָה.	Мад hа-óмек маръэ́ шхикá.	Глубиномер показывает износ.
1614	s_c00a957f2add.mp3	צָרִיךְ חוֹמֶר שִׁימּוּן לַבּוֹרֶג.	Царӣ́х хóмер шимýн ла-бóрег.	Нужна смазка для болта.
1615	s_fca3a9790739.mp3	תַּפְעִיל אֶת שׁוֹאֵב הַשֶּׁמֶן.	Тафъӣ́ль эт шоэ́в hа-шéмен.	Включи установку откачки масла.
1616	s_224d3342df23.mp3	תָּשִׂים מַעֲמָד תַּחַת הָרֶכֶב.	Тасӣ́м маамáд тáхат hа-рéхев.	Поставь опору под машину.
1617	s_f11d62f0930f.mp3	תִּפְתַּח אֶת אַרְגַּז הַכֵּלִים.	Тифтáх эт аргáз hа-келӣ́м.	Открой ящик с инструментами.
1618	s_2d13a8dfd171.mp3	תַּגִּיד, מָה הַבְּעָיָה בָּרֶכֶב?	Тагӣ́д, ма hа-беайá ба-рéхев?	Скажи, в чём проблема с машиной?
1619	s_ba1d920e1336.mp3	הַבּוֹקֶר הָרֶכֶב לֹא מֵנִיעַ.	hа-бóкер hа-рéхев ло менӣ́а.	Утром машина не заводится.
1620	s_29925d00d3b9.mp3	יֵשׁ רַעַשׁ מוּזָר מֵהַמָּנוֹעַ.	Йеш рáаш музáр ме-hа-манóа.	Из двигателя доносится странный шум.
1621	s_5e1e1e89dd89.mp3	בִּזְמַן עֲצִירָה הַבְּלָמִים חוֹרְקִים.	Бизмáн ацирá hа-бламӣ́м хоркӣ́м.	При остановке скрипят тормоза.
1622	s_32dc2f2b3ffe.mp3	אֶתְמוֹל נִדְלְקָה נוּרַת מָנוֹעַ.	Этмóль нидлекá нурáт манóа.	Вчера загорелся чек двигателя.
1623	s_7085d1d39510.mp3	הַמַּצְבֵּר שֶׁלִּי הִתְרוֹקֵן לְגַמְרֵי.	hа-мацбéр шелӣ́ hитрокéн легамрéй.	Мой аккумулятор полностью разрядился.
1624	s_63b5a4c2dc35.mp3	יֵשׁ דְּלִיפַת שֶׁמֶן גְּדוֹלָה.	Йеш делифáт шéмен гдолá.	Есть большая утечка масла.
1625	s_adf1a30edd1a.mp3	בַּנְּסִיעָה הַמָּנוֹעַ מִתְחַמֵּם מַהֵר.	Бансиá hа-манóа митхамéм маhéр.	Во время поездки мотор быстро нагревается.
1626	s_60774e2a0b01.mp3	הִרְגַּשְׁתָּ רְעִידָה חֲזָקָה בַּהֶגֶה?	hиргáшта реъидá хазакá ба-héге?	Ты почувствовал сильную вибрацию в руле?
1627	s_eb73d83d0516.mp3	כַּמָּה זֶה יַעֲלֶה בְּעֵרֶךְ?	Кáма зэ яалé бе-э́рех?	Сколько это примерно будет стоить?
1628	s_a057750adf59.mp3	אֶפְשָׁר הַצָּעַת מְחִיר לְתִיקּוּן?	Эфшáр hацаáт мехӣ́р ле-тикýн?	Можно расчет стоимости ремонта?
1629	s_81262baf3497.mp3	חֵלֶק מְקוֹרִי אוֹ חֲלִיפִי?	Хéлек мекорӣ́ о халифӣ́?	Деталь оригинальная или аналог?
1630	s_e8a4f25e395c.mp3	כַּמָּה זְמַן יִקַּח הַתִּיקּוּן?	Кáма зман йикáх hа-тикýн?	Сколько времени займет ремонт?
1631	s_e91ed534085e.mp3	הָרֶכֶב יִהְיֶה מוּכָן הַיּוֹם.	hа-рéхев йихйé мухáн hайóм.	Машина будет готова сегодня.
1632	s_e2122de45b94.mp3	נִתְקַשֵּׁר כְּשֶׁזֶּה יִהְיֶה מוּכָן.	Ниткашéр кше-зэ йихйé мухáн.	Мы позвоним, когда всё будет готово.
1633	s_ebc6842488a5.mp3	עָשִׂיתִי טִיפּוּל עֲשֶׂרֶת אֲלָפִים.	Асӣ́ти типýль асéрет алафӣ́м.	Я сделал плановое техобслуживание.
1634	s_c1f6e60f0c2f.mp3	סִיַּמְנוּ הֲכָנָה לְטֶסְט שְׁנָתִי.	Сийáмну hаханá ле-тэст шнатӣ́.	Мы завершили подготовку к ежегодному техосмотру.
1635	s_d97b3d3c4819.mp3	הַיּוֹם הָרֶכֶב עָבַר טֶסְט!	hайóм hа-рéхев авáр тэст!	Сегодня машина прошла техосмотр!
1636	s_f7093e241d35.mp3	יֵשׁ אַחְרָיוּת עַל הַתִּיקּוּן?	Йеш ахрайýт аль hа-тикýн?	Есть ли гарантия на ремонт?
1637	s_5941292d78cc.mp3	זֹאת חֶבְרַת בִּיטּוּחַ טוֹבָה.	Зот хеврáт битýах товá.	Это хорошая страховая компания.
1638	s_fb42a74f0bfb.mp3	שַׁמַּאי הָרֶכֶב כְּבָר בָּדַק.	Шамáй hа-рéхев квар бадáк.	Автооценщик уже всё проверил.
1639	s_7c95f872fdf6.mp3	מִילֵּאתָ דּוּ"חַ תְּאוּנָה מְפוֹרָט?	Милéта дóах теунá мефорáт?	Ты заполнил подробный отчёт об аварии?
1640	s_5fc1d3362c4b.mp3	קִבַּלְתָּ חֶשְׁבּוֹנִית וְקַבָּלָה בַּמּוּסָךְ?	Кибáльта хешбонӣ́т ве-кабалá ба-мусáх?	Ты получил квитанцию в автосервисе?
1641	s_8343aedd763a.mp3	נְסִיעָה טוֹבָה וּבְטוּחָה לָכֶם!	Несиá товá у-втухá лахéм!	Хорошей и безопасной поездки вам!
1642	s_e64425553f6d.mp3	הַיְּלָדִים יוֹשְׁבִים בַּמִּפְגָּשׁ.	hа-йеладӣ́м йошвӣ́м ба-мифгáш.	Дети сидят на утреннем сборе.
1643	s_944ec03596e9.mp3	הַיְּלָדִים מְשַׂחֲקִים בֶּחָצֵר.	hа-йеладӣ́м месахакӣ́м бе-хацéр.	Дети играют во дворе.
1644	s_8f223dbf0310.mp3	זֹאת מַגְלֵשָׁה גְּדוֹלָה מְאוֹד.	Зот маглешá гдолá меóд.	Это очень большая горка.
1645	s_838f9ddcd7a5.mp3	הִיא אוֹהֶבֶת אֶת הַנַּדְנֵדָה.	hи оhéвет эт hа-наднедá.	Она любит качели.
1646	s_7ca15b23db60.mp3	זֶה מִשְׂחָק חָדָשׁ בַּגַּן.	Зэ мисхáк хадáш ба-ган.	Это новая игра в детском саду.
1647	s_f205b3d6a2fa.mp3	הַיַּלְדָּה מְשַׂחֶקֶת עִם בּוּבָּה.	hа-яльдá месахéкет им бýба.	Девочка играет с куклой.
1648	s_7147ced87312.mp3	הֵם בּוֹנִים מִגְדָּל מִקּוּבִּיּוֹת.	hем бонӣ́м мигдáль ми-кубийóт.	Они строят башню из кубиков.
1649	s_ac71a0b478d9.mp3	הַיְּלָדִים מְפַסְּלִים בִּפְלַסְטֶלִינָה וּבָצֵק.	hа-йеладӣ́м мефаслӣ́м би-пластелӣ́на у-вацéк.	Дети лепят из пластилина и теста.
1650	s_249afb95fa4e.mp3	קַח צְבָעִים וּתְצַיֵּר יָפֶה.	Ках цваӣ́м у-тецайéр яфé.	Возьми цветные карандаши и красиво рисуй.
1651	s_450a48d3f602.mp3	אֵלֶּה טוּשִׁים צִבְעוֹנִיִּים מְאוֹד.	Éле тýшим цивъонийӣ́м меóд.	Это очень яркие фломастеры.
1652	s_f09026cc0ea0.mp3	תֵּן לִי דֶּבֶק, בְּבַקָּשָׁה.	Тен ли дéвек, бе-вакашá.	Дай мне клей, пожалуйста.
1653	s_de72224c604e.mp3	אֵלֶּה מִסְפָּרַיִם בְּטוּחוֹת לִילָדִים.	Éле миспарáйим бтухóт ле-йеладӣ́м.	Это безопасные ножницы для детей.
1654	s_b0edd47fc10d.mp3	נְצַיֵּר עַל בְּרִיסְטוֹל גָּדוֹל.	Нецайéр аль бристóль гадóль.	Нарисуем на большом ватмане.
1655	s_31d7b63df9a0.mp3	צָרִיךְ לְהַחְלִיף לוֹ חִיתּוּל.	Царӣ́х леhахлӣ́ф ло хитýль.	Нужно поменять ему подгузник.
1656	s_790b73770258.mp3	קַח מַגְבּוֹנִים לַחִים בַּתִּיק.	Ках магбонӣ́м лахӣ́м ба-тик.	Возьми влажные салфетки в сумке.
1657	s_e1b587661b36.mp3	אֵיפֹה הַמּוֹצֵץ שֶׁל הַתִּינוֹק?	Éйфо hа-моцéц шель hа-тинóк?	Где пустышка малыша?
1658	s_9d662bfa3e53.mp3	הַבַּקְבּוּק מָלֵא בְּמַיִם.	hа-бакбýк малé бе-мáйим.	Бутылочка полна воды.
1659	s_3aaf75227d55.mp3	עַכְשָׁיו אוֹכְלִים אֲרוּחַת עֶשֶׂר.	Ахшáв охлӣ́м арухáт éсер.	Сейчас мы едим второй завтрак.
1660	s_1b07232f9bfd.mp3	הַיּוֹם יֵשׁ קַבָּלַת שַׁבָּת.	hайóм йеш кабалáт шабáт.	Сегодня встреча Шаббата в саду.
1661	s_95ceba5bc5f0.mp3	הֵבֵאתָ בְּגָדִים לְהַחְלָפָה לַגַּן?	hевéта бгадӣ́м ле-hахлафá ла-ган?	Ты принёс сменную одежду в садик?
1662	s_d12264857435.mp3	שִׂים מִשְׂחָקִים בַּסַּלְסִילָה הַזֹּאת.	Сим мисхакӣ́м ба-сальсилá hа-зот.	Сложи игрушки в эту корзинку.
1663	s_f0194b721c78.mp3	בּוֹקֶר טוֹב לְכוּלָּם, יְלָדִים!	Бóкер тов ле-хулáм, йеладӣ́м!	Доброе утро всем, дети!
1664	s_a990d5d086cc.mp3	בּוֹאוּ נֵשֵׁב בְּמַעְגָּל עַכְשָׁיו.	Бóу нешéв бе-маэгáль ахшáв.	Давайте сядем в круг сейчас.
1665	s_33ed72c64452.mp3	יוֹסִי, תּוֹרְךָ עַכְשָׁיו לְשַׂחֵק.	Йóси, торхá ахшáв лесаֿхéк.	Йоси, сейчас твоя очередь играть.
1666	s_9bd0fba959c0.mp3	לֹא לְהַרְבִּיץ, מְדַבְּרִים בְּמִילִּים!	Ло леhарбӣ́ц, медабрӣ́м бе-милӣ́м!	Не драться, мы говорим словами!
1667	s_9b3bb16f3c0e.mp3	אֶפְשָׁר לְשַׁתֵּף בַּמִּשְׂחָק הַזֶּה?	Эфшáр лешатéф ба-мисхáк hа-зэ?	Можно поделиться этой игрой?
1668	s_8d59a467db0c.mp3	אַל תִּדְאַג, אִמָּא תָּבוֹא.	Аль тидъáг, ӣ́ма тавó.	Не волнуйся, мама скоро придёт.
1669	s_ddcecf2b3f95.mp3	יְלָדִים, לְמִי יֵשׁ פִּיפִּי?	Йеладӣ́м, ле-ми йеш пӣ́пи?	Дети, кто хочет в туалет?
1670	s_648e514744cc.mp3	עַכְשָׁיו אוֹסְפִים אֶת הַמִּשְׂחָקִים!	Ахшáв осфӣ́м эт hа-мисхакӣ́м!	Сейчас собираем все игрушки!
1671	s_b917ee7eb18e.mp3	שָׁטַפְתָּ יָדַיִם עִם סַבּוֹן?	Шатáфта ядáйим им сабóн?	Ты помыл руки с мылом?
1672	s_1b3b7875cf3a.mp3	כָּל הַכָּבוֹד, אֵיזֶה יוֹפִי!	Коль hа-кавóд, éйзе йóфи!	Молодец, какая красота!
1673	s_9136391f4e73.mp3	בּוֹא נְנַגֵּב אֶת הַדְּמָעוֹת.	Бо ненагéв эт hа-дмаóт.	Давай вытрем слёзы.
1674	s_29284c7e7870.mp3	חִיבּוּק גָּדוֹל וְהַכֹּל עוֹבֵר!	Хибýк гадóль ве-hа-коль овéр!	Большое объятие — и всё пройдёт!
1675	s_bf404099f9f8.mp3	עַכְשָׁיו זְמַן מְנוּחָה בַּגַּן.	Ахшáв зман менухá ба-ган.	Сейчас время отдыха в саду.
1676	s_9edc283eea76.mp3	שִׂימוּ נַעֲלַיִם, יוֹצְאִים לֶחָצֵר!	Сӣ́му наалáйим, йоцъӣ́м ле-хацéр!	Надевайте обувь, выходим во двор!
1677	s_513e976ae519.mp3	זְהִירוּת עַל הַמַּגְלֵשָׁה הַזֹּאת!	Зеhирýт аль hа-маглешá hа-зот!	Осторожно на этой горке!
1678	s_f4d5494dbd3e.mp3	מָה אָמַרְנוּ עַל חוֹל?	Ма амáрну аль холь?	Что мы говорили о песке?
1679	s_afa641c527bd.mp3	הִיא יָשְׁנָה שָׁעָה וָחֵצִי.	hи яшнá шаá ва-хéци.	Она поспала полтора часа.
1680	s_a60bbe9abc26.mp3	הָיְתָה לוֹ מַכָּה קְטַנָּה.	hайтá ло макá ктанá.	У него был небольшой ушиб.
1681	s_ae15ad36ba16.mp3	צָרִיךְ לְהָבִיא חִיתּוּלִים לַגַּן.	Царӣ́х леhавӣ́ хитӯлӣ́м ла-ган.	Нужно принести подгузники в садик.
1682	s_9f61eeedfce4.mp3	נָא לְהָבִיא בְּגָדִים לְהַחְלָפָה.	На леhавӣ́ бгадӣ́м ле-hахлафá.	Пожалуйста, принесите сменную одежду.
1683	s_a7a014fcd3bc.mp3	שַׁבָּת שָׁלוֹם לְכָל הַמִּשְׁפָּחָה!	Шабáт шалóм ле-холь hа-мишпахá!	Шаббат шалом всей семье!
1684	s_621c70905a87.mp3	נִתְרָאֶה מָחָר בַּבּוֹקֶר!	Нитраэ́ махáр ба-бóкер!	Увидимся завтра утром!
1685	s_167a7e87b128.mp3	יֵשׁ לוֹ דַּלֶּקֶת רֵיאוֹת.	Йеш ло далéкет реóт.	У него воспаление лёгких.
1686	s_e7ae505f76d7.mp3	יֵשׁ לָהּ דַּלֶּקֶת גָּרוֹן.	Йеш лаh далéкет гарóн.	У неё воспаление горла.
1687	s_ad4e9870b7f5.mp3	הִיא חוֹלָה בְּשַׁפַּעַת עַכְשָׁיו.	hи холá бе-шапáат ахшáв.	Она сейчас больна гриппом.
1688	s_b859b92997cf.mp3	זֹאת רַק הִצְטַנְּנוּת קַלָּה.	Зот рак hицтаненӯ́т калá.	Это просто лёгкая простуда.
1689	s_9e8fe8e3d993.mp3	יֵשׁ זִיהוּם בַּפֶּצַע הַזֶּה.	Йеш зиhӯ́м ба-пéца hа-зэ.	В этой ране инфекция.
1690	s_2fbbd44d9e20.mp3	יֵשׁ לַיֶּלֶד חוֹם גָּבוֹהַּ.	Йеш ла-йéлед хом гавóа.	У ребёнка высокая температура.
1691	s_21d47e3afcc1.mp3	הָרוֹפֵא מָצָא שֶׁבֶר בָּרֶגֶל.	hа-рофé мацá шéвер ба-рéгель.	Врач обнаружил перелом в ноге.
1692	s_0f2cd07102c4.mp3	זֶה רַק נֶקַע קַל.	Зэ рак нéка каль.	Это просто лёгкое растяжение связок.
1693	s_cac5baf50e96.mp3	יֵשׁ לִי אַלֶּרְגְיָה לִתְרוּפוֹת.	Йеш ли алéргйя ли-труфóт.	У меня аллергия на лекарства.
1694	s_aa8212b3f653.mp3	יֵשׁ לוֹ מַחֲלַת סוּכֶּרֶת.	Йеш ло махалáт сукéрет.	У него сахарный диабет.
1695	s_aa4d1b97bef6.mp3	לַחַץ הַדָּם שֶׁלּוֹ גָּבוֹהַּ.	Лáхац hа-дам шелó гавóа.	Его кровяное давление высокое.
1696	s_322b386d28b3.mp3	יֵשׁ לָהּ מִיגְרֶנָה חֲזָקָה.	Йеш лаh мигрéна хазакá.	У неё сильная мигрень.
1697	s_e26a68215679.mp3	יֵשׁ לַיֶּלֶד פְּרִיחָה קַלָּה.	Йеш ла-йéлед прихá калá.	У ребёнка лёгкая сыпь.
1698	s_a8194b9b4e66.mp3	יֵשׁ לוֹ קוֹצֶר נְשִׁימָה.	Йеш ло кóцер нешимá.	У него одышка.
1699	s_e1d730881dc2.mp3	הַתְּרוּפָה הַזֹּאת עוֹזֶרֶת לְצָרֶבֶת.	hа-труфá hа-зот озéрет ле-царéвет.	Это лекарство помогает от изжоги.
1700	s_25aae4239193.mp3	מַיִם עוֹזְרִים נֶגֶד עֲצִירוּת.	Мáим озрӣ́м нéгед ацирӯ́т.	Вода помогает против запора.
1701	s_a2e2dd34e754.mp3	יֵשׁ לוֹ שִׁלְשׁוּל וְחוֹם.	Йеш ло шильшӯ́ль ве-хом.	У него понос и температура.
1702	s_b65e1c9f5eb0.mp3	זֹאת כְּוִיָּה קַלָּה בַּיָּד.	Зот квийá калá ба-яд.	Это лёгкий ожог на руке.
1703	s_777a8529783f.mp3	הָרוֹפֵא חָבַשׁ אֶת הַפֶּצַע.	hа-рофé хавáш эт hа-пéца.	Врач перевязал рану.
1704	s_7b424e1269b9.mp3	הָיָה לוֹ הֶתְקֵף לֵב.	hайá ло hеткéф лев.	У него был сердечный приступ.
1705	s_42002c6db732.mp3	יֵשׁ לָהּ הַרְעָלַת קֵיבָה.	Йеш лаh hаръалáт кейвá.	У неё пищевое отравление.
1706	s_87684f6d6a8e.mp3	הִיא סוֹבֶלֶת מֵחֲרָדָה עַכְשָׁיו.	hи совéлет ме-харадá ахшáв.	Она сейчас страдает от тревожности.
1707	s_bd94002b249b.mp3	צָרִיךְ לַעֲשׂוֹת בְּדִיקַת שֶׁתֶן.	Царӣ́х лаасóт бдикáт шéтен.	Нужно сделать анализ мочи.
1708	s_a804fc661553.mp3	הָרוֹפֵא עָשָׂה אוּלְטְרָסָאוּנְד הַיּוֹם.	hа-рофé асá ултрасáунд hа-йом.	Врач сделал УЗИ сегодня.
1709	s_495dc7bf7063.mp3	עָשִׂיתִי בְּדִיקַת סִי-טִי הַיּוֹם.	Асӣ́ти бдикáт си-ти hа-йом.	Я сделал КТ-обследование сегодня.
1710	s_4bbd7f715551.mp3	יֵשׁ לִי הַפְנָיָה לְמוּמְחֶה.	Йеш ли hафнайá ле-мумхé.	У меня есть направление к специалисту.
1711	s_7086d3c2f3c2.mp3	שָׂמוּ לוֹ גֶּבֶס עַכְשָׁיו.	Сáму ло гéвес ахшáв.	Ему наложили гипс сейчас.
1712	s_e04301cd22e2.mp3	הָרוֹפֵא הוֹרִיד אֶת הַתְּפָרִים.	hа-рофé hорӣ́д эт hа-тфарӣ́м.	Врач снял швы.
1713	s_fa4f4463dd47.mp3	הַחוֹלֶה מְקַבֵּל עֵירוּי עַכְשָׁיו.	hа-холé мекабéль эрӯ́й ахшáв.	Пациент сейчас получает капельницу.
1714	s_68f9b6e2b3dc.mp3	הָלַכְנוּ אֶל רוֹפֵא יְלָדִים.	hалáхну эль рофé йеладӣ́м.	Мы пошли к педиатру.
1715	s_f301db757cbd.mp3	הָרוֹפֵא נִכְנַס לַחֲדַר נִיתּוּחַ.	hа-рофé нихнáс ла-хадáр нитӯ́ах.	Врач зашёл в операционную.
1716	s_13342f43fe26.mp3	עָשִׂינוּ בְּדִיקָה מַקְדִּימָה הַיּוֹם.	Асӣ́ну бдикá макдимá hа-йом.	Мы прошли предварительное обследование сегодня.
1717	s_edc60e9416cb.mp3	קָבַעְתִּי תּוֹר לָרוֹפֵא הַיּוֹם.	Кавáъти тор ла-рофé hа-йом.	Я записался на приём к врачу сегодня.
1718	s_a5e645a472c0.mp3	בַּמֶּה אוּכַל לַעֲזוֹר לְךָ?	Бамé ухáль лаазóр лехá?	Чем я могу вам помочь?
1719	s_5d49d15a87ea.mp3	אֵיפֹה בְּדִיּוּק כּוֹאֵב לְךָ?	Эйфо бедйӯ́к коэ́в лехá?	Где именно у вас болит?
1720	s_0cffc07e5835.mp3	כַּמָּה זְמַן מַרְגִּישׁ כָּכָה?	Кáма зман маргӣ́ш кáха?	Сколько времени вы так себя чувствуете?
1721	s_05f5f36425d3.mp3	תִּנְשׁוֹם עָמוֹק וְתַחֲזִיק.	Тиншóм амóк ве-тахзӣ́к.	Вдохните глубоко и задержите дыхание.
1722	s_72016de8b811.mp3	תִּפְתַּח אֶת הַפֶּה, בְּבַקָּשָׁה.	Тифтáх эт hа-пэ, бе-вакашá.	Откройте рот, пожалуйста.
1723	s_2be5a927d1b9.mp3	תִּשְׁכַּב עַל מִיטַּת הַבְּדִיקָה.	Тишкáв аль митáт hа-бдикá.	Ложитесь на смотровую кушетку.
1724	s_adc58fbc6f81.mp3	יֵשׁ לְךָ רְגִישׁוּת לִתְרוּפוֹת?	Йеш лехá регишӯ́т ли-труфóт?	У вас есть аллергия на лекарства?
1725	s_028f4069d6cf.mp3	זֶה נִרְאֶה כְּמוֹ דַּלֶּקֶת.	Зэ ниръэ́ кмо далéкет.	Это выглядит как воспаление.
1726	s_30898865c69a_f.mp3	אֲנִי רוֹשֶׁמֶת לְךָ אַנְטִיבִּיּוֹטִיקָה.	Анӣ роше́мет лехá антибийóтика.	Я выписываю вам антибиотик.
1727	s_e717cb6e8278.mp3	חָשׁוּב לִשְׁתּוֹת הַרְבֵּה מַיִם.	Хашӯ́в лиштóт hарбé мáйим.	Важно пить много воды.
1728	s_f768b0aa7534.mp3	תִּשָּׁאֵר בַּמִּיטָּה שְׁלוֹשָׁה יָמִים.	тишаэ́р ба-мита́ шлоша́ ями́м.	Оставайся в постели три дня.
1729	s_67cd505fbd08.mp3	הִנֵּה הַפְנָיָה לִבְדִיקַת דָּם.	hинэ́ hафная́ ли-вдика́т дам.	Вот направление на анализ крови.
1730	s_8428e67890ae.mp3	תַּחְזוֹר אֵלַי עִם הַתּוֹצָאוֹת.	тахзо́р эла́й им hа-тоцао́т.	Вернись ко мне с результатами.
1731	s_9a9f9f20b242.mp3	תִּיגַּשׁ לַמִּיּוּן בִּגְלַל הַחוֹם.	тига́ш ла-мию́н бигла́ль hа-хо́м.	Обратись в приёмный покой из-за температуры.
1732	s_6949db1fd031.mp3	הַמַּצָּב שֶׁלְּךָ מִשְׁתַּפֵּר יָפֶה.	hа-маца́в шелха́ миштапэ́р яфэ́.	Твоё состояние хорошо улучшается.
1733	s_aee8e53d587b.mp3	לֹא לַעֲשׂוֹת מַאֲמָץ גּוּפָנִי!	ло лаасо́т маама́ц гуфани́!	Не совершать физических усилий!
1734	s_199bc231afa1.mp3	אַל תִּדְאַג, הַכּוֹל בְּסֵדֶר.	аль тигда́г, hа-ко́ль бе-сэ́дер.	Не волнуйся, всё в порядке.
1735	s_6c1a9ba084b6.mp3	רְפוּאָה שְׁלֵמָה וְתַרְגִּישׁ טוֹב!	рефуа́ шлема́ ве-тарги́ш тов!	Скорейшего выздоровления и чувствуй себя хорошо!
1736	s_f6daa78a4b70.mp3	קַח תְּרוּפָה עִם אוֹכֶל.	ках труфа́ им о́хель.	Прими лекарство с едой.
1737	s_04c713235805.mp3	יֵשׁ לַתְּרוּפָה תּוֹפָעוֹת לְוַאי?	йеш ла-труфа́ тофао́т лева́й?	У этого лекарства есть побочные эффекты?
1738	s_fb5aa0a160e3.mp3	צָרִיךְ לְהַרְבּוֹת בִּמְנוּחָה בַּבַּיִת.	цари́х леhарбо́т би-мнуха́ ба-ба́йт.	Нужно больше отдыхать дома.
1739	s_ffde344978de.mp3	עָלֵינוּ לְשַׁלֵּם מַעַ״מ הַחוֹדֶשׁ.	але́йну лешале́м ма́ам hа-хо́деш.	Мы должны заплатить НДС в этом месяце.
1740	s_9fe7dcb2c8ac.mp3	שִׁילַּמְנוּ מִקְדָּמוֹת לְמַס הַכְנָסָה.	шила́мну микдамо́т ле-ма́с hахнаса́.	Мы заплатили авансы в подоходный налог.
1741	s_8f3ba7a15c92.mp3	יֵשׁ נִיכּוּי בַּמָּקוֹר מֵהַשָּׂכָר.	йеш нику́й ба-мако́р ме-hа-саха́р.	Есть удержание у источника из зарплаты.
1742	s_7cc5de7a9839.mp3	יֵשׁ לָהּ נְקוּדּוֹת זִיכּוּי.	йеш лаh некудо́т зику́й.	У неё есть льготные налоговые баллы.
1743	s_d09635fc79f3.mp3	קִבַּלְתִּי הֶחְזֵר מַס גָּדוֹל.	киба́льти hехзе́р мас гадо́ль.	Я получил большой возврат налога.
1744	s_bb963667de48.mp3	שְׁנַת מַס חֲדָשָׁה הִתְחִילָה.	шнат мас хадаша́ hитхи́ла.	Начался новый налоговый год.
1745	s_6b8f917626fc.mp3	זֹאת הוֹצָאָה מוּכֶּרֶת לְמַס.	зот hоцаа́ мукэ́рет ле-ма́с.	Это признанный налогом расход.
1746	s_9e6efa3af827.mp3	זֹאת הוֹצָאָה עִסְקִית הֶכְרֵחִית.	зот hоцаа́ иски́т hэхрехи́т.	Это необходимый деловой расход.
1747	s_951d262d91ce.mp3	חִשַּׁבְנוּ אֶת הַפְּחָת הַשְּׁנָתִי.	хиша́вну эт hа-пха́т hа-шнати́.	Мы рассчитали годовую амортизацию.
1748	s_c6c225874f35.mp3	הִגִּיעָה שׁוּמַת מַס סוֹפִית.	hиги́а шума́т мас софи́т.	Пришло окончательное налоговое извещение.
1749	s_6fc15fc2cc5f.mp3	פְּקִיד שׁוּמָה בָּדַק אוֹתָנוּ.	пкид шума́ бада́к ота́ну.	Налоговый инспектор проверил нас.
1750	s_10733964f1e4.mp3	הִגַּשְׁנוּ הַצְהָרַת הוֹן בַּזְּמַן.	hига́шну hацhара́т hон ба-зма́н.	Мы подали декларацию о капитале вовремя.
1751	s_527e074d6f1e.mp3	יֵשׁ לוֹ פְּטוֹר מִמַּס.	йеш ло птор ми-ма́с.	У него есть освобождение от налога.
1752	s_51fcd33495ca.mp3	הַחֶבְרָה מְשַׁלֶּמֶת מַס חֲבָרוֹת.	hа-хевра́ мешале́мет мас хаваро́т.	Компания платит корпоративный налог.
1753	s_d3d5dfb4ff60.mp3	זֹאת קֶרֶן פֶּנְסְיָה מְצוּיֶּנֶת.	зот ке́рен пе́нсья мецуе́нет.	Это отличный пенсионный фонд.
1754	s_0bfe08f672e6.mp3	הִיא קִבְּלָה פִּיצּוּיֵי פִּיטּוּרִין.	hи кибла́ пицуе́й питури́н.	Она получила выходное пособие.
1755	s_fb9c6672b55f.mp3	יֵשׁ תִּקְרַת הַכְנָסָה שְׁנָתִית.	йеш тикра́т hахнаса́ шнати́т.	Есть годовой потолок дохода.
1756	s_ddc8b355dd30.mp3	הוֹצֵאתִי חֶשְׁבּוֹנִית מַס לַלָּקוֹחַ.	hоце́ти хешбони́т мас ла-лако́ах.	Я выписал клиенту налоговую накладную.
1757	s_c31b600c7901.mp3	נִשְׁלְחָה חֶשְׁבּוֹנִית מַס קַבָּלָה.	нишлеха́ хешбони́т мас кабала́.	Была отправлена квитанция-накладная.
1758	s_28526ef22bbf.mp3	קִבַּלְנוּ חֶשְׁבּוֹנִית עִסְקָה לִתְשְׁלוּם.	киба́льну хешбони́т иска́ ли-тшлу́м.	Мы получили счёт на оплату.
1759	s_0d40d1e5cf7b.mp3	הוּפְקָה הוֹדָעַת זִיכּוּי לַלָּקוֹחַ.	hуфка́ hодаа́т зику́й ла-лако́ах.	Была выпущена кредит-нота клиенту.
1760	s_ce48ecdd91d0.mp3	בָּדַקְתִּי אֶת תְּלוּשׁ הַשָּׂכָר.	бада́кти эт тлуш hа-саха́р.	Я проверил расчетный лист.
1761	s_d4e6330b6396.mp3	מִילֵּאתִי טוֹפֶס 101 הַיּוֹם.	миле́ти то́фес ме́а ве-эха́д hайо́м.	Я заполнил бланк 101 сегодня.
1762	s_5d96e15b3203.mp3	קִבַּלְתִּי טוֹפֶס 106 מֵהַמַּעֲסִיק.	киба́льти то́фес ме́а ве-шэ́ш ме-hа-мааси́к.	Я получил форму 106 от работодателя.
1763	s_612adc4d0c4c.mp3	הִיא נִרְשְׁמָה כְּעוֹסֵק מוּרְשֶׁה.	hи ниршема́ ке-осэ́ муршэ́.	Она зарегистрировалась как лицензированный предприниматель.
1764	s_6778bce19788.mp3	הֵם הֵקִימוּ חֶבְרָה בְּעָ״מ.	hем hеки́му хевра́ бэ-э́м.	Они открыли компанию ООО.
1765	s_34556d8d4685.mp3	רוֹאֵה הַחֶשְׁבּוֹן הֵכִין מַאֲזָן.	роэ́ hа-хешбо́н hэхи́н мааза́н.	Бухгалтер подготовил баланс.
1766	s_9f7acd54108b.mp3	בָּדַקְנוּ דּוּ״חַ רֶוַח וְהֶפְסֵד.	бада́кну до́ах ре́вах ве-hефсэ́д.	Мы проверили отчет о прибылях и убытках.
1767	s_fcfe475c999b.mp3	יֵשׁ תַּזְרִים מְזוּמָּנִים חִיּוּבִי.	йеш тазри́м мезумани́м хиюви́.	Есть положительный денежный поток.
1768	s_1a7094598688.mp3	לַחֶבְרָה יֵשׁ נְכָסִים רַבִּים.	ла-хевра́ йеш нехаси́м раби́м.	У компании много активов.
1769	s_64e070536497.mp3	יֵשׁ לָנוּ הִתְחַיְּבוּיוֹת גְּדוֹלוֹת.	йеш ла́ну hитхайвуйо́т гдоло́т.	У нас большие финансовые обязательства.
1770	s_3ef6ed3a88b0.mp3	הַבַּנְק אִישֵּׁר אַשְׁרַאי נוֹסָף.	hа-банк ише́р ашра́й носа́ф.	Банк утвердил дополнительный кредит.
1771	s_008e5b2949b5.mp3	יֵשׁ לָנוּ מִינוּס בַּבַּנְק.	йеш ла́ну ми́нус ба-ба́нк.	У нас минус в банке.
1772	s_807f3f5743c9.mp3	בַּחֶשְׁבּוֹן יֵשׁ יִתְרַת זְכוּת.	ба-хешбо́н йеш йитра́т зхут.	На счёте есть положительный баланс.
1773	s_66eb5f1b8670.mp3	נָא לְהַעֲבִיר אֶת הַקַּבָּלוֹת.	на леhаавӣ́р эт hа-кабалóт.	Пожалуйста, передайте квитанции.
1774	s_8dd3be23ce8a.mp3	זֹאת הוֹצָאָה גְּדוֹלָה מְאוֹד.	зот hоцаá гдолá меóд.	Это очень большой расход.
1775	s_2bbe6fbc90c1.mp3	חֲסֵרָה לִי חֶשְׁבּוֹנִית אַחַת.	хасерá ли хеשбонӣ́т ахáт.	Мне не хватает одной квитанции.
1776	s_03e3aad4bf3c.mp3	צָרִיךְ לַעֲשׂוֹת תֵּיאוּם מַס.	царӣ́х лаасóт теӯ́м мас.	Нужно сделать согласование налога.
1777	s_ebcceb89c453.mp3	הַדּוּ״חַ הַשְּׁנָתִי הוּגַשׁ הַיּוֹם.	hа-дóах hа-шнатӣ́ hугáш hа-йом.	Годовой отчёт был подан сегодня.
1778	s_0d04b1a60353.mp3	יֵשׁ לְשַׁלֵּם אֶת הַמַּעַ״מ.	йеш лешалéм эт hа-мáам.	Нужно заплатить НДС.
1779	s_63aea87233c0.mp3	הַאִם יֵשׁ לְךָ תְּעוּדָה?	hа-ӣ́м йеш лехá теудá?	Есть ли у тебя удостоверение?
1780	s_a99599cd474c.mp3	יֵשׁ לָנוּ הַכְנָסָה טוֹבָה.	йеш лáну hахнасá товá.	У нас хороший доход.
1781	s_564efcef80ee.mp3	זֶה תַּפְקִיד חָשׁוּב מְאוֹד.	зэ тафкӣ́д хашӯ́в меóд.	Это очень важная должность.
1782	s_90726ed7e69b.mp3	זֶה מַתְאִים לִי מְאוֹד.	зэ матъӣ́м ли меóд.	Это мне очень подходит.
1783	s_fd1faad731ff.mp3	צָרִיךְ לְעַדְכֵּן אֶת הַפְּרָטִים.	царӣ́х леъадкéн эт hа-пратӣ́м.	Нужно обновить данные.
1784	s_827d998d84bb.mp3	קִבַּלְתָּ מִכְתָּב מֵהַבַּנְק?	кибáльта михтáв ме-hа-банк?	Ты получил письмо из банка?
1785	s_ac3b67cbe29f.mp3	הַחֶשְׁבּוֹן שֶׁלְּךָ כְּבָר סָגוּר.	hа-хешбóн шельхá квар сагӯ́р.	Твой счёт уже закрыт.
1786	s_7c1330fc2266.mp3	אֶפְשָׁר לִפְרוֹס אֶת הַתַּשְׁלוּם.	эфшáр лифрóс эт hа-ташлӯ́м.	Можно разбить платёж на части.
1787	s_867059813d9f.mp3	נָא לַחְתּוֹם עַל הַטּוֹפֶס.	на лахтóм аль hа-тóфес.	Пожалуйста, подпишите бланк.
1788	s_67abd488b6a8.mp3	הַשָּׂכָר שֶׁלִּי מְאוֹד טוֹב.	hа-сахáр шелӣ́ меóд тов.	Моя зарплата очень хорошая.
1789	s_10a7283ca14b.mp3	יֵשׁ לְךָ נְקוּדַּת זִיכּוּי.	йеш лехá некудáт зикӯ́й.	У тебя есть льготный балл.
1790	s_6a1e3b80a7d2.mp3	מָה הָרֶוַח שֶׁל הַשָּׁנָה?	ма hа-рéвах шель hа-шанá?	Какова прибыль за этот год?
1791	s_aa074c9ecd7e.mp3	צָרִיךְ לִשְׁמוֹר אֶת הַקַּבָּלוֹת.	царӣ́х лишмóр эт hа-кабалóт.	Нужно сохранять квитанции.
1792	s_4b77bcf1ac9e.mp3	זֶה נִכְנָס תַּחַת הַהוֹצָאוֹת.	зэ нихнáс тáхат hа-hоцаóт.	Это входит в статью расходов.
1793	s_5312eb084db3.mp3	הַבַּנְק מְבַקֵּשׁ אֶת הַדּוּ״חַ.	hа-банк мевакéш эт hа-дóах.	Банк запрашивает отчёт.
1794	s_9f133c7b30ab.mp3	יֵשׁ לְהַגִּישׁ אֶת הַהַצְהָרָה.	йеш леhагӣ́ш эт hа-hацhарá.	Нужно подать декларацию.
1795	s_9e365d897858.mp3	שָׁנָה טוֹבָה וּמוּצְלַחַת לְכוּלָּם!	шанá товá у-муцлáхат ле-хулáм!	Хорошего и успешного года всем!
1796	s_a132f55e5d5d.mp3	אֲנַחְנוּ מְטַפְּלִים בַּכּוֹל עַכְשָׁיו.	анáхну метаплӣ́м ба-коль ахшáв.	Мы занимаемся всем сейчас.
1797	s_706fc0081cee.mp3	הַסִּפְרִיָּה פְּתוּחָה כָּל הַיּוֹם.	hа-сифрийá птухá коль hа-йом.	Библиотека открыта весь день.
1798	s_f23a47f5dfa2.mp3	הַסַּפְרָן עוֹזֵר לַקּוֹרְאִים שָׁם.	hа-сафрáн озéр ла-коръӣ́м шам.	Библиотекарь помогает читателям там.
1799	s_2a647c1cfb53.mp3	יֵשׁ לְךָ כַּרְטִיס קוֹרֵא?	йеш лехá картӣ́с корэ́?	У тебя есть читательский билет?
1800	s_e018eebca2aa.mp3	זֶה דַּלְפַּק הַשְׁאָלָה רָאשִׁי.	зэ далпáк hашъалá рашӣ́.	Это главная стойка выдачи книг.
1801	s_9b8887a8e03e.mp3	חֲדַר הָעִיּוּן שָׁקֵט מְאוֹד.	хадáр hа-ийӯ́н шакéт меóд.	Читальный зал очень тихий.
1802	s_822c09bd06e9.mp3	מַחְסַן הַסְּפָרִים גָּדוֹל מְאוֹד.	махсáн hа-сфарӣ́м гадóль меóд.	Книгохранилище очень большое.
1803	s_8599947fbc88.mp3	הַכּוֹנָנִית מְלֵאָה סְפָרִים חֲדָשִׁים.	hа-конанӣ́т мелеá сфарӣ́м хадашӣ́м.	Стеллаж полон новых книг.
1804	s_33398ee689c1.mp3	חַפֵּשׂ בַּקָּטָלוֹג הַמְּמוּחְשָׁב הַזֶּה.	хапéс ба-каталóг hа-мемухшáв hа-зэ.	Поищи в этом электронном каталоге.
1805	s_a73d4c86be20.mp3	מָה סִימַן הַמַּדָּף שֶׁלּוֹ?	ма симáн hа-мадáф шелó?	Какой у неё полочный шифр?
1806	s_41764c8a13b4.mp3	בְּדוֹק אֶת הַמִּסְתַּ״ב שֶׁלּוֹ.	бедóк эт hа-мистáв шелó.	Проверь его ISBN.
1807	s_ddd7c55d85d1.mp3	הַסּוֹרֵק לֹא קוֹרֵא בַּרְקוֹד.	hа-сорéк ло корэ́ баркóд.	Сканер не считывает штрихкод.
1808	s_08cba99097dd.mp3	זֹאת מַהֲדוּרָה חֲדָשָׁה מְאוֹד.	зот маhадурá хадашá меóд.	Это очень новое издание.
1809	s_9271e877b8b8.mp3	הַכֶּרֶךְ הַזֶּה עָבֶה מְאוֹד.	hа-кéрех hа-зэ авэ́ меóд.	Этот том очень толстый.
1810	s_0d1d2f9f3926.mp3	זֶה סֵפֶר עִיּוּן מְעַנְיֵן.	зэ сéфер ийӯ́н меаньéн.	Это интересная научно-популярная книга.
1811	s_dcacdfb5f624_f.mp3	אֲנִי אוֹהֶבֶת סִפְרוּת יָפָה.	анӣ оhе́вет сифрӯ́т яфá.	Я люблю художественную литературу.
1812	s_8cdb1a28e784.mp3	הַשְּׁנָתוֹן הַזֶּה חָדָשׁ מְאוֹד.	hа-шнатóн hа-зэ хадáш меóд.	Этот ежегодник очень новый.
1813	s_a13ac3d22d32.mp3	יֵשׁ אֶנְצִיקְלוֹפֶּדְיָה עַל הַמַּדָּף.	йеш энциклопéдья аль hа-мадáф.	На полке есть энциклопедия.
1814	s_8c891bc99c23_f.mp3	אֲנִי פּוֹתַחַת אֶת הַמִּילּוֹן.	анӣ пота́хат эт hа-милóн.	Я открываю словарь.
1815	s_dc9a5f940195.mp3	יֵשׁ לַסֵּפֶר כְּרִיכָה קָשָׁה.	йеш ла-сéфер крихá кашá.	У книги твёрдый переплёт.
1816	s_1c9ed69b9682.mp3	דִּיווַּחְנוּ עַל אוֹבְדַן סֵפֶר.	дивáхну аль овдáн сéфер.	Мы сообщили об утере книги.
1817	s_7e1586c1945e.mp3	שִׁילַּמְתִּי קְנַס אִיחוּר בַּסִּפְרִיָּה.	шилáмти кнас ихӯ́р ба-сифрийá.	Я заплатил штраф за просрочку в библиотеке.
1818	s_74d75f309642.mp3	זֹאת הַשְׁאָלָה בֵּין־סִפְרִיָּתִית מְהִירָה.	зот hашъалá бейн-сифрийатӣ́т меhирá.	Это быстрый межбиблиотечный абонемент.
1819	s_1d6c679fdb9d.mp3	הַמִּסְמָךְ נִמְצָא בָּאַרְכִיּוֹן.	hа-мисмáх нимцá ба-архийóн.	Документ находится в архиве.
1820	s_ba14aea30c0c.mp3	הָאַרְכִיבַאי מָצָא אֶת הַתִּיק.	hа-архивáй мацá эт hа-тик.	Архивист нашёл папку.
1821	s_2d6a684d0a0a.mp3	הַמֵּידְעָן מוֹצֵא מֵידָע חָשׁוּב.	hа-мейдъáн моцé медá хашӯ́в.	Специалист по информации находит важную информацию.
1822	s_afa375f3f6f3.mp3	זֹאת חֲטִיבָה גְּדוֹלָה בָּאִרְגּוּן.	зот хативá гдолá ба-иргӯ́н.	Это крупный отдел в организации.
1823	s_2f9d2e8432f1.mp3	פָּתַחְתִּי תִּיק חָדָשׁ בָּאַרְכִיּוֹן.	патáхти тик хадáш ба-архийóн.	Я открыл новую папку в архиве.
1824	s_be7e9141457f.mp3	הַפְּרוֹטוֹקוֹל נֶחְתַּם הַיּוֹם בַּבּוֹקֶר.	hа-протокóл нэхтáм hайóм ба-бóкер.	Протокол был подписан сегодня утром.
1825	s_94ed8ad51f66.mp3	קָרָאתִי אֶת כָּל הַתִּכְתּוֹבֶת.	карáти эт коль hа-тихтóвет.	Я прочитал всю переписку.
1826	s_15d507512ea6.mp3	זֶה תַּצְלוּם הִיסְטוֹרִי יָפֶה.	зэ тацлӯ́м hистóри яфэ́.	Это красивый исторический снимок.
1827	s_ada3a61706d8.mp3	חִפַּשְׂנוּ מֵידָע עַל מִיקְרוֹפִילְם.	хипáсну мейдá аль микрофӣ́льм.	Мы искали информацию на микрофильме.
1828	s_f61b118b30da.mp3	חִפַּשְׂתִּי בְּמַאֲגַר הַמֵּידָע הַזֶּה.	хипáсти бе-маагáр hа-мейдá hа-зэ́.	Я искал в этой базе данных.
1829	s_3b626e4968cd.mp3	הַמִּסְמָךְ נִשְׁמַר בַּגְּנִיזָה.	hа-мисмáх нишмáр ба-гнизá.	Документ хранился в генизе.
1830	s_dde395e351e1.mp3	יֵשׁ תְּקוּפַת שְׁמִירָה אֲרוּכָּה.	йеш ткуфáт шмирá арукá.	Есть долгий срок хранения.
1831	s_ccd946d3d01e.mp3	אֵין בִּיעוּר מִסְמָכִים הַשָּׁנָה.	эйн биъӯ́р мисмахӣ́м hа-шанá.	В этом году нет уничтожения документов.
1832	s_fc55f61efb73.mp3	שַׂמְתִּי הַכֹּל בְּקוּפְסַת אַרְכִיּוֹן.	сáмти hакóль бе-куфсáт архийóн.	Я положил всё в архивный короб.
1833	s_2a4ea58bb56f.mp3	הִשְׁוֵויתִי בֵּין מָקוֹר וְהֶעְתֵּק.	hишве́йти бейн макóр ве-hеътéк.	Я сравнил оригинал и копию.
1834	s_ee2d2ce4bae2.mp3	יֵשׁ נְגִישׁוּת מְלֵאָה לַצִּבּוּר.	йеш негишӯ́т мелеá ла-цибӯ́р.	Есть полный доступ для общественности.
1835	s_7934df432390.mp3	עָשִׂינוּ סְרִיקָה בְּרֶזוֹלוּצְיָה גְּבוֹהָה.	асӣ́ну срикá бе-резолӯ́цья гвоhá.	Мы сделали сканирование в высоком разрешении.
1836	s_84ac63c1277c.mp3	הַמִּסְמָךְ עָבַר שִׁימּוּר נְיָיר.	hа-мисмáх авáр шимӯ́р ния́р.	Документ прошёл консервацию бумаги.
1837	s_5c2cb68d3a7c.mp3	בָּדַקְנוּ אֶת הָאִינְוֶונְטָר בָּאַרְכִיּוֹן.	бадáкну эт hа-инвентáр ба-архийóн.	Мы проверили инвентарную опись в архиве.
1838	s_81d80fe659ea.mp3	לָמַדְנוּ אֶת חוֹק הָאַרְכִיּוֹנִים.	ламáдну эт хок hа-архийонӣ́м.	Мы изучили закон об архивах.
1839	s_4a8fae439268.mp3	שָׁמַרְנוּ עַל זְכוּיוֹת יוֹצְרִים.	шамáрну аль зхуйóт йоцрӣ́м.	Мы соблюдали авторские права.
1840	s_65fddd4ec9c0_f.mp3	אֵיךְ אֲנִי יְכוֹלָה לַעֲזוֹר?	эйх анӣ́ йехола́ лаазóр?	Как я могу помочь?
1841	s_e7a8ae38c6f8.mp3	הַסֵּפֶר נִמְצָא בַּקּוֹמָה הַשְּׁנִיָּיה.	hа-сéфер нимцá ба-комá hа-шнийá.	Книга находится на втором этаже.
1842	s_49c9c9e86f90.mp3	תּוּכַל לְחַפֵּשׂ בַּקָּטָלוֹג הַמְּמוּחְשָׁב.	тӯхáль лехапéс ба-каталóг hа-мемухшáв.	Вы сможете поискать в компьютерном каталоге.
1843	s_ff9858ec8c16.mp3	אֶפְשָׁר לְהַאֲרִיךְ אֶת הַהַשְׁאָלָה?	эфшáр леhаарӣ́х эт hа-hашаалá?	Можно продлить абонемент?
1844	s_1d2c542b2b9c.mp3	הַסֵּפֶר הַזֶּה מוּשְׁאָל כָּרֶגַע.	hа-сéфер hа-зэ́ мушъáль карéга.	Эта книга сейчас выдана.
1845	s_7c839ef7d8ec.mp3	יֵשׁ לָנוּ גִּרְסָה דִּיגִיטָלִית.	йеш лáну гирсá дигитáлит.	У нас есть цифровая версия.
1846	s_f4a712dad6cf.mp3	נָא לִשְׁמוֹר עַל הַשֶּׁקֶט.	на лишмóр аль hа-шéкет.	Пожалуйста, соблюдайте тишину.
1847	s_8837b260c0bf.mp3	פָּתַחְתִּי כַּרְטִיס קוֹרֵא חָדָשׁ.	патáхти картӣ́с корé хадáш.	Я открыл новый читательский билет.
1848	s_7ad06d975f88.mp3	אֵיפֹה מַחְלֶקֶת כִּתְבֵי הָעֵת?	э́йфо махлéкет китве́й hа-эт?	Где отдел периодических изданий?
1849	s_fa0206fc40f1.mp3	הַתִּיק דּוֹרֵשׁ הַזְמָנָה מֵרֹאשׁ.	hа-тик дорéш hазманá мерóш.	Папка требует предварительного заказа.
1850	s_e795ab2d64b2.mp3	יֵשׁ לַעֲטוֹת כְּפָפוֹת בָּאַרְכִיּוֹן.	йеш лаатóт кфафóт ба-архийóн.	Следует надеть перчатки в архиве.
1851	s_edbac6bcecd2.mp3	מוּתָּר לִסְרוֹק אֶת הַמִּסְמָךְ?	мутáр лисрóк эт hа-мисмáх?	Разрешено сканировать документ?
1852	s_7da7ceb9fd04.mp3	הַחוֹמֶר פָּתוּחַ לְעִיּוּן חוֹקְרִים.	hа-хóмер патӯ́ах ле-ийӯ́н хокрӣ́м.	Материал открыт для ознакомления исследователей.
1853	s_74c7247d484a.mp3	הַתִּיק תַּחַת תְּקוּפַת חִיסָּיוֹן.	hа-тик тáхат ткуфáт хисайóн.	Папка находится под грифом секретности.
1854	s_228f2b16c34b.mp3	מָתַי לְהַחְזִיר אֶת הַסְּפָרִים?	матáй леhахзӣ́р эт hа-сфарӣ́м?	Когда вернуть книги?
1855	s_ccc9f3e89a12.mp3	יֵשׁ לְךָ קְנָס קָטָן.	йеш лехá кнас катáн.	У вас есть небольшой штраф.
1856	s_3e22c6e5a7da.mp3	הִזְמַנּוּ סֵפֶר בְּהַשְׁאָלָה בֵּין-סִפְרִיָּיתִית.	hизмáнну сéфер бе-hашаалá бейн-сифрия́тит.	Мы заказали книгу по межбиблиотечному абонементу.
1857	s_947d80868bfc.mp3	הַסֵּפֶר אֵינוֹ לְהַשְׁאָלָה הַבַּיְתָה.	hа-сéфер эйнó ле-hашаалá hабáйта.	Книга не выдаётся на дом.
1858	s_b3f916f0155c.mp3	תּוּכַל לְהַדְפִּיס אֶת הַמַּאֲמָר.	тӯхáль леhадпӣ́с эт hа-маамáр.	Вы сможете распечатать статью.
1859	s_bd9227f4b99c.mp3	אָנוּ מְבַצְּעִים פְּרוֹיֶקְט דִּיגִיטַצְיָה.	áну мевацъӣ́м пройéкт дигитáцья.	Мы осуществляем проект оцифровки.
1860	s_f0be117af6bd.mp3	הַסֵּפֶר עוֹבֵר שִׁיקוּם וּכְרִיכָה.	hа-сéфер овéр шикӯ́м у-хрихá.	Книга проходит реставрацию и переплёт.
1861	s_595500268f45.mp3	הִנֵּה הַשִּׁיפֶר שֶׁל הַסֵּפֶר.	hинé hа-шӣ́фер шель hа-сéфер.	Вот шифр книги.
1862	s_bb9e854f40f1.mp3	מִלֵּאתִי טוֹפֶס בַּקָּשַׁת עִיּוּן.	милéти тóфес бакашáт ийӯ́н.	Я заполнил бланк запроса на ознакомление.
1863	s_2f0daab03c79.mp3	כָּל הַמֵּידָע שָׁמוּר בְּשָׁרָת.	коль hа-мейдá шамӯ́р бе-шарáт.	Вся информация сохранена на сервере.
1864	s_de4d44ca0d03.mp3	עֲבוֹדַת הַמֶּחְקָר שֶׁלְּךָ מְרַתֶּקֶת.	аводáт hа-мехкáр шельхá мератéкет.	Ваша исследовательская работа увлекательна.
1865	s_75e30debe9bd.mp3	הַגַּרְנִיק עוֹבֵד בְּלַחַץ גָּבוֹהַּ.	hа-гáрник овéд бе-лáхац гавóаh.	Аппарат высокого давления работает под высоким давлением.
1866	s_419535f13008.mp3	זֶה שַׁמְפּוּ לָרֶכֶב אֵיכוּתִי.	зэ шампӯ́ ла-рéхев эйхутӣ́.	Это качественный автошампунь.
1867	s_57b48a5623c6.mp3	נִגַּבְתִּי עִם מַטְלִית מִיקְרוֹפַיְיבֶּר.	нигáвти им матлӣ́т микрофáйбер.	Я протёр салфеткой из микрофибры.
1868	s_6e37b4cb0e94.mp3	נַקֵּה עִם סְפוֹג רְחִיצָה.	накé им сфог рехицá.	Помой губкой для мытья.
1869	s_fc04b3f18638.mp3	הַשּׁוֹאֵב אָבָק הַזֶּה חָזָק.	hа-шоэ́в авáк hа-зэ́ хазáк.	Этот пылесос мощный.
1870	s_29cc08a862ba.mp3	הַמַּדְחֵס פּוֹעֵל בְּלַחַץ גָּבוֹהַּ.	hа-мадхéс по'éль бе-лáхац гавóаh.	Компрессор работает под высоким давлением.
1871	s_49c2723a1805.mp3	מָרַחְנוּ וַקְס עַל הָרֶכֶב.	марáхну вакс аль hа-рéхев.	Мы нанесли воск на машину.
1872	s_0b952117a10c.mp3	עָשִׂינוּ פּוֹלִישׁ יָסוֹדִי לָרֶכֶב.	асӣ́ну пóлиш йесодӣ́ ла-рéхев.	Мы сделали основательную полировку машины.
1873	s_3b061747fd5f.mp3	הִשְׁתַּמַּשְׁתִּי בְּמַבְרִיק צְמִיגִים חָדָשׁ.	hиштамáшти бе-маврӣ́к цмигӣ́м хадáш.	Я использовал новый чернитель шин.
1874	s_3021ad9391ad.mp3	מִלֵּאתִי נוֹזֵל שְׁמָשׁוֹת בַּמְּכוֹנִית.	милéти нозéль шмашóт ба-мехонӣ́т.	Я залил омыватель стёкол в машину.
1875	s_90828f9e948f.mp3	רִסַּסְתִּי מֵסִיר שׁוּמָנִים עַכְשָׁו.	рисáсти месӣ́р шуманӣ́м ахшáв.	Я распылил обезжириватель сейчас.
1876	s_858dc424073a.mp3	מֵסִיר חֲרָקִים מְנַקֶּה מְצוּיָן.	месӣ́р харакӣ́м менакé мецуян.	Очиститель насекомых чистит отлично.
1877	s_cbee83f5ae12.mp3	קָנִינוּ מְנַקֵּה רִפּוּדִים חָזָק.	канӣ́ну менакé рипудӣ́м хазáк.	Мы купили сильный очиститель обивки.
1878	s_251e41a229ac.mp3	הַתַּרְסִיס לַדֶּשְׁבּוֹרְד מַבְרִיק מְאוֹד.	hа-тарсӣ́с ла-дéшборд маврӣ́к меóд.	Спрей для приборной панели очень блестит.
1879	s_5944e151318a.mp3	תָּלִיתִי עֵץ רֵיחַ בָּרֶכֶב.	талӣ́ти эц рéях ба-рéхев.	Я повесил ароматизатор-ёлочку в машине.
1880	s_bef4303b356e.mp3	לָבַשְׁתִּי כְּפָפוֹת גּוּמִי עָבוֹת.	лавáшти кфафóт гӯ́ми авóт.	Я надел плотные резиновые перчатки.
1881	s_a7abe99e3534.mp3	נָעַלְתִּי מַגָּפֵי גּוּמִי גְּבוֹהִים.	наáльти магафéй гӯ́ми гвоhӣ́м.	Я надел высокие резиновые сапоги.
1882	s_9a1e944c7dea.mp3	הָעוֹבֵד לוֹבֵשׁ סִינָר מָגֵן.	hа-овéд ловéш синáр магéн.	Работник носит защитный фартук.
1883	s_b6889f1454ee.mp3	זֹאת מִבְרֶשֶׁת גַּ׳נְטִים מְיוּחֶדֶת.	зот миврéшет жáнтим меюхéдет.	Это специальная щётка для дисков.
1884	s_4e2c6ee887c2.mp3	חִבַּרְתִּי אֶת צִנּוֹר הַמַּיִם.	хибáрти эт цинóр hа-мáйим.	Я подключил водяной шланг.
1885	s_0a22c6648aa3.mp3	הֶאֶקְדַּח שׁוֹטֵף בְּלַחַץ חָזָק.	hа-экдáх шотéф бе-лáхац хазáк.	Пистолет моет под сильным давлением.
1886	s_9cc52682ec39.mp3	נִכְנַסְנוּ אֶל מִנְהֶרֶת שְׁטִיפָה.	нихнáсну эль минhéрет штифá.	Мы заехали в туннельную автомойку.
1887	s_50cbfe4b1f41.mp3	מְיַבֵּשׁ פֶּן מְיַבֵּשׁ מַהֵר.	меябéш фен меябéш маhéр.	Фен-сушилка сушит быстро.
1888	s_a9133876a39f.mp3	הִזְמַנְתִּי שְׁטִיפָה חִיצוֹנִית לָרֶכֶב.	hизмáнти штифá хицонӣ́т ла-рéхев.	Я заказал наружную мойку автомобиля.
1889	s_1119beb36b94.mp3	עָשִׂינוּ נִקּוּי פְּנִימִי שָׁלֵם.	асӣ́ну никӯ́й пнимӣ́ шалéм.	Мы сделали полную внутреннюю чистку.
1890	s_c08373f86335.mp3	הָרֶכֶב עָבַר שְׁטִיפָה מַקִּיפָה.	hа-рéхев авáр штифá макифá.	Автомобиль прошёл комплексную мойку.
1891	s_f043109f19db.mp3	נִקִּינוּ אֶת הַשִּׁמְשָׁה הַקִּדְמִית.	никӣ́ну эт hа-шимшá hа-кидмӣ́т.	Мы вымыли лобовое стекло.
1892	s_d5320066bf3a.mp3	הַשִּׁמְשָׁה הָאֲחוֹרִית נְקִיָּה כָּעֵת.	hа-шимшá hа-ахорӣ́т некийá ка'éт.	Заднее стекло сейчас чистое.
1893	s_b9d57c093490.mp3	תִּסְגּוֹר אֶת חַלּוֹן הַצַּד.	тисгóр эт халóн hа-цад.	Закрой боковое окно.
1894	s_defdc0c9bfed.mp3	קִפַּלְתִּי אֶת הַמַּרְאָה הַצְּדָדִית.	кипáльти эт hа-мар'á hа-цдадӣ́т.	Я сложил боковое зеркало.
1895	s_b913cf0ee336.mp3	שָׁאַבְנוּ אֶת שְׁטִיחֵי הָרֶכֶב.	ша'áвну эт штихéй hа-рéхев.	Мы пропылесосили автомобильные коврики.
1896	s_e7235d010a5c.mp3	רָחַצְנוּ אֶת שְׁטִיחֵי הַגּוּמִי.	рахáцну эт штихéй hа-гӯ́ми.	Мы вымыли резиновые коврики.
1897	s_5a0e8f0b317c.mp3	שְׁטִיחֵי בַּד דּוֹרְשִׁים שְׁאִיבָה.	штихéй бад доршӣ́м шеивá.	Тканевые коврики требуют чистки пылесосом.
1898	s_0cade08e685c.mp3	הָרִפּוּדִים בָּרֶכֶב נְקִיִּים מְאוֹד.	hа-рипудӣ́м ба-рéхев некийӣ́м меóд.	Обивка в машине очень чистая.
1899	s_12cc40c811e0.mp3	נִקִּינוּ אֶת מוֹשְׁבֵי הָעוֹר.	никӣ́ну эт мошвéй hа-ор.	Мы очистили кожаные сиденья.
1900	s_855455fc8970.mp3	נִגַּבְתִּי אֶת הַדֶּשְׁבּוֹרְד הַיּוֹם.	нигáвти эт hа-дéшборд hайóм.	Я протёр приборную панель сегодня.
1901	s_d7151ffe143e.mp3	תָּא הַמִּטְעָן רֵיק וְנָקִי.	та hа-митъáн рек ве-накӣ́.	Багажник пустой и чистый.
1902	s_5ce573c39b65.mp3	הַגַּ׳נְטִים מַבְרִיקִים מֵרֹב נִקָּיוֹן.	hа-жáнтим маврикӣ́м ме-рóв никайóн.	Диски блестят от чистоты.
1903	s_2890866bc7c2.mp3	שָׁטַפְנוּ אֶת הַצְּמִיגִים הֵיטֵב.	шатáфну эт hа-цмигӣ́м hейтéв.	Мы хорошо помыли шины.
1904	s_a7684c46d96e.mp3	הַטֶּמְבּוֹר מְלוּכְלָךְ מְאוֹד כָּרֶגַע.	hа-тéмбор мелухлáх меóд карéга.	Бампер сейчас очень грязный.
1905	s_aa814acf5ed4.mp3	פָּתַחְנוּ אֶת מִכְסֵה הַמָּנוֹעַ.	патáхну эт михсé hа-манóах.	Мы открыли капот.
1906	s_05f7dc4b08b1.mp3	נִקִּינוּ אֶת גַּג הָרֶכֶב.	никӣ́ну эт гаг hа-рéхев.	Мы помыли крышу автомобиля.
1907	s_8a3567bfc6a9.mp3	נִגַּבְנוּ אֶת סַף הַדֶּלֶת.	нигáвну эт саф hа-дéлет.	Мы вытерли дверной порог.
1908	s_8699e113078a.mp3	עָשִׂינוּ פּוֹלִישׁ לַפָּנָסִים הַקִּדְמִיִּים.	асӣ́ну пóлиш ла-панасӣ́м hа-кидмийӣ́м.	Мы отполировали передние фары.
1909	s_fc79452447af.mp3	הֵסַרְנוּ אֶת כָּל הַפִּיחַ.	hесáрну эт коль hа-пӣ́ах.	Мы удалили всю копоть.
1910	s_976dd926779c.mp3	הָיָה לִכְלוּךְ קָשֶׁה מְאוֹד.	hайá лихлӯ́х кашé меóд.	Была очень сильная грязь.
1911	s_30620c66cc15.mp3	הַצִּפּוּי הַקֵּרָמִי מֵגֵן מְצוּיָן.	hа-ципӯ́й hа-керáми мегéн мецуян.	Керамическое покрытие отлично защищает.
1912	s_422e3a5aeea5.mp3	עָשִׂינוּ דִיטֵיְילִינְג מִקְצוֹעִי לָרֶכֶב.	асӣ́נו дитéйлинг микцоӣ́ ла-рéхев.	Мы сделали профессиональный детейлинг автомобиля.
1913	s_c42cb219879b.mp3	שָׁלוֹם, רַק שְׁטִיפָה חִיצוֹנִית?	шалóм, рак штифá хицонӣ́т?	Здравствуйте, только наружная мойка?
1914	s_f77e38399ce9.mp3	נָא לְקַפֵּל אֶת הַמַּרְאוֹת.	на лекапéль эт hа-мар'óт.	Пожалуйста, сложите зеркала.
1915	s_acbfa5f36ee4.mp3	תִּסְגּוֹר אֶת כָּל הַחַלּוֹנוֹת.	тисгóр эт коль hа-халонóт.	Закрой все окна.
1916	s_7ec0675a0530.mp3	יֵשׁ לָכֶם דְּבָרִים יְקָרִים?	йеш лахéм дварӣ́м йекарӣ́м?	У вас есть ценные вещи?
1917	s_940e33f1b491.mp3	יֵשׁ כֶּתֶם עַל הָרִפּוּד.	йеш кéтем аль hа-рипӯ́д.	На обивке есть пятно.
1918	s_c97a75a67583.mp3	נָא לְהַמְתִּין בַּחֲדַר הַהַמְתָּנָה.	на леhамтӣ́н ба-хадáр hа-hамтанá.	Пожалуйста, подождите в комнате ожидания.
1919	s_4bc63ba0a976.mp3	תִּפְתַּח אֶת תָּא הַמִּטְעָן.	тифтáх эт та hа-митъáн.	Открой багажник.
1920	s_f56cfd842ca2.mp3	הַמְּכוֹנִית שֶׁלְּךָ כְּבָר מוּכָנָה!	hа-мехонӣ́т шельхá квар муханá!	Твоя машина уже готова!
1921	s_a16c98641602.mp3	הַשְּׁטִיפָה לוֹקַחַת עֶשְׂרִים דַּקּוֹת.	hа-штифá локáхат эсрӣ́м дакóт.	Мойка занимает двадцать минут.
1922	s_2bf594233474.mp3	תִּזָּהֵר, הָרִצְפָּה כָּאן רְטוּבָה.	тизаhéр, hа-рицпá кан ретувá.	Осторожно, пол здесь мокрый.
1923	s_3f8b7b69243a.mp3	אֶפְשָׁר לְקַבֵּל כַּרְטִיס מָנוּי?	эфшáр лекабéль картӣ́с манӯ́й?	Можно получить карту постоянного клиента?
1924	s_fddb1eec017e.mp3	הַאִם לִשְׁאוֹב אֶת הַכִּסְּאוֹת?	hаи́м лиш'óв эт hа-кис'óт?	Пропылесосить сиденья?
1925	s_3c969f511d6b.mp3	שְׁפוֹךְ חוֹמֶר עַל הַגַּ׳נְטִים.	шфох хóмер аль hа-жáнтим.	Налей средство на диски.
1926	s_264058fd219f.mp3	סַע קָדִימָה לְאַט מְאוֹד.	са кадӣ́ма ле'áт меóд.	Езжай вперёд очень медленно.
1927	s_aec7dcd8b0db.mp3	נִקִּינוּ אֶת סִפֵּי הַדְּלָתוֹת.	никӣ́ну эт сипéй hа-длатóт.	Мы очистили дверные пороги.
1928	s_9ff9e316c46c.mp3	תִּבְדּוֹק אֶת הַתָּא הַצְּדָדִי.	тивдóк эт hа-та hа-цдадӣ́.	Проверь боковой карман.
1929	s_a6cb2f91d306.mp3	הַתַּשְׁלוּם מִתְבַּצֵּעַ בַּקּוּפָּה שָׁם.	hа-ташлӯ́м митбацéа ба-купá шам.	Оплата производится в кассе там.
1930	s_03fe4f425fa9.mp3	נְסִיעָה טוֹבָה וּבְטוּחָה לְךָ!	несиá товá у-втухá лехá!	Хорошей и безопасной поездки тебе!
1931	s_6554186cede9.mp3	יֵשׁ לִי חֶדֶר גָּדוֹל.	йеш ли хéдер гадóль.	У меня большая комната.
1932	s_e577811bf356.mp3	יִשְׂרָאֵל מְדִינָה קְטַנָּה מְאֹד.	Исраэ́ль мединá ктанá меóд.	Израиль — очень маленькая страна.
1933	s_ecf259d0a3e3.mp3	הַיּוֹם יוֹם טוֹב לְכוּלָּם.	hа-йом йом тов ле-хулáм.	Сегодня хороший день для всех.
1934	s_3051ba722b65.mp3	תֵּל אָבִיב עִיר יָפָה מְאֹד.	Тель Авӣв ир яфá меóд.	Тель-Авив — очень красивый город.
1935	s_de9f020ed38d_f.mp3	אֲנִי רוֹצָה תֵּה חַם.	анӣ роца́ тэ хам.	Я хочу горячий чай.
1936	s_c8f6720fa6a8.mp3	יֵשׁ פֹּה מַיִם קָרִים.	йеш по мáйим карӣ́м.	Здесь есть холодная вода.
1937	s_52150417b503.mp3	הָעוּגָה הַזֹּאת טְעִימָה מְאֹד.	hа-угá hа-зот теимá меóд.	Этот пирог очень вкусный.
1938	s_6d41aec4e614.mp3	הַמּוֹרֶה הַזֶּה נֶחְמָד מְאֹד.	hа-морé hа-зэ нехмáд меóд.	Этот учитель очень приятный.
1939	s_777f822ee1c7.mp3	הַלֶּחֶם הַזֶּה טָרִי מְאֹד.	hа-лéхем hа-зэ тарӣ́ меóд.	Этот хлеб очень свежий.
1940	s_fa7e48d297f8.mp3	הַתַּפּוּזִים פֹּה יְקָרִים מְאֹד.	hа-тапузӣ́м по йекарӣ́м меóд.	Апельсины здесь очень дорогие.
1941	s_326488f8a716.mp3	הָעַגְבָנִיּוֹת בַּשּׁוּק זוֹלוֹת מְאֹד.	hа-агванийóт ба-шук золóт меóд.	Помидоры на рынке очень дешёвые.
1942	s_a7c4e8ecddc9.mp3	הַמָּרָק הַזֶּה חָרִיף מְאֹד.	hа-марáк hа-зэ харӣ́ф меóд.	Этот суп очень острый.
1943	s_5fc4ff9ddc12.mp3	הַיּוֹם מֶזֶג אֲוִיר נָעִים.	hа-йом мéзег авӣр наӣ́м.	Сегодня приятная погода.
1944	s_1421bdfa8082.mp3	הִיא לוֹבֶשֶׁת שִׂמְלָה אֲדוּמָּה.	hи ловéшет симлá адумá.	Она носит красное платье.
1945	s_2d0b0081421f.mp3	דָּנָה קוֹנָה חוּלְצָה כְּחוּלָּה.	Дáна конá хульцá кхулá.	Дана покупает синюю рубашку.
1946	s_e7dd1f09f4cd.mp3	יֵשׁ לִי רֶכֶב לָבָן.	йеш ли рéхев лавáн.	У меня белая машина.
1947	s_2f9bc1566f0d_f.mp3	אֲנִי רוֹצָה אוֹכֶל בָּרִיא.	анӣ роца́ óхель барӣ́.	Я хочу здоровую еду.
1948	s_aea153a232d8.mp3	הָאִישׁ גָּבוֹהַּ מְאוֹד.	hа-и́ш гавóаh меóд.	Этот мужчина очень высокий.
1949	s_a7d537eb7bb0.mp3	הַמִּיטָה נְמוּכָה מְאוֹד.	hа-митá нмухá меóд.	Кровать очень низкая.
1950	s_351ed5a45b06.mp3	הִיא אִישָׁה צְעִירָה.	hи́ ишá цеирá.	Она молодая женщина.
1951	s_0036d371a132.mp3	הַשּׁוּלְחָן יָשָׁן מְאוֹד.	hа-шульхáн яшáн меóд.	Стол очень старый.
1952	s_c54ee7730150.mp3	הַמִּטְבָּח נְקִיָּה תָּמִיד.	hа-митбáх нкия́ тами́д.	Кухня всегда чистая.
1953	s_2186126dd94d.mp3	הַדִּירָה מְרוּהֶטֶת יָפֶה.	hа-дирá меруhэ́тет яфэ́.	Квартира красиво меблирована.
1954	s_968e751aedaa.mp3	הַשָּׁכֵן שָׁקֵט הַיּוֹם.	hа-шахэ́н шакэ́т hайо́м.	Сосед сегодня тихий.
1955	s_b39abb244f02.mp3	הַסֶּרֶט מְאוֹד רוֹמַנְטִי.	hа-сэ́рет меóд романти́.	Фильм очень романтичный.
1956	s_dd668bf135e2.mp3	הַהַרְצָאָה מְעַנְיֶנֶת מְאוֹד.	hа-hарцаá меанйэ́нет меóд.	Лекция очень интересная.
1957	s_7c3de9a14191.mp3	הַסֵּפֶר הַזֶּה מְשַׁעְמֵם.	hа-сэ́фер hазэ́ мешаммэ́м.	Эта книга скучная.
1958	s_2d396565386d.mp3	הַבֵּיצָה מְבוּשֶּׁלֶת טוֹב.	hа-бейцá мевушшэ́лет тов.	Яйцо хорошо сварено.
1959	s_c3ddcd53778c.mp3	הַסֶּרֶט הָיָה מְצוּיָן.	hа-сэ́рет hайá мецуйа́н.	Фильм был отличный.
1960	s_15d5201a6e2a.mp3	הִיא זְמִינָה מָחָר.	hи́ змина́ махáр.	Она свободна завтра.
1961	s_cf3134b8bfb4.mp3	זֶה מִכְתָּב רַשְׁמִי.	зэ михта́в рашми́.	Это официальное письмо.
1962	s_4389410d7e31.mp3	הַבַּנְק סָגוּר הַיּוֹם.	hа-банк сагýр hа-йом.	Банк сегодня закрыт.
1963	s_92134eb23a01.mp3	הַחֶדֶר שֶׁלִּי מְסוּדָּר.	hа-хéдер шелӣ мэсудáр.	Моя комната прибрана.
1964	s_c35635f65385.mp3	הַחֶשְׁבּוֹן כְּבָר מְשׁוּלָּם.	hа-хежбóн квар мэшулáм.	Счёт уже оплачен.
1965	s_4d742e5ce22a_f.mp3	אַתְּ תָּמִיד מוּזְמָן אֵלֵינוּ.	ат тамӣ́д музмáн элéйну.	Ты всегда приглашён к нам.
1966	s_7fb1162a96fb.mp3	הַקּוֹר מוּרְגָּשׁ הַיּוֹם.	hа-кор мургáш hа-йом.	Холод ощутим сегодня.
1967	s_c198a2bf00ac.mp3	הַמּוּצָר הַזֶּה פָּגוּם.	hа-муцáр hа-зэ́ пагýм.	Этот товар бракованный.
1968	s_ccd211375de1.mp3	הַחוֹזֶה הַזֶּה חוּקִּי לְגַמְרֵי.	hа-хозэ́ hа-зэ́ хукӣ́ лэгамрéй.	Этот договор полностью законный.
1969	s_0bcd6cd08bb6.mp3	זֶה רַעְיוֹן מְאוֹד הֶגְיוֹנִי.	зэ раайóн мэóд hэгйонӣ́.	Это очень логичная идея.
1970	s_c621cae1507f.mp3	הַקּוֹבֶץ הַזֶּה מְצוֹרָף לַמִּכְתָּב.	hа-кóвец hа-зэ́ мэцорáф ла-михтáв.	Этот файл приложен к письму.
1971	s_84fd28681a42.mp3	הַחֶדֶר הַזֶּה מְרוֹהָט.	hа-хéдер hа-зэ мероháт.	Эта комната меблирована.
1972	s_e30a5ebf22cc.mp3	זֶה סֵפֶר מְעַנְיֵן מְאֹד.	зэ сéфер меаньéн меóд.	Это очень интересная книга.
1973	s_7c7325ca3aad.mp3	הַסֶּרֶט הַזֶּה מַצְחִיק מְאֹד.	hа-сéрет hа-зэ мацхӣ́к меóд.	Этот фильм очень смешной.
1974	s_649f324dafae.mp3	זֶה אוֹטוֹבּוּס יָשִׁיר לִירוּשָׁלַיִם.	зэ отóбус яшӣ́р ли-рушалáйим.	Это прямой автобус в Иерусалим.
1975	s_7929e95d7605.mp3	זֶה הַשִּׁעוּר הָרִאשׁוֹן שֶׁלִּי.	зэ hа-шиӯ́р hа-ришóн шелӣ́.	Это мой первый урок.
1976	s_75ad8e32cf1f.mp3	זֶה הַשִּׁעוּר הַשֵּׁנִי שֶׁלָּנוּ.	зэ hа-шиӯ́р hа-шенӣ́ шелáну.	Это наш второй урок.
1977	s_e5577cd1446b.mp3	זֶה הַשִּׁעוּר הַשְּׁלִישִׁי שֶׁלָּנוּ.	зэ hа-шиу́р hа-шлишӣ́ шелáну.	Это наш третий урок.
1978	s_aef5785fc8a6.mp3	זֶה הַחֶדֶר הָרְבִיעִי בַּבַּיִת.	зэ hа-хéдер hа-ревиӣ́ ба-бáит.	Это четвертая комната в доме.
1979	s_4749bc047a1f.mp3	זֶה הַסֵּפֶר הַחֲמִישִׁי שֶׁלּוֹ.	зэ hа-сéфер hа-хамишӣ́ шелó.	Это его пятая книга.
1980	s_c46bf8537d80.mp3	זֶה הָאוֹטוֹבּוּס הָאַחֲרוֹן הַיּוֹם.	зэ hа-отóбус hа-ахарóн hайóм.	Это последний автобус сегодня.
1981	s_7631ddc61fe6.mp3	הַסֶּרֶט הַזֶּה מְרַתֵּק מְאוֹד.	hа-сéрет hа-зэ́ мератэ́к меóд.	Этот фильм очень увлекательный.
1982	s_72a900bc0b06.mp3	הַחֲתוּל הַזֶּה חָמוּד מְאוֹד.	hа-хатӯ́ль hа-зэ́ хамӯ́д меóд.	Этот кот очень милый.
1983	s_62be108cf8bf.mp3	הָיָה לִי יוֹם קָשֶׁה.	hайá ли йом кашэ́.	У меня был тяжелый день.
1984	s_4a531dab244b.mp3	זֶה הָיָה מִבְחָן קַל.	зэ hайá мивхáн каль.	Это был легкий экзамен.
1985	s_2dff0ebb6a91.mp3	זֶה שִׁעוּר חָשׁוּב מְאֹד.	зэ шиӯ́р хашӯ́в меóд.	Это очень важный урок.
1986	s_6ab1847c8926.mp3	הַבֶּגֶד הַזֶּה מְלוּכְלָךְ מְאֹד.	hа-бéгед hа-зэ мелухлáх меóд.	Эта одежда очень грязная.
1987	s_98d316a23a5f.mp3	הַכִּסֵּא הַזֶּה נוֹחַ מְאֹד.	hа-кисэ́ hа-зэ нóах меóд.	Этот стул очень удобный.
1988	s_9739ea1c4d1c.mp3	הַבָּחוּר הַזֶּה מְאוֹד רָזֶה.	hа-бахӯ́р hа-зэ́ меóд разэ́.	Этот парень очень худой.
1989	s_34f86ba55f6c.mp3	יֵשׁ לָנוּ חָתוּל שָׁמֵן.	йеш лáну хатӯ́ль шамéн.	У нас есть толстый кот.
1990	s_257213b370f0.mp3	סַבָּא שֶׁלִּי כְּבָר זָקֵן.	сáба шелӣ́ квар закéн.	Мой дедушка уже старый.
1991	s_5b9009e319fd_f.mp3	לָמָּה אַתְּ עָצוּב הַיּוֹם?	лáма ат ацӯ́в hайóм?	Почему ты сегодня грустный?
1992	s_18ab392752b1.mp3	הַיָּד שֶׁלִּי כּוֹאֶבֶת מְאוֹד.	hа-яд шелӣ́ коэ́вет меóд.	Моя рука очень болит.
1993	s_ecf56468d557.mp3	הִיא עֲיֵפָה אַחֲרֵי הָעֲבוֹדָה.	hи айефá ахарéй hа-аводá.	Она устала после работы.
1994	s_828a10267cbb.mp3	זֶה מִסְמָךְ סוֹדִי וְחָסוּי.	зэ мисмáх содӣ́ ве-хасӯ́й.	Это секретный и конфиденциальный документ.
1995	s_c27b7f5b63dd.mp3	הַסֵּפֶר הַזֶּה שֶׁלִּי.	hа-сéфер hа-зэ шелӣ́.	Эта книга — моя.
1996	s_f0b76486d44c_f.mp3	אַתְּ רוֹצָה לָלֶכֶת אִתִּי?	ат роца́ лалéхет итӣ́?	Ты хочешь пойти со мной?
1997	s_1522784e7a59.mp3	יֵשׁ לִי שְׁאֵלָה אַחַת.	йеш ли шеэлá ахáт.	У меня есть один вопрос.
1998	s_7aa848e2f709_f.mp3	אַתְּ שׁוֹמַעַת אוֹתִי טוֹבָה?	ат шома́ат отӣ́ това́?	Ты хорошо меня слышишь?
1999	s_2a459d7f3ebc_f.mp3	אֲנִי אוֹהֶבֶת אֶת יִשְׂרָאֵל.	анӣ оhе́вет эт Исраэ́ль.	Я люблю Израиль.
2000	s_0e9628127d31_f.mp3	אֲנִי מְאַחֶרֶת בִּגְלַל הַפְּקָק.	анӣ меахе́рет биглáль hа-пкáк.	Я опаздываю из-за пробки.
2001	s_95d232a7070f.mp3	זֶה מִכְתָּב לִכְבוֹד הַמְּנַהֵל.	зэ михтáв лихвóд hа-менаhéль.	Это письмо в адрес директора.
2002	s_cdbaa49366c0.mp3	לְדִבְרֵי הָרוֹפֵא, הַכֹּל בְּסֵדֶר.	ледиврéй hа-рофэ́, hа-кóль бэ-сэ́дер.	По словам врача, всё в порядке.
2003	s_c04fc65caf4b.mp3	אֲנַחְנוּ הוֹלְכִים לְטִיפַּת חָלָב.	анáхну hольхӣм ле-типáт халáв.	Мы идём в детскую консультацию.
2004	s_63486cc9984a.mp3	הַתִּינוֹק יָשֵׁן בַּמִּטָּה.	hа-тинóк яшéн ба-митá.	Малыш спит в кроватке.
2005	s_762ab08947e4.mp3	הַיּוֹם יֵשׁ לַתִּינוֹק חִיסּוּן.	hайóм йеш ла-тинóк хисӯн.	Сегодня у малыша прививка.
2006	s_50789cd1649c.mp3	מָה הַמִּשְׁקָל שֶׁל הַיֶּלֶד?	ма hа-мишкáль шель hайéлед?	Каков вес ребёнка?
2007	s_2704764a89d4.mp3	הַגּוֹבַהּ שֶׁלּוֹ מְצוּיָּן.	hа-гóва шелó мецуйáн.	Его рост отличный.
2008	s_31d7b63df9a0.mp3	צָרִיךְ לְהַחְלִיף לוֹ חִיתּוּל.	царӣх ле-hахлӣф ло хитӯль.	Нужно поменять ему подгузник.
2009	s_e1b587661b36.mp3	אֵיפֹה הַמּוֹצֵץ שֶׁל הַתִּינוֹק?	éйфо hа-моцéц шель hа-тинóк?	Где соска малыша?
2010	tinok_bakbuk_google_tts.mp3	הַתִּינוֹק שׁוֹתֶה מֵהַבַּקְבּוּק.	hа-тинóк шотé ме-hа-бакбӯк.	Малыш пьёт из бутылочки.
2011	s_875ce64b2ff4.mp3	הַהַנְקָה חֲשׁוּבָה לַתִּינוֹק.	hа-hанкá хашувá ла-тинóк.	Грудное вскармливание важно для малыша.
2012	s_9ae4ec1590ee.mp3	הַבַּקְבּוּק עִם מָטֶרְנָה מוּכָן.	hа-бакбӯк им матéрна мухáн.	Бутылочка со смесью готова.
2013	s_a475370eeff9.mp3	הָעֲגָלָה שֶׁל הַתִּינוֹק כְּבֵדָה.	hа-агалá шель hа-тинóк кведá.	Коляска малыша тяжёлая.
2014	s_8b8c86ec2baa.mp3	הַתִּינוֹק נִמְצָא בַּמִּנְשָׂא.	hа-тинóк нимцá ба-минсá.	Малыш находится в слинге.
2015	s_58352ce0f037.mp3	שִׂים לַיֶּלֶד סִינָר.	сим ла-йéлед синáр.	Надень ребёнку слюнявчик.
2016	s_37c8e1e72688.mp3	תָּבִיא לִי אֶת הַמַּדְחוֹם.	тавӣ ли эт hа-мадхóм.	Принеси мне градусник.
2017	s_2fbbd44d9e20.mp3	יֵשׁ לַיֶּלֶד חוֹם גָּבוֹהַּ.	йеш ла-йéлед хом гавóа.	У ребёнка высокая температура.
2018	s_777b51538467.mp3	יֵשׁ לוֹ שִׁיעוּל לַח מְאוֹד.	йеш ло шиӯль лах меóд.	У него очень влажный кашель.
2019	s_4660b711c2eb.mp3	יֵשׁ לַיֶּלֶד הַרְבֵּה נַזֶּלֶת.	йеш ла-йéлед hарбé назéлет.	У ребёнка сильный насморк.
2020	s_114aa0469d16.mp3	יֵשׁ לָהּ דַּלֶּקֶת אָזְנַיִם.	йеш ла далéкет ознáим.	У неё воспаление уха (отит).
2021	s_3fa5bbd3cfed.mp3	הָרוֹפֵא בּוֹדֵק דַּלֶּקֶת גָּרוֹן.	hа-рофé бодéк далéкет гарóн.	Врач проверяет воспаление горла.
2022	s_49a72ad7d505.mp3	הָרוֹפֵא נוֹתֵן אִישׁוּר מַחֲלָה.	hа-рофé нотéн ишӯр махалá.	Врач даёт справку о болезни.
2023	s_bd5a68f75669.mp3	יֵשׁ לִי מִרְשָׁם מֵהָרוֹפֵא.	йеш ли миршáм ме-hа-рофé.	У меня есть рецепт от врача.
2024	s_70ab7adc961f.mp3	מָה הַמִּינּוּן לְפִי מִשְׁקָל?	ма hа-минӯн лефӣ мишкáль?	Какова дозировка по весу?
2025	s_10818fe8b7b5.mp3	שִׂים פְּלַסְטֶר עַל הַמַּכָּה.	сим плáстер аль hа-макá.	Наклей пластырь на ссадину.
2026	s_2ac2f8e82ac0.mp3	תִּמְרַח אֶת הַמִּשְׁחָה בִּזְהִירוּת.	тимрáх эт hа-мишхá бизhирӯт.	Намажь мазь осторожно.
2027	s_cb3ba63b8447.mp3	הַתִּינוֹק הוֹלֵךְ לַמָּעוֹן.	hа-тинóк hолéх ла-маóн.	Малыш идёт в ясли.
2028	s_d4e8c96b4c69.mp3	הַגַּנֶּנֶת מְדַבֶּרֶת עִם הַהוֹרִים.	hа-ганéнет медабéрет им hа-hорӣм.	Воспитательница говорит с родителями.
2029	s_f7e76f15f0fc.mp3	הַסַּיַּעַת עוֹזֶרֶת לַיְלָדִים בַּגַּן.	hа-сайáат озéрет ла-йеладӣм ба-ган.	Помощница помогает детям в саду.
2030	s_e16eea64a75b.mp3	הֵכַנְתִּי אֲרוּחַת עֶשֶׂר יָפָה.	hэхáнти арухáт éсер яфá.	Я приготовила хороший второй завтрак.
2031	s_e1ef394f00a4.mp3	אֵיפֹה קוּפְסַת הָאוֹכֶל שֶׁלְּךָ?	éйфо куфсáт hа-óхель шельхá?	Где твоя коробочка для еды?
2032	s_1e67d051d77a.mp3	הַיַּלְדָּה רוֹצָה לַנַּדְנֵדָה עַכְשָׁיו.	hа-яльдá роцá ла-наднедá ахшáв.	Девочка хочет на качели сейчас.
2033	s_52bd2b295824.mp3	הַמּוֹרָה מַסְבִּירָה אֶת הַשִּׁיעוּר.	hа-морá масбирá эт hа-шиӯр.	Учительница объясняет урок.
2034	s_77a9d985c8f1.mp3	הַיַּלְקוּט שֶׁל הַיֶּלֶד כָּבֵד.	hа-яльку́т шель hайéлед кавéд.	Ранец ребёнка тяжёлый.
2035	s_71c99a22be37.mp3	שָׂמְתָּ עֵפְרוֹנוֹת בַּקַּלְמָר?	сáмта эфронóт ба-кальмáр?	Ты положил карандаши в пенал?
2036	s_8fcdadc94cd5.mp3	סִיַּמְתָּ שִׁיעוּרֵי בַּיִת הַיּוֹם?	сийáмта шиурéй бáйит hайóм?	Ты закончил домашнее задание сегодня?
2037	s_502f448f83b6.mp3	וַעַד הַהוֹרִים אָסַף כֶּסֶף.	вáад hа-hорӣм асáф кéсеф.	Родительский комитет собрал деньги.
2038	s_8c6b631aaa8d.mp3	זֹאת תִּזְכּוֹרֶת לְכָל הַהוֹרִים.	зот тизкóрет ле-холь hа-hорӣм.	Это напоминание всем родителям.
2039	s_aefa6a571973.mp3	קָנִינוּ מַתָּנָה יָפָה לַצֶּוֶות.	канӣну матанá яфá ла-цéвет.	Мы купили красивый подарок коллективу.
2040	s_c7a31b84a733.mp3	מָחָר לוֹבְשִׁים חוּלְצָה לְבָנָה.	махáр ловшӣм хульцá леванá.	Завтра надеваем белую футболку.
2041	s_ee6ecbd7bcbc.mp3	הוֹלְכִים לְגִינַת שַׁעֲשׁוּעִים הַיּוֹם.	hольхӣм ле-гинáт шаашуӣм hайóм.	Идём на детскую площадку сегодня.
2042	s_551b7f3ceab3.mp3	יֵשׁ לוֹ חוּג אַחֲרֵי הַצָּהֳרַיִם.	йеш ло хуг ахарéй hа-цоhорáим.	У него кружок во второй половине дня.
2043	s_7f71b41b8cde.mp3	חַיָּיבִים לַחְבּוֹשׁ קַסְדָּה בַּנְּסִיעָה.	хайявӣм лахбóш касдá баннесӣа.	Обязательно надевать шлем при поездке.
2044	s_761fcde099ed.mp3	עַכְשָׁיו תּוֹרְךָ לַעֲלוֹת.	ахшáв торхá лаалóт.	Сейчас твоя очередь подниматься.
2045	s_68b7fd412e98.mp3	הִיא רוֹצָה לְהָנִיק עַכְשָׁיו.	hи роцá леhанӣк ахшáв.	Она хочет покормить грудью сейчас.
2046	s_5590eb07f3b1.mp3	יֵשׁ לַתִּינוֹק גָּזִים בַּבֶּטֶן.	йеш ла-тинóк газӣм ба-бéтен.	У малыша газики в животе.
2047	s_35d5a6d3ebdd.mp3	זֹאת פְּלִיטָה רְגִילָה לְגַמְרֵי.	зот плитá регилá легамрéй.	Это совершенно обычное срыгивание.
2048	s_fef892741e56.mp3	הַתִּינוֹק עָלוּל לִפְלוֹט חָלָב.	hа-тинóк алӯль лифлóт халáв.	Малыш может срыгнуть молоко.
2049	s_908bef7712ff.mp3	הִתְחִילָה בְּקִיעַת שִׁינַּיִים אֶצְלוֹ.	hитхилá бкиáт шинáим эцлó.	У него началось прорезывание зубов.
2050	s_000d6b29826e.mp3	אֵיפֹה מִטַּת הַתִּינוֹק שֶׁלָּכֶם?	эйфó митáт hа-тинóк шелахéм?	Где ваша детская кроватка?
2051	s_1ee0a2585162.mp3	לָמָּה הַתִּינוֹק מַתְחִיל לִבְכּוֹת?	лáма hа-тинóк матхӣль ливкóт?	Почему малыш начинает плакать?
2052	s_2e9018e115f3.mp3	צָרִיךְ לִשְׁקוֹל אֶת הַתִּינוֹק.	царӣх лишкóль эт hа-тинóк.	Нужно взвесить малыша.
2053	s_5e595daa913c.mp3	עָשִׂינוּ בְּדִיקַת הִתְפַּתְּחוּת מְצוּיֶּנֶת.	асӣну бдикáт hитпатхӯт мецуйéнет.	Мы прошли отличную проверку развития.
2054	s_4787ccaf8c74.mp3	הָיְתָה לוֹ הֲקָאָה בַּלַּיְלָה.	hайтá ло hакаá балáйла.	У него была рвота ночью.
2055	s_cf936877b858.mp3	זֶה רַק וִירוּס בֶּטֶן פָּשׁוּט.	зе рак вӣрус бéтен пашӯт.	Это всего лишь простой кишечный вирус.
2056	s_1fcbc4103a52.mp3	יֵשׁ לַיֶּלֶד כְּאֵב בֶּטֶן חָזָק.	йеш ла-йéлед кеэ́в бéтен хазáк.	У ребёнка сильная боль в животе.
2057	s_368fd9910df2.mp3	יֵשׁ לָהּ כְּאֵב רֹאשׁ מֵהַחוֹם.	йеш лаh кеэ́в рош ме-hа-хом.	У неё болит голова от жара.
2058	s_5f53089f53ef.mp3	הָרוֹפֵא לָקַח מִשְׁטַח גָּרוֹן.	hа-рофé лакáх миштáх гарóн.	Врач взял мазок из горла.
2059	s_1647b880a309.mp3	נָסַעְנוּ לְמוֹקֵד לַיְלָה דָּחוּף.	насáну ле-мокéд лáйла дахӯф.	Мы поехали в срочную ночную неотложку.
2060	s_dc9a751c95be.mp3	קָנִיתִי נֵרוֹת לְהוֹרָדַת חוֹם.	канӣти нерóт ле-hорадáт хом.	Я купила жаропонижающие свечи.
2061	s_c1bae8c6807d.mp3	נָתַתִּי לוֹ אֲקָמוֹלִי עַכְשָׁיו.	натáти ло акамóли ахшáв.	Я дала ему Акамоли сейчас.
2062	s_e40f0dfd46a7.mp3	יֵשׁ בַּבַּיִת נוּרוֹפֶן לִילָדִים?	йеш ба-бáйит нурóфен ле-йеладӣм?	Есть дома детский Нурофен?
2063	s_74b9849aebad.mp3	שְׁטוֹף אֶת מַזְרֵק הַמִּינּוּן.	штоф эт мазрéк hа-минӯн.	Промой шприц-дозатор.
2064	s_5b95d772934d.mp3	שִׂים טִיפּוֹת אָזְנַיִם בַּבֹּקֶר.	сим типóт ознáим ба-бóкер.	Закапай ушные капли утром.
2065	s_57bf3dfbaf21.mp3	צָרִיךְ טִיפּוֹת עֵינַיִם לַיֶּלֶד.	царӣх типóт эйнáим ла-йéлед.	Нужны глазные капли ребёнку.
2066	s_c03218b3b37a.mp3	קָנִינוּ מֵי מֶלַח לָאַף.	канӣну мей мéлах ла-аф.	Мы купили физраствор для носа.
2067	s_c9bcc6d381ff.mp3	עָשִׂינוּ אִינְהַלַצְיָה עִם מַשְׁאֵף.	асӣну инhалáция им машъéф.	Мы сделали ингаляцию с ингалятором.
2068	s_ebd98533b73a.mp3	בְּדֹק אֶת תּוֹקֶף הַתְּרוּפָה.	бдок эт тóкеф hа-труфá.	Проверь срок годности лекарства.
2069	s_37791da597fd.mp3	אֵין לַתְּרוּפָה תּוֹפְעוֹת לְוַואי.	эйн ла-труфá тофаóт левáй.	У лекарства нет побочных эффектов.
2070	s_d3c9af19666d.mp3	צָרִיךְ לְטַפְטֵף טִיפּוֹת לָאַף.	царӣх летафтéф типóт ла-аф.	Нужно закапать капли в нос.
2071	s_0545d4ec1641.mp3	הִתְחַלְנוּ גְּמִילָה מֵחִיתּוּלִים הַשָּׁבוּעַ.	hитхáльну гмилá ме-хитулӣм hа-шавӯа.	Мы начали отучение от подгузников на этой неделе.
2072	s_2176f676702d.mp3	מִי יָכוֹל לֶאֱסוֹף מֵהַגַּן?	ми яхóль леэсóф ме-hа-ган?	Кто может забрать из садика?
2073	s_8b2e1259efea.mp3	לַיֶּלֶד קַל לְהִסְתַּגֵּל לַגַּן.	ла-йéлед каль леhистагéль ла-ган.	Ребёнку легко привыкнуть к саду.
2074	s_5dba4bb0a216.mp3	אָסוּר לִנְשׁוֹךְ יְלָדִים בַּגַּן!	асӯр линшóх йеладӣм ба-ган!	Нельзя кусать детей в саду!
2075	s_c9a81b8a3af5.mp3	כְּדַאי לַחֲלוֹק צַעֲצוּעִים יַחַד.	кедáй лахлóк цаацуӣм я́хад.	Стоит делиться игрушками вместе.
2076	s_4a32bb28be84.mp3	הַיְלָדִים צְרִיכִים לִפְרוֹק אֶנֶרְגְּיָה.	hа-йеладӣм црихӣм лифрóк энéргия.	Детям нужно выплеснуть энергию.
2077	s_1db19a47daa3.mp3	הַיּוֹם יֵשׁ יוֹם קָצָר.	hайóм йеш йом кацáр.	Сегодня короткий день.
2078	s_5aaadf42b7fd.mp3	עַכְשָׁיו הַזְּמַן שֶׁל שְׁנַ"צ.	ахшáв hа-зман шель шнац.	Сейчас время дневного сна.
2079	s_e04f67888e64.mp3	פָּגַשְׁנוּ אֶת מְחַנֶּכֶת הַכִּיתָּה.	пагáшну эт механéхет hа-китá.	Мы встретили классную руководительницу.
2080	s_131575725e72.mp3	קָנִינוּ מַחְבֶּרֶת שׁוּרוֹת חֲדָשָׁה.	канӣну махбéрет шурóт хадашá.	Мы купили новую тетрадь в линейку.
2081	s_d2db74b7ca12.mp3	תֵּן לִי מַחְבֶּרֶת מִשְׁבָּצוֹת.	тен ли махбéрет мишбацóт.	Дай мне тетрадь в клетку.
2082	s_292f72881315.mp3	פְּתַח אֶת חוֹבֶרֶת הָעֲבוֹדָה.	птах эт ховéрет hа-аводá.	Открой рабочую тетрадь.
2083	s_1643fabe7288.mp3	הַסֵּפֶר לִימּוּד שֶׁלּוֹ כָּבֵד.	hа-сéфер лимӯд шелó кавéд.	Его учебник тяжёлый.
2084	s_c78b6c0cdbfa.mp3	בַּהַפְסָקָה גְּדוֹלָה אוֹכְלִים כָּרִיךְ.	ба-hафсакá гдолá охлӣм карӣх.	На большой перемене едят бутерброд.
2085	s_0a31a57cc06d.mp3	מָחָר יוֹצְאִים לְטִיּוּל שְׁנָתִי.	махáр йоц’ӣм ле-тийӯль шнатӣ.	Завтра выходят в годовой поход.
2086	s_9b60bdee34e4.mp3	יֵשׁ אֲסֵפַת הוֹרִים הָעֶרֶב.	йеш асефáт hорӣм hа-éрев.	Есть родительское собрание сегодня вечером.
2087	s_e5236ba676a6.mp3	אָסוּר לַעֲשׂוֹת חֵרֶם בַּכִּיתָּה!	асӯр лаасóт хéрем ба-китá!	Нельзя устраивать бойкот в классе!
2088	s_d0cddf66e35d.mp3	יֵשׁ לוֹ חַבְרוּתָא נֶהֱדֶרֶת.	йеш ло хаврӯта неhедéрет.	У него прекрасная компания друзей.
2089	s_48ae8657a3b4.mp3	בּוֹא לְהָכִין שִׁיעוּרִים עַכְשָׁיו.	бо леhахӣн шиурӣм ахшáв.	Иди делай уроки сейчас.
2090	s_72030dbf28b7.mp3	קַל לוֹ לְהִשְׁתַּלֵּב בַּכִּיתָּה.	каль ло леhишталéв ба-китá.	Ему легко влиться в коллектив класса.
2091	s_2c7db487d3e7.mp3	נִשְׁמַע צִלְצוּל הַפְסָקָה בַּמִּסְדְּרוֹן.	нишмá цильцӯль hафсакá ба-мисдерон.	Прозвенел звонок на перемену в коридоре.
2092	s_df600151ec57.mp3	הִתְחִיל אִיסּוּף כְּסָפִים לַמַּתָּנָה.	hитхӣль исӯф ксафӣм ла-матанá.	Начался сбор денег на подарок.
2093	s_39af9562bfbb.mp3	מָחָר יוֹם הוּלֶּדֶת כִּיתָּתִי.	махáр йом hулéдет китатӣ.	Завтра общий день рождения класса.
2094	s_9f86538e83c4.mp3	נָא לִשְׁלוֹחַ אִישּׁוּר הַגָּעָה.	на лишлóах ишӯр hагаá.	Пожалуйста, отправьте подтверждение участия.
2095	s_7d69a3f799d6.mp3	יֵשׁ לָנוּ מָקוֹם לַטְרֶמְפּ.	йеш лáну макóм ла-тремп.	У нас есть место подвезти.
2096	s_0f7916bd6b61.mp3	תִּבְדְּקוּ בְּאַרְגַּז אֲבֵידָה וּמְצִיאָה.	тивдекӯ бе-аргáз авейдá у-мециá.	Проверьте в ящике находок и потерь.
2097	s_03b63f139159.mp3	סַבְתָּא תֶּאֱסוֹף אוֹתוֹ הַיּוֹם.	сáвта теэсóф отó hайóм.	Бабушка заберёт его сегодня.
2098	s_5b103c50a436.mp3	מִישֶׁהוּ מָצָא קַלְמָר כָּחוֹל?	мӣшеhу мацá кальмáр кахóль?	Кто-нибудь нашёл синий пенал?
2099	s_ba88b1b994a7.mp3	הַיְלָדִים צְרִיכִים לָבוֹא בְּחוּלְצָה לְבָנָה?	hайеладӣм црихӣм лавó бе-хульцá леванá?	Детям нужно прийти в белой футболке?
2100	s_fc2fa8eef4be.mp3	מָה צָרִיךְ לְהָבִיא לִפְעִילוּת מָחָר?	ма царӣх леhавӣ ли-феилӯт махáр?	Что нужно принести на завтрашнее мероприятие?
2101	s_f2f1980ee362.mp3	יֵשׁ לְמִישֶׁהוּ מָקוֹם בָּרֶכֶב לַטְרֶמְפּ?	йеш ле-мӣшеhу макóм ба-рéхев ла-тремп?	Есть у кого-то место в машине подвезти?
2102	s_a11a6b4c7ccd.mp3	אֶפְשָׁר לִשְׁלוֹחַ אֶת הַקִּישׁוּר לַפֵּייבּוֹקְס?	эфшáр лишлóах эт hа-кишӯр ла-Paybox?	Можно отправить ссылку на PayBox?
2103	s_ea386e5f1776.mp3	רְפוּאָה שְׁלֵמָה וְהַחְלָמָה מְהִירָה!	рефуá шлемá ве-hахламá меhирá!	Скорейшего выздоровления и поправки!
2104	s_016d25425f9c.mp3	מַזָּל טוֹב עַד 120!	мазáль тов ад мéа ве-эсрӣм!	С днём рождения, до 120 лет!
2105	s_d3922df616d7.mp3	תּוֹדָה רַבָּה לְכָל הַצֶּוֶות הַנִּפְלָא!	тодá рабá ле-холь hа-цéвет hа-нифлá!	Огромное спасибо всему замечательному коллективу!
2106	s_b0775f1224f8.mp3	שַׁבָּת שָׁלוֹם וּמְבוֹרֶכֶת לְכָל הַמִּשְׁפָּחוֹת!	шабáт шалóм у-меворéхет ле-холь hа-мишпахóт!	Мирного и благословенного Шаббата всем семьям!
2107	s_1d0902fe74dc.mp3	נָא לְאַשֵׁר הַגָּעָה עַד יוֹם חֲמִישִׁי.	на ле-ашéр hагаá ад йом хамӣшӣ.	Пожалуйста, подтвердите присутствие до четверга.
2108	s_608408bdb288.mp3	מִי מֵבִיא פֵּירוֹת לְיוֹם שִׁישִׁי?	ми мевӣ пейрóт ле-йом шишӣ?	Кто приносит фрукты на пятницу?
2109	s_6ab13260ae29.mp3	שָׁבוּעַ טוֹב וּמוּצְלָח לְכוּלָּם!	шавӯа тов у-муцлáх ле-хулáм!	Хорошей и успешной недели всем!
2110	s_7cc89de35fcc.mp3	הַחוּג נִמְצָא בַּמַּתְנָ"ס הַשְּׁכוּנָתִי.	hа-хуг нимцá ба-матнáс hа-шхунатӣ.	Кружок находится в районном доме культуры.
2111	s_15471bc33764.mp3	הַיּוֹם יֵשׁ חוּג שְׂחִיָּיה.	hайóм йеш хуг схийá.	Сегодня есть кружок плавания.
2112	s_4c7b19fd851b.mp3	הִיא נִרְשְׁמָה לְחוּג בַּלֶט.	hи ниршемá ле-хуг балéт.	Она записалась на кружок балета.
2113	s_b2928521612e.mp3	שִׂים מָגֵנֵי בִּרְכַּיִם מִיָּד.	сим магенéй биркáим мийáд.	Надень наколенники немедленно.
2114	s_4cb3501c2ae2.mp3	יֵשׁ בַּגִּנָּה מַגְלֵשָׁה עֲנָקִית.	йеш ба-гинá маглешá анакӣт.	На площадке есть гигантская горка.
2115	s_afe19279621b.mp3	הַיְלָדִים עַל נַדְנֵדַת קֵן.	hа-йеладӣм аль наднедáт кен.	Дети на качелях-гнезде.
2116	s_6b5f6b92c0ba.mp3	הַתִּינוֹק אוֹכֵל בַּמְבָּה בַּגִּנָּה.	hа-тинóк охéль бáмба ба-гинá.	Малыш ест Бамбу на площадке.
2117	s_40f036d99098.mp3	קַח מַיִם בַּבַּקְבּוּק לַגִּנָּה.	ках мáйим ба-бакбӯк ла-гинá.	Возьми воду в бутылочке на площадку.
2118	s_bf26f66b458a.mp3	אָסוּר לַחֲטוֹף צַעֲצוּעִים מֵאֲחֵרִים!	асӯр лахтóф цаацуӣм ме-ахерӣм!	Нельзя отбирать игрушки у других!
2119	s_a0a9e172db85.mp3	לֹא לִדְחוֹף בַּתּוֹר לַמַּגְלֵשָׁה!	ло лидхóф ба-тор ла-маглешá!	Не толкаться в очереди на горку!
2120	s_35608488c57a.mp3	רָצִיתִי לְהֵירָשֵׁם לְחוּג שְׂחִיָּיה.	рацӣти леhерашéм ле-хуг схийá.	Я хотела записаться на кружок плавания.
2121	s_185ce6da709b.mp3	לֹא לִדְחוֹף, יֵשׁ מָקוֹם לְכוּלָּם.	ло лидхóф, йеш макóм ле-хулáм.	Не толкаться, места хватит всем.
2122	s_f7b4b009bc0a.mp3	זֶה הַקּוּרְקִינֶט שֶׁלְּךָ אוֹ שֶׁלּוֹ?	зе hа-куркинéт шельхá о шеלó?	Это твой самокат или его?
2123	s_d1465d8dae6f.mp3	עוֹד חָמֵשׁ דַּקּוֹת הוֹלְכִים הַבַּיְתָה.	од хамéш дакóт hольхӣм hабáйта.	Ещё пять минут и идём домой.