Номер,Иврит с огласовками,Русский перевод,Категория,Имя аудиофайла,Рекомендуемый голос
1,"אֲנִי רוֹצֶה מַיִם קָרִים.","Я хочу холодную воду.","Глаголы","s_43a3f467d43b.mp3","Мужской"
2,"אֶתְמוֹל רָצִיתִי קָפֶה.","Вчера я хотел кофе.","Глаголы","s_0f3a3929d039.mp3","Мужской"
3,"הוּא שׁוֹתֶה תֵּה בַּבֹּקֶר.","Он пьёт чай утром.","Глаголы","s_452c0ecb28cd.mp3","Мужской"
4,"אֶתְמוֹל שָׁתִיתִי מִיץ.","Вчера я пил сок.","Глаголы","s_aec04a99dab9.mp3","Мужской"
5,"אֲנִי אוֹכֵל לֶחֶם וּגְבִינָה.","Я ем хлеб и сыр.","Глаголы","s_24be46eef63b.mp3","Мужской"
6,"הוּא אָכַל בַּבַּיִת.","Он ел дома.","Глаголы","s_ecebf5bfeb71.mp3","Мужской"
7,"דָּוִד הוֹלֵךְ לָאוּלְפָּן.","Давид идёт в ульпан.","Глаголы","s_91be08f55a95.mp3","Мужской"
8,"אֶתְמוֹל הָלַכְתִּי לַעֲבוֹדָה.","Вчера я ходил на работу.","Глаголы","s_2059caa017cd.mp3","Мужской"
9,"הִיא כּוֹתֶבֶת מִכְתָּב לְאִמָּא.","Она пишет письмо маме.","Глаголы","s_02c4eb2e0026.mp3","Женский"
10,"כָּתַבְתִּי הוֹדָעָה קְצָרָה.","Я написал короткое сообщение.","Глаголы","s_f4c33af40c1b.mp3","Мужской"
11,"אֲנִי קוֹרֵא סֵפֶר בָּעֶרֶב.","Я читаю книгу вечером.","Глаголы","s_8f08c6e2916e.mp3","Мужской"
12,"הוּא קָרָא אֶת הַחֲדָשׁוֹת.","Он прочитал новости.","Глаголы","s_a8f7f47e399c.mp3","Женский"
13,"אֲנַחְנוּ לוֹמְדִים עִבְרִית בָּאוּלְפָּן.","Мы учим иврит в ульпане.","Глаголы","s_93cd4799f910.mp3","Мужской"
14,"לָמַדְתִּי מִלִּים חֲדָשׁוֹת.","Я учил новые слова.","Глаголы","s_0bf2f9eac5f4.mp3","Мужской"
15,"דָּנִיאֵל גָּר בִּירוּשָׁלַיִם.","Даниэль живёт в Иерусалиме.","Глаголы","s_e3b859706ba3.mp3","Мужской"
16,"גַּרְתִּי בְּחֵיפָה שָׁנָה.","Я жил в Хайфе год.","Глаголы","s_53ca6edb0173.mp3","Мужской"
17,"הִיא קוֹנָה פֵּרוֹת בַּשּׁוּק.","Она покупает фрукты на рынке.","Глаголы","s_1b2678da3913.mp3","Женский"
18,"אֶתְמוֹל קָנִיתִי חָלָב.","Вчера я купил молоко.","Глаголы","s_0a8b1904937a.mp3","Мужской"
19,"הוּא עוֹבֵד בְּמִשְׂרָד.","Он работает в офисе.","Глаголы","s_e1ed38018338.mp3","Мужской"
20,"עָבַדְתִּי כָּל הַיּוֹם.","Я работал весь день.","Глаголы","s_6a867d61f536.mp3","Мужской"
21,"אַתָּה יוֹדֵעַ אֶת הַתְּשׁוּבָה?","Ты знаешь ответ?","Глаголы","s_2a9337de731b.mp3","Мужской"
22,"לֹא יָדַעְתִּי אֶת זֶה.","Я не знал этого.","Глаголы","s_7de587b2f86e.mp3","Женский"
23,"אֲנִי רוֹאֶה אֶת הַיָּם.","Я вижу море.","Глаголы","s_0378a97bbdc2.mp3","Мужской"
24,"רָאִיתִי אֶת הַחֲבֵר בָּרְחוֹב.","Я видел друга на улице.","Глаголы","s_1e5082717c0d.mp3","Женский"
25,"הִיא בָּאָה לַבַּיִת עַכְשָׁיו.","Она приходит домой сейчас.","Глаголы","s_37f0616d2d56.mp3","Женский"
26,"דָּוִד בָּא אֶתְמוֹל לָאוּלְפָּן.","Давид пришёл вчера в ульпан.","Глаголы","s_96d96009a641.mp3","Мужской"
27,"מָה אַתָּה עוֹשֶׂה הַיּוֹם?","Что ты делаешь сегодня?","Глаголы","s_bc9b033910f6.mp3","Мужской"
28,"עָשִׂיתִי שִׁעוּרֵי בַּיִת.","Я сделал домашнее задание.","Глаголы","s_2d896262efd5.mp3","Мужской"
29,"אֲנִי שׁוֹמֵעַ מוּזִיקָה.","Я слушаю музыку.","Глаголы","s_ae79c0e63003.mp3","Мужской"
30,"שָׁמַעְתִּי אֶת הַשִּׁיר הַזֶּה.","Я слышал эту песню.","Глаголы","s_e3159308167e.mp3","Женский"
31,"הוּא פּוֹגֵשׁ אֶת הַחֲבֵר.","Он встречает друга.","Глаголы","s_a83fc20adc95.mp3","Женский"
32,"פָּגַשְׁתִּי אוֹתוֹ בַּבֹּקֶר.","Я встретил его утром.","Глаголы","s_d5bf692e2513.mp3","Мужской"
33,"הוּא פּוֹתֵחַ אֶת הַדֶּלֶת.","Он открывает дверь.","Глаголы","s_2bc00328324f.mp3","Женский"
34,"פָּתַחְתִּי אֶת הַחַלּוֹן.","Я открыл окно.","Глаголы","s_b8557def0a6a.mp3","Женский"
35,"הוּא סוֹגֵר אֶת הַחַלּוֹן.","Он закрывает окно.","Глаголы","s_eac573c83a5f.mp3","Женский"
36,"סָגַרְתִּי אֶת הַדֶּלֶת.","Я закрыл дверь.","Глаголы","s_ff23d5daab5a.mp3","Женский"
37,"אֲנַחְנוּ יוֹשְׁבִים בְּבֵית קָפֶה.","Мы сидим в кафе.","Глаголы","s_7c1fc7f5afad.mp3","Мужской"
38,"יָשַׁבְתִּי עַל הַכִּסֵּא.","Я сидел на стуле.","Глаголы","s_7f7a6a099ef0.mp3","Мужской"
39,"הוּא עוֹמֵד לְיַד הַתַּחֲנָה.","Он стоит возле остановки.","Глаголы","s_cb275df8b774.mp3","Мужской"
40,"עָמַדְתִּי בַּתּוֹר בַּסּוּפֶּר.","Я стоял в очереди в супермаркете.","Глаголы","s_cf946eeba1d3.mp3","Мужской"
41,"אֲנִי לוֹקֵחַ תַּפּוּחַ וּמַיִם.","Я беру яблоко и воду.","Глаголы","s_70c378803429.mp3","Мужской"
42,"לָקַחְתִּי אֶת הַמַּפְתֵּחַ.","Я взял ключ.","Глаголы","s_2dec5903941d.mp3","Женский"
43,"הִיא נוֹתֶנֶת מַתָּנָה לַחֲבֵר.","Она дарит подарок другу.","Глаголы","s_74b534123bc3.mp3","Женский"
44,"נָתַתִּי לוֹ אֶת הַסֵּפֶר.","Я дал ему книгу.","Глаголы","s_31df35d6381c.mp3","Женский"
45,"הַתַּלְמִיד שׁוֹאֵל אֶת הַמּוֹרֶה.","Ученик спрашивает учителя.","Глаголы","s_24ca1b3ac0df.mp3","Женский"
46,"שָׁאַלְתִּי שְׁאֵלָה פְּשׁוּטָה.","Я задал простой вопрос.","Глаголы","s_8092b96adebc.mp3","Мужской"
47,"הַמּוֹרֶה עוֹנֶה לַתַּלְמִיד.","Учитель отвечает ученику.","Глаголы","s_b280408ead77.mp3","Женский"
48,"עָנִיתִי עַל הַשְּׁאֵלָה.","Я ответил на вопрос.","Глаголы","s_cfa2533ab7ff.mp3","Мужской"
49,"הוּא אוֹמֵר שָׁלוֹם וְתוֹדָה.","Он говорит привет и спасибо.","Глаголы","s_b33becaa17e0.mp3","Мужской"
50,"אָמַרְתִּי לוֹ תּוֹדָה רַבָּה.","Я сказал ему большое спасибо.","Глаголы","s_4ec9d05a86f8.mp3","Мужской"
51,"דָּוִד נוֹסֵעַ בָּאוֹטוֹבּוּס לָעֲבוֹדָה.","Давид едет на автобусе на работу.","Глаголы","s_ecd5d3ffc2ed.mp3","Мужской"
52,"אֶתְמוֹל נָסַעְתִּי בָּרַכֶּבֶת לְחֵיפָה.","Вчера я ехал на поезде в Хайфу.","Глаголы","s_54819a52eb53.mp3","Мужской"
53,"אֲנִי חוֹזֵר הַבַּיְתָה בָּעֶרֶב.","Я возвращаюсь домой вечером.","Глаголы","s_c323e00f17a7.mp3","Мужской"
54,"הוּא חָזַר מֵהָעֲבוֹדָה עָיֵף.","Он вернулся с работы уставшим.","Глаголы","s_e6e61210a8a3.mp3","Мужской"
55,"דָּנִי רָץ בַּפַּארְק בַּבֹּקֶר.","Дани бегает в парке утром.","Глаголы","s_0f2500234382.mp3","Мужской"
56,"אֶתְמוֹל רַצְתִּי חֲמִשָּׁה קִילוֹמֶטְרִים.","Вчера я пробежал пять километров.","Глаголы","s_6884f7fbb6eb.mp3","Мужской"
57,"אֲנִי עוֹזֵר לַחֲבֵר בָּאוּלְפָּן.","Я помогаю другу в ульпане.","Глаголы","s_273f59d95e65.mp3","Мужской"
58,"שָׂרָה עָזְרָה לְאִמָּא בַּבַּיִת.","Сара помогла маме по дому.","Глаголы","s_6954734e25cc.mp3","Женский"
59,"אֲנִי זוֹכֵר אֶת כָּל הַמִּלִּים.","Я помню все слова.","Глаголы","s_6a9612aca3ca.mp3","Мужской"
60,"זָכַרְתִּי אֶת מִסְפַּר הַטֶּלֶפוֹן.","Я вспомнил номер телефона.","Глаголы","s_436805cb9962.mp3","Женский"
61,"הוּא שׁוֹכֵחַ אֶת הַמַּפְתֵּחוֹת שׁוּב.","Он снова забывает ключи.","Глаголы","s_08a1a62770e2.mp3","Женский"
62,"שָׁכַחְתִּי אֶת הַתִּיק בַּבַּיִת.","Я забыл сумку дома.","Глаголы","s_6aa104fba7cc.mp3","Женский"
63,"אֲנִי חוֹשֵׁב עַל הָעֲבוֹדָה.","Я думаю о работе.","Глаголы","s_f2f74bfb6248.mp3","Мужской"
64,"אֶתְמוֹל חָשַׁבְתִּי עַל הָרַעְיוֹן.","Вчера я думал об этой идее.","Глаголы","s_e93ce1703afb.mp3","Мужской"
65,"דָּוִד מוֹצֵא אֶת הָרְחוֹב בְּקַלּוּת.","Давид легко находит улицу.","Глаголы","s_b0d5f69360ac.mp3","Женский"
66,"מָצָאתִי עֲבוֹדָה טוֹבָה בָּעִיר.","Я нашёл хорошую работу в городе.","Глаголы","s_53db33b7beda.mp3","Мужской"
67,"אֲנִי אוֹהֵב קָפֶה חָזָק בַּבֹּקֶר.","Я люблю крепкий кофе утром.","Глаголы","s_52b13987ebf3.mp3","Мужской"
68,"אָהַבְתִּי אֶת הַסֶּפֶר הַזֶּה מְאֹד.","Мне очень понравилась эта книга.","Глаголы","s_e12155f574e3.mp3","Женский"
69,"הוּא שָׂם סוּכָּר בַּתֵּה שֶׁלּוֹ.","Он кладёт сахар в свой чай.","Глаголы","s_bcb263cc8c69.mp3","Мужской"
70,"שַׂמְתִּי אֶת הַכֶּסֶף בַּתִּיק.","Я положил деньги в сумку.","Глаголы","s_369b6ff9c1d5.mp3","Женский"
71,"אֲנִי קָם מוּקְדָּם בַּבֹּקֶר תָּמִיד.","Я всегда встаю рано утром.","Глаголы","s_00aadc6c77fe.mp3","Мужской"
72,"הַיּוֹם קַמְתִּי בְּשָׁעָה שֶׁבַע.","Сегодня я встал в семь часов.","Глаголы","s_f0e41d86766c.mp3","Мужской"
73,"הַיֶּלֶד יָשֵׁן עַכְשָׁיו בַּחֶדֶר.","Ребёнок сейчас спит в комнате.","Глаголы","s_50772a2c3586.mp3","Мужской"
74,"אֶתְמוֹל יָשַׁנְתִּי שְׁמוֹנֶה שָׁעוֹת טוֹבוֹת.","Вчера я спал восемь хороших часов.","Глаголы","s_78ea95389cf3.mp3","Мужской"
75,"שַׂבָּא נָח בַּבַּיִת בַּצָּהֳרַיִם.","Дедушка отдыхает дома днём.","Глаголы","s_33f5fe747e25.mp3","Мужской"
76,"בַּשַּׁבָּת נַחְנוּ כָּל הַיּוֹם.","В субботу мы отдыхали весь день.","Глаголы","s_670ec3a14b58.mp3","Мужской"
77,"אֲנַחְנוּ טָסִים מָחָר לְאֵילַת.","Завтра мы летим в Эйлат.","Глаголы","s_54c6cdd34633.mp3","Мужской"
78,"בַּשָּׁנָה שֶׁעָבְרָה טַסְתִּי לְפָרִיז.","В прошлом году я летал в Париж.","Глаголы","s_da99020d6517.mp3","Мужской"
79,"הַסּוֹחֵר מוֹכֵר פֵּרוֹת בַּשּׁוּק.","Торговец продаёт фрукты на рынке.","Глаголы","s_671d85b2c927.mp3","Мужской"
80,"דָּוִד מָכַר אֶת הַמְּכוֹנִית שֶׁלּוֹ.","Давид продал свою машину.","Глаголы","s_6f2df88b1c74.mp3","Женский"
81,"אֲנִי בּוֹחֵר יְרָקוֹת טְרִיִּים בַּחֲנוּת.","Я выбираю свежие овощи в магазине.","Глаголы","s_7c50bda65931.mp3","Мужской"
82,"בָּחַרְתִּי מָנָה טְעִימָה בַּמִּסְעָדָה.","Я выбрал вкусное блюдо в ресторане.","Глаголы","s_4d38866ab8c7.mp3","Мужской"
83,"הָרוֹפֵא בּוֹדֵק אֶת הַחוֹלֶה הַיּוֹם.","Врач осматривает больного сегодня.","Глаголы","s_677cb82bf6db.mp3","Женский"
84,"בָּדַקְתִּי אֶת הַחֶשְׁבּוֹן בַּקְּפֵדָה.","Я тщательно проверил счёт.","Глаголы","s_65e42516107a.mp3","Женский"
85,"הוּא שׁוֹמֵר עַל הַכֶּסֶף בַּבַּנְק.","Он хранит деньги в банке.","Глаголы","s_8fcca8a73bb1.mp3","Мужской"
86,"שָׁמַרְתִּי לְךָ מָקוֹם טוֹב.","Я занял для тебя хорошее место.","Глаголы","s_41e2a883a070.mp3","Мужской"
87,"דָּוִד עוֹבֵר לְדִירָה חֲדָשָׁה הַחֹדֶשׁ.","Давид переезжает в новую квартиру в этом месяце.","Глаголы","s_5899dcabc40d.mp3","Мужской"
88,"אֶתְמוֹל עָבַרְנוּ אֶת הַמִּבְחָן בְּהַצְלָחָה.","Вчера мы успешно сдали экзамен.","Глаголы","s_a739589dbb62.mp3","Женский"
89,"הָאוֹטוֹבּוּס עוֹצֵר בַּתַּחֲנָה הַקְּרוֹבָה.","Автобус останавливается на ближайшей остановке.","Глаголы","s_c9a16f2df578.mp3","Мужской"
90,"הַנַּהָג עָצַר בָּאוֹר הָאָדֹם.","Водитель остановился на красный свет.","Глаголы","s_d5bea267778d.mp3","Мужской"
91,"אֲנִי מְדַבֵּר עִם הַמּוֹרֶה עִבְרִית.","Я говорю с учителем на иврите.","Глаголы","s_2da887c47d58.mp3","Мужской"
92,"אֶתְמוֹל דִּבַּרְתִּי עִם דָּוִד בַּטֶּלֶפוֹן.","Вчера я говорил с Давидом по телефону.","Глаголы","s_d0b96a868f44.mp3","Мужской"
93,"הוּא מְבַקֵּשׁ עֶזְרָה מֵהַחֲבֵר.","Он просит помощи у друга.","Глаголы","s_e9339fab4124.mp3","Мужской"
94,"בִּקַּשְׁתִּי חֶשְׁבּוֹן בַּמִּסְעָדָה בְּנִימוּס.","Я вежливо попросил счёт в ресторане.","Глаголы","s_0e62d863c7c3.mp3","Мужской"
95,"אֲנִי מְשַׁלֵּם בְּכַרְטִיס אַשְׁרַאי עַכְשָׁיו.","Я сейчас плачу кредитной картой.","Глаголы","s_5d3ab4add6ab.mp3","Мужской"
96,"שִׁילַּמְתִּי עַל הַקָּפֶה בַּבֹּקֶר.","Утром я заплатил за кофе.","Глаголы","s_32717f4452f3.mp3","Мужской"
97,"סַבָּא מְסַפֵּר סִפּוּר יָפֶה לַיְּלָדִים.","Дедушка рассказывает красивую историю детям.","Глаголы","s_4f480b57f7be.mp3","Мужской"
98,"סִפַּרְתִּי לַחֲבֵר עַל הַטִּיּוּל.","Я рассказал другу о поездке.","Глаголы","s_06ee99ea16e5.mp3","Мужской"
99,"אֲנַחְנוּ מְטַיְּלִים בִּירוּשָׁלַיִם הַיּוֹם בְּיַחַד.","Мы гуляем в Иерусалиме сегодня вместе.","Глаголы","s_f5c246ef1425.mp3","Мужской"
100,"בַּשַּׁבָּת טִיַּלְנוּ בַּפַּארְק הַלְּאוּמִּי.","В субботу мы гуляли в национальном парке.","Глаголы","s_8be15628f05d.mp3","Мужской"
101,"אֲנִי מְחַפֵּשׂ דִּירָה בְּתֵל-אָבִיב.","Я ищу квартиру в Тель-Авиве.","Глаголы","s_f9b9e926f51a.mp3","Мужской"
102,"חִפַּשְׂתִּי אֶת הַמַּפְתֵּחוֹת שָׁעָה שְׁלֵמָה.","Я искал ключи целый час.","Глаголы","s_2e275a0c452e.mp3","Женский"
103,"הִיא מְסַדֶּרֶת אֶת הַחֶדֶר יָפֶה.","Она красиво наводит порядок в комнате.","Глаголы","s_82445e8bbc97.mp3","Женский"
104,"אֶתְמוֹל סִדַּרְתִּי אֶת הָאֲרוֹן בַּבַּיִת.","Вчера я прибрал шкаф дома.","Глаголы","s_91f52600436d.mp3","Женский"
105,"אֲנִי מְקַבֵּל חֲבִילָה מֵהַדֹּאַר הַיּוֹם.","Я получаю посылку с почты сегодня.","Глаголы","s_a90f21bf6404.mp3","Мужской"
106,"קִבַּלְתִּי הוֹדָעָה חֲשׁוּבָה מֵהַבַּנְק.","Я получил важное сообщение из банка.","Глаголы","s_4fc26b8327ce.mp3","Мужской"
107,"הַמּוֹרֶה מְלַמֵּד עִבְרִית בָּאוּלְפָּן.","Учитель преподаёт иврит в ульпане.","Глаголы","s_f80ab423e8c9.mp3","Женский"
108,"שָׁנָה שְׁלֵמָה לִמַּדְתִּי בְּבֵית-סֵפֶר.","Целый год я преподавал в школе.","Глаголы","s_05d09414affe.mp3","Мужской"
109,"הַיְּלָדִים מְשַׂחֲקִים בַּכַּדּוּר בַּחֲצַר.","Дети играют в мяч во дворе.","Глаголы","s_6d2cdc7bf6e0.mp3","Мужской"
110,"אֶתְמוֹל שִׂחַקְנוּ שַׁחְמָט בַּבַּיִת.","Вчера мы играли в шахматы дома.","Глаголы","s_3a66420fdc59.mp3","Мужской"
111,"אֲנִי מְבַשֵּׁל מָרָק טָעִים בַּמִּטְבָּח.","Я готовлю вкусный суп на кухне.","Глаголы","s_30c3fd844b22.mp3","Мужской"
112,"אִמָּא בִּשְּׁלָה אֲרוּחַת עֶרֶב נִפְלָאָה.","Мама приготовила чудесный ужин.","Глаголы","s_a2597ad18a03.mp3","Женский"
113,"דָּוִד מְנַקֶּה אֶת הַשּׁוּלְחָן בַּסָּלוֹן.","Давид вытирает стол в гостиной.","Глаголы","s_f3b5825f7cbd.mp3","Женский"
114,"אֶתְמוֹל נִקִּיתִי אֶת כָּל הַדִּירָה.","Вчера я убрал всю квартиру.","Глаголы","s_d35f0b1f6e87.mp3","Женский"
115,"הַיַּלְדָּה מְצַיֶּרֶת פְּרָחִים בְּצִבְעוֹנִיּוּת.","Девочка красочно рисует цветы.","Глаголы","s_d969ad1dca28.mp3","Женский"
116,"צִיַּרְתִּי תְּמוּנָה יָפָה עַל נְיָר.","Я нарисовал красивую картину на бумаге.","Глаголы","s_459ba73cca56.mp3","Мужской"
117,"אֲנִי מְצַלֵּם אֶת הַנּוֹף הַיָּפֶה.","Я фотографирую красивый вид.","Глаголы","s_0f662b1090cc.mp3","Мужской"
118,"אֶתְמוֹל צִלַּמְתִּי הַרְבֵּה תְּמוּנוֹת בַּיָּם.","Вчера я сделал много фотографий на море.","Глаголы","s_5bce89fe4cbf.mp3","Мужской"
119,"אֲנַחְנוּ מְבַקְּרִים אֵצֶל סַבָּא בָּעֶרֶב.","Мы навещаем дедушку вечером.","Глаголы","s_1c02136c8b55.mp3","Мужской"
120,"בַּשַּׁבָּת בִּקַּרְתִּי בַּמּוּזֵאוֹן בִּירוּשָׁלַיִם.","В субботу я посетил музей в Иерусалиме.","Глаголы","s_df64471f6c32.mp3","Мужской"
121,"אָסוּר לְעַשֵּׁן בַּמָּקוֹם הַצִּבּוּרִי הַזֶּה.","Запрещено курить в этом общественном месте.","Глаголы","s_160366f4363c.mp3","Мужской"
122,"בֶּעָבָר הוּא עִשֵּׁן סִיגַרְיוֹת הַרְבֵּה.","В прошлом он курил много сигарет.","Глаголы","s_9303873956db.mp3","Мужской"
123,"הַטֶּכְנַאי מְתַקֵּן אֶת הַמַּחְשֵׁב הַיּוֹם.","Техник чинит компьютер сегодня.","Глаголы","s_2fa362f76149.mp3","Женский"
124,"תִּקַּנְתִּי אֶת הַטָּעוּת בַּמִּכְתָּב.","Я исправил ошибку в письме.","Глаголы","s_459cea7c4b87.mp3","Женский"
125,"אַבָּא מְבָרֵךְ עַל הַיַּיִן בְּשַׁבָּת.","Папа благословляет вино в субботу.","Глаголы","s_4470e4b2bf5a.mp3","Мужской"
126,"בֵּרַכְתִּי אֶת הֶחָבֵר לְיוֹם-הוּלֶּדֶת.","Я поздравил друга с днём рождения.","Глаголы","s_1a9c6f4063bc.mp3","Женский"
127,"אֲנִי מְחַכֶּה לָאוֹטוֹבּוּס בַּתַּחֲנָה הַמֶּרְכָּזִית.","Я жду автобус на центральной станции.","Глаголы","s_cdae8f0dd8e0.mp3","Мужской"
128,"חִכִּיתִי לְךָ עֶשְׂרִים דַּקּוֹת שְׁלֵמוֹת.","Я ждал тебя целых двадцать минут.","Глаголы","s_fa92d087f3ef.mp3","Мужской"
129,"אֲנִי מְקַוֶּוה לְטוֹב תָּמִיד בַּחַיִּים.","Я всегда надеюсь на лучшее в жизни.","Глаголы","s_9f8356494e8f.mp3","Мужской"
130,"קִוִּיתִי לִפְגּוֹשׁ אוֹתְךָ הַיּוֹם כָּאן.","Я надеялся встретить тебя сегодня здесь.","Глаголы","s_3aeb3a6c5c0d.mp3","Мужской"
131,"הוּא מְשַׁנֶּה אֶת הַתּוֹכְנִית שֶׁלּוֹ.","Он меняет свой план.","Глаголы","s_9a74f19b9395.mp3","Женский"
132,"שִׁנִּיתִי אֶת הַסִּסְמָה שֶׁלִּי בַּמַּחְשֵׁב.","Я сменил свой пароль на компьютере.","Глаголы","s_e3f2906b0aa2.mp3","Женский"
133,"אֲנִי מְנַסֶּה לְדַבֵּר עִבְרִית.","Я стараюсь говорить на иврите каждый день.","Глаголы","s_6519d6e7a4d4.mp3","Мужской"
134,"אֶתְמוֹל נִסִּיתִי מָנָה חֲדָשָׁה בַּמִּסְעָדָה.","Вчера я попробовал новое блюдо в ресторане.","Глаголы","s_be0d4a72c26d.mp3","Мужской"
135,"אֲנִי מְאַחֵל לְךָ הַצְלָחָה רַבָּה.","Я желаю тебе больших успехов.","Глаголы","s_6df14efe373d.mp3","Мужской"
136,"אִחַלְנוּ חַג שָׂמֵחַ לְכָל הַמִּשְׁפָּחָה.","Мы пожелали весёлого праздника всей семье.","Глаголы","s_992c7aaa31d1.mp3","Мужской"
137,"הִיא מְסַיֶּמֶת אֶת הָעֲבוֹדָה בַּזְּמַן.","Она вовремя заканчивает работу.","Глаголы","s_b998a70d5bc1.mp3","Женский"
138,"סִיַּמְתִּי אֶת הַקּוּרְס בְּהַצְלָחָה גְּדוֹלָה.","Я с большим успехом окончил курс.","Глаголы","s_d072ef71634f.mp3","Женский"
139,"דָּוִד מְאַרְגֵּן מְסִבָּה יָפָה בָּעֶרֶב.","Давид организует хорошую вечеринку вечером.","Глаголы","s_0d2bd44599f0.mp3","Мужской"
140,"אִרְגַּנְתִּי אֶת הַמִּסְמָכִים שֶׁלִּי הַיּוֹם.","Я привёл в порядок свои документы сегодня.","Глаголы","s_29656a26b9f5.mp3","Женский"
141,"אֲנִי מַרְגִּישׁ מְצוּיָּן הַיּוֹם בַּבֹּקֶר.","Я чувствую себя отлично сегодня утром.","Глаголы","s_baf43caddbc8.mp3","Мужской"
142,"אֶתְמוֹל הִרְגַּשְׁתִּי עָיֵף מְאֹד בָּעֶרֶב.","Вчера вечером я чувствовал себя очень уставшим.","Глаголы","s_24664f5f29c6.mp3","Мужской"
143,"אֲנִי מַזְמִין פִּיצָה חַמָּה לַבַּיִת.","Я заказываю горячую пиццу на дом.","Глаголы","s_2c06af4aaf7d.mp3","Мужской"
144,"הִזְמַנְתִּי מָקוֹם טוֹב בַּמִּסְעָדָה מֵרֹאשׁ.","Я заранее забронировал хорошее место в ресторане.","Глаголы","s_ef0aed297da7.mp3","Мужской"
145,"הַשִּׁעוּר שֶׁלָּנוּ מַתְחִיל בְּשָׁעָה תֵּשַׁע.","Наш урок начинается в девять часов.","Глаголы","s_0f8f333d88cf.mp3","Мужской"
146,"הִתְחַלְתִּי לַעֲבוֹד בַּמִּשְׂרָד הֶחָדָשׁ.","Я начал работать в новом офисе.","Глаголы","s_64402affcdc5.mp3","Мужской"
147,"הָרַכֶּבֶת מַגִּיעָה בִּזְמַן לַתַּחֲנָה עַכְשָׁיו.","Поезд сейчас прибывает вовремя на станцию.","Глаголы","s_1f2ef4a84153.mp3","Мужской"
148,"הִגַּעְתִּי לָאוּלְפָּן בַּבֹּקֶר בְּשָׁלוֹם.","Я благополучно добрался утром до ульпана.","Глаголы","s_b4ac3be8812e.mp3","Мужской"
149,"אֲנִי מֵבִין אֶת הַשְּׁאֵלָה הֵיטֵב.","Я хорошо понимаю вопрос.","Глаголы","s_22036e84a524.mp3","Мужской"
150,"לֹא הֵבַנְתִּי אֶת הַמִּלָּה הַזֹּאת.","Я не понял это слово.","Глаголы","s_7ff9e1b864e6.mp3","Женский"
151,"אֲנִי מַכִּיר אֶת הָאִישׁ הַזֶּה.","Я знаю этого человека.","Глаголы","s_cd8af1314aab.mp3","Мужской"
152,"הִכַּרְתִּי אוֹתוֹ בָּאוּלְפָּן בַּקַּיִץ.","Я познакомился с ним в ульпане летом.","Глаголы","s_51bcc3ebb10e.mp3","Мужской"
153,"הַמּוֹרֶה מַסְבִּיר אֶת הַכְּלָל בְּבֵרוּר.","Учитель ясно объясняет правило.","Глаголы","s_efe87a9d3cc0.mp3","Женский"
154,"הִסְבַּרְתִּי לַחֲבֵר אֶת הַדֶּרֶךְ.","Я объяснил другу дорогу.","Глаголы","s_70f079ffed18.mp3","Женский"
155,"הַתַּלְמִיד מַקְשִׁיב לַמּוֹרֶה בַּכִּתָּה בְּקֶשֶׁב.","Ученик внимательно слушает учителя в классе.","Глаголы","s_604d8f8a58c5.mp3","Мужской"
156,"הִקְשַׁבְתִּי לַחֲדָשׁוֹת בָּרַדְיוֹ בַּבֹּקֶר.","Утром я послушал новости по радио.","Глаголы","s_4ecba55826fe.mp3","Мужской"
157,"אֲנַחְנוּ מַמְשִׁיכִים לִלְמוֹד עִבְרִית בְּשִׂמְחָה.","Мы с радостью продолжаем учить иврит.","Глаголы","s_5bd945f81a61.mp3","Мужской"
158,"הִמְשַׁכְתִּי יָשָׁר עַד הָרַמְזוֹר.","Я продолжил прямо до светофора.","Глаголы","s_bc2f74063648.mp3","Мужской"
159,"הַמְּנַהֵל מַחְלִיט עַל הַתּוֹכְנִית הַיּוֹם.","Директор сегодня принимает решение по плану.","Глаголы","s_f5fc2ee8daec.mp3","Мужской"
160,"הֶחְלַטְתִּי לִנְסוֹעַ לִירוּשָׁלַיִם מָחָר.","Я решил завтра поехать в Иерусалим.","Глаголы","s_d3be7938e7a2.mp3","Мужской"
161,"דָּוִד מֵבִיא עוּגָה טְעִימָה לַמְּסִבָּה.","Давид приносит вкусный пирог на вечеринку.","Глаголы","s_0facc876fb93.mp3","Мужской"
162,"הֵבֵאתִי מַתָּנָה יָפָה מִפָּרִיז.","Я привёз красивый подарок из Парижа.","Глаголы","s_e3d22abd57e7.mp3","Мужской"
163,"אֲנִי מַדְלִיק אֶת הָאוֹר בַּחֶדֶר.","Я включаю свет в комнате.","Глаголы","s_b1b621344a82.mp3","Мужской"
164,"אֶתְמוֹל הִדְלַקְתִּי אֶת הַמַּזְגָן בַּבַּיִת.","Вчера я включил дома кондиционер.","Глаголы","s_342c2e70fe9f.mp3","Женский"
165,"הִיא מְכַבָּה אֶת הָאוֹר בַּלַּיְלָה.","Она выключает свет ночью.","Глаголы","s_61814061d761.mp3","Женский"
166,"כִּבִּיתִי אֶת הַטֶּלֶוִיזְיָה לִפְנֵי הַשֵּׁנָה.","Я выключил телевизор перед сном.","Глаголы","s_ad267bc41679.mp3","Женский"
167,"הַגֶּשֶׁם מַפְסִיק לָרֶדֶת בַּחוּץ עַכְשָׁיו.","Дождь на улице сейчас прекращается.","Глаголы","s_3e19c803660d.mp3","Мужской"
168,"הִפְסַקְתִּי לַעֲבוֹד מְאוּחָר בַּלַּיְלָה.","Я перестал работать поздно ночью.","Глаголы","s_d09c084199e1.mp3","Мужской"
169,"הַמֶּלְצַר מַמְלִיץ עַל הַדָּג הַטָּרִי.","Официант рекомендует свежую рыбу.","Глаголы","s_de451de9cf40.mp3","Мужской"
170,"הִמְלַצְתִּי עַל הַמָּלוֹן הַזֶּה לַחֲבֵרִים.","Я порекомендовал этот отель друзьям.","Глаголы","s_2d0daf0b9dd6.mp3","Мужской"
171,"הַתַּלְמִיד מַצְלִיחַ בַּלִּמּוּדִים בָּאוּלְפָּן יָפֶה.","Ученик отлично успевает в учёбе в ульпане.","Глаголы","s_776bc8099587.mp3","Мужской"
172,"הִצְלַחְתִּי בַּמִּבְחָן הַקָּשֶׁה בְּעִבְרִית.","Я успешно справился с трудным тестом по ивриту.","Глаголы","s_51873e418b56.mp3","Мужской"
173,"אֲנִי מַעֲדִיף תֵּה עַל קָפֶה.","Я предпочитаю чай кофе.","Глаголы","s_7af48f922782.mp3","Мужской"
174,"הֶעֱדַפְתִּי לְהִשָּׁאֵר בַּבַּיִת בַּגֶּשֶׁם.","В дождь я предпочёл остаться дома.","Глаголы","s_6720576f3784.mp3","Мужской"
175,"אֲנִי מַסְכִּים עִם כָּל מִלָּה.","Я согласен с каждым словом.","Глаголы","s_9caef0e37c6e.mp3","Мужской"
176,"הִסְכַּמְנוּ עַל הַמְּחִיר מִיָּד שָׁם.","Мы сразу договорились о цене там.","Глаголы","s_6b049e08cbca.mp3","Мужской"
177,"דָּוִד מִתְרַחֵץ בַּמַּיִם חַמִּים בַּבֹּקֶר.","Давид моется тёплой водой утром.","Глаголы","s_4bb2599119f6.mp3","Мужской"
178,"הִתְרַחַצְתִּי בַּיָּם עִם כָּל הַחֲבֵרִים.","Я купался в море со всеми друзьями.","Глаголы","s_c473163a70b1.mp3","Мужской"
179,"הַיֶּלֶד מִתְלַבֵּשׁ לְבַד יָפֶה מְאֹד.","Ребёнок очень хорошо одевается сам.","Глаголы","s_924c149a3046.mp3","Мужской"
180,"הִתְלַבַּשְׁתִּי מַהֵר בַּבֹּקֶר לָעֲבוֹדָה.","Утром я быстро оделся на работу.","Глаголы","s_528649f6f92e.mp3","Мужской"
181,"אֲנִי מִתְרַגֵּשׁ מֵהַפְּגִישָׁה הַחֲדָשָׁה הַיּוֹם.","Я волнуюсь из-за новой встречи сегодня.","Глаголы","s_63c9d63f5dd0.mp3","Мужской"
182,"מְאֹד הִתְרַגַּשְׁתִּי בַּחֲתוּנָּה שֶׁל אָחִי.","Я очень растрогался на свадьбе брата.","Глаголы","s_ab66af768a3a.mp3","Мужской"
183,"אֲנִי מִשְׁתַּמֵּשׁ בַּמַּחְשֵׁב בָּעֲבוֹדָה תָּמִיד.","Я всегда пользуюсь компьютером на работе.","Глаголы","s_49d9dd7f7512.mp3","Мужской"
184,"הִשְׁתַּמַּשְׁתִּי בַּמִּלּוֹן בַּשִּׁעוּר אֶתְמוֹל.","Вчера на уроке я пользовался словарём.","Глаголы","s_06e4a3659830.mp3","Мужской"
185,"הֵם מִתְחַתְּנִים בַּקַּיִץ הַקָּרוֹב בְּיִשְׂרָאֵל.","Они женятся ближайшим летом в Израиле.","Глаголы","s_e993fbd5c5a0.mp3","Мужской"
186,"דָּוִד הִתְחַתֵּן עִם שָׂרָה.","Давид женился на Саре.","Глаголы","s_adff542c8478.mp3","Мужской"
187,"הָאִישׁ מִתְפַּלֵּל בְּבֵית-הַכְּנֶסֶת בַּבֹּקֶר.","Мужчина молится в синагоге утром.","Глаголы","s_5d97ec69651d.mp3","Мужской"
188,"הִתְפַּלַּלְנוּ שָׁם בְּיוֹם כִּפּוּר בְּיַחַד.","Мы молились там в Судный день вместе.","Глаголы","s_e2f68e5c7c7f.mp3","Мужской"
189,"אֲנִי מִצְטַעֵר עַל הַטָּעוּת הַזֹּאת.","Я сожалею об этой ошибке.","Глаголы","s_d90a52c46128.mp3","Мужской"
190,"מְאֹד הִצְטַעַרְתִּי עַל מָה שֶׁקָּרָה.","Я очень сожалел о том, что произошло.","Глаголы","s_34be2c25236f.mp3","Мужской"
191,"אֲנִי מִתְקַשֵּׁר לְאִמָּא בָּעֶרֶב.","Я звоню маме вечером.","Глаголы","s_d9c35f2bbba9.mp3","Мужской"
192,"אֶתְמוֹל הִתְקַשַּׁרְתִּי לָרוֹפֵא בַּבֹּקֶר.","Вчера утром я позвонил врачу.","Глаголы","s_34099899ef3d.mp3","Мужской"
193,"אֲנַחְנוּ מִתְרָאִים שׁוּב בָּעֶרֶב בַּקָּפֶה.","Мы снова видимся вечером в кафе.","Глаголы","s_5ce6d716d61e.mp3","Мужской"
194,"הִתְרָאֵינוּ בַּקָּפֶה בַּשָּׁבוּעַ שֶׁעָבַר.","Мы виделись в кафе на прошлой неделе.","Глаголы","s_3a975ff92197.mp3","Мужской"
195,"הִיא מִסְתַּכֶּלֶת עַל הַתְּמוּנָה הַיָּפָה.","Она смотрит на красивую картину.","Глаголы","s_d62f7db2bcdf.mp3","Женский"
196,"הִסְתַּכַּלְתִּי בַּחַלּוֹן שָׁעָה אֲרוּכָּה הַיּוֹם.","Я долго смотрел сегодня в окно.","Глаголы","s_b85b273acae0.mp3","Мужской"
197,"הַתַּלְמִיד מִתְקַדֵּם יָפֶה בָּאוּלְפָּן הַשָּׁנָה.","Ученик хорошо продвигается в ульпане в этом году.","Глаголы","s_d720e55d7aaa.mp3","Мужской"
198,"הִתְקַדַּמְתִּי הַרְבֵּה בַּחֹדֶשׁ הָאַחֲרוֹן בָּעֲבוֹדָה.","Я сильно продвинулся за последний месяц на работе.","Глаголы","s_3aab77ac9efd.mp3","Мужской"
199,"אֲנִי מִתְרַגֵּל לַמֶּזֶג הָאֲוִיר בָּאָרֶץ.","Я привыкаю к погоде в Израиле.","Глаголы","s_62b0d6f8bf88.mp3","Мужской"
200,"הִתְרַגַּלְתִּי מַהֵר לַחַיִּים בְּיִשְׂרָאֵל.","Я быстро привык к жизни в Израиле.","Глаголы","s_d3537296714c.mp3","Мужской"
201,"הַתַּלְמִיד נִכְנָס לַכִּתָּה בְּשֶׁקֶט.","Ученик тихо входит в класс.","Глаголы","s_4ec95d89fc20.mp3","Мужской"
202,"אֶתְמוֹל נִכְנַסְתִּי לַמִּשְׂרָד מוּקְדָּם בַּבֹּקֶר.","Вчера я рано утром зашёл в офис.","Глаголы","s_c12650002d81.mp3","Мужской"
203,"אֲנִי נִשְׁאָר בַּבַּיִת הַיּוֹם בָּעֶרֶב.","Я остаюсь дома сегодня вечером.","Глаголы","s_e3d9d081bfa7.mp3","Мужской"
204,"אֶתְמוֹל נִשְׁאַרְתִּי בָּעֲבוֹדָה עַד מְאוּחָר.","Вчера я задержался на работе допоздна.","Глаголы","s_56fa991842a2.mp3","Мужской"
205,"אֲנַחְנוּ נִפְגָּשִׁים בַּקָּפֶה בָּעֶרֶב בְּיַחַד.","Мы встречаемся вечером в кафе вместе.","Глаголы","s_06f9e3ce374b.mp3","Мужской"
206,"אֶתְמוֹל נִפְגַּשְׁתִּי עִם הַמְּנַהֵל לְשִׂיחָה.","Вчера я встретился с директором для беседы.","Глаголы","s_c2f282e1fbd6.mp3","Мужской"
207,"הַחֲנוּת נִסְגֶּרֶת בְּשָׁעָה שְׁמוֹנֶה בָּעֶרֶב.","Магазин закрывается в восемь вечера.","Глаголы","s_4112c097e57a.mp3","Мужской"
208,"הַדֶּלֶת נִסְגְּרָה לְפֶתַע פִּתְאוֹם בָּרוּחַ.","Дверь внезапно захлопнулась от ветра.","Глаголы","s_7d4505c2b021.mp3","Мужской"
209,"הַסִּפְרִיָּה נִפְתַּחַת בַּבֹּקֶר בְּשָׁעָה שְׁמוֹנֶה.","Библиотека открывается утром в восемь часов.","Глаголы","s_ccbcae6734aa.mp3","Мужской"
210,"הַקּוּרְס הֶחָדָשׁ נִפְתַּח אֶתְמוֹל בָּאוּלְפָּן.","Вчера в ульпане открылся новый курс.","Глаголы","s_b6ba54edab5d.mp3","Мужской"
211,"הוּא נִזְהָר מְאֹד בַּכְּבִישׁ הַסּוֹאֵן.","Он очень осторожен на оживлённой дороге.","Глаголы","s_61b76af1a310.mp3","Мужской"
212,"נִזְהַרְתִּי מְאֹד בַּדֶּרֶךְ הַחֲלָקָה בַּגֶּשֶׁם.","Я был очень осторожен на скользкой дороге в дождь.","Глаголы","s_9c1a69d32055.mp3","Мужской"
213,"תִּינוֹק חָדָשׁ נוֹלָד הַיּוֹם בַּמִּשְׁפָּחָה.","Сегодня в семье родился новый ребёнок.","Глаголы","s_1a8aa8bf6b3e.mp3","Мужской"
214,"נוֹלַדְתִּי בְּיִשְׂרָאֵל לִפְנֵי עֶשְׂרִים שָׁנָה.","Я родился в Израиле двадцать лет назад.","Глаголы","s_328e6cc674bf.mp3","Мужской"
215,"אֲנִי נִזְכָּר בַּסִּפּוּר הַיָּפֶה עַכְשָׁיו.","Я сейчас вспоминаю красивую историю.","Глаголы","s_910ff739814a.mp3","Мужской"
216,"פִּתְאוֹם נִזְכַּרְתִּי בַּשֵּׁם שֶׁלּוֹ מִיָּד.","Вдруг я сразу вспомнил его имя.","Глаголы","s_9b3af73949c5.mp3","Мужской"
217,"קָשֶׁה לְהִפָּרֵד מֵחֲבֵרִים טוֹבִים תָּמִיד.","Всегда трудно расставаться с хорошими друзьями.","Глаголы","s_8d83dc8111c1.mp3","Мужской"
218,"אֶתְמוֹל נִפְרַדְנוּ בִּשְׂדֵה הַתְּעוּפָה בְּחִבּוּק.","Вчера мы тепло попрощались в аэропорту.","Глаголы","s_71656bf91db1.mp3","Мужской"
219,"הַשֶּׁמֶשׁ נֶעֱלֶמֶת מֵאֲחוֹרֵי הֶעָנָן לְאַט.","Солнце медленно исчезает за тучей.","Глаголы","s_36ff7b8e5621.mp3","Мужской"
220,"הַמַּפְתֵּחַ שֶׁלִּי נֶעֱלַם בַּבֹּקֶר פִּתְאוֹם.","Мой ключ утром внезапно пропал.","Глаголы","s_9b12a7687ba3.mp3","Мужской"
221,"הַתִּינוֹק נִרְדָּם בָּעֶרֶשׂ בְּשֶׁקֶט עַכְשָׁיו.","Ребёнок сейчас тихо засыпает в кроватке.","Глаголы","s_4bdf70e568c2.mp3","Мужской"
222,"נִרְדַּמְתִּי מַהֵר מוּל הַטֶּלֶוִיזְיָה אֶתְמוֹל.","Вчера я быстро уснул перед телевизором.","Глаголы","s_116843d97b18.mp3","Мужской"
223,"הַסֶּרֶט נִמְשָׁךְ שְׁעָתַיִם תְּמִימוֹת בַּקּוֹלְנוֹעַ.","Фильм длится ровно два часа в кинотеатре.","Глаголы","s_e134ddb9c2dc.mp3","Мужской"
224,"הַיְּשִׁיבָה נִמְשְׁכָה הַרְבֵּה זְמַן אֶתְמוֹל.","Вчера совещание длилось долго.","Глаголы","s_512228f4319c.mp3","Мужской"
225,"אַף אֶחָד לֹא נִכְשָׁל כָּאן.","Никто здесь не терпит неудачу.","Глаголы","s_645163266178.mp3","Мужской"
226,"נִכְשַׁלְתִּי בַּטֶּסְט הָרִאשׁוֹן שֶׁל נְהִיגָה.","Я завалил первый практический экзамен по вождению.","Глаголы","s_6914815ee912.mp3","Мужской"
227,"אֲנִי מַסְפִּיק לָרַכֶּבֶת בַּבֹּקֶר תָּמִיד.","Я всегда утром успеваю на поезд.","Глаголы","s_15c39e20757b.mp3","Мужской"
228,"הִסְפַּקְתִּי לְסַיֵּם אֶת הַדּוּ״חַ הַיּוֹם.","Я успел закончить отчёт сегодня.","Глаголы","s_3da9ca3a955d.mp3","Женский"
229,"הַמַּצָּב הַכַּלְכָּלִי מַשְׁפִּיעַ עַל הַכֹּל.","Экономическая ситуация влияет на всё.","Глаголы","s_eadd85c3ff90.mp3","Мужской"
230,"הַמּוֹרֶה הִשְׁפִּיעַ עָלַי מְאֹד לְטוֹבָה.","Учитель очень повлиял на меня в лучшую сторону.","Глаголы","s_87117f2801ac.mp3","Женский"
231,"הוּא מַשְׁקִיעַ בַּעֲסָקִים חֲדָשִׁים בָּאָרֶץ.","Он инвестирует в новые бизнесы в стране.","Глаголы","s_417081c4b247.mp3","Мужской"
232,"הִשְׁקַעְתִּי הַרְבֵּה מַאֲמָץ בַּלִּמּוּדִים הָאֵלֶּה.","Я вложил много усилий в эту учёбу.","Глаголы","s_9d9abe414ed1.mp3","Мужской"
233,"אֲנִי מַצִּיעַ פִּתָּרוֹן חָכָם לַבְּעָיָה.","Я предлагаю умное решение проблемы.","Глаголы","s_cee4a05fe8fb.mp3","Мужской"
234,"הַמְּנַהֵל הִצִּיעַ לִי מִשְׂרָה מְעוּלָּה.","Руководитель предложил мне отличную должность.","Глаголы","s_50b4f942a6fd.mp3","Мужской"
235,"הַזַּמָּר מוֹפִיעַ בַּתֵּאַטְרוֹן הַיּוֹם בָּעֶרֶב.","Певец выступает в театре сегодня вечером.","Глаголы","s_6353a559767c.mp3","Мужской"
236,"הִיא הוֹפִיעָה בַּטֶּלֶוִיזְיָה בַּחֲדָשׁוֹת אֶתְמוֹל.","Вчера она появилась на телевидении в новостях.","Глаголы","s_510f5991a884.mp3","Женский"
237,"אֲנִי מַבְטִיחַ לַעֲזוֹר לְךָ תָּמִיד.","Я обещаю всегда помогать тебе.","Глаголы","s_98662a60ad5a.mp3","Мужской"
238,"הִבְטַחְתִּי לָבוֹא בַּזְּמַן לַפְּגִישָׁה.","Я обещал вовремя прийти на встречу.","Глаголы","s_206a624d2e2a.mp3","Мужской"
239,"עוֹרֵךְ-הַדִּין מוֹכִיחַ אֶת הָאֱמֶת בַּמִּשְׁפָּט.","Адвокат доказывает правду на суде.","Глаголы","s_626dadcee4a5.mp3","Женский"
240,"הוֹכַחְתִּי אֶת הַטְּעָנָה שֶׁלִּי בְּבֵרוּר.","Я ясно доказал своё утверждение.","Глаголы","s_12f5708c2c9c.mp3","Женский"
241,"אֲנַחְנוּ מִתְמוֹדְדִים עִם הַקְּשָׁיִים בְּיַחַד.","Мы вместе справляемся с трудностями.","Глаголы","s_cfaa240b8cad.mp3","Мужской"
242,"הִתְמוֹדַדְתִּי הֵיטֵב עִם כָּל הַלַּחַץ.","Я отлично справился со всем стрессом.","Глаголы","s_1fe9653d5d25.mp3","Мужской"
243,"הוּא מִתְנַדֵּב בְּמָדָ״א כָּל שָׁבוּעַ.","Он волонтёрит в скорой помощи каждую неделю.","Глаголы","s_d375e8d83026.mp3","Мужской"
244,"הִתְנַדַּבְתִּי בַּקְּהִלָּה שָׁנָה שְׁלֵמָה בְּאַהֲבָה.","Я целый год с любовью волонтёрил в общине.","Глаголы","s_0724049d7ace.mp3","Мужской"
245,"הַיֶּלֶד מִתְנַהֵג יָפֶה מְאֹד בַּכִּתָּה.","Ребёнок очень хорошо ведёт себя в классе.","Глаголы","s_d91c6335fd20.mp3","Мужской"
246,"הִתְנַהַגְתָּ כְּמוֹ בֶּן-אָדָם אֲמִתִּי בַּמַּצָּב.","Ты повёл себя по-человечески в этой ситуации.","Глаголы","s_d2fc83062115.mp3","Мужской"
247,"הָעִיר מִתְפַּתַּחַת בִּמְהִירוּת גְּדוֹלָה מְאֹד.","Город развивается с очень большой скоростью.","Глаголы","s_a4efcef663ae.mp3","Мужской"
248,"הַחֶבְרָה הִתְפַּתְּחָה מְאֹד בַּשָּׁנִים הָאַחֲרוֹנוֹת.","Компания сильно развилась за последние годы.","Глаголы","s_68dadf373f83.mp3","Мужской"
249,"אֲנָשִׁים מִתְלוֹנְנִים עַל הַמֶּזֶג-הָאֲוִיר בַּקַּיִץ.","Люди жалуются на погоду летом.","Глаголы","s_f3c8cdc7eaab.mp3","Мужской"
250,"הַלָּקוֹחַ הִתְלוֹנֵן עַל הַשֵּׁרוּת הָרַע.","Клиент пожаловался на плохое обслуживание.","Глаголы","s_3a7f84b9fe4d.mp3","Мужской"
251,"הוּא מְטַפֵּל בַּסָּבָא הַיּוֹם.","Он ухаживает за дедушкой сегодня.","Глаголы","s_0e3abe883b9a.mp3","Мужской"
252,"טִפַּלְתִּי בַּחוֹלֶה כָּל הַיּוֹם.","Я ухаживал за больным весь день.","Глаголы","s_2f9ad3d700da.mp3","Мужской"
253,"הִיא רוֹחֶצֶת אֶת הַיָּדַיִם בְּמַיִם.","Она моет руки водой.","Глаголы","s_462b75ca8ecb.mp3","Женский"
254,"רָחַצְתִּי אֶת הַפָּנִים בַּבֹּקֶר.","Я умыл лицо утром.","Глаголы","s_f37d2d4597a0.mp3","Женский"
255,"הוּא שׁוֹטֵף אֶת הָרִצְפָּה כָּעֵת.","Он моет пол сейчас.","Глаголы","s_115a524a166b.mp3","Женский"
256,"שָׁטַפְתִּי כֵּלִים אַחֲרֵי הָאֲרוּחָה.","Я вымыл посуду после еды.","Глаголы","s_6d114ec04098.mp3","Мужской"
257,"הוּא מַלְבִּישׁ אֶת הַמְּטוּפָּל בִּזְהִירוּת.","Он осторожно одевает подопечного.","Глаголы","s_d21d6a89297b.mp3","Женский"
258,"הִלְבַּשְׁתִּי אֶת הַסָּבָא בְּחוּלְצָה.","Я одел дедушку в рубашку.","Глаголы","s_d7ec0b60a3d3.mp3","Женский"
259,"הִיא מַפְשִׁיטָה אֶת הַמְּעִיל הַכָּבֵד.","Она снимает тяжёлое пальто.","Глаголы","s_6ead7d52a7b0.mp3","Женский"
260,"הִפְשַׁטְתִּי אֶת הַסְּוֶודֶר הַחַם.","Я снял тёплый свитер.","Глаголы","s_85139b26819a.mp3","Женский"
261,"הוּא מַאֲכִיל אֶת הַסָּבָא בְּמָרָק.","Он кормит дедушку супом.","Глаголы","s_0b01f08e2289.mp3","Женский"
262,"הֶאֱכַלְתִּי אֶת הַחוֹלֶה בַּצָּהֳרַיִם.","Я покормил больного в обед.","Глаголы","s_5632e9c76499.mp3","Женский"
263,"הוּא מַשְׁקֶה אוֹתוֹ בְּמַיִם קָרִים.","Он поит его холодной водой.","Глаголы","s_a275dad37b65.mp3","Мужской"
264,"הִשְׁקֵיתִי אֶת הַסָּבָא בְּתֵה.","Я напоил дедушку чаем.","Глаголы","s_392cbe7aaa39.mp3","Женский"
265,"הוּא מַשְׁכִּיב אֶת הַחוֹלֶה בַּמִּטָּה.","Он укладывает больного в постель.","Глаголы","s_04cfe0981726.mp3","Женский"
266,"הִשְׁכַּבְתִּי אוֹתוֹ לִישׁוֹן בָּעֶרֶב.","Я уложил его спать вечером.","Глаголы","s_51adae70abc6.mp3","Мужской"
267,"הוּא מַעֲמִיד אוֹתוֹ עַל הָרַגְלַיִם.","Он ставит его на ноги.","Глаголы","s_6956a2c93fd1.mp3","Мужской"
268,"הֶעֱמַדְתִּי אֶת הַכִּסֵּא לְיַד הַמִּטָּה.","Я поставил стул возле кровати.","Глаголы","s_0ef90b4b03c7.mp3","Женский"
269,"הַמְּטַפֵּל מְסַיֵּעַ לַקָּשִׁישׁ בַּהֲלִיכָה.","Сиделка помогает пожилому человеку при ходьбе.","Глаголы","s_bd1d9c4436d8.mp3","Мужской"
270,"סִיַּעְתִּי לַמִּשְׁפָּחָה בְּכָל הַסִּדּוּרִים.","Я помог семье со всеми хлопотами.","Глаголы","s_45922a679857.mp3","Мужской"
271,"הוּא תּוֹמֵךְ בּוֹ בִּזְמַן הַהֲלִיכָה.","Он поддерживает его во время ходьбы.","Глаголы","s_67718614aafd.mp3","Мужской"
272,"תָּמַכְתִּי בַּסָּבָא עַד הַחֶדֶר.","Я поддерживал дедушку до комнаты.","Глаголы","s_562d3cd1bde7.mp3","Мужской"
273,"הוּא מְחַמֵּם אֶת הָאוֹכֶל בַּמִּיקְרוֹגַל.","Он греет еду в микроволновке.","Глаголы","s_d8158e40996f.mp3","Женский"
274,"חִמַּמְתִּי מַיִם חַמִּים לַתֵּה.","Я подогрел горячую воду для чая.","Глаголы","s_708fef9fd102.mp3","Мужской"
275,"הוּא מוֹדֵד לָהּ לַחַץ דָּם.","Он измеряет ей давление.","Глаголы","s_f5c303c4c772.mp3","Мужской"
276,"מָדַדְתִּי חֹם בַּבֹּקֶר בַּמִּרְפָּאָה.","Я измерил температуру утром в клинике.","Глаголы","s_2946c01023fb.mp3","Мужской"
277,"הַכַּדּוּר הַזֶּה מְשַׁכֵּךְ כְּאֵבִים מַהֵר.","Эта таблетка быстро снимает боль.","Глаголы","s_1d6fbeea410d.mp3","Мужской"
278,"שִׁכַּכְתִּי אֶת הַכְּאֵב בְּעֶזְרַת תְּרוּפָה.","Я снял боль с помощью лекарства.","Глаголы","s_80d4062ef847.mp3","Женский"
279,"הוּא מַרְגִּיעַ אֶת הַחוֹלֶה הַמְּבֹהָל.","Он успокаивает испуганного больного.","Глаголы","s_b054c4ef91da.mp3","Женский"
280,"הִרְגַּעְתִּי אוֹתוֹ בִּדְבָרִים טוֹבִים.","Я успокоил его добрыми словами.","Глаголы","s_4baa5e205e81.mp3","Мужской"
281,"הוּא מַחֲזִיר הַכֹּל לַמָּקוֹם.","Он возвращает всё на место.","Глаголы","s_ff72a66854a5.mp3","Мужской"
282,"הֶחֱזַרְתִּי אֶת הַסֵּפֶר לָאֲרוֹן.","Я вернул книгу в шкаф.","Глаголы","s_914ba2dfbcac.mp3","Женский"
283,"הוּא מְדַוֵּחַ עַל הַמַּצָּב לָאָחוֹת.","Он докладывает о состоянии медсестре.","Глаголы","s_28575072ec16.mp3","Мужской"
284,"דִּוַּחְתִּי לָרוֹפֵא עַל שִׁנּוּי.","Я сообщил врачу об изменении.","Глаголы","s_eac40e89e214.mp3","Мужской"
285,"הִיא מַחֲלִיפָה אֶת הַמַּצָּעִים הַיּוֹם.","Она меняет постельное бельё сегодня.","Глаголы","s_37f06f90956c.mp3","Женский"
286,"הֶחֱלַפְתִּי אֶת הַתַּחְבּוֹשֶׁת בַּבֹּקֶר.","Я сменил повязку утром.","Глаголы","s_7ec288d308f6.mp3","Женский"
287,"הוּא מְעוֹדֵד אֶת הַסָּבָא תָּמִיד.","Он всегда подбадривает дедушку.","Глаголы","s_3c7f1f9491cf.mp3","Женский"
288,"עוֹדַדְתִּי אוֹתוֹ בְּחִיּוּךְ רָחָב.","Я подбодрил его широкой улыбкой.","Глаголы","s_75bc0717749f.mp3","Мужской"
289,"הוּא מְלַוֶּה אֶת הַקָּשִׁישׁ לַבַּנְק.","Он сопровождает пожилого человека в банк.","Глаголы","s_231976ccbdda.mp3","Женский"
290,"לִוִּיתִי אוֹתוֹ לְקוּפַּת חוֹלִים.","Я сопроводил его в поликлинику.","Глаголы","s_44bf9dc574d8.mp3","Мужской"
291,"הַגַּנֶּנֶת מַשְׁגִּיחָה עַל הַיְּלָדִים בֶּחָצֵר.","Воспитательница присматривает за детьми во дворе.","Глаголы","s_dad6a7db2346.mp3","Мужской"
292,"הִשְׁגַּחְתִּי עֲלֵיהֶם כָּל הַיּוֹם.","Я следил за ними весь день.","Глаголы","s_3ac4f3910505.mp3","Мужской"
293,"אִמָּא מְחַבֶּקֶת אֶת הַיֶּלֶד בְּחֹם.","Мама тепло обнимает ребёнка.","Глаголы","s_6887436a45fb.mp3","Женский"
294,"חִבַּקְתִּי אוֹתוֹ כְּשֶׁהוּא בָּכָה.","Я обнял его, когда он заплакал.","Глаголы","s_f9d65f227f41.mp3","Мужской"
295,"הוּא מְנַחֵם אֶת הַחָבֵר הֶעָצוּב.","Он утешает грустного друга.","Глаголы","s_e5afa2bf35b2.mp3","Женский"
296,"נִחַמְתִּי אֶת הַיַּלְדָּה בַּגַּן.","Я утешил девочку в саду.","Глаголы","s_2d58a4f66340.mp3","Женский"
297,"דָּנִי מְשַׁתֵּף אֶת כּוּלָּם בַּמִּשְׂחָק.","Дани вовлекает всех в игру.","Глаголы","s_5b60f9c02675.mp3","Женский"
298,"שִׁתַּפְתִּי אֶת הַחֲבֵרִים בַּצַּעֲצוּעִים.","Я поделился с друзьями игрушками.","Глаголы","s_f733603309ca.mp3","Женский"
299,"הַיֶּלֶד גּוֹזֵר נְיָר בְּמִסְפָּרַיִם.","Ребёнок режет бумагу ножницами.","Глаголы","s_db99b31e5d4f.mp3","Мужской"
300,"גָּזַרְתִּי צוּרוֹת יָפוֹת מִבְּרִיסְטוֹל.","Я вырезал красивые фигурки из картона.","Глаголы","s_6c61aeeb7900.mp3","Мужской"
301,"יוֹסִי מַרְכִּיב פָּאזֶל גָּדוֹל הַיּוֹם.","Йоси собирает большой пазл сегодня.","Глаголы","s_e737d4a0a4f2.mp3","Мужской"
302,"הִרְכַּבְתִּי מִגְדָּל גָּבוֹהַּ מִלֶּגוֹ.","Я собрал высокую башню из лего.","Глаголы","s_300c3cb1e949.mp3","Мужской"
303,"הַגַּנֶּנֶת מַקְרִיאָה סִפּוּר לַיְּלָדִים.","Воспитательница читает сказку детям.","Глаголы","s_bb71d9c8d0a7.mp3","Мужской"
304,"הִקְרֵאתִי שִׁיר יָפֶה לָהֶם.","Я прочитал им красивое стихотворение.","Глаголы","s_b7e5675d9ac4.mp3","Мужской"
305,"הַיֶּלֶד שׁוֹכֵב עַל הַמִּזְרָן.","Ребёнок лежит на матрасе.","Глаголы","s_da3399175be3.mp3","Мужской"
306,"שָׁכַבְתִּי לָנוּחַ בַּצָּהֳרַיִם הַיּוֹם.","Я прилёг отдохнуть днём сегодня.","Глаголы","s_6f82afc34a10.mp3","Мужской"
307,"הוּא נוֹעֵל נַעֲלַיִם לְבַד הַיּוֹם.","Он надевает обувь сам сегодня.","Глаголы","s_81cf2b3de226.mp3","Мужской"
308,"נָעַלְתִּי סַנְדָּלִים נוֹחִים לַגַּן.","Я обул удобные сандалии в садик.","Глаголы","s_900a25301742.mp3","Мужской"
309,"הַיְּלָדִים רוֹחֲצִים יָדַיִם בְּסַבּוֹן.","Дети моют руки с мылом.","Глаголы","s_2f7b3fb1b9d2.mp3","Мужской"
310,"רָחַצְנוּ יָדַיִם לִפְנֵי הָאוֹכֶל.","Мы помыли руки перед едой.","Глаголы","s_0457945acfde.mp3","Мужской"
311,"דָּנִי מְוַתֵּר עַל הַתּוֹר בִּנְדִיבוּת.","Дани великодушно уступает очередь.","Глаголы","s_a4ab1c671bdb.mp3","Мужской"
312,"וִתַּרְתִּי לַחֲבֵרָה שֶׁלִּי בַּמִּשְׂחָק.","Я уступил своей подруге в игре.","Глаголы","s_96aed881ef50.mp3","Мужской"
313,"הִיא מְחַלֶּקֶת צְבָעִים לַיְּלָדִים.","Она раздаёт карандаши детям.","Глаголы","s_f0871e71a003.mp3","Женский"
314,"חִלַּקְתִּי אֶת הָעוּגָה שָׁוֶה.","Я поровну разделил пирог.","Глаголы","s_73782af4503b.mp3","Женский"
315,"כָּל הַיְּלָדִים שָׁרִים בַּמַּעְגָּל.","Все дети поют в хороводе.","Глаголы","s_73a5f87cc4f8.mp3","Мужской"
316,"שַׁרְנוּ שִׁיר שָׂמֵחַ בִּמְסִבָּה.","Мы спели весёлую песню на празднике.","Глаголы","s_a7e6b3f79e85.mp3","Мужской"
317,"הַיְּלָדִים רוֹקְדִים בְּשִׂמְחָה עַכְשָׁיו.","Дети с радостью танцуют сейчас.","Глаголы","s_09881b743407.mp3","Мужской"
318,"רָקַדְתִּי עִם הַחֲבֵרִים בַּגַּן.","Я танцевал с друзьями в саду.","Глаголы","s_02b2794baff2.mp3","Мужской"
319,"הִיא גּוֹמֶלֶת אוֹתוֹ מֵחִתּוּלִים עַכְשָׁיו.","Она отучает его от подгузников сейчас.","Глаголы","s_697c40a78cea.mp3","Женский"
320,"גָּמַלְנוּ אֶת הַיֶּלֶד מִמּוֹצֵץ.","Мы отучили ребёнка от соски.","Глаголы","s_35cab1f36e98.mp3","Женский"
321,"הָרוֹפֵא מְאַבְחֵן אֶת הַמַּחֲלָה.","Врач диагностирует болезнь.","Глаголы","s_37e5fe6c21d7.mp3","Женский"
322,"אִבְחַנְתִּי דַּלֶּקֶת רֵאוֹת אֶתְמוֹל.","Я диагностировал воспаление лёгких вчера.","Глаголы","s_4a1204465999.mp3","Мужской"
323,"הָרוֹפֵא רוֹשֵׁם מִרְשָׁם לַחוֹלֶה.","Врач выписывает рецепт больному.","Глаголы","s_2a9ebe407d7e.mp3","Мужской"
324,"רָשַׁמְתִּי תְּרוּפָה חֲדָשָׁה לַמְּטוּפָּל.","Я выписал новое лекарство пациенту.","Глаголы","s_5f3083c03b7c.mp3","Мужской"
325,"הוּא מַפְנֶה אוֹתִי לִבְדִיקוֹת.","Он направляет меня на анализы.","Глаголы","s_584b8ab94a1b.mp3","Мужской"
326,"הִפְנֵיתִי אֶת הַחוֹלֶה לְמוּמְחֶה.","Я направил больного к специалисту.","Глаголы","s_07fd4190793a.mp3","Женский"
327,"הָאָחוֹת מְחַטֵּאת אֶת הַפֶּצַע.","Медсестра дезинфицирует рану.","Глаголы","s_a5cd2458b892.mp3","Женский"
328,"חִטֵּאתִי אֶת הַמָּקוֹם בְּאַלְכּוֹהוֹל.","Я продезинфицировал место спиртом.","Глаголы","s_3a647264524c.mp3","Женский"
329,"הוּא חוֹבֵשׁ אֶת הַיָּד הַפְּצוּעָה.","Он перевязывает раненую руку.","Глаголы","s_611e9cbb4c35.mp3","Женский"
330,"חָבַשְׁתִּי אֶת הָרֶגֶל בְּתַחְבֹּשֶׁת.","Я перевязал ногу бинтом.","Глаголы","s_8466b758dbaa.mp3","Женский"
331,"הַכִירוּרְג מְנַתֵּחַ בְּבֵית הַחוֹלִים.","Хирург оперирует в больнице.","Глаголы","s_3caf05bd1f95.mp3","Мужской"
332,"נִתַּחְנוּ אֶת הַחוֹלֶה בְּהַצְלָחָה.","Мы успешно прооперировали пациента.","Глаголы","s_72516df2b718.mp3","Женский"
333,"הִיא מַזְרִיקָה תְּרוּפָה לַשְּׁרִיר.","Она вводит лекарство в мышцу.","Глаголы","s_e6ec7a962038.mp3","Женский"
334,"הִזְרַקְתִּי חִסּוּן נֶגֶד שַׁפַּעַת.","Я сделал прививку от гриппа.","Глаголы","s_85b902ac0f83.mp3","Мужской"
335,"הוּא מַרְדִּים לִפְנֵי הַנִּתּוּחַ.","Он даёт наркоз перед операцией.","Глаголы","s_ae03f281f077.mp3","Мужской"
336,"הִרְדַּמְתִּי אֶת הַמְּטוּפָּל בְּבִטָּחוֹן.","Я безопасно ввёл пациента в наркоз.","Глаголы","s_bcf6c18858c2.mp3","Женский"
337,"הוּא מַחְלִים מֵהַמַּחֲלָה בְּקָרוֹב.","Он скоро поправляется от болезни.","Глаголы","s_481bc01c727b.mp3","Мужской"
338,"הֶחֱלַמְתִּי מֵהַשַּׁפַּעַת בְּמַהֲרוּת.","Я быстро оправился от гриппа.","Глаголы","s_33947132136a.mp3","Мужской"
339,"הַחוֹלֶה מִתְאוֹשֵׁשׁ בְּחֶדֶר הַתְאוֹשְׁשׁוּת.","Пациент приходит в себя в палате пробуждения.","Глаголы","s_4636e510dc20.mp3","Мужской"
340,"הִתְאוֹשַׁשְׁתִּי יָפֶה אַחֲרֵי הַטִּפּוּל.","Я хорошо восстановился после процедуры.","Глаголы","s_f0c19d8ff04d.mp3","Мужской"
341,"הַכַּדּוּר מֵקֵל עַל הַכְּאֵב.","Таблетка облегчает боль.","Глаголы","s_ccca38dfa0de.mp3","Мужской"
342,"הֵקַלְתִּי עַל הַסֵּבֶל שֶׁלּוֹ.","Я облегчил его страдания.","Глаголы","s_b4d206fec0f4.mp3","Мужской"
343,"הַמַּצָּב מַחְמִיר בַּלַּיְלָה תָּמִיד.","Состояние всегда ухудшается ночью.","Глаголы","s_3cccc8242235.mp3","Мужской"
344,"הַכְּאֵב הֶחְמִיר בַּיָּמִים הָאַחֲרוֹנִים.","Боль усилилась в последние дни.","Глаголы","s_04487e955a9b.mp3","Мужской"
345,"הוּא מִשְׁתַּעֵל בְּלִי הַפְסָקָה הַיּוֹם.","Он кашляет без перерыва сегодня.","Глаголы","s_28004ff8cabe.mp3","Мужской"
346,"הִשְׁתַּעַלְתִּי כָּל הַלַּיְלָה בַּמִּטָּה.","Я кашлял всю ночь в постели.","Глаголы","s_b3885ceb99db.mp3","Мужской"
347,"הַיֶּלֶד מֵקִיא מֵהַרְעָלַת קֵבָה.","Ребёнка рвёт от отравления.","Глаголы","s_da365aa30b45.mp3","Мужской"
348,"הֵקֵאתִי אַחֲרֵי הָאוֹכֶל הַמְּקוּלְקָל.","Меня вырвало после испорченной еды.","Глаголы","s_267ecba7b383.mp3","Мужской"
349,"הִיא כִּמְעַט מִתְעַלֶּפֶת מֵחֹם.","Она почти падает в обморок от жары.","Глаголы","s_fab1047417ee.mp3","Женский"
350,"הָאִישׁ הִתְעַלֵּף בָּרְחוֹב הַיּוֹם.","Мужчина упал в обморок на улице сегодня.","Глаголы","s_38dc38af0e9b.mp3","Мужской"
351,"הוּא נוֹשֵׁם עָמֹק בַּבְּדִיקָה.","Он глубоко дышит на осмотре.","Глаголы","s_26318dd6ff20.mp3","Мужской"
352,"נָשַׁמְתִּי לִרְוָחָה אַחֲרֵי הַבְּשׂוֹרָה.","Я вздохнул с облегчением после вести.","Глаголы","s_c8c74f76d95d.mp3","Мужской"
353,"הוּא בּוֹלֵעַ כַּדּוּר עִם מַיִם.","Он глотает таблетку с водой.","Глаголы","s_15542855ea12.mp3","Мужской"
354,"בָּלַעְתִּי אֶת הַתְּרוּפָה בַּבֹּקֶר.","Я проглотил лекарство утром.","Глаголы","s_a23ee6134332.mp3","Женский"
355,"מְאַשְׁפְּזִים אוֹתוֹ בְּבֵית חוֹלִים.","Его госпитализируют в больницу.","Глаголы","s_3ecc38e7b497.mp3","Мужской"
356,"אִשְׁפַּזְנוּ אֶת הַחוֹלֶה לְהַשְׁגָּחָה.","Мы госпитализировали больного под наблюдение.","Глаголы","s_61d22af7be67.mp3","Женский"
357,"הָרוֹפֵא מְשַׁחְרֵר אוֹתִי הַבַּיְתָה.","Врач выписывает меня домой.","Глаголы","s_22f73d3a4d41.mp3","Мужской"
358,"שִׁחְרַרְנוּ אֶת הַחוֹלָה אֶתְמוֹל.","Мы выписали пациентку вчера.","Глаголы","s_6d1c1583a0c9.mp3","Женский"
359,"הוּא מְמַשֵּׁשׁ אֶת הַבֶּטֶן.","Он пальпирует живот.","Глаголы","s_2dc1ec53bcdf.mp3","Женский"
360,"מִשַּׁשְׁתִּי אֶת הַדּוֹפֶק שֶׁלּוֹ.","Я прощупал его пульс.","Глаголы","s_2b4c79ea4531.mp3","Женский"
361,"הוּא סוֹבֵל מִכְּאֵב רֹאשׁ.","Он страдает от головной боли.","Глаголы","s_9727483ecf4a.mp3","Мужской"
362,"סָבַלְתִּי מֵחֹם גָּבוֹהַּ אֶתְמוֹל.","Я страдал от высокой температуры вчера.","Глаголы","s_d1e0aa8cbba0.mp3","Мужской"
363,"נְגִיף שַׁפַּעַת מַדְבִּיק מַהֵר.","Вирус гриппа быстро заражает.","Глаголы","s_e53fa4e17394.mp3","Мужской"
364,"לֹא הִדְבַּקְתִּי אַף אֶחָד בַּבַּיִת.","Я никого дома не заразил.","Глаголы","s_39f96afa760b.mp3","Мужской"
365,"רוֹאֵה חֶשְׁבּוֹן מְחַשֵּׁב מִסִּים.","Бухгалтер рассчитывает налоги.","Глаголы","s_6a114836428d.mp3","Мужской"
366,"חִשַּׁבְתִּי אֶת הַהוֹצָאוֹת בַּדּוּ״חַ.","Я рассчитал расходы в отчёте.","Глаголы","s_3e36f43303d7.mp3","Женский"
367,"הַבַּנְק מְחַיֵּב אֶת הַחֶשְׁבּוֹן.","Банк списывает средства со счёта.","Глаголы","s_1e774e41e2a1.mp3","Женский"
368,"חִיַּבְתִּי אֶת כַּרְטִיס הָאַשְׁרַאי.","Я снял оплату с кредитной карты.","Глаголы","s_f4820c6e1ddb.mp3","Женский"
369,"הַסַּפָּק מְזַכֶּה אֶת הַלָּקוֹחַ.","Поставщик кредитует клиента.","Глаголы","s_f27ca0824ce9.mp3","Женский"
370,"זִכִּיתִי אֶת חֶשְׁבּוֹן הַבַּנְק.","Я пополнил банковский счёт.","Глаголы","s_a14e72b51ddc.mp3","Женский"
371,"הוּא מֵפִיק חֶשְׁבּוֹנִית מַס מְהִירָה.","Он генерирует налоговую квитанцию быстро.","Глаголы","s_2e126197c55e.mp3","Мужской"
372,"הֵפַקְתִּי דּוּ״חַ שְׁנָתִי מְפֹרָט.","Я выпустил подробный годовой отчёт.","Глаголы","s_6e944dc5c4af.mp3","Мужской"
373,"הוּא מְקַזֵּז אֶת הַמַּס הַחֹדֶשׁ.","Он делает взаимозачёт налога в этом месяце.","Глаголы","s_4c872cb80394.mp3","Женский"
374,"קִזַּזְתִּי מַס תְּשׂוּמוֹת כָּרָאוּי.","Я зачел входящий НДС как положено.","Глаголы","s_d7057150a142.mp3","Мужской"
375,"הַמַּעֲסִיק מְנַכֶּה מַס מֵהַשָּׂכָר.","Работодатель удерживает налог из зарплаты.","Глаголы","s_db17447e76b6.mp3","Мужской"
376,"נִכֵּיתִי מַס בַּמָּקוֹר כַּחֹק.","Я удержал налог у источника по закону.","Глаголы","s_28d807f97918.mp3","Мужской"
377,"הָעֵסֶק גּוֹבֶה תַּשְׁלוּם מֵהַלָּקוֹחַ.","Бизнес взимает платёж с клиента.","Глаголы","s_edcb44aa2fb7.mp3","Мужской"
378,"גָּבִיתִי אֶת כָּל הַחוֹבוֹת.","Я собрал все задолженности.","Глаголы","s_882d68ecd57c.mp3","Женский"
379,"רוֹאֵה חֶשְׁבּוֹן מְאַזֵּן מַאֲזָן.","Бухгалтер сводит баланс.","Глаголы","s_b3c57242fb00.mp3","Мужской"
380,"אִזַּנְתִּי אֶת הַתַּקְצִיב שֶׁל הַחֶבְרָה.","Я сбалансировал бюджет компании.","Глаголы","s_5122538d814e.mp3","Женский"
381,"הוּא מַפְקִיד כֶּסֶף בַּבַּנְק כָּעֵת.","Он вносит деньги в банк сейчас.","Глаголы","s_14058c4804a7.mp3","Мужской"
382,"הִפְקַדְתִּי אֶת הַצֵּ׳ק בַּחֶשְׁבּוֹן.","Я положил чек на счёт.","Глаголы","s_ac437633ba25.mp3","Женский"
383,"הוּא מוֹשֵׁךְ כֶּסֶף מֵהַכַּסְפּוֹמָט.","Он снимает деньги из банкомата.","Глаголы","s_85ac96a6c330.mp3","Мужской"
384,"מָשַׁכְתִּי מָאתַיִם שְׁקָלִים בַּבֹּקֶר.","Я снял двести шекелей утром.","Глаголы","s_225df510c112.mp3","Мужской"
385,"הוּא מַעֲבִיר כֶּסֶף לַסַּפָּק.","Он переводит деньги поставщику.","Глаголы","s_97ac2ad5c2dc.mp3","Мужской"
386,"הֶעֱבַרְתִּי אֶת הַתַּשְׁלוּם בְּאַפְּלִיקַצְיָה.","Я перевёл платёж в приложении.","Глаголы","s_247aeca979fd.mp3","Женский"
387,"הוּא מְנַהֵל סִפְרֵי חֶשְׁבּוֹנוֹת.","Он ведёт бухгалтерские книги.","Глаголы","s_3f7e6b894048.mp3","Мужской"
388,"נִהַלְתִּי אֶת תַּקְצִיב הַפְּרוֹיֶקְט.","Я управлял бюджетом проекта.","Глаголы","s_33275c7269a2.mp3","Женский"
389,"הוּא עוֹקֵב אַחַר כָּל הוֹצָאָה.","Он отслеживает каждый расход.","Глаголы","s_3f49588ec823.mp3","Мужской"
390,"עָקַבְתִּי אַחֲרֵי תְּנוּעוֹת הַחֶשְׁבּוֹן.","Я отследил движения по счёту.","Глаголы","s_371bce283644.mp3","Мужской"
391,"הוּא פּוֹרֵס לְתַשְׁלוּמִים שְׁוִוים.","Он разбивает на равные платежи.","Глаголы","s_b93267e63ddb.mp3","Мужской"
392,"פָּרַסְתִּי אֶת הַתַּשְׁלוּם לִשְׁלוֹשָׁה.","Я разбил платёж на три части.","Глаголы","s_1eb04f1c0852.mp3","Женский"
393,"הוּא מְבַטֵּל חֶשְׁבּוֹנִית שְׁגוּיָה כָּעֵת.","Он аннулирует ошибочный счёт сейчас.","Глаголы","s_3e7a7fb53213.mp3","Мужской"
394,"בִּטַּלְתִּי אֶת הַהוֹרָאָה בַּבַּנְק.","Я отменил распоряжение в банке.","Глаголы","s_a4d0f1cb0b75.mp3","Женский"
395,"הַמַּעֲסִיק מַפְרִישׁ לְקֶרֶן פֶּנְסְיָה.","Работодатель отчисляет в пенсионный фонд.","Глаголы","s_fd107bcec86f.mp3","Мужской"
396,"הִפְרַשְׁנוּ אֶת הַכְּסָפִים כַּחֹק.","Мы перечислили отчисления по закону.","Глаголы","s_87c96065402e.mp3","Женский"
397,"הוּא מַפְחִית אֶת עֵרֶךְ הַצִיּוּד.","Он уменьшает стоимость оборудования.","Глаголы","s_33aa4f056c4a.mp3","Женский"
398,"הִפְחַתְתִּי עֲלוּיוֹת בְּעֵסֶק הַשָּׁנָה.","Я сократил расходы в бизнесе в этом году.","Глаголы","s_7408c93b49ae.mp3","Мужской"
399,"הוּא מַגִּישׁ דּוּ״חַ לְמַס הַכְנָסָה.","Он подаёт отчёт в налоговую.","Глаголы","s_cf098f0564bb.mp3","Мужской"
400,"הִגַּשְׁתִּי אֶת הַדּוּ״חַ בַּזְּמַן.","Я подал отчёт вовремя.","Глаголы","s_34297fbac9d2.mp3","Женский"
401,"הוּא מַסְדִּיר אֶת הַתַּשְׁלוּם הַיּוֹם.","Он урегулирует платёж сегодня.","Глаголы","s_0943c2cb37d4.mp3","Женский"
402,"הִסְדַּרְתִּי אֶת הַחוֹב בָּרָשׁוּת.","Я урегулировал долг в ведомстве.","Глаголы","s_0a3b856ec7c6.mp3","Женский"
403,"הַמְּכוֹנַאי מְפָרֵק אֶת הַגַּלְגַּל.","Механик разбирает колесо.","Глаголы","s_0963212a6f6d.mp3","Женский"
404,"פֵּרַקְתִּי אֶת הַמָּנוֹעַ הַיָּשָׁן.","Я разобрал старый мотор.","Глаголы","s_d8f05b364dda.mp3","Женский"
405,"הַנַּהָג בּוֹלֵם בִּמְהִירוּת רַבָּה.","Водитель резко тормозит.","Глаголы","s_937731a7f3e3.mp3","Мужской"
406,"בָּלַמְתִּי לִפְנֵי מַעֲבַר חֲצִיָּה.","Я затормозил перед переходом.","Глаголы","s_72cca5d2f6f0.mp3","Мужской"
407,"הוּא מֵנִיעַ אֶת הָרֶכֶב בַּבֹּקֶר.","Он заводит машину утром.","Глаголы","s_17f2e3a3a7b0.mp3","Женский"
408,"הֵנַעְתִּי אֶת הַמָּנוֹעַ בְּקַלּוּת.","Я завёл двигатель легко.","Глаголы","s_832327d61460.mp3","Женский"
409,"הַגַּרְרָן גּוֹרֵר אֶת הַמְּכוֹנִית.","Эвакуатор буксирует автомобиль.","Глаголы","s_df0b503e0d1e.mp3","Женский"
410,"גָּרַרְנוּ אֶת הָרֶכֶב לַמּוּסָךְ.","Мы отбуксировали машину в гараж.","Глаголы","s_63ad8b3b87b7.mp3","Женский"
411,"הוּא מְשַׁמֵּן אֶת הַחֲלָקִים.","Он смазывает детали.","Глаголы","s_b424d8ce1825.mp3","Женский"
412,"שִׁמַּנְתִּי אֶת הַשַּׁרְשֶׁרֶת בְּשֶׁמֶן.","Я смазал цепь маслом.","Глаголы","s_977c26e31da0.mp3","Женский"
413,"הוּא מְכַוֵּן פָּרָמֶטְרִים בַּמַּחְשֵׁב.","Он настраивает параметры в компьютере.","Глаголы","s_2b10c10ef44d.mp3","Мужской"
414,"כִּוַּנְתִּי אֶת הַפָּנִים הַקִּדְמִיּוֹת.","Я отрегулировал передние фары.","Глаголы","s_2faf19a570d7.mp3","Женский"
415,"הוּא מְנַקֵּז אֶת שֶׁמֶן הַבְּלָמִים.","Он сливает тормозную жидкость.","Глаголы","s_6eac59238ea1.mp3","Женский"
416,"נִקַּזְתִּי אֶת הַמַּיִם מֵהָרַדְיָטוֹר.","Я слил воду из радиатора.","Глаголы","s_c8b05b7740ea.mp3","Женский"
417,"הוּא מְמַלֵּא דֶּלֶק בַּתַּחֲנָה.","Он заливает бензин на заправке.","Глаголы","s_c4acec8ed2d3.mp3","Мужской"
418,"מִלֵּאתִי אֶת הַמְּכָל בְּשֶׁמֶן.","Я наполнил бачок маслом.","Глаголы","s_fcf96c699281.mp3","Женский"
419,"הָרֶכֶב מַחְלִיק עַל כְּבִישׁ רָטֹב.","Машина скользит по мокрой дороге.","Глаголы","s_969e2e4c4aa7.mp3","Мужской"
420,"הָאוֹטוֹ הֶחְלִיק בַּסִּבּוּב הַמְּסוּכָּן.","Автомобиль занесло на опасном повороте.","Глаголы","s_1aae3212726c.mp3","Мужской"
421,"הוּא מַטְעִין אֶת הַמַּצְבֵּר.","Он заряжает аккумулятор.","Глаголы","s_c1ba8e18510f.mp3","Женский"
422,"הִטְעַנְתִּי אֶת הַבָּטֶרְיָה כָּל הַלַּיְלָה.","Я заряжал батарею всю ночь.","Глаголы","s_8c36575c3eba.mp3","Женский"
423,"הוּא מְחַבֵּר אֶת הַכְּבָלִים.","Он подключает провода.","Глаголы","s_8266cbfaf881.mp3","Женский"
424,"חִבַּרְתִּי אֶת הַסּוֹרֵק לָרֶכֶב.","Я подключил сканер к машине.","Глаголы","s_2635d1fbc67d.mp3","Женский"
425,"הוּא מְנַתֵּק אֶת הַזֶּרֶם.","Он отключает ток.","Глаголы","s_248d8c07d750.mp3","Женский"
426,"נִתַּקְתִּי אֶת הַמַּצְבֵּר לִפְנֵי הַתִּקּוּן.","Я отключил аккумулятор перед ремонтом.","Глаголы","s_69690a234493.mp3","Женский"
427,"הוּא מַהְדֵּק אֶת הַבְּרָגִים.","Он затягивает винты.","Глаголы","s_f1f84c39a032.mp3","Женский"
428,"הִדַּקְתִּי הֵיטֵב בְּמַפְתֵּחַ בְּרָגִים.","Я крепко затянул гаечным ключом.","Глаголы","s_30534da555ab.mp3","Мужской"
429,"הַמָּנוֹעַ מִתְחַמֵּם בַּפְּקָקִים הַיּוֹם.","Двигатель перегревается в пробках сегодня.","Глаголы","s_ca6013b1e887.mp3","Мужской"
430,"הָרֶכֶב הִתְחַמֵּם בָּעֲלִיָּה לִירוּשָׁלַיִם.","Машина нагрелась на подъёме в Иерусалим.","Глаголы","s_c3c759403fbe.mp3","Мужской"
431,"שֶׁמֶן דּוֹלֵף מֵהַמָּנוֹעַ כָּעֵת.","Масло подтекает из двигателя сейчас.","Глаголы","s_e1f2df7a8192.mp3","Мужской"
432,"דֶּלֶק דָּלַף מֵהַצִּנּוֹר אֶתְמוֹל.","Бензин капал из трубки вчера.","Глаголы","s_b5fef3e20f70.mp3","Мужской"
433,"הוּא פּוֹנֶה יָמִינָה בָּרַמְזוֹר.","Он поворачивает направо на светофоре.","Глаголы","s_d09c46330bcb.mp3","Мужской"
434,"פָּנִיתִי שְׂמֹאלָה בַּכִּכָּר הַיּוֹם.","Я повернул налево на кругу сегодня.","Глаголы","s_c30713f12395.mp3","Мужской"
435,"הוּא אוֹטֵם אֶת הַחִבּוּר בְּסִילִיקוֹן.","Он герметизирует стык силиконом.","Глаголы","s_131ffe8c27b7.mp3","Женский"
436,"אָטַמְתִּי אֶת הַחַלּוֹן שֶׁל הָרֶכֶב.","Я загерметизировал окно машины.","Глаголы","s_356f7660f68a.mp3","Женский"
437,"הַסַּפְרָן מְקַטְלֵג סְפָרִים חֲדָשִׁים.","Библиотекарь каталогизирует новые книги.","Глаголы","s_1054a95b2eb1.mp3","Мужской"
438,"קִטְלַגְתִּי אֶת הַחוֹבֶרֶת בַּמַּעֲרֶכֶת.","Я внёс брошюру в систему каталога.","Глаголы","s_0af755e08497.mp3","Женский"
439,"הוּא מְפַתֵּחַ מַפְתֵּחַ עִנְיָנִים.","Он составляет предметный указатель.","Глаголы","s_46093e3b888e.mp3","Мужской"
440,"פִּתַּחְתִּי אֶת מַאֲגַר הַמֵּידָע.","Я развил базу данных.","Глаголы","s_bc28af7065eb.mp3","Женский"
441,"הִיא מְמַיֶּנֶת סְפָרִים לְפִי נוֹשְׂאִים.","Она сортирует книги по темам.","Глаголы","s_14cbc0514de1.mp3","Женский"
442,"מִיַּנְתִּי אֶת הַכְּרָכִים עַל הַמַּדָּף.","Я рассортировал тома на полке.","Глаголы","s_ec1bcde3167c.mp3","Женский"
443,"הִיא מַשְׁאִילָה סֵפֶר לַקּוֹרֵא.","Она выдаёт книгу читателю.","Глаголы","s_b6e874434e73.mp3","Женский"
444,"הִשְׁאַלְתִּי מִלּוֹן עָבֶה לְחֹדֶשׁ.","Я выдал толстый словарь на месяц.","Глаголы","s_56f9aca0429a.mp3","Мужской"
445,"הוּא מַאֲרִיךְ אֶת הַהַשְׁאָלָה.","Он продлевает выдачу.","Глаголы","s_43526f0504d2.mp3","Женский"
446,"הֶאֱרַכְתִּי אֶת הַזְּמַן בְּשָׁבוּעַ.","Я продлил срок на неделю.","Глаголы","s_082babe10431.mp3","Женский"
447,"הַסְְטוּדֶנְט מְעַיֵּן בְּכְּתַב-עֵת.","Студент просматривает журнал.","Глаголы","s_dafaadba37e0.mp3","Мужской"
448,"עִיַּנְתִּי בַּמַּסְמָכִים הָעַתִּיקִים.","Я ознакомился с древними документами.","Глаголы","s_90d0d3b04ccb.mp3","Мужской"
449,"הוּא מְאַתֵּר אֶת הַסֵּפֶר בַּמַּדָּף.","Он находит книгу на полке.","Глаголы","s_9415bdd375bb.mp3","Женский"
450,"אִתַּרְתִּי אֶת הַכֶּרֶךְ לְפִי הַסִּימוּן.","Я отыскал том по шифру.","Глаголы","s_63d013b446d5.mp3","Женский"
451,"מְשַׁמְּרִים סְפָרִים בִּתְנָאִים מְיוּחָדִים.","Книги сохраняют в особых условиях.","Глаголы","s_e9553cbb16fa.mp3","Мужской"
452,"שִׁמַּרְנוּ אֶת כִּתְבֵי הַיָּד הַנְּדִירִים.","Мы законсервировали редкие рукописи.","Глаголы","s_fd9ee2cb7247.mp3","Женский"
453,"הוּא מְשַׁקֵּם דַּף קָרוּעַ בִּזְהִירוּת.","Он осторожно реставрирует порванную страницу.","Глаголы","s_2e794cda478d.mp3","Мужской"
454,"שִׁקַּמְתִּי אֶת הַכְּרִיכָה הַבְּלוּיָה.","Я отреставрировал ветхий переплёт.","Глаголы","s_bf622763b620.mp3","Женский"
455,"הוּא סוֹרֵק תְּמוּנוֹת הִיסְטוֹרִיּוֹת.","Он сканирует исторические фотографии.","Глаголы","s_2e908c91bdf4.mp3","Мужской"
456,"סָרַקְתִּי אֶת כָּל הַחוֹזֶה.","Я отсканировал весь договор.","Глаголы","s_13588be93fed.mp3","Женский"
457,"מְדַגְטְלִים אֶת כָּל הָאַרְכִיּוֹן.","Оцифровывают весь архив.","Глаголы","s_844426af460d.mp3","Женский"
458,"דִּגְטַלְנוּ אֶת הָעִתּוֹנִים הַיְּשָׁנִים.","Мы оцифровали старые газеты.","Глаголы","s_7956f304e589.mp3","Женский"
459,"הוּא גּוֹנֵז מִסְמָכִים בְּאַכְסַנְיָה.","Он архивирует документы в хранилище.","Глаголы","s_8fd4c41d8d10.mp3","Мужской"
460,"גָּנַזְנוּ אֶת הַתִּיק הַהִיסְטוֹרִי.","Мы сдали в спецхран историческое дело.","Глаголы","s_6971af88036a.mp3","Женский"
461,"הוּא כּוֹרֵךְ סֵפֶר בִּכְרִיכָה קָשָׁה.","Он переплетает книгу в твёрдый переплёт.","Глаголы","s_f85ac7f996ef.mp3","Мужской"
462,"כָּרַכְתִּי אֶת חוֹבְרוֹת הַלִּמּוּד.","Я переплёл учебные тетради.","Глаголы","s_daa7e5fcca85.mp3","Женский"
463,"הוּא מְתַעֵד כָּל תְּנוּעָה בָּאוֹסֶף.","Он документирует каждое перемещение в фонде.","Глаголы","s_35b9a809898b.mp3","Мужской"
464,"תִּעַדְתִּי אֶת הַתַּהֲלִיךְ כּוּלּוֹ בַּדּוּ״חַ.","Я задокументировал весь процесс в отчёте.","Глаголы","s_2f8b25d0dae9.mp3","Женский"
465,"הוּא שׁוֹלֵף תִּיק מֵהַמַּחְשֵׁב.","Он извлекает дело из компьютера.","Глаголы","s_5f471f6302dc.mp3","Мужской"
466,"שָׁלַפְתִּי אֶת הַכַּרְטִיס מֵהַמְּגֵרָה.","Я достал карточку из ящика.","Глаголы","s_ba39fb30ff24.mp3","Женский"
467,"הוּא מְסַוֵּג אֶת הַחוֹמֶר.","Он классифицирует материал.","Глаголы","s_bc5d8f95a363.mp3","Женский"
468,"סִוַּגְנוּ אֶת הַמִּסְמָכִים הַסּוֹדִיִּים.","Мы классифицировали секретные документы.","Глаголы","s_b8e8500d0d50.mp3","Женский"
469,"הוּא מַנְפִּיק כַּרְטִיס קוֹרֵא לַתַּלְמִיד.","Он оформляет читательский билет ученику.","Глаголы","s_7da8b8f873e9.mp3","Мужской"
470,"הִנְפַּקְתִּי אֶת הַתְּעוּדָה בָּרֶגַע.","Я оформил удостоверение вмиг.","Глаголы","s_ea2e16882a3b.mp3","Женский"
471,"הַסַּפְרָן גּוֹרֵעַ סְפָרִים מֵהַמְּלַאי.","Библиотекарь списывает книги из инвентаря.","Глаголы","s_fd5007d5f596.mp3","Мужской"
472,"גָּרַעְתִּי אֶת הַכְּרָכִים הַבְּלוּיִים.","Я списал обветшалые тома.","Глаголы","s_7af6966c9775.mp3","Женский"
473,"מְבַעֲרִים דַּפִּים מְיוּתָּרִים בִּמְגְרָסָה.","Утилизируют лишние листы в шредере.","Глаголы","s_2fe7e64cb329.mp3","Мужской"
474,"בִּעַרְנוּ אֶת הָאַרְכִיּוֹן הַיָּשָׁן.","Мы утилизировали старый архив.","Глаголы","s_b04b150d69f9.mp3","Женский"
475,"הוּא מַדְפִּיס דַּף בַּמַּדְפֶּסֶת.","Он распечатывает лист на принтере.","Глаголы","s_b4a9b2e97f26.mp3","Мужской"
476,"הִדְפַּסְתִּי אֶת הַטּוֹפֶס לַבַּקָּשָׁה.","Я распечатал бланк для заявления.","Глаголы","s_e9578b2616b3.mp3","Женский"
477,"הוּא מַקְצִיף אֶת כָּל הָרֶכֶב.","Он покрывает пеной всю машину.","Глаголы","s_4960a3138199.mp3","Женский"
478,"הִקְצַפְתִּי הֵיטֵב בְּקֶצֶף פָּעִיל.","Я хорошо нанёс активную пену.","Глаголы","s_6114995e136a.mp3","Мужской"
479,"הוּא מְנַגֵּב חַלּוֹנוֹת בְּמַטְלִית.","Он вытирает стёкла салфеткой.","Глаголы","s_b57d3738b79a.mp3","Мужской"
480,"נִגַּבְתִּי אֶת הַגַּג עַד יֹבֶשׁ.","Я насухо вытер крышу.","Глаголы","s_870ca38054de.mp3","Женский"
481,"הוּא שׁוֹאֵב אֶת הַשָּׁטִיחַ בָּרֶכֶב.","Он пылесосит коврик в машине.","Глаголы","s_5a4aecbd730b.mp3","Женский"
482,"שָׁאַבְתִּי אֶת תָּא הַמִּטְעָן הַיּוֹם.","Я пропылесосил багажник сегодня.","Глаголы","s_c95a23399b96.mp3","Женский"
483,"הוּא מַבְרִיק אֶת הָרֶכֶב.","Он начищает до блеска машину.","Глаголы","s_669f15601640.mp3","Женский"
484,"הִבְרַקְתִּי אֶת הַשִּׁמְשָׁה לְגַמְרֵי.","Я до блеска отполировал лобовое стекло.","Глаголы","s_6e8942676439.mp3","Женский"
485,"הוּא מוֹרֵחַ וַקְס עַל הַמִּכְסֶה.","Он наносит воск на капот.","Глаголы","s_1c254411d34a.mp3","Мужской"
486,"מָרַחְתִּי שִׁכְבָה שֶׁל חוֹמֶר מָגֵן.","Я нанёс слой защитного средства.","Глаголы","s_cac8ab2f1e5d.mp3","Мужской"
487,"הוּא מְיַבֵּשׁ אֶת הָרֶכֶב בַּאֲוִויר.","Он сушит машину воздухом.","Глаголы","s_9cf00fdff86f.mp3","Женский"
488,"יִבַּשְׁתִּי אֶת הַדְּלָתוֹת מִטִּפּוֹת מַיִם.","Я высушил двери от капель воды.","Глаголы","s_da9142bea5cb.mp3","Женский"
489,"הוּא מְרַסֵּס חוֹמֶר עַל הַגַּלְגַּלִּים.","Он распыляет средство на колёса.","Глаголы","s_58f47cb66c3f.mp3","Мужской"
490,"רִסַּסְתִּי תַּרְסִיס נֶגֶד כְּתָמִים.","Я побрызгал спреем от пятен.","Глаголы","s_cb5cb64a33d3.mp3","Мужской"
491,"הוּא מְקַרְצֵף אֶת הַלִּכְלוּךְ בְּמִבְרֶשֶׁת.","Он оттирает грязь щёткой.","Глаголы","s_e4d571df2a3b.mp3","Женский"
492,"קִרְצַפְתִּי אֶת הַחִשּׁוּקִים הֵיטֵב.","Я тщательно отдраил диски.","Глаголы","s_dd78669b0e52.mp3","Женский"
493,"הוּא מַתִּיז מַיִם בְּלַחַץ גָּבוֹהַּ.","Он подаёт струю воды под высоким давлением.","Глаголы","s_4790bf491cd3.mp3","Мужской"
494,"הִתַּזְתִּי זֶרֶם מַיִם עַל הַבּוֹץ.","Я направил струю воды на грязь.","Глаголы","s_50a86aa95701.mp3","Мужской"
495,"הוּא מֵסִיר כְּתָמִים קָשִׁים מֵהָרִפּוּד.","Он выводит трудновыводимые пятна с обивки.","Глаголы","s_d6ed26b6d80c.mp3","Мужской"
496,"הֵסַרְתִּי אֶת הַדֶּבֶק מֵהַחַלּוֹן.","Я удалил клей со стекла.","Глаголы","s_0d05e0a56c82.mp3","Женский"
497,"הוּא מַשְׁחִיר אֶת הַצְּמִיגִים בְּחוֹמֶר.","Он чернит покрышки средством.","Глаголы","s_3cffda42ff4b.mp3","Женский"
498,"הִשְׁחַרְתִּי אֶת אַרְבַּעַת הַצְּמִיגִים.","Я почернил все четыре колеса.","Глаголы","s_2b0730118c00.mp3","Женский"
499,"הוּא מְבַשֵּׂם אֶת פְּנִים הָרֶכֶב.","Он ароматизирует салон автомобиля.","Глаголы","s_c4418d92320e.mp3","Женский"
500,"בִּשַּׂמְתִּי בְּרֵיחַ וָנִיל נָעִים.","Я освежил салон приятным запахом ванили.","Глаголы","s_7ea0263f0ef6.mp3","Мужской"
501,"הוּא מְרוֹקֵן אֶת פַּח הָאַשְׁפָּה.","Он опустошает мусорное ведро.","Глаголы","s_19bf715c5a45.mp3","Женский"
502,"רוֹקַנְתִּי אֶת הַמַּאֲפֵרָה מֵאֵפֶר.","Я вытряхнул пепельницу от пепла.","Глаголы","s_92aabd71ae64.mp3","Женский"
503,"הוּא מְנַעֵר אֶת שַׁטִיחֵי הָרֶכֶב.","Он встряхивает коврики машины.","Глаголы","s_a509fa07b5a9.mp3","Женский"
504,"נִעַרְתִּי אֶת הַשָּׁטִיחַ מֵאָבָק.","Я выбил коврик от пыли.","Глаголы","s_2b9b87b60718.mp3","Женский"
505,"הוּא מַכְנִיס אֶת הָרֶכֶב לַמִּנְהָרָה.","Он заводит машину в туннель мойки.","Глаголы","s_6a67a9909689.mp3","Женский"
506,"הִכְנַסְתִּי אֶת הָאוֹטוֹ לַשְּׁטִיפָה.","Я загнал авто на мойку.","Глаголы","s_ad399bd129a0.mp3","Женский"
507,"הַנַּהָג מְקַפֵּל אֶת הַמַּרְאוֹת.","Водитель складывает зеркала.","Глаголы","s_6de678f98357.mp3","Женский"
508,"קִפַּלְתִּי מַרְאָה לִפְנֵי הַשְּׁטִיפָה.","Я сложил зеркало перед мойкой.","Глаголы","s_0d7cbd8ab126.mp3","Мужской"
509,"הוּא מוֹסֵר רֶכֶב נָקִי לַלָּקוֹחַ.","Он сдаёт чистый автомобиль клиенту.","Глаголы","s_6e37efe02931.mp3","Мужской"
510,"מָסַרְתִּי אֶת הַמַּפְתְּחוֹת בְּחִיּוּךְ.","Я отдал ключи с улыбкой.","Глаголы","s_bfd3b95c1da2.mp3","Женский"
511,"אֲנִי רוֹצֶה לִשְׁתּוֹת קָפֶה.","Я хочу пить кофе.","Глаголы","s_bfac96acdbdf.mp3","Мужской"
512,"הוּא שׁוֹתֶה מַיִם קָרִים.","Он пьёт холодную воду.","Глаголы","s_125e36be0b21.mp3","Мужской"
513,"אֲנִי גָּר בְּתֵל אָבִיב.","Я живу в Тель-Авиве.","Глаголы","s_8488faac758b.mp3","Мужской"
514,"הַסֵּפֶר עוֹלֶה עֲשָׂרָה שְׁקָלִים.","Книга стоит десять шекелей.","Глаголы","s_319f52857b2c.mp3","Мужской"
515,"הוּא לוֹמֵד בָּאוּלְפָּן הַיּוֹם.","Он учится в ульпане сегодня.","Глаголы","s_2a9576bf778b.mp3","Мужской"
516,"אֲנִי כּוֹתֵב מִכְתָּב עַכְשָׁיו.","Я пишу письмо сейчас.","Глаголы","s_f75458bf4cff.mp3","Мужской"
517,"הִיא קוֹרֵאת עִתּוֹן בַּבֹּקֶר.","Она читает газету утром.","Глаголы","s_ca673f398719.mp3","Женский"
518,"אֲנִי הוֹלֵךְ לַעֲבוֹדָה הַיּוֹם.","Я иду на работу сегодня.","Глаголы","s_f76e781914c5.mp3","Мужской"
519,"הוּא עוֹבֵד בְּמִשְׂרָד גָּדוֹל.","Он работает в большом офисе.","Глаголы","s_c3edae33d7a8.mp3","Мужской"
520,"אֲנִי שׁוֹמֵעַ מוּזִיקָה טוֹבָה.","Я слушаю хорошую музыку.","Глаголы","s_1c04ca7037ef.mp3","Мужской"
521,"הוּא פּוֹתֵחַ אֶת הַדֶּלֶת.","Он открывает дверь.","Глаголы","s_2bc00328324f.mp3","Женский"
522,"הִיא סוֹגֶרֶת אֶת הַחַלּוֹן.","Она закрывает окно.","Глаголы","s_93230b480964.mp3","Женский"
523,"אֲנִי קָם מוּקְדָּם בַּבֹּקֶר.","Я встаю рано утром.","Глаголы","s_cc0cfd4ce033.mp3","Мужской"
524,"כּוֹאֵב לִי הָרֹאשׁ הַיּוֹם.","У меня сегодня болит голова.","Глаголы","s_f4f2c0ae0b65.mp3","Мужской"
525,"אַבָּא נָח עַל הַסַּפָּה.","Папа отдыхает на диване.","Глаголы","s_42af9c237e83.mp3","Мужской"
526,"אֲנִי אוֹהֵב קָפֶה חַם.","Я люблю горячий кофе.","Глаголы","s_0428b89873f4.mp3","Мужской"
527,"הוּא מְנַגֵּן בִּפְסַנְתֵּר מְצוּיָן.","Он отлично играет на пианино.","Глаголы","s_5b67cdc9441a.mp3","Мужской"
528,"אֲנִי מְשַׁלֵּם בְּכַרְטִיס אַשְׁרַאי.","Я плачу кредитной картой.","Глаголы","s_d2fca264cef5.mp3","Мужской"
529,"הוּא שׁוֹלֵחַ הוֹדָעָה עַכְשָׁיו.","Он отправляет сообщение сейчас.","Глаголы","s_690331480c5f.mp3","Мужской"
530,"הוּא מְקַבֵּל מַתָּנָה יָפָה.","Он получает красивый подарок.","Глаголы","s_ec10e9951b0b.mp3","Мужской"
531,"אֲנִי חוֹתֵם עַל הַחוֹזֶה.","Я подписываю договор.","Глаголы","s_28c0b79e96eb.mp3","Мужской"
532,"הוּא מְבַקֵּשׁ כּוֹס מַיִם.","Он просит стакан воды.","Глаголы","s_2e9abb0368cf.mp3","Мужской"
533,"אֲנִי מְטַיֵּל עִם הַכֶּלֶב.","Я гуляю с собакой.","Глаголы","s_386b87eda306.mp3","Мужской"
534,"הוּא מְחַפֵּשׂ אֶת הַמַּפְתֵּחַ.","Он ищет ключ.","Глаголы","s_3965ec51d355.mp3","Женский"
535,"הַמּוֹרֶה מְלַמֵּד עִבְרִית בָּאוּלְפָּן.","Учитель преподает иврит в ульпане.","Глаголы","s_f80ab423e8c9.mp3","Женский"
536,"הַסֶּרֶט מַתְחִיל עַכְשָׁיו בַּקּוֹלְנוֹעַ.","Фильм начинается сейчас в кинотеатре.","Глаголы","s_1742ea299089.mp3","Мужской"
537,"הוּא מַזְמִין מָקוֹם בַּמִּסְעָדָה.","Он заказывает место в ресторане.","Глаголы","s_f64c9c8c110f.mp3","Мужской"
538,"אֲנִי מַרְגִּישׁ מְצוּיָן הַיּוֹם.","Я чувствую себя отлично сегодня.","Глаголы","s_45429c606b28.mp3","Мужской"
539,"אֲנִי מַכִּיר אֶת הָאִישׁ.","Я знаю этого человека.","Глаголы","s_cb2c56eea678.mp3","Мужской"
540,"הָאוֹטוֹבּוּס מַגִּיעַ עַכְשָׁיו לַתַּחֲנָה.","Автобус прибывает сейчас на остановку.","Глаголы","s_c6ae19c8bbc6.mp3","Мужской"
541,"אֲנִי מַקְשִׁיב לְמוּזִיקָה טוֹבָה.","Я слушаю хорошую музыку.","Глаголы","s_f29ff275c917.mp3","Мужской"
542,"הַמּוֹרֶה מַסְבִּיר אֶת הַשִּׁעוּר.","Учитель объясняет урок.","Глаголы","s_b70cfeed8e90.mp3","Женский"
543,"הוּא מִתְלַבֵּשׁ יָפֶה הַיּוֹם.","Он одевается красиво сегодня.","Глаголы","s_2067169da26e.mp3","Мужской"
544,"אֲנִי מִתְרַחֵץ בַּמִּקְלַחַת עַכְשָׁיו.","Я моюсь в душе сейчас.","Глаголы","s_73f7a5b87f0b.mp3","Мужской"
545,"אֲנִי מִתְרַגֵּשׁ מְאוֹד הַיּוֹם.","Я очень волнуюсь сегодня.","Глаголы","s_5fef53372d49.mp3","Мужской"
546,"אֲנִי מִצְטַעֵר עַל הַטָּעוּת.","Я сожалею об ошибке.","Глаголы","s_ee6caa2b285d.mp3","Мужской"
547,"הוּא מִתְפַּלֵּל בְּבֵית הַכְּנֶסֶת.","Он молится в синагоге.","Глаголы","s_d98fd7e8ac22.mp3","Мужской"
548,"הוּא מִתְחַתֵּן עִם שָׂרָה.","Он женится на Саре.","Глаголы","s_cf28786c997d.mp3","Мужской"
549,"אֲנִי מִתְנַצֵּל עַל הָאִחוּר.","Я извиняюсь за опоздание.","Глаголы","s_bcdec44f16cf.mp3","Мужской"
550,"אֲנִי רוֹאֶה אֶת הַיָּם.","Я вижу море.","Глаголы","s_0378a97bbdc2.mp3","Мужской"
551,"אֲנִי מֵבִין עִבְרִית הֵיטֵב.","Я хорошо понимаю иврит.","Глаголы","s_4d6442d1d763.mp3","Мужской"
552,"הוּא נוֹתֵן לִי מַפְתֵּחַ.","Он дает мне ключ.","Глаголы","s_3871386a49de.mp3","Мужской"
553,"הַמְּחִיר כּוֹלֵל חַשְׁמָל וּמַיִם.","Цена включает электричество и воду.","Глаголы","s_2ed37ef76f82.mp3","Мужской"
554,"דָּנִי פּוֹגֵשׁ חָבֵר בַּקָּפֶה.","Дани встречает друга в кафе.","Глаголы","s_d5c7307a3611.mp3","Мужской"
555,"אֲנִי זוֹכֵר אֶת הַכֹּל.","Я всё помню.","Глаголы","s_20b4b062d986.mp3","Мужской"
556,"הוּא תָּמִיד שׁוֹכֵחַ מַפְתְּחוֹת.","Он всегда забывает ключи.","Глаголы","s_d55a4c17ad73.mp3","Мужской"
557,"הוּא מוֹצֵא עֲבוֹדָה טוֹבָה.","Он находит хорошую работу.","Глаголы","s_b930c2d02d1a.mp3","Мужской"
558,"אֲנִי טוֹעֵן אֶת הַטֶּלֶפוֹן.","Я заряжаю телефон.","Глаголы","s_891732bac8a2.mp3","Мужской"
559,"הוּא חוֹתֵךְ אֶת הַלֶּחֶם.","Он режет хлеб.","Глаголы","s_5ed15a01f9e5.mp3","Женский"
560,"הוּא מְטַגֵּן אֶת הַבָּצָל.","Он жарит лук.","Глаголы","s_a4083ec03805.mp3","Женский"
561,"הוּא מוֹסִיף מֶלַח לַמָּרָק.","Он добавляет соль в суп.","Глаголы","s_7fb7b1b93c01.mp3","Мужской"
562,"דָּנִי כּוֹתֵב מִכְתָּב עַכְשָׁיו.","Дани пишет письмо сейчас.","Глаголы","s_0ba5906e8cf8.mp3","Мужской"
563,"הוּא לוֹמֵד עִבְרִית בָּאוּלְפָּן.","Он учит иврит в ульпане.","Глаголы","s_b649b8fc818e.mp3","Мужской"
564,"יוֹסִי עוֹבֵד בַּמִּשְׂרָד הַזֶּה.","Йоси работает в этом офисе.","Глаголы","s_36f396f8bfa1.mp3","Мужской"
565,"דָּנִי אוֹכֵל תַּפּוּחַ טָעִים.","Дани ест вкусное яблоко.","Глаголы","s_ac8eae1715d7.mp3","Мужской"
566,"הוּא שׁוֹמֵעַ מוּזִיקָה עַכְשָׁיו.","Он слушает музыку сейчас.","Глаголы","s_de7ed20bb458.mp3","Мужской"
567,"הוּא סוֹגֵר אֶת הַדֶּלֶת.","Он закрывает дверь.","Глаголы","s_6c6f7723451d.mp3","Женский"
568,"הוּא פּוֹתֵחַ אֶת הַחַלּוֹן.","Он открывает окно.","Глаголы","s_4629d7147e42.mp3","Женский"
569,"הַתַּלְמִיד כּוֹתֵב מִכְתָּב עַכְשָׁיו.","Ученик пишет письмо сейчас.","Глаголы","s_060f14f87dda.mp3","Мужской"
570,"דָּנִי לוֹמֵד עִבְרִית בָּאוּלְפָּן.","Дани учит иврит в ульпане.","Глаголы","s_91e367e59eca.mp3","Мужской"
571,"אֲנִי שׁוֹמֵעַ מוּזִיקָה טוֹבָה.","Я слушаю хорошую музыку.","Глаголы","s_1c04ca7037ef.mp3","Мужской"
572,"הוּא סוֹגֵר אֶת הַחַלּוֹן.","Он закрывает окно.","Глаголы","s_eac573c83a5f.mp3","Женский"
573,"הַיֶּלֶד אוֹכֵל תַּפּוּחַ מָתוֹק.","Ребёнок ест сладкое яблоко.","Глаголы","s_381ab3c32573.mp3","Мужской"
574,"אֲנִי פּוֹגֵשׁ חָבֵר בַּקָּפֶה.","Я встречаю друга в кафе.","Глаголы","s_fad409b16b53.mp3","Мужской"
575,"הַכַּתָּב שׁוֹאֵל שְׁאֵלוֹת קָשׁוֹת.","Репортер задает трудные вопросы.","Глаголы","s_0734555c9b7a.mp3","Мужской"
576,"הַכַּתָּב עוֹבֵד בָּעִתּוֹן הַזֶּה.","Репортер работает в этой газете.","Глаголы","s_83b79e0cb66e.mp3","Мужской"
577,"הוּא לוֹמֵד רְפוּאָה בָּאוּנִיבֶרְסִיטָה.","Он изучает медицину в университете.","Глаголы","s_dab4eefd3870.mp3","Мужской"
578,"הַתַּלְמִידִים לוֹמְדִים כָּל יוֹם.","Ученики учатся каждый день.","Глаголы","s_f4b329d2fc62.mp3","Мужской"
579,"הָעֶבֶד רוֹצֶה לִהְיוֹת חוֹפְשִׁי.","Раб хочет быть свободным.","Глаголы","s_87eb2908b398.mp3","Мужской"
580,"הֵם עוֹבְדִים בַּמִּשְׂרָד הַזֶּה.","Они работают в этом офисе.","Глаголы","s_3cb60dd4c1ee.mp3","Мужской"
581,"יֵשׁ סֶגֶר בָּעִיר עַכְשָׁיו.","В городе сейчас комендантский час.","Глаголы","s_9c070d9a318a.mp3","Мужской"
582,"אֲנִי עוֹמֵד לְיַד הַפֶּתַח.","Я стою возле входа.","Глаголы","s_475512a5daed.mp3","Мужской"
583,"הַמּוֹרֶה אוֹמֵר שָׁלוֹם לַכִּתָּה.","Учитель говорит классу привет.","Глаголы","s_2eae7e80e267.mp3","Женский"
584,"הֵם אוֹמְרִים אֶת הָאֱמֶת.","Они говорят правду.","Глаголы","s_6d7ab92d0ec3.mp3","Женский"
585,"הוּא הוֹלֵךְ לָעֲבוֹדָה בַּבּוֹקֶר.","Он идёт на работу утром.","Глаголы","s_42ba63b2f3a3.mp3","Мужской"
586,"הַיְּלָדִים הוֹלְכִים לְבֵית הַסֵּפֶר.","Дети идут в школу.","Глаголы","s_a5b4a1463d40.mp3","Мужской"
587,"אֲנִי גָּר בִּירוּשָׁלַיִם עַכְשָׁיו.","Я живу в Иерусалиме сейчас.","Глаголы","s_db65c412092d.mp3","Мужской"
588,"אֲנִי קָם מוּקְדָּם בַּבּוֹקֶר.","Я встаю рано утром.","Глаголы","s_5e31540d4fd7.mp3","Мужской"
589,"אֲנִי בָּא לַבַּיִת שֶׁלְּךָ.","Я прихожу к тебе домой.","Глаголы","s_a11185db9301.mp3","Мужской"
590,"אֲנִי בָּא בַּשָּׁבוּעַ הַבָּא.","Я приду на следующей неделе.","Глаголы","s_0e1af1d242fa.mp3","Мужской"
591,"הָאוֹרְחִים בָּאִים לַמְּסִיבָּה הָעֶרֶב.","Гости приходят на вечеринку вечером.","Глаголы","s_7ceea064ea25.mp3","Мужской"
592,"הַצֶּמַח הַזֶּה מֵת בַּחוֹרֶף.","Это растение погибает зимой.","Глаголы","s_ce763f18dd51.mp3","Мужской"
593,"הַנֶּחָת מְשָׁרֵת בַּצָּבָא הָאָמֶרִיקָאִי.","Морской пехотинец служит в американской армии.","Глаголы","s_fb3aabb26459.mp3","Мужской"
594,"אֲנִי טָס לְיִשְׂרָאֵל מָחָר.","Я лечу в Израиль завтра.","Глаголы","s_5aa605626e9a.mp3","Мужской"
595,"אֲנִי קוֹנֶה לֶחֶם בַּמַּכּוֹלֶת.","Я покупаю хлеб в продуктовом магазине.","Глаголы","s_8d61e5e48ae0.mp3","Мужской"
596,"אֲנִי רוֹצֶה לִשְׁתּוֹת מַיִם.","Я хочу пить воду.","Глаголы","s_8aea433bf2b3.mp3","Мужской"
597,"אֲנִי שׁוֹתֶה קָפֶה חַם.","Я пью горячий кофе.","Глаголы","s_025677454b4c.mp3","Мужской"
598,"מָה אַתָּה עוֹשֶׂה עַכְשָׁיו?","Что ты делаешь сейчас?","Глаголы","s_80bfc1049149.mp3","Мужской"
599,"אֲנִי רוֹאֶה סֶרֶט טוֹב.","Я смотрю хороший фильм.","Глаголы","s_1ae767c9d013.mp3","Мужской"
600,"הוּא קוֹנֶה סֵפֶר חָדָשׁ.","Он покупает новую книгу.","Глаголы","s_68ae9be4982b.mp3","Мужской"
601,"יֵשׁ עָשׁ בַּאֲרוֹן הַבְּגָדִים.","В шкафу для одежды есть моль.","Глаголы","s_da2a749993b2.mp3","Мужской"
602,"הֵם רוֹאִים אֶת הַיָּם.","Они видят море.","Глаголы","s_4e86122bf4a1.mp3","Женский"
603,"אֶתְמוֹל הָיִיתִי בְּתֵל אָבִיב.","Вчера я был в Тель-Авиве.","Глаголы","s_2a74be48a5d2.mp3","Мужской"
604,"הוּא הָיָה פֹּה אֶתְמוֹל.","Он был здесь вчера.","Глаголы","s_49695dfa10a1.mp3","Мужской"
605,"הִיא הָיְתָה בַּבַּיִת אֶתְמוֹל.","Она была дома вчера.","Глаголы","s_5fbfd35623e6.mp3","Женский"
606,"הֵם הָיוּ שָׁם אֶתְמוֹל.","Они были там вчера.","Глаголы","s_af2dca31f494.mp3","Мужской"
607,"הוּא הֵבִין אֶת הַכֹּל.","Он всё понял.","Глаголы","s_b0f187010644.mp3","Женский"
608,"אֲנִי מַמְשִׁיךְ לִלְמוֹד עִבְרִית.","Я продолжаю учить иврит.","Глаголы","s_383c5aba98b3.mp3","Мужской"
609,"מָחָר אֶכְתּוֹב מִכְתָּב חָדָשׁ.","Завтра я напишу новое письмо.","Глаголы","s_2b46ee2b031c.mp3","Мужской"
610,"מָחָר אֶלְמַד מִילִּים חֲדָשׁוֹת.","Завтра я буду учить новые слова.","Глаголы","s_83169bc3f0f2.mp3","Мужской"
611,"מָחָר אֶעֱבוֹד כָּל הַיּוֹם.","Завтра я буду работать целый день.","Глаголы","s_de37f3cdb334.mp3","Мужской"
612,"מָחָר נִכְתּוֹב אֶת הַמִּבְחָן.","Завтра мы напишем тест.","Глаголы","s_13e414f1480c.mp3","Женский"
613,"בְּקָרוֹב נִפְגּוֹשׁ אֶת הַחֲבֵרִים.","Скоро мы встретим друзей.","Глаголы","s_7ee663b38488.mp3","Женский"
614,"דָּנִי כּוֹתֵב מִכְתָּב לַחֲבֵרָה.","Дани пишет письмо подруге.","Глаголы","s_daa7f226d228.mp3","Мужской"
615,"הַתַּלְמִיד כּוֹתֵב שִׁיעוּרֵי בַּיִת.","Ученик пишет домашнее задание.","Глаголы","s_f6899d6215d6.mp3","Мужской"
616,"הַסּוֹפֵר כּוֹתֵב סֵפֶר חָדָשׁ.","Писатель пишет новую книгу.","Глаголы","s_b4d397938735.mp3","Мужской"
617,"הוּא לוֹמֵד עִבְרִית בָּאוּלְפָּן.","Он учит иврит в ульпане.","Глаголы","s_b649b8fc818e.mp3","Мужской"
618,"הוּא שׁוֹמֵעַ מוּזִיקָה בַּחֶדֶר.","Он слушает музыку в комнате.","Глаголы","s_8726aadb5cbc.mp3","Мужской"
619,"הוּא עוֹבֵד בַּמִּשְׂרָד הַיּוֹם.","Он работает в офисе сегодня.","Глаголы","s_005ac5390b22.mp3","Мужской"
620,"דָּנִי פּוֹגֵשׁ חָבֵר בַּקָּפֶה.","Дани встречает друга в кафе.","Глаголы","s_d5c7307a3611.mp3","Мужской"
621,"הוּא סוֹגֵר אֶת הַדֶּלֶת.","Он закрывает дверь.","Глаголы","s_6c6f7723451d.mp3","Женский"
622,"הוּא רוֹאֶה סֶרֶט בַּטֶּלֶוִויזְיָה.","Он смотрит фильм по телевизору.","Глаголы","s_664cbd95a1b3.mp3","Мужской"
623,"יוֹסִי כּוֹתֵב בַּמַּחְבֶּרֶת שֶׁלּוֹ.","Йоси пишет в своей тетради.","Глаголы","s_515615db4f9e.mp3","Мужской"
624,"אַבָּא כּוֹתֵב מִכְתָּב עַכְשָׁו.","Папа пишет письмо сейчас.","Глаголы","s_b8aa62b083a8.mp3","Мужской"
625,"הַיֶּלֶד לוֹמֵד בְּבֵית הַסֵּפֶר.","Мальчик учится в школе.","Глаголы","s_edffc963d586.mp3","Мужской"
626,"הַסְטוּדֶנְט לוֹמֵד הַרְבֵּה בַּלַּיְלָה.","Студент много учится ночью.","Глаголы","s_53716963def3.mp3","Мужской"
627,"הָרוֹפֵא עוֹבֵד בְּבֵית חוֹלִים.","Врач работает в больнице.","Глаголы","s_fbbdbb9e3fdb.mp3","Мужской"
628,"דָּנִי עוֹבֵד שָׁעוֹת רַבּוֹת.","Дани работает много часов.","Глаголы","s_4807c37a7d90.mp3","Мужской"
629,"הוּא סוֹגֵר אֶת הַחַלּוֹן.","Он закрывает окно.","Глаголы","s_eac573c83a5f.mp3","Женский"
630,"הוּא מְפַתֵּחַ תּוֹכְנִית חֲדָשָׁה.","Он разрабатывает новую программу.","Глаголы","s_d33e55c5b8a8.mp3","Мужской"
631,"הַיֶּלֶד שׁוֹמֵעַ אֶת הַקּוֹל.","Мальчик слышит этот голос.","Глаголы","s_596bf14ed98b.mp3","Женский"
632,"הוּא עוֹזֵר לְאִמָּא בַּבַּיִת.","Он помогает маме дома.","Глаголы","s_72106e3aa378.mp3","Мужской"
633,"הוּא גָּר בְּתֵל אָבִיב.","Он живёт в Тель-Авиве.","Глаголы","s_c48987406be3.mp3","Мужской"
634,"הוּא קָם מוּקְדָּם בַּבּוֹקֶר.","Он встаёт рано утром.","Глаголы","s_de63402eb69f.mp3","Мужской"
635,"דָּנִי בָּא לַבַּיִת עַכְשָׁו.","Дани идёт домой сейчас.","Глаголы","s_39a8943427f2.mp3","Мужской"
636,"הוּא בָּא לְבַקֵּר אוֹתִי.","Он приходит навестить меня.","Глаголы","s_d165c0b50841.mp3","Мужской"
637,"הָאוֹרֵחַ בָּא בָּעֶרֶב תָּמִיד.","Гость всегда приходит вечером.","Глаголы","s_8ec4a48b1ebe.mp3","Мужской"
638,"הַחָבֵר בָּא לַמְּסִיבָּה הַיּוֹם.","Друг приходит на вечеринку сегодня.","Глаголы","s_ac4199ac39c4.mp3","Мужской"
639,"הוּא טָס לְאֵירוֹפָּה הַיּוֹם.","Он летит в Европу сегодня.","Глаголы","s_1762ec655e8d.mp3","Мужской"
640,"אַבָּא נָח עַל הַסַּפָּה.","Папа отдыхает на диване.","Глаголы","s_42af9c237e83.mp3","Мужской"
641,"הוּא רָץ בַּפַּארְק בַּבּוֹקֶר.","Он бегает в парке утром.","Глаголы","s_3ef205858b51.mp3","Мужской"
642,"יֵשׁ כָּאן אֵשׁ גְּדוֹלָה.","Здесь есть большой огонь.","Глаголы","s_c0a4dd5f3036.mp3","Мужской"
643,"הַסֵּפֶר נִקְנֶה בַּחֲנוּת הַיּוֹם.","Книга покупается в магазине сегодня.","Глаголы","s_edb8b25a97ae.mp3","Мужской"
644,"דָּנִי רוֹצֶה כּוֹס קָפֶה.","Дани хочет чашку кофе.","Глаголы","s_9085110393f9.mp3","Мужской"
645,"הוּא עוֹשֶׂה עֲבוֹדָה טוֹבָה.","Он делает хорошую работу.","Глаголы","s_38d92fde52dd.mp3","Мужской"
646,"הַכֹּל נַעֲשֶׂה בְּבֵית הַסֵּפֶר.","Всё делается в школе.","Глаголы","s_b68af73c5989.mp3","Мужской"
647,"הַתֵּה נִשְׁתֶּה בַּבּוֹקֶר תָּמִיד.","Чай выпивается утром всегда.","Глаголы","s_8701e7490abc.mp3","Мужской"
648,"דָּנִי רוֹאֶה תְּמוּנָה יָפָה.","Дани видит красивую картину.","Глаголы","s_f24133b87c36.mp3","Мужской"
649,"הַפַּחַד מְאַבֵּן אֶת הָאִישׁ.","Страх парализует этого человека.","Глаголы","s_4dfe1cee7f53.mp3","Женский"
650,"הוּא נִדְבָּר עִם הַמּוֹרֶה.","Он договаривается с учителем.","Глаголы","s_54d1b8272816.mp3","Мужской"
651,"זֶה עֵץ אֵשֶׁל גָּבוֹהַּ.","Это высокое дерево тамариск.","Глаголы","s_3810229721a9.mp3","Мужской"
652,"הוּא מְסַדֵּר אֶת הַחֶדֶר.","Он наводит порядок в комнате.","Глаголы","s_6d1a6278ff22.mp3","Женский"
653,"אֲנִי מְבַקֵּשׁ כּוֹס מַיִם.","Я прошу стакан воды.","Глаголы","s_287de51a007a.mp3","Мужской"
654,"הוּא מְחַפֵּשׂ עֲבוֹדָה חֲדָשָׁה.","Он ищет новую работу.","Глаголы","s_14fd679af553.mp3","Мужской"
655,"הוּא מְקַבֵּל הוֹדָעָה חֲדָשָׁה.","Он получает новое сообщение.","Глаголы","s_c161be0e1736.mp3","Мужской"
656,"הוּא מְבַקֵּר אֶת הַמִּשְׁפָּחָה.","Он навещает семью.","Глаголы","s_c7ab9b4a5ea1.mp3","Женский"
657,"הוּא מְתַקֵּן אֶת הַמַּחְשֵׁב.","Он чинит компьютер.","Глаголы","s_7e2fb76e0e30.mp3","Женский"
658,"הוּא מַזְמִין שׁוּלְחָן בַּמִּסְעָדָה.","Он заказывает столик в ресторане.","Глаголы","s_72acd8966d3f.mp3","Мужской"
659,"הַסֶּרֶט מַתְחִיל בְּשֶׁבַע בָּעֶרֶב.","Фильм начинается в семь вечера.","Глаголы","s_5ea7ec7d4362.mp3","Мужской"
660,"אֲנִי מַרְגִּישׁ מְצוּיָן הַיּוֹם.","Я чувствую себя отлично сегодня.","Глаголы","s_45429c606b28.mp3","Мужской"
661,"הוּא מַכִּיר אֶת הַמּוֹרֶה.","Он знает учителя.","Глаголы","s_3285aded05b6.mp3","Женский"
662,"הַמּוֹרֶה מַסְבִּיר אֶת הַחוֹמֶר.","Учитель объясняет материал.","Глаголы","s_e56ad8af038b.mp3","Женский"
663,"יֵשׁ לָהּ נֶמֶשׁ קָטָן.","У неё есть маленькая веснушка.","Глаголы","s_bdd5a0a630bb.mp3","Мужской"
664,"הוּא מַגִּיעַ הַבַּיְתָה בָּעֶרֶב.","Он приходит домой вечером.","Глаголы","s_2bbabb18a4fd.mp3","Мужской"
665,"הוּא מַצְלִיחַ בַּמִּבְחָן הַקָּשֶׁה.","Он успешно сдаёт трудный экзамен.","Глаголы","s_4e6f8c549d5c.mp3","Мужской"
666,"הוּא מִתְרַגֵּשׁ לִפְנֵי הַמִּבְחָן.","Он волнуется перед экзаменом.","Глаголы","s_dd9c38634ffd.mp3","Мужской"
667,"דָּנִי מִתְחַתֵּן עִם שָׂרָה.","Дани женится на Саре.","Глаголы","s_ef2c09c80a8b.mp3","Мужской"
668,"הוּא מִשְׁתַּדֵּל לְהַגִּיעַ בִּזְמַן.","Он старается приходить вовремя.","Глаголы","s_5a4d1b441a5b.mp3","Мужской"
669,"הוּא מִצְטָרֵךְ לָלֶכֶת עַכְשָׁו.","Он вынужден идти сейчас.","Глаголы","s_55e469eed23b.mp3","Мужской"
670,"הוּא מְתַרְגֵּל עִבְרִית הַיּוֹם.","Он тренирует иврит сегодня.","Глаголы","s_f8c1bdc65e40.mp3","Мужской"
671,"הוּא מִשְׁתַּמֵּשׁ בַּמַּחְשֵׁב הַזֶּה.","Он пользуется этим компьютером.","Глаголы","s_0ffd3c38fb38.mp3","Мужской"
672,"הוּא מִתְרַעְנֵן בַּמַּיִם הַקָּרִים.","Он освежается в холодной воде.","Глаголы","s_e3c40c93be8a.mp3","Мужской"
673,"הוּא חוֹסֵךְ כֶּסֶף לְדִירָה.","Он копит деньги на квартиру.","Глаголы","s_3392d8b5eb94.mp3","Мужской"
674,"הַבַּנְק נִסְגָּר בְּאַרְבַּע הַיּוֹם.","Банк закрывается в четыре сегодня.","Глаголы","s_82bed8b148ad.mp3","Мужской"
675,"הַקַּנְיוֹן נִפְתָּח בְּתֵשַׁע בַּבּוֹקֶר.","Торговый центр открывается в девять утра.","Глаголы","s_ea4d93e72af6.mp3","Мужской"
676,"הַמִּכְתָּב נִכְתָּב בְּעִבְרִית עַכְשָׁו.","Письмо пишется на иврите сейчас.","Глаголы","s_c68add321d5c.mp3","Мужской"
677,"הַחַלּוֹן נִשְׁבָּר מֵהָרוּחַ הַחֲזָקָה.","Окно разбивается от сильного ветра.","Глаголы","s_8b1a52919bfa.mp3","Мужской"
678,"הַסֵּפֶר נִמְצָא עַל הַשּׁוּלְחָן.","Книга находится на столе.","Глаголы","s_12ba197be536.mp3","Мужской"
679,"הוּא נִשְׁאָר בַּבַּיִת הַיּוֹם.","Он остаётся дома сегодня.","Глаголы","s_011d5d94e7f8.mp3","Мужской"
680,"הַסֶּרֶט נִגְמָר בְּעוֹד שָׁעָה.","Фильм заканчивается через час.","Глаголы","s_e21636eaf408.mp3","Мужской"
681,"הַבַּיִת נִמְכָּר בִּמְחִיר טוֹב.","Дом продаётся по хорошей цене.","Глаголы","s_91ae61c7cacb.mp3","Мужской"
682,"הוּא נִזְכָּר בַּשֵּׁם שֶׁלָּהּ.","Он вспоминает её имя.","Глаголы","s_ecdcbbbc498e.mp3","Мужской"
683,"אֲנִי נִזְהָר מֵהַכֶּלֶב הַזֶּה.","Я остерегаюсь этой собаки.","Глаголы","s_8b3640dedbca.mp3","Мужской"
684,"הוּא נִכְנָס לַחֶדֶר הַגָּדוֹל.","Он входит в большую комнату.","Глаголы","s_372ccc96f825.mp3","Мужской"
685,"הַכֶּסֶף נֶעֱלָם מֵהַשּׁוּלְחָן.","Деньги исчезают со стола.","Глаголы","s_384e459e77c6.mp3","Мужской"
686,"דָּוִד נִרְגָּע מַהֵר מְאוֹד.","Давид успокаивается очень быстро.","Глаголы","s_ae2fd16513e1.mp3","Мужской"
687,"דָּוִד מַחְלִיט לִקְנוֹת דִּירָה.","Давид решает купить квартиру.","Глаголы","s_d141f7ca4704.mp3","Мужской"
688,"אֲנִי סוֹמֵךְ עָלֶיךָ תָּמִיד.","Я всегда полагаюсь на тебя.","Глаголы","s_cc85f8a9a875.mp3","Мужской"
689,"הָרֶכֶב מִתְקָרֵב אֶל הַתַּחֲנָה.","Машина приближается к остановке.","Глаголы","s_1778a4654fe5.mp3","Мужской"
690,"הוּא מַשְׁוֶה אֶת הַמְּחִירִים.","Он сравнивает цены.","Глаголы","s_4b19e1408314.mp3","Женский"
691,"הוּא מְמַחְזֵר בַּקְבּוּקֵי פְּלַסְטִיק.","Он перерабатывает пластиковые бутылки.","Глаголы","s_93c4c995526e.mp3","Мужской"
692,"הוּא מַצְבִּיעַ בַּבְּחִירוֹת הַיּוֹם.","Он голосует на выборах сегодня.","Глаголы","s_5ee81be3c924.mp3","Мужской"
693,"הוּא מִתְגַּיֵּס לְצַהַ""ל מָחָר.","Он призывается в ЦАХАЛ завтра.","Глаголы","s_e0c629cbb226.mp3","Мужской"
694,"הוּא חוֹפֵר בּוֹר בַּגִּינָּה.","Он копает яму в саду.","Глаголы","s_ec67ff5c2c2a.mp3","Мужской"
695,"הוּא נִרְשָׁם לַקּוּרְס הַיּוֹם.","Он записывается на курс сегодня.","Глаголы","s_9675a4513043.mp3","Мужской"
696,"הוּא תּוֹרֵם כֶּסֶף לַקְּשִׁישִׁים.","Он жертвует деньги пожилым людям.","Глаголы","s_95ff99f54ea5.mp3","Мужской"
697,"הוּא מְשַׁכְנֵעַ אֶת הַחֲבֵרִים.","Он убеждает друзей.","Глаголы","s_1156731260e0.mp3","Женский"
698,"הוּא מַבִּיעַ דֵּעָה בַּדִּיּוּן.","Он высказывает мнение на обсуждении.","Глаголы","s_d04ee39e2874.mp3","Мужской"
699,"הַמִּפְעָל מַתְפִּיל מֵי יָם.","Завод опресняет морскую воду.","Глаголы","s_fcf7e65c280e.mp3","Мужской"
700,"הַמַּדְּעָן חוֹקֵר אֶת הַנּוֹשֵׂא.","Учёный исследует эту тему.","Глаголы","s_68dd1e36d1d5.mp3","Женский"
701,"הוּא חוֹלֵק עַל דַּעְתּוֹ.","Он оспаривает его мнение.","Глаголы","s_fbf5a04bbdb8.mp3","Мужской"
702,"הוּא מְפַעְנֵחַ אֶת הַקּוֹד.","Он расшифровывает код.","Глаголы","s_47594082abcc.mp3","Женский"
703,"הוּא מְסַכֵּם אֶת הַמַּאֲמָר.","Он резюмирует статью.","Глаголы","s_5fa31d815d0b.mp3","Женский"
704,"הָאוּלְפָּן קוֹלֵט עוֹלִים חֲדָשִׁים.","Ульпан принимает новых репатриантов.","Глаголы","s_3c30e85458b9.mp3","Мужской"
705,"הַתַּלְמִיד מַטֶּה אֶת הַפּוֹעַל.","Ученик спрягает глагол.","Глаголы","s_720d077045ea.mp3","Женский"
706,"הוּא רָץ כָּל בֹּקֶר.","Он бегает каждое утро.","Глаголы","s_88411e74620b.mp3","Мужской"
707,"אֲנִי מְסַדֵּר אֶת הַחֶדֶר.","Я навожу порядок в комнате.","Глаголы","s_4af2c2d6f333.mp3","Мужской"
708,"סַבָּא מְסַפֵּר סִפּוּר מְעַנְיֵן.","Дедушка рассказывает интересную историю.","Глаголы","s_beab7fe85f6c.mp3","Мужской"
709,"הַבַּנְק נִפְתָּח עַכְשָׁיו.","Банк открывается сейчас.","Глаголы","s_1fbcca9afd4e.mp3","Мужской"
710,"מָה הַשֵּׁם שֶׁלְּךָ?","Как тебя зовут? (досл. Каково твоё имя?)","Существительные","s_0f16dc5a70ea.mp3","Мужской"
711,"הַיּוֹם יוֹם יָפֶה מְאֹד.","Сегодня очень красивый день.","Существительные","s_375a01d4f233.mp3","Мужской"
712,"אֲנִי שׁוֹתֶה תֵּה בַּבֹּקֶר.","Я пью чай утром.","Существительные","s_9ea05c72a19e.mp3","Мужской"
713,"דָּוִד בַּבַּיִת בָּעֶרֶב.","Давид дома вечером.","Существительные","s_396bd5432b82.mp3","Мужской"
714,"לַיְלָה טוֹב לְכוּלָּם.","Доброй ночи всем.","Существительные","s_f4ed326a821f.mp3","Мужской"
715,"אֲנִי רוֹצֶה קָפֶה חַם.","Я хочу горячий кофе.","Существительные","s_06c76a71e03c.mp3","Мужской"
716,"הוּא שׁוֹתֶה תֵּה בַּבֹּקֶר.","Он пьёт чай утром.","Существительные","s_452c0ecb28cd.mp3","Мужской"
717,"יֵשׁ פֹּה מַיִם קָרִים.","Здесь есть холодная вода.","Существительные","s_c8f6720fa6a8.mp3","Мужской"
718,"אֲנִי רוֹצֶה קָפֶה עִם חָלָב.","Я хочу кофе с молоком.","Существительные","s_e53a45a7c193.mp3","Мужской"
719,"אַתָּה רוֹצֶה סוּכָּר בַּתֵּה?","Ты хочешь сахар в чай?","Существительные","s_af01eacf41b6.mp3","Мужской"
720,"זֹאת עוּגָה טְעִימָה מְאֹד.","Это очень вкусный пирог.","Существительные","s_c5093355c7e5.mp3","Мужской"
721,"דָּוִד אוֹכֵל קְרוּאָסוֹן בַּקָּפֶה.","Давид ест круассан в кафе.","Существительные","s_8f000e28feb2.mp3","Мужской"
722,"אֶפְשָׁר חֶשְׁבּוֹן, בְּבַקָּשָׁה?","Можно счёт, пожалуйста?","Существительные","s_2c1cb05678b7.mp3","Мужской"
723,"תֵּל אָבִיב זֹאת עִיר יָפָה.","Тель-Авив — это красивый город.","Существительные","s_5c41ff550f25.mp3","Мужской"
724,"יִשְׂרָאֵל מְדִינָה קְטַנָּה.","Израиль — маленькая страна.","Существительные","s_44fff0c3b0e0.mp3","Мужской"
725,"אֲנִי גָּר בְּיִשְׂרָאֵל עַכְשָׁו.","Я живу в Израиле сейчас.","Существительные","s_e7060303dbfa.mp3","Мужской"
726,"אֲנִי מְדַבֵּר עִבְרִית בָּאוּלְפָּן.","Я говорю на иврите в ульпане.","Существительные","s_a53fd2f99df0.mp3","Мужской"
727,"הִיא מְדַבֶּרֶת רוּסִית בַּבַּיִת.","Она говорит по-русски дома.","Существительные","s_36074bc1dd4d.mp3","Женский"
728,"אַתָּה מֵבִין אַנְגְּלִית טוֹב?","Ты хорошо понимаешь по-английски?","Существительные","s_1e28d88d954a.mp3","Мужской"
729,"אֲנִי קוֹרֵא סֵפֶר טוֹב.","Я читаю хорошую книгу.","Существительные","s_e9c7127bfb1b.mp3","Мужской"
730,"יֵשׁ לִי מַחְבֶּרֶת חֲדָשָׁה.","У меня есть новая тетрадь.","Существительные","s_4e324573ce8d.mp3","Мужской"
731,"אֶפְשָׁר עֵט, בְּבַקָּשָׁה?","Можно ручку, пожалуйста?","Существительные","s_1f11f086a1b2.mp3","Мужской"
732,"הַסֵּפֶר עַל הַשּׁוּלְחָן.","Книга на столе.","Существительные","s_7be786e4ef9d.mp3","Мужской"
733,"זֶה כִּסֵּא נוֹחַ מְאֹד.","Это очень удобный стул.","Существительные","s_775a25faf92b.mp3","Мужской"
734,"דָּוִד תַּלְמִיד טוֹב בָּאוּלְפָּן.","Давид — хороший ученик в ульпане.","Существительные","s_a31c08cff3d3.mp3","Мужской"
735,"הַמּוֹרֶה מְדַבֵּר לְאַט בַּשִּׁעוּר.","Учитель говорит медленно на уроке.","Существительные","s_dbc7ad25a0dc.mp3","Женский"
736,"אֲנִי קוֹנֶה הַכֹּל בַּסּוּפֶּרְמַרְקֶט.","Я покупаю всё в супермаркете.","Существительные","s_b3d6badc4e78.mp3","Мужской"
737,"אֲנַחְנוּ הוֹלְכִים לַשּׁוּק הַיּוֹם.","Мы идём на рынок сегодня.","Существительные","s_c28369f89d27.mp3","Мужской"
738,"כַּמָּה עוֹלוֹת הָעַגְבָנִיּוֹת הָאֵלֶּה?","Сколько стоят эти помидоры?","Существительные","s_cd1a84a00d0a.mp3","Мужской"
739,"אֲנִי רוֹצֶה קִילוֹ מְלָפְפוֹנִים.","Я хочу килограмм огурцов.","Существительные","s_61382e66d759.mp3","Мужской"
740,"יֵשׁ פֹּה לֶחֶם טָרִי?","Здесь есть свежий хлеб?","Существительные","s_d5cc4f9ff049.mp3","Мужской"
741,"הִיא אוֹהֶבֶת גְּבִינָה טְעִימָה.","Она любит вкусный сыр.","Существительные","s_6b835caec639.mp3","Женский"
742,"זֶה עוֹלֶה עֲשָׂרָה שְׁקָלִים.","Это стоит десять шекелей.","Существительные","s_efe368fdef5c.mp3","Мужской"
743,"אֲנִי רוֹצֶה שְׁנֵי קִילוֹ תַּפּוּזִים.","Я хочу два килограмма апельсинов.","Существительные","s_133858d67656.mp3","Мужской"
744,"אַתָּה רוֹצֶה שַׂקִּית גְּדוֹלָה?","Ты хочешь большой пакет?","Существительные","s_56cb65008f64.mp3","Мужской"
745,"הַמּוֹכֵר עוֹזֵר לִי בַּחֲנוּת.","Продавец помогает мне в магазине.","Существительные","s_3d36ee820bef.mp3","Мужской"
746,"יֵשׁ לִי מִשְׁפָּחָה גְּדוֹלָה.","У меня большая семья.","Существительные","s_371936a20e59.mp3","Мужской"
747,"אַבָּא שֶׁלִּי עוֹבֵד פֹּה.","Мой папа работает здесь.","Существительные","s_fd98c8af4bb0.mp3","Мужской"
748,"אִמָּא שֶׁלִּי בַּבַּיִת עַכְשָׁו.","Моя мама дома сейчас.","Существительные","s_f41b1b9e6c47.mp3","Женский"
749,"יֵשׁ לִי אָח אֶחָד.","У меня есть один брат.","Существительные","s_2a81f4bf497c.mp3","Мужской"
750,"אָחוֹת שֶׁלִּי לוֹמֶדֶת בָּאוּלְפָּן.","Моя сестра учится в ульпане.","Существительные","s_26f655f58ad7.mp3","Мужской"
751,"הַבֵּן שֶׁלּוֹ לוֹמֵד בְּבֵית סֵפֶר.","Его сын учится в школе.","Существительные","s_b858775e9297.mp3","Мужской"
752,"יֵשׁ לָהֶם בַּת קְטַנָּה.","У них есть маленькая дочь.","Существительные","s_102e49b0479e.mp3","Мужской"
753,"סַבָּא שֶׁלִּי גָּר בִּירוּשָׁלַיִם.","Мой дедушка живёт в Иерусалиме.","Существительные","s_8528e7513600.mp3","Мужской"
754,"סָבְתָא מְבַשֶּׁלֶת מָרָק טָעִים.","Бабушка готовит вкусный суп.","Существительные","s_7c97e0344627.mp3","Мужской"
755,"הַיֶּלֶד מְשַׂחֵק בַּחֶדֶר.","Мальчик играет в комнате.","Существительные","s_8a3fcccf7af0.mp3","Мужской"
756,"זֹאת תְּמוּנָה יָפָה מְאֹד.","Это очень красивая фотография.","Существительные","s_e66821d45236.mp3","Мужской"
757,"הַיְּלָדִים הוֹלְכִים לְבֵית סֵפֶר.","Дети идут в школу.","Существительные","s_f91926100278.mp3","Мужской"
758,"דָּוִד קוֹנֶה בַּיִת חָדָשׁ.","Давид покупает новый дом.","Существительные","s_f200c6f70ee7.mp3","Мужской"
759,"זֹאת דִּירָה יָפָה וּגְדוֹלָה.","Это красивая и большая квартира.","Существительные","s_923b0bd294c9.mp3","Мужской"
760,"יֵשׁ לִי חֶדֶר גָּדוֹל.","У меня большая комната.","Существительные","s_6554186cede9.mp3","Мужской"
761,"אֲנַחְנוּ יוֹשְׁבִים בַּסָּלוֹן עַכְשָׁו.","Мы сидим в гостиной сейчас.","Существительные","s_b3989ac6d5f6.mp3","Мужской"
762,"אִמָּא מְבַשֶּׁלֶת בַּמִּטְבָּח עַכְשָׁו.","Мама готовит на кухне сейчас.","Существительные","s_2907fb9b20df.mp3","Женский"
763,"זֹאת מִיטָּה נוֹחָה מְאֹד.","Это очень удобная кровать.","Существительные","s_f484cd5a8887.mp3","Мужской"
764,"הַבְּגָדִים שֶׁלִּי בָּאָרוֹן.","Моя одежда в шкафу.","Существительные","s_3ccf2df8e730.mp3","Мужской"
765,"הֶחָלָב נִמְצָא בַּמְּקָרֵר.","Молоко находится в холодильнике.","Существительные","s_429b9e74f35c.mp3","Мужской"
766,"אֶפְשָׁר לִפְתֹּחַ אֶת הַחַלּוֹן?","Можно открыть окно?","Существительные","s_e98eb56caaec.mp3","Женский"
767,"אֲנִי כּוֹתֵב מִכְתָּב לַחֲבֵר.","Я пишу письмо другу.","Существительные","s_2bf79aa69c33.mp3","Мужской"
768,"יֵשׁ לִי עֲבוֹדָה מְעַנְיֶנֶת.","У меня интересная работа.","Существительные","s_593913092614.mp3","Мужской"
769,"אֲנַחְנוּ לוֹמְדִים בָּאוּלְפָּן הַיּוֹם.","Мы учимся в ульпане сегодня.","Существительные","s_6c9ad7d79426.mp3","Мужской"
770,"הוּא שׁוֹמֵעַ מוּזִיקָה טוֹבָה.","Он слушает хорошую музыку.","Существительные","s_d33862ef0749.mp3","Мужской"
771,"מָה הַשָּׁעָה עַכְשָׁו?","Который сейчас час?","Существительные","s_af2ae21c5b81.mp3","Мужской"
772,"רַק דַּקָּה אַחַת, בְּבַקָּשָׁה.","Только одну минуту, пожалуйста.","Существительные","s_bc245dcd8064.mp3","Мужской"
773,"אֲנִי אוֹכֵל בַּצָּהֳרַיִּים.","Я ем в обеденное время.","Существительные","s_4ed13796d2e1.mp3","Мужской"
774,"אֲנִי אוֹכֵל אֲרוּחַת בֹּקֶר.","Я ем завтрак.","Существительные","s_ed31a8dc8bc8.mp3","Мужской"
775,"זֹאת אֲרוּחַת עֶרֶב טְעִימָה.","Это вкусный ужин.","Существительные","s_92aaecc98331.mp3","Мужской"
776,"אֲנִי נוֹסֵעַ בְּאוֹטוֹבּוּס לָעֲבוֹדָה.","Я еду на автобусе на работу.","Существительные","s_4c0e1866b168.mp3","Мужской"
777,"הָרַכֶּבֶת מַגִּיעָה בַּזְּמַן.","Поезд прибывает вовремя.","Существительные","s_f3fb7fbba22f.mp3","Мужской"
778,"אֲנַחְנוּ לוֹקְחִים מוֹנִית לַתַּחֲנָה.","Мы берём такси до остановки.","Существительные","s_d8137de61b95.mp3","Мужской"
779,"אֵיפֹה הַתַּחֲנָה שֶׁל הָאוֹטוֹבּוּס?","Где автобусная остановка?","Существительные","s_9b53105fb6ba.mp3","Мужской"
780,"הָאוֹטוֹבּוּס נוֹסֵעַ לַתַּחֲנָה הַמֶּרְכָּזִית.","Автобус едет на центральную автостанцию.","Существительные","s_1c1c2107dff6.mp3","Мужской"
781,"זֶה רְחוֹב שָׁקֵט מְאֹד.","Это очень тихая улица.","Существительные","s_29a97b4243c3.mp3","Мужской"
782,"אֶפְשָׁר כַּרְטִיס אֶחָד, בְּבַקָּשָׁה?","Можно один билет, пожалуйста?","Существительные","s_0c1f47f7c1c6.mp3","Мужской"
783,"אֲנִי קוֹנֶה קִילוֹ בָּצָל.","Я покупаю килограмм лука.","Существительные","s_e793e4f6682c.mp3","Мужской"
784,"אֲנִי רוֹצֶה שׁוּם טָרִי.","Я хочу свежий чеснок.","Существительные","s_e41ed3227772.mp3","Мужской"
785,"יֵשׁ פֹּה תַּפּוּחַ אֲדָמָה.","Здесь есть картофель.","Существительные","s_9834dbd1f7c7.mp3","Мужской"
786,"הַתַּפּוּחַ הַזֶּה מָתוֹק מְאֹד.","Это яблоко очень сладкое.","Существительные","s_92c7aabba30d.mp3","Мужской"
787,"הַבַּנָּנָה הַזֹּאת מְתוּקָה מְאֹד.","Этот банан очень сладкий.","Существительные","s_2bfb102e6b14.mp3","Мужской"
788,"אֲנִי שׁוֹתֶה מִיץ תַּפּוּזִים.","Я пью апельсиновый сок.","Существительные","s_2d369f8262fa.mp3","Мужской"
789,"הָאַבַטִיחַ הַזֶּה מָתוֹק מְאֹד.","Этот арбуз очень сладкий.","Существительные","s_0e727c0d550a.mp3","Мужской"
790,"הָאַבוֹקָדוֹ בַּשּׁוּק טָרִי מְאֹד.","Авокадо на рынке очень свежий.","Существительные","s_35a3b7a630c4.mp3","Мужской"
791,"אֲנִי שָׂם גֶּזֶר בַּסָּלָט.","Я кладу морковь в салат.","Существительные","s_917bae072f12.mp3","Мужской"
792,"אֲנִי אוֹכֵל בֵּיצָה בַּבֹּקֶר.","Я ем яйцо утром.","Существительные","s_0b859d18edc0.mp3","Мужской"
793,"הוּא לֹא אוֹכֵל בָּשָׂר.","Он не ест мясо.","Существительные","s_b6e9c78376eb.mp3","Мужской"
794,"אֲנִי מַזְמִין מָרָק עוֹף.","Я заказываю куриный суп.","Существительные","s_654283becd62.mp3","Мужской"
795,"יֵשׁ פֹּה דָּג טָרִי?","Здесь есть свежая рыба?","Существительные","s_4458a550d87d.mp3","Мужской"
796,"אֲנִי אוֹכֵל אוֹרֶז בַּצָּהֳרַיִם.","Я ем рис в обед.","Существительные","s_e161d184c4d6.mp3","Мужской"
797,"אֲנִי מַכִין סָלָט יִשְׂרְאֵלִי.","Я готовлю израильский салат.","Существительные","s_844aa7aeffce.mp3","Мужской"
798,"יֵשׁ פֹּה שֶׁמֶן זַיִת?","Здесь есть оливковое масло?","Существительные","s_80dc8db8c74d.mp3","Мужской"
799,"אֶפְשָׁר קְצָת מֶלַח, בְּבַקָּשָׁה?","Можно немного соли, пожалуйста?","Существительные","s_ea8ebe013182.mp3","Мужской"
800,"יֵשׁ פֹּה הֲנָחָה טוֹבָה.","Здесь есть хорошая скидка.","Существительные","s_fea7c6275220.mp3","Мужской"
801,"יֵשׁ מִבְצָע גָּדוֹל בַּשּׁוּק.","На рынке большая акция.","Существительные","s_e663e46bfc50.mp3","Мужской"
802,"אֲנִי רוֹצֶה קַבָּלָה, בְּבַקָּשָׁה.","Я хочу чек, пожалуйста.","Существительные","s_99748ecc9bb6.mp3","Мужской"
803,"סְלִיחָה, כַּמָּה זֶה עוֹלֶה?","Извините, сколько это стоит?","Существительные","s_ec5be1e166d3.mp3","Мужской"
804,"אַתָּה רוֹצֶה עוֹד מַשֶּׁהוּ?","Ты хочешь что-нибудь еще?","Существительные","s_df05644d3c37.mp3","Мужской"
805,"זֹאת מִסְעָדָה טוֹבָה מְאוֹד.","Это очень хороший ресторан.","Существительные","s_57ed1e207ea9.mp3","Мужской"
806,"הָאוֹכֶל כָּאן טָעִים מְאוֹד.","Еда здесь очень вкусная.","Существительные","s_1682866f4630.mp3","Мужской"
807,"הַחוּמוּס הַזֶּה טָעִים מְאוֹד.","Этот хумус очень вкусный.","Существительные","s_38ab4bb56083.mp3","Мужской"
808,"הַפָלָאפֶל כָּאן טָעִים מְאוֹד.","Фалафель здесь очень вкусный.","Существительные","s_5bd6702d45fc.mp3","Мужской"
809,"אֶפְשָׁר תַּפְרִיט, בְּבַקָּשָׁה?","Можно меню, пожалуйста?","Существительные","s_dd9103e6910c.mp3","Мужской"
810,"הַיּוֹם מֶזֶג אֲוִויר נָעִים.","Сегодня приятная погода.","Существительные","s_77863838660e.mp3","Мужской"
811,"הַיּוֹם יוֹרֵד גֶּשֶׁם חָזָק.","Сегодня идёт сильный дождь.","Существительные","s_a426802a7469.mp3","Мужской"
812,"הַשֶּׁמֶשׁ חַמָּה מְאוֹד הַיּוֹם.","Солнце сегодня очень жаркое.","Существительные","s_a3c2aa044022.mp3","Мужской"
813,"הַיּוֹם יֵשׁ רוּחַ חֲזָקָה.","Сегодня сильный ветер.","Существительные","s_cb5a9a3e52cd.mp3","Мужской"
814,"הַקַּיִץ בְּיִשְׂרָאֵל חַם מְאוֹד.","Лето в Израиле очень жаркое.","Существительные","s_765eab54d372.mp3","Мужской"
815,"הַחוֹרֶף פֹּה קַר מְאוֹד.","Зима здесь очень холодная.","Существительные","s_0f3bec44e780.mp3","Мужской"
816,"הָאָבִיב בְּיִשְׂרָאֵל יָפֶה מְאוֹד.","Весна в Израиле очень красивая.","Существительные","s_1beda241ec55.mp3","Мужской"
817,"הַסְּתָיו בְּיִשְׂרָאֵל נָעִים מְאוֹד.","Осень в Израиле очень приятная.","Существительные","s_0dd95d3b9348.mp3","Мужской"
818,"זֶה בֶּגֶד יָפֶה מְאֹד.","Это очень красивая одежда.","Существительные","s_8b5e09060b6d.mp3","Мужской"
819,"הַחוּלְצָה הַזֹּאת יָפָה מְאֹד.","Эта рубашка очень красивая.","Существительные","s_0ac60fa1e249.mp3","Мужской"
820,"אֲנִי לוֹבֵשׁ מִכְנָסַיִּים שְׁחוֹרִים.","Я ношу чёрные брюки.","Существительные","s_1240f1c726de.mp3","Мужской"
821,"יֵשׁ לָהּ שִׂמְלָה אֲדוּמָּה.","У неё есть красное платье.","Существительные","s_312978316e32.mp3","Мужской"
822,"הַנַּעֲלַיִּים הָאֵלֶּה נוֹחוֹת מְאֹד.","Эти туфли очень удобные.","Существительные","s_860236c3c0ba.mp3","Мужской"
823,"אֵיזֶה צֶבַע אַתָּה אוֹהֵב?","Какой цвет ты любишь?","Существительные","s_c3e86164e1d2.mp3","Мужской"
824,"אֵיזוֹ מִידָּה אַתְּ צְרִיכָה?","Какой размер тебе нужен?","Существительные","s_634d1fd87d9e.mp3","Женский"
825,"אֵיפֹה תָּא הַמְּדִידָה כָּאן?","Где здесь примерочная?","Существительные","s_82ebeaa511c2.mp3","Мужской"
826,"אֲנִי הוֹלֵךְ לָרוֹפֵא הַיּוֹם.","Я иду к врачу сегодня.","Существительные","s_3bf3cafaed88.mp3","Мужской"
827,"הַמִּרְפָּאָה פְּתוּחָה עַכְשָׁיו.","Поликлиника сейчас открыта.","Существительные","s_b3779971c23a.mp3","Мужской"
828,"אֵיפֹה קוּפַּת חוֹלִים שֶׁלְּךָ?","Где твоя больничная касса?","Существительные","s_c8abe189f0e3.mp3","Мужской"
829,"כּוֹאֵב לִי הָרֹאשׁ מְאֹד.","У меня очень болит голова.","Существительные","s_7fb3307d6dd9.mp3","Мужской"
830,"כּוֹאֶבֶת לִי הַבֶּטֶן הַיּוֹם.","У меня сегодня болит живот.","Существительные","s_88a60781ded9.mp3","Мужской"
831,"כּוֹאֵב לִי הַגָּרוֹן מְאֹד.","У меня очень болит горло.","Существительные","s_2195c155909b.mp3","Мужской"
832,"יֵשׁ לִי חוֹם גָּבוֹהַּ.","У меня высокая температура.","Существительные","s_bdbc2e8aa361.mp3","Мужской"
833,"אֲנִי לוֹקֵחַ תְּרוּפָה עַכְשָׁיו.","Я принимаю лекарство сейчас.","Существительные","s_efd4785025e3.mp3","Мужской"
834,"אֵיפֹה יֵשׁ בֵּית מִרְקַחַת?","Где есть аптека?","Существительные","s_b901700c59b4.mp3","Мужской"
835,"זֶה הַיּוֹם-יוֹם שֶׁלָּנוּ פֹּה.","Это наша повседневная жизнь здесь.","Существительные","s_daafc344f5f9.mp3","Мужской"
836,"זֶה הֶרְגֵּל טוֹב מְאֹד.","Это очень хорошая привычка.","Существительные","s_a80b66174424.mp3","Мужской"
837,"זֶה סֵדֶר יוֹם טוֹב.","Это хороший распорядок дня.","Существительные","s_5a2c5e5c0212.mp3","Мужской"
838,"אֵין לִי זְמַן הַיּוֹם.","У меня нет времени сегодня.","Существительные","s_bd57d8b9587a.mp3","Мужской"
839,"יֵשׁ לִי הַרְבֵּה סַבְלָנוּת.","У меня много терпения.","Существительные","s_d5fa799f5976.mp3","Мужской"
840,"כַּמָּה כֶּסֶף יֵשׁ לְךָ?","Сколько денег у тебя есть?","Существительные","s_e7241fa36f56.mp3","Мужской"
841,"יֵשׁ לָנוּ רֶכֶב חָדָשׁ.","У нас есть новая машина.","Существительные","s_b251c332eb12.mp3","Мужской"
842,"יֵשׁ לְךָ דַּרְכּוֹן יִשְׂרְאֵלִי?","У тебя есть израильский загранпаспорт?","Существительные","s_78860c43fba6.mp3","Мужской"
843,"יֵשׁ לִי תְּעוּדַת זֶהוּת.","У меня есть удостоверение личности.","Существительные","s_387de6355d3c.mp3","Мужской"
844,"יֵשׁ לִי שְׁאֵלָה טוֹבָה.","У меня есть хороший вопрос.","Существительные","s_693b487aaa9f.mp3","Мужской"
845,"זֹאת תְּשׁוּבָה נְכוֹנָה מְאֹד.","Это очень верный ответ.","Существительные","s_dbdcc684fa73.mp3","Мужской"
846,"אֵין שׁוּם בְּעָיָה כָּאן.","Здесь нет никакой проблемы.","Существительные","s_edd4dc764605.mp3","Мужской"
847,"זֶה מִקְצוֹעַ מְעַנְיֵן מְאֹד.","Это очень интересная профессия.","Существительные","s_0be941a5562a.mp3","Мужской"
848,"הוּא מְתַכְנֵת טוֹב מְאֹד.","Он очень хороший программист.","Существительные","s_288bd4876b68.mp3","Мужской"
849,"הַמְּנַהֵל יוֹשֵׁב בַּמִּשְׂרָד עַכְשָׁיו.","Директор сидит в офисе сейчас.","Существительные","s_0d09448294f0.mp3","Мужской"
850,"זֹאת חֶבְרָה גְּדוֹלָה מְאֹד.","Это очень большая компания.","Существительные","s_2c041de74e34.mp3","Мужской"
851,"אֲנִי עוֹבֵד בַּמִּשְׂרָד הַזֶּה.","Я работаю в этом офисе.","Существительные","s_c24bdc967515.mp3","Мужской"
852,"יֵשׁ לִי רֵאָיוֹן עֲבוֹדָה.","У меня собеседование.","Существительные","s_69ca4dd8813b.mp3","Мужской"
853,"אֲנִי שׁוֹלֵחַ קוֹרוֹת חַיִּים.","Я отправляю резюме.","Существительные","s_b929e648cfd1.mp3","Мужской"
854,"יֵשׁ כָּאן מַשְׂכּוֹרֶת טוֹבָה.","Здесь хорошая зарплата.","Существительные","s_0a5ea23de309.mp3","Мужской"
855,"יֵשׁ לִי הַרְבֵּה נִיסָּיוֹן.","У меня много опыта.","Существительные","s_78696495e8e4.mp3","Мужской"
856,"אֲנִי מְאַחֵל לְךָ הַצְלָחָה!","Я желаю тебе успеха!","Существительные","s_3bf833ff696f.mp3","Мужской"
857,"יֵשׁ לִי הוֹבִּי חָדָשׁ.","У меня есть новое хобби.","Существительные","s_1adec923b1b2.mp3","Мужской"
858,"אֵין לִי שְׁעוֹת פְּנַאי.","У меня нет свободного времени.","Существительные","s_d6fcd8b91f3c.mp3","Мужской"
859,"אֲנִי אוֹהֵב סְפּוֹרְט מְאוֹד.","Я очень люблю спорт.","Существительные","s_c58e0fb2dec1.mp3","Мужской"
860,"זֶה סֶרֶט יָפֶה מְאוֹד.","Это очень красивый фильм.","Существительные","s_1736a979d9db.mp3","Мужской"
861,"אֲנַחְנוּ הוֹלְכִים לַקּוֹלְנוֹעַ עַכְשָׁיו.","Мы сейчас идём в кинотеатр.","Существительные","s_5f2d245a94a4.mp3","Мужской"
862,"יֵשׁ לָנוּ טִיּוּל מָחָר.","У нас завтра поездка.","Существительные","s_4d811a1e000a.mp3","Мужской"
863,"אֲנִי אוֹהֵב שְׂחִיָּה בַּיָּם.","Я люблю плавание в море.","Существительные","s_4389c174eee3.mp3","Мужской"
864,"יֵשׁ בְּרֵיכָה גְּדוֹלָה בַּמָּלוֹן.","В гостинице есть большой бассейн.","Существительные","s_4021aae52411.mp3","Мужской"
865,"אֲנַחְנוּ הוֹלְכִים לַיָּם הַיּוֹם.","Мы сегодня идём на море.","Существительные","s_5e67409194de.mp3","Мужской"
866,"הוּא מְנַגֵּן בַּגִּיטָרָה עַכְשָׁיו.","Он сейчас играет на гитаре.","Существительные","s_05a05d53534d.mp3","Мужской"
867,"הַבַּנְק פָּתוּחַ עַד אַרְבַּע.","Банк открыт до четырёх.","Существительные","s_2af14c24bcc8.mp3","Мужской"
868,"אֲנִי הוֹלֵךְ לַדּוֹאַר הַיּוֹם.","Я иду на почту сегодня.","Существительные","s_d9adae4128e4.mp3","Мужской"
869,"אֲנִי פּוֹתֵחַ חֶשְׁבּוֹן בַּנְק.","Я открываю банковский счёт.","Существительные","s_499051c4cebc.mp3","Мужской"
870,"אֲנִי מְשַׁלֵּם בְּכַרְטִיס אַשְׁרַאי.","Я расплачиваюсь кредитной картой.","Существительные","s_d2fca264cef5.mp3","Мужской"
871,"יֵשׁ כַּסְפּוֹמָט לְיַד הַבַּנְק.","Возле банка есть банкомат.","Существительные","s_d5158cc0fa44.mp3","Мужской"
872,"אֲנִי רוֹצֶה לְשַׁלֵּם בִּמְזוּמָּן.","Я хочу заплатить наличными.","Существительные","s_633443cdc2ba.mp3","Мужской"
873,"יֵשׁ לְךָ חֲבִילָה בַּדּוֹאַר.","Для тебя есть посылка на почте.","Существительные","s_d6b7f55b4f64.mp3","Мужской"
874,"יֵשׁ תּוֹר אָרוֹךְ בַּדּוֹאַר.","На почте длинная очередь.","Существительные","s_3ca334bffe83.mp3","Мужской"
875,"הוּא מְסַפֵּר סִיפּוּר מְעַנְיֵן.","Он рассказывает интересный рассказ.","Существительные","s_abd0a7cf53cf.mp3","Мужской"
876,"יֵשׁ לִי הַזְמָנָה לַמְּסִיבָּה.","У меня есть приглашение на вечеринку.","Существительные","s_cbf30f159529.mp3","Мужской"
877,"כָּל הַתְחָלָה הִיא קָשָׁה.","Всякое начало трудно.","Существительные","s_2650ac81935a.mp3","Женский"
878,"יֵשׁ לִי הַרְגָּשָׁה טוֹבָה.","У меня хорошее самочувствие.","Существительные","s_3a2a8e439728.mp3","Мужской"
879,"יֵשׁ לָנוּ חֲתוּנָּה הַיּוֹם.","У нас сегодня свадьба.","Существительные","s_26ce4f46cc38.mp3","Мужской"
880,"הוּא עוֹשֶׂה מִקְלַחַת בַּבֹּקֶר.","Он принимает душ утром.","Существительные","s_55026da6327a.mp3","Мужской"
881,"זֹאת מַתָּנָה יָפָה מְאוֹד.","Это очень красивый подарок.","Существительные","s_183d54fcb37f.mp3","Мужской"
882,"יוֹם הוּלֶּדֶת שָׂמֵחַ לְךָ!","С днём рождения тебя!","Существительные","s_a1df80f2afcb.mp3","Мужской"
883,"יֵשׁ מְסִיבָּה גְּדוֹלָה הָעֶרֶב.","Сегодня вечером большая вечеринка.","Существительные","s_5bd31b09e57d.mp3","Мужской"
884,"אֲנִי כּוֹתֵב בְּרָכָה לַחֲתוּנָּה.","Я пишу поздравление на свадьбу.","Существительные","s_b32de411ada6.mp3","Мужской"
885,"קָנִיתִי פְּרָחִים יָפִים לְשַׁבָּת.","Я купил красивые цветы на Шаббат.","Существительные","s_cb2eb84ac91d.mp3","Мужской"
886,"יֵשׁ לָנוּ אוֹרֵחַ חָשׁוּב.","У нас важный гость.","Существительные","s_59e870f2e4ea.mp3","Мужской"
887,"אֲנַחְנוּ שׁוֹתִים יַיִן אָדוֹם.","Мы пьём красное вино.","Существительные","s_86b9d278e5e4.mp3","Мужской"
888,"שַׁבָּת שָׁלוֹם לְכָל הַמִּשְׁפָּחָה!","Мирного Шаббата всей семье!","Существительные","s_a7a014fcd3bc.mp3","Мужской"
889,"חַג שָׂמֵחַ לְכָל הַחֲבֵרִים!","Весёлого праздника всем друзьям!","Существительные","s_a28934e0a7a0.mp3","Мужской"
890,"אִמָּא אוֹפָה חַלָּה לְשַׁבָּת.","Мама печёт халу на Шаббат.","Существительные","s_acd9ea268304.mp3","Женский"
891,"הִיא מַדְלִיקָה נֵרוֹת שַׁבָּת.","Она зажигает шаббатние свечи.","Существительные","s_335ffeb7ce03.mp3","Женский"
892,"אַבָּא עוֹשֶׂה קִידּוּשׁ בָּעֶרֶב.","Папа делает кидуш вечером.","Существительные","s_d90aef62322c.mp3","Мужской"
893,"פֶּסַח הוּא חַג הָאָבִיב.","Песах — это праздник весны.","Существительные","s_610b46d77dcb.mp3","Мужской"
894,"אֲנַחְנוּ אוֹכְלִים מַצָּה בְּפֶסַח.","Мы едим мацу на Песах.","Существительные","s_084b8f971f56.mp3","Мужской"
895,"חַג רֹאשׁ הַשָּׁנָה שָׂמֵחַ!","Счастливого праздника Рош а-Шана!","Существительные","s_2f9a719fe7da.mp3","Мужской"
896,"חַג חֲנוּכָּה שָׂמֵחַ לְכוּלָּם!","Счастливой Хануки всем!","Существительные","s_c7f415602cda.mp3","Мужской"
897,"בְּתֵיאָבוֹן לְכָל הַמִּשְׁפָּחָה!","Приятного аппетита всей семье!","Существительные","s_e087e47dac27.mp3","Мужской"
898,"הַיּוֹם קַר מְאֹד בַּחוּץ.","Сегодня очень холодно на улице.","Существительные","s_9d44f535ff34.mp3","Мужской"
899,"הוּא תָּמִיד קָם מוּקְדָם.","Он всегда встаёт рано.","Существительные","s_a98b3f000182.mp3","Мужской"
900,"בְּדֶרֶךְ כְּלָל אֲנַחְנוּ לוֹמְדִים.","Обычно мы учимся.","Существительные","s_b29df919615f.mp3","Мужской"
901,"לִפְעָמִים אֲנַחְנוּ הוֹלְכִים לַיָּם.","Иногда мы ходим на море.","Существительные","s_caba5b5c241a.mp3","Мужской"
902,"אַף פַּעַם לֹא מְאוּחָר!","Никогда не поздно!","Существительные","s_b5507d8a6fe9.mp3","Мужской"
903,"אֲנִי קָם מוּקְדָם בַּבֹּקֶר.","Я встаю рано утром.","Существительные","s_cc0cfd4ce033.mp3","Мужской"
904,"הוּא בָּא הַבַּיְתָה מְאוּחָר.","Он приходит домой поздно.","Существительные","s_1f4dd25e290b.mp3","Мужской"
905,"אֲנִי לוֹמֵד כָּל יוֹם.","Я учусь каждый день.","Существительные","s_ee194e557f58.mp3","Мужской"
906,"יֵשׁ לִי שְׁאֵלָה אַחַת.","У меня есть один вопрос.","Существительные","s_1522784e7a59.mp3","Мужской"
907,"אֵין לִי זְמַן הַיּוֹם.","У меня нет времени сегодня.","Существительные","s_bd57d8b9587a.mp3","Мужской"
908,"אֵין בְּעָיָה, נְדַבֵּר מָחָר.","Нет проблем, поговорим завтра.","Существительные","s_d6279ccece69.mp3","Мужской"
909,"אֲנִי מְחַפֵּשׂ עֲבוֹדָה טוֹבָה.","Я ищу хорошую работу.","Существительные","s_074af231820d.mp3","Мужской"
910,"בְּהַצְלָחָה רַבָּה בַּעֲבוֹדָה הַחֲדָשָׁה!","Большой удачи на новой работе!","Существительные","s_4172a71f5fc1.mp3","Мужской"
911,"הוּא מְדַבֵּר לְאַט מְאֹד.","Он говорит очень медленно.","Существительные","s_76150304c6b0.mp3","Мужской"
912,"הָרַכֶּבֶת נוֹסַעַת מַהֵר מְאֹד.","Поезд едет очень быстро.","Существительные","s_c1058b4fbd92.mp3","Мужской"
913,"אֶפְשָׁר בְּבַקָּשָׁה לְדַבֵּר לְאַט?","Можно, пожалуйста, говорить медленнее?","Существительные","s_890446588547.mp3","Мужской"
914,"אֲנִי מַרְגִּישׁ מְצוּיָן הַיּוֹם.","Я чувствую себя отлично сегодня.","Существительные","s_45429c606b28.mp3","Мужской"
915,"שָׁלוֹם, מְאֹד נָעִים לְהַכִּיר!","Привет, очень приятно познакомиться!","Существительные","s_41d8c9ac2bf2.mp3","Мужской"
916,"סְלִיחָה, אֲנִי מִצְטַעֵר מְאֹד.","Извините, мне очень жаль.","Существительные","s_614855052fc9.mp3","Мужской"
917,"סְלִיחָה, אֲנִי מִצְטַעֶרֶת מְאֹד.","Извините, мне очень жаль.","Существительные","s_614855052fc9.mp3","Мужской"
918,"אֲנִי רוֹצֶה לְדַבֵּר אִיתְּךָ.","Я хочу поговорить с тобой.","Существительные","s_d246e493d450.mp3","Мужской"
919,"דָּנָה לוֹמֶדֶת עִבְרִית אִיתּוֹ.","Дана учит иврит с ним.","Существительные","s_87afc21da3ec.mp3","Мужской"
920,"אַתָּה רוֹצֶה לָבוֹא אִיתָּנוּ?","Ты хочешь пойти с нами?","Существительные","s_24b127ef5388.mp3","Мужской"
921,"אֲנִי שׁוֹמֵעַ אוֹתְךָ מְצוּיָן.","Я слышу тебя отлично.","Существительные","s_554e5b65da80.mp3","Мужской"
922,"אֲנִי מַכִּיר אוֹתוֹ טוֹב.","Я хорошо его знаю.","Существительные","s_924a57d3138f.mp3","Мужской"
923,"הַמּוֹרֶה רוֹאֶה אוֹתָנוּ כָּאן.","Учитель видит нас здесь.","Существительные","s_e3f6224a28c9.mp3","Женский"
924,"אֲנַחְנוּ לוֹמְדִים יַחַד בָּאוּלְפָּן.","Мы учимся вместе в ульпане.","Существительные","s_aa5e1c6c8f6b.mp3","Мужской"
925,"בֶּטַח, אֲנִי בָּא מָחָר!","Конечно, я приду завтра!","Существительные","s_a36df10773f3.mp3","Мужской"
926,"מַזָּל טוֹב לְיוֹם הַהוּלֶּדֶת!","Поздравляю с днём рождения!","Существительные","s_3c20bcafaefb.mp3","Мужской"
927,"לְחַיִּים, חֲבֵרִים, כּוּלָּם יַחַד!","За жизнь, друзья, все вместе!","Существительные","s_e4d7ad7c4509.mp3","Мужской"
928,"עַד מֵאָה וְעֶשְׂרִים שָׁנָה!","До ста двадцати лет!","Существительные","s_c932cd1b59ff.mp3","Мужской"
929,"שַׁבָּת שָׁלוֹם לְכָל הַמִּשְׁפָּחָה!","Шаббат шалом всей семье!","Существительные","s_a7a014fcd3bc.mp3","Мужской"
930,"חַג שָׂמֵחַ לְכוּלָּם הַיּוֹם!","Весёлого праздника всем сегодня!","Существительные","s_825e2d3096a9.mp3","Мужской"
931,"שָׁבוּעַ טוֹב לְכָל הַחֲבֵרִים!","Хорошей недели всем друзьям!","Существительные","s_a4e56b84221b.mp3","Мужской"
932,"אֲנַחְנוּ גָּרִים בְּבֵית מָלוֹן.","Мы живём в гостинице.","Существительные","s_4d09cd565892.mp3","Мужской"
933,"הוּא עוֹבֵד בְּבֵית חוֹלִים.","Он работает в больнице.","Существительные","s_b530bf1cabf5.mp3","Мужской"
934,"אֲנִי שׁוֹתֶה מִיץ תַּפּוּזִים.","Я пью апельсиновый сок.","Существительные","s_2d369f8262fa.mp3","Мужской"
935,"יֵשׁ לִי שׁוֹקוֹלָד טוֹב.","У меня есть хороший шоколад.","Существительные","s_a51f32b77efa.mp3","Мужской"
936,"בַּעַל הַדִּירָה טוֹב מְאוֹד.","Хозяин квартиры очень хороший.","Существительные","s_73101bef5583.mp3","Мужской"
937,"הַשּׁוּתָף שֶׁלִּי נֶחְמָד.","Мой сосед по квартире приятный.","Существительные","s_45aa84fa13a4.mp3","Мужской"
938,"שִׁלַּמְתִּי בְּהַמְחָאָה.","Я заплатил чеком.","Существительные","s_b94dae5dbc80.mp3","Мужской"
939,"הַמַּזְגָּן לֹא עוֹבֵד.","Кондиционер не работает.","Существительные","s_d27cb4118cfe.mp3","Мужской"
940,"הַשֵּׂיעָר שֶׁלָּהּ יָפֶה.","У неё красивые волосы.","Существительные","s_1e568150fc55.mp3","Мужской"
941,"הָעֵינַיִּים שֶׁלּוֹ כְּחוּלוֹת.","Его глаза голубые.","Существительные","s_227357b5f7bf.mp3","Мужской"
942,"יֵשׁ לָהּ אוֹפִי חָזָק.","У неё сильный характер.","Существительные","s_5ac33ba39cc1.mp3","Мужской"
943,"אֵיפֹה הַמַּפְתֵּחַ שֶׁלִּי?","Где мой ключ?","Существительные","s_ccdb4c67ae0b.mp3","Мужской"
944,"הַנּוֹף פֹּה יָפֶה מְאוֹד.","Вид здесь очень красивый.","Существительные","s_488f29c0dd9a.mp3","Мужской"
945,"הַמִּזְוָודָה שֶׁלִּי כְּבֵדָה.","Мой чемодан тяжёлый.","Существительные","s_948adb042b11.mp3","Мужской"
946,"אֵין לִי מַגֶּבֶת בַּחֶדֶר.","В номере нет полотенца.","Существительные","s_ca65ca3923c2.mp3","Мужской"
947,"הַמַּעֲלִית לֹא עוֹבֶדֶת.","Лифт не работает.","Существительные","s_233bb552c124.mp3","Мужской"
948,"אֲנִי גָּר בַּקּוֹמָה הַשְּׁלִישִׁית.","Я живу на третьем этаже.","Существительные","s_97d3be934480.mp3","Мужской"
949,"קָרָאתִי עִיתּוֹן הַיּוֹם.","Я читал газету сегодня.","Существительные","s_768402d1952f.mp3","Мужской"
950,"קִיבַּלְתִּי הוֹדָעָה חֲדָשָׁה.","Я получил новое сообщение.","Существительные","s_e5ec58f5beed.mp3","Мужской"
951,"סִגְרִי אֶת הַדֶּלֶת בְּבַקָּשָׁה.","Закрой дверь, пожалуйста.","Существительные","s_d1120e6c813d.mp3","Женский"
952,"הָרוֹקֵחַ נָתַן לִי תְּרוּפָה.","Фармацевт дал мне лекарство.","Существительные","s_0471432e375e.mp3","Мужской"
953,"יֵשׁ לִי מִרְשָׁם מֵהָרוֹפֵא.","У меня есть рецепт от врача.","Существительные","s_bd5a68f75669.mp3","Мужской"
954,"קָחִי שְׁנֵי כַּדּוּרִים בַּיּוֹם.","Принимай две таблетки в день.","Существительные","s_b5192f68490c.mp3","Мужской"
955,"הַטִּיפּוֹת הֵן לָעֵינַיִּים.","Эти капли для глаз.","Существительные","s_9e3b8f78a816.mp3","Мужской"
956,"שִׂימִי מִשְׁחָה עַל הַיָּד.","Намажь мазь на руку.","Существительные","s_fb64da41a8d9.mp3","Мужской"
957,"צָרִיךְ פְּלַסְטֶר לָאֶצְבַּע.","Нужен пластырь на палец.","Существительные","s_c550a5244e82.mp3","Мужской"
958,"אֲנִי צָרִיךְ מְשַׁכֵּךְ כְּאֵבִים.","Мне нужно обезболивающее.","Существительные","s_6a1334d34414.mp3","Мужской"
959,"הָלַכְנוּ לַקַּנְיוֹן הַיּוֹם.","Мы пошли в торговый центр сегодня.","Существительные","s_512b2a4c666a.mp3","Мужской"
960,"הַמּוּצָר הַזֶּה זוֹל.","Этот товар дешёвый.","Существительные","s_294ea1390fa0.mp3","Мужской"
961,"עָמַדְתִּי בְּתוֹר לַקּוּפָּה.","Я стоял в очереди к кассе.","Существительные","s_c9d5ed544268.mp3","Мужской"
962,"הַקּוֹנֶה שָׁאַל שְׁאֵלָה.","Покупатель задал вопрос.","Существительные","s_0fc7baae6e27.mp3","Мужской"
963,"קִיבַּלְתִּי זִיכּוּי מֵהַחֲנוּת.","Я получил возврат средств из магазина.","Существительные","s_1fc827a1bd94.mp3","Мужской"
964,"יֵשׁ לִי רַב קָו.","У меня есть Рав-Кав.","Существительные","s_0c7a963baab1.mp3","Мужской"
965,"הָרַכֶּבֶת בָּאָה לָרָצִיף.","Поезд прибывает на перрон.","Существительные","s_e607bd74dda8.mp3","Мужской"
966,"רָאִיתִי אֶת לוּחַ הַזְּמַנִּים.","Я посмотрел расписание.","Существительные","s_8b8b0ebd6565.mp3","Женский"
967,"הַנְּסִיעָה הָיְתָה נְעִימָה.","Поездка была приятной.","Существительные","s_d0683cd050f1.mp3","Мужской"
968,"הַנּוֹסֵעַ יָשַׁב בָּאוֹטוֹבּוּס.","Пассажир сидел в автобусе.","Существительные","s_a1f71d1fb6dc.mp3","Мужской"
969,"הַנְּהָג נָסַע מַהֵר.","Водитель ехал быстро.","Существительные","s_5fe948d7fbe3.mp3","Мужской"
970,"הַחֲנוּת בַּפִּנָּה.","Магазин на углу.","Существительные","s_a66ca9bc510b.mp3","Мужской"
971,"עֲצוֹר בַּצּוֹמֶת.","Остановись на перекрёстке.","Существительные","s_2f5f040d2ceb.mp3","Мужской"
972,"הָרַמְזוֹר אָדֹם.","Светофор красный.","Существительные","s_6c8336c24478.mp3","Мужской"
973,"הַגֶּשֶׁר גָּדוֹל וְיָפֶה.","Мост большой и красивый.","Существительные","s_fdeb952c6a90.mp3","Мужской"
974,"הָלַכְנוּ לַמֶּרְכָּז קְנִיּוֹת.","Мы пошли в торговый центр.","Существительные","s_0a5424389e0d.mp3","Мужской"
975,"עָלִיתִי בַּמַּדְרֵגוֹת.","Я поднялся по лестнице.","Существительные","s_38dd812d5171.mp3","Мужской"
976,"הַכְּנִיסָה פְּתוּחָה.","Вход открыт.","Существительные","s_d384d237030c.mp3","Мужской"
977,"אֵיפֹה הַיְּצִיאָה?","Где выход?","Существительные","s_d931fc248be6.mp3","Мужской"
978,"הָלַכְנוּ לַתֵּאַטְרוֹן אֶמֶשׁ.","Вчера вечером мы ходили в театр.","Существительные","s_7ce04d4948d8.mp3","Мужской"
979,"הָאָמָּן צָיַר תְּמוּנָה יָפָה.","Художник нарисовал красивую картину.","Существительные","s_9ecb598279de.mp3","Мужской"
980,"קָנִינוּ כַּרְטִיסֵי כְּנִיסָה לַמּוּזֵיאוֹן.","Мы купили входные билеты в музей.","Существительные","s_9c2104d05223.mp3","Мужской"
981,"הַמַּדְרִיךְ הִסְבִּיר הַרְבֵּה.","Гид объяснил многое.","Существительные","s_f0d59819aef1.mp3","Мужской"
982,"יֵשׁ לִי מַתְכּוֹן טוֹב.","У меня есть хороший рецепт.","Существительные","s_f00c87afdf5f.mp3","Мужской"
983,"אֲנִי אוֹהֶבֶת שַׁקְשׁוּקָה.","Я люблю шакшуку.","Существительные","s_e6b55c892298.mp3","Мужской"
984,"הוֹסַפְתִּי פִּלְפֵּל לַמָּרָק.","Я добавил перец в суп.","Существительные","s_2f60f2ab6529.mp3","Мужской"
985,"הַמַּחֲבַת חַמָּה.","Сковорода горячая.","Существительные","s_d3fb44a54dda.mp3","Мужской"
986,"הַסִּיר עַל הָאֵשׁ.","Кастрюля на огне.","Существительные","s_53249ca4a027.mp3","Мужской"
987,"הַיֶּלֶד הוֹלֵךְ לְגַן יְלָדִים.","Ребёнок идёт в детский сад.","Существительные","s_7df023605e0f.mp3","Мужской"
988,"יֵשׁ לִי מִבְחָן מָחָר.","У меня завтра экзамен.","Существительные","s_b36d56761e1e.mp3","Мужской"
989,"קִבַּלְתִּי צִיּוּן טוֹב.","Я получил хорошую оценку.","Существительные","s_e390e5f7fbc3.mp3","Мужской"
990,"קִבַּלְתִּי תְּעוּדָה מֵהָאוּלְפָּן.","Я получил удостоверение из ульпана.","Существительные","s_6db875f697bd.mp3","Мужской"
991,"יֵשׁ הַפְסָקָה קְצָרָה עַכְשָׁיו.","Сейчас короткий перерыв.","Существительные","s_be59cafafacb.mp3","Мужской"
992,"הַמּוֹרֶה כָּתַב עַל הַלּוּחַ.","Учитель написал на доске.","Существительные","s_082cc3aba05e.mp3","Женский"
993,"הַכֶּלֶב שֶׁלִּי גָּדוֹל.","Моя собака большая.","Существительные","s_c84419bd568c.mp3","Мужской"
994,"הַחָתוּל יָשֵׁן עַל הַסַּפָּה.","Кот спит на диване.","Существительные","s_e2291ccd367c.mp3","Мужской"
995,"הַצִּיפּוֹר שָׁרָה בַּבֹּקֶר.","Птица поёт утром.","Существительные","s_578e567e3a1c.mp3","Мужской"
996,"אֲנִי אוֹהֵב אֶת הַטֶּבַע.","Я люблю природу.","Существительные","s_7f4c60274cd7.mp3","Мужской"
997,"הָעֵץ גָּבוֹהַּ מְאֹד.","Дерево очень высокое.","Существительные","s_9a6b96afecb9.mp3","Мужской"
998,"הַכֶּלֶב הוֹלֵךְ עִם רְצוּעָה.","Собака идёт на поводке.","Существительные","s_24f697dabab4.mp3","Мужской"
999,"הֶעָבָר לֹא חוֹזֵר.","Прошлое не возвращается.","Существительные","s_bbd9606a5863.mp3","Мужской"
1000,"עָבַר זְמַן רַב מֵאָז.","С тех пор прошло долгое время.","Существительные","s_203671df03e6.mp3","Мужской"
1001,"הִיא אוֹהֶבֶת לַעֲשׂוֹת קְנִיּוֹת.","Она любит ходить за покупками.","Существительные","s_2b0613ccaf05.mp3","Женский"
1002,"יֵשׁ לִי פְּגִישָׁה מָחָר.","У меня завтра встреча.","Существительные","s_6b8186cda507.mp3","Мужской"
1003,"מָה הַנְדּוֹן שֶׁל הַמַּיְל?","Какова тема письма?","Существительные","s_cefcaec9b6cc.mp3","Мужской"
1004,"שָׁלַחְתִּי קוֹבֶץ מְצוּרָף בַּמַּיְל.","Я отправил прикреплённый файл по почте.","Существительные","s_f153d4536c9a.mp3","Мужской"
1005,"צָרִיךְ לַחְתּוֹם עַל הַמִּסְמָךְ.","Нужно подписать документ.","Существительные","s_987c3f30444a.mp3","Мужской"
1006,"מָה הַכְּתוֹבֶת שֶׁלְּךָ?","Какой твой адрес?","Существительные","s_a01b7ae39fa3.mp3","Мужской"
1007,"הָיְתָה לָנוּ שִׂיחָה נֶהֱדֶרֶת.","У нас был прекрасный разговор.","Существительные","s_ddff25b8247b.mp3","Мужской"
1008,"הִשְׁאַרְתִּי הוֹדָעָה קוֹלִית.","Я оставил голосовое сообщение.","Существительные","s_8794cd98d7a0.mp3","Мужской"
1009,"הַסּוֹלְלָה שֶׁלִּי נִגְמְרָה.","У меня разрядился аккумулятор.","Существительные","s_4f7a59acc565.mp3","Мужской"
1010,"רָאִיתָ אֶת הַמִּטְעָן שֶׁלִּי?","Ты видел моё зарядное устройство?","Существительные","s_0ec7a5ae518a.mp3","Женский"
1011,"צָרִיךְ לְמַלֵּא אֶת הַטּוֹפֶס.","Нужно заполнить бланк.","Существительные","s_ccee1c74c2b4.mp3","Женский"
1012,"הַפָּקִיד עָזַר לִי הַרְבֵּה.","Клерк мне очень помог.","Существительные","s_8a0ebd295ec3.mp3","Мужской"
1013,"שָׁכַחְתִּי אֶת רִישָּׁיוֹן הַנְּהִיגָה.","Я забыл водительское удостоверение.","Существительные","s_48a5c7146d79.mp3","Женский"
1014,"יֵשׁ לְךָ זְכוּת לָדַעַת.","У тебя есть право знать.","Существительные","s_b3ceca3a8fce.mp3","Мужской"
1015,"צָרִיךְ חֲתִימָה שֶׁלְּךָ פֹּה.","Здесь нужна твоя подпись.","Существительные","s_de42f98b43ef.mp3","Мужской"
1016,"קִיבַּלְתִּי אֶזְרָחוּת יִשְׂרְאֵלִית.","Я получил израильское гражданство.","Существительные","s_22359586e7e7.mp3","Мужской"
1017,"קָרָאנוּ טֶקְסְט קָצָר הַיּוֹם.","Сегодня мы читали короткий текст.","Существительные","s_b958f7fe7f08.mp3","Мужской"
1018,"הַקְּרִיאָה עוֹזֶרֶת לְהֵבִין עִבְרִית.","Чтение помогает понять иврит.","Существительные","s_6bbb42304b49.mp3","Мужской"
1019,"עָשִׂיתִי אֶת הַתַּרְגִּיל בְּבַיִת.","Я сделал упражнение дома.","Существительные","s_40c1e01d0fb3.mp3","Женский"
1020,"הַסִּיּוּם הָיָה טוֹב.","Завершение прошло хорошо.","Существительные","s_5a6fa020b034.mp3","Мужской"
1021,"חֲזָרָה עַל הַחוֹמֶר חֲשׁוּבָה.","Повторение материала важно.","Существительные","s_5e518909489e.mp3","Мужской"
1022,"הָרָמָה שֶׁלּוֹ גְּבוֹהָה מְאוֹד.","Его уровень очень высокий.","Существительные","s_5bbc8087c8e3.mp3","Мужской"
1023,"זֶה הֶישֵּׂג גָּדוֹל בִּשְׁבִילְךָ.","Это большое достижение для тебя.","Существительные","s_c72541ec49b9.mp3","Мужской"
1024,"הַיֶּדַע שֶׁלָּהּ מַרְשִׁים מְאוֹד.","Её знания очень впечатляют.","Существительные","s_3fc43b3aa949.mp3","Мужской"
1025,"יֵשׁ לוֹ בִּיטָּחוֹן עַצְמִי גָּדוֹל.","У него большая уверенность в себе.","Существительные","s_95993f16dcb3.mp3","Мужской"
1026,"אֲנִי גָּר פֹּה.","Я живу здесь.","Существительные","s_b18399224ad1.mp3","Мужской"
1027,"אֵיפֹה הַתַּחֲנָה?","Где станция?","Существительные","s_04e544f64689.mp3","Мужской"
1028,"לְאָן אַתָּה הוֹלֵךְ?","Куда ты идёшь?","Существительные","s_c699ce40dede.mp3","Мужской"
1029,"מָתַי אַתְּ בָּאָה?","Когда ты придёшь?","Существительные","s_1571c53bf8ed.mp3","Женский"
1030,"לָמָּה אַתָּה עָצוּב?","Почему ты грустный?","Существительные","s_9e87f9a16346.mp3","Мужской"
1031,"בָּרוּךְ הַבָּא לְיִשְׂרָאֵל!","Добро пожаловать в Израиль!","Существительные","s_454171c3bfa6.mp3","Мужской"
1032,"כָּל הַכָּבוֹד, עָשִׂיתָ נִפְלָא!","Молодец, ты сделал отлично!","Существительные","s_965068cfae75.mp3","Мужской"
1033,"שָׁלוֹם רַב לְכוּלָּם.","Здравствуйте, уважаемый.","Существительные","s_ff261d0d8866.mp3","Мужской"
1034,"בִּבְרָכָה, דָּנִיאֵל.","С уважением, Даниэль.","Существительные","s_1c6d327d203b.mp3","Мужской"
1035,"בְּתוֹדָה מֵרֹאשׁ עַל עֶזְרַתְכֶם.","Заранее благодарен за вашу помощь.","Существительные","s_e1b16888b919.mp3","Мужской"
1036,"הָיָה כֵּיף אֶתְמוֹל!","Вчера было здорово!","Существительные","s_bbe6b36c1975.mp3","Мужской"
1037,"מָה הָיָה שָׁם?","Что там случилось?","Существительные","s_d518f43f74ee.mp3","Мужской"
1038,"אֲנִי רוֹצֶה דִּיבּוּר שׁוֹטֵף.","Я хочу говорить бегло.","Существительные","s_2539f439f11b.mp3","Мужской"
1039,"אֲנִי חוֹשֵׁב עַל הֶעָתִיד.","Я думаю о будущем.","Существительные","s_b0cddfa64af7.mp3","Мужской"
1040,"הַמּוֹרֶה מַסְבִּיר אֶת הַצִּיוּוּי.","Учитель объясняет повелительное наклонение.","Существительные","s_df1b4eb1b37f.mp3","Женский"
1041,"יֵשׁ לִי בַּקָּשָׁה קְטַנָּה.","У меня есть маленькая просьба.","Существительные","s_ce51e5623487.mp3","Мужской"
1042,"אֲנִי צָרִיךְ חוּפְשָׁה עַכְשָׁו.","Мне нужен отпуск сейчас.","Существительные","s_d242f5aed6f1.mp3","Мужской"
1043,"אֲנַחְנוּ יוֹצְאִים לְנוֹפֶשׁ נָעִים.","Мы выезжаем на приятный отдых.","Существительные","s_df200532f5a5.mp3","Мужской"
1044,"שָׂכַרְנוּ צִימֶר יָפֶה בַּצָּפוֹן.","Мы сняли красивый циммер на севере.","Существительные","tzimer_tzafon.mp3","Мужской"
1045,"נָסַעְנוּ לְטַיֵּל בַּגָּלִיל.","Мы поехали путешествовать по Галилее.","Существительные","s_c5185648ff76.mp3","Мужской"
1046,"יֵשׁ גַּ'קוּזִי בַּצִימֶר שֶׁלָּנוּ.","В нашем циммере есть джакузи.","Существительные","s_5546b257eade.mp3","Мужской"
1047,"יֵשׁ פֹּה מַסְלוּל הֲלִיכָה.","Здесь есть пешеходный маршрут.","Существительные","s_e0e0272c6e85.mp3","Мужской"
1048,"הַמְּרַאְיֵן שָׁאַל שְׁאֵלוֹת קָשׁוֹת.","Интервьюер задал сложные вопросы.","Существительные","s_a2f9dc851c29.mp3","Мужской"
1049,"זֶה תַּפְקִיד מְעַנְיֵן מְאֹד.","Это очень интересная должность.","Существительные","s_73df2c355f3c.mp3","Мужской"
1050,"הַשָּׂכָר בְּרוּטוֹ שֶׁלִּי גָּבוֹהַּ.","Моя зарплата брутто высокая.","Существительные","s_2e13fe76c0d4.mp3","Мужской"
1051,"מָה הַשָּׂכָר נֶטוֹ שֶׁלְּךָ?","Какая у тебя зарплата нетто?","Существительные","s_fc2e4bf021e7.mp3","Мужской"
1052,"הֵם מַצִּיעִים תְּנָאִים סוֹצְיָאלִיִּים.","Они предлагают социальный пакет.","Существительные","s_f2b941c13be8.mp3","Мужской"
1053,"יֵשׁ לִי קֶרֶן הִשְׁתַּלְמוּת.","У меня есть фонд повышения квалификации.","Существительные","s_9cf21a003324.mp3","Мужской"
1054,"זֶה יִתְרוֹן גָּדוֹל מְאֹד.","Это очень большое преимущество.","Существительные","s_9eba568e5a3e.mp3","Мужской"
1055,"הִיא עוֹבֶדֶת בְּחֶבְרַת הַיְיטֶק.","Она работает в хайтек-компании.","Существительные","s_a0d8dba1e9f8.mp3","Женский"
1056,"מָה צִיפִּיּוֹת הַשָּׂכָר שֶׁלְּךָ?","Каковы твои зарплатные ожидания?","Существительные","s_234d9f6ef0bf.mp3","Мужской"
1057,"סָגַרְנוּ הַשְׂכָּרַת רֶכֶב מֵרֹאשׁ.","Мы оформили прокат автомобиля заранее.","Существительные","s_53dbd8ea4987.mp3","Мужской"
1058,"קָשֶׁה לִמְצֹא חֲנָיָה פֹּה.","Здесь трудно найти парковку.","Существительные","s_30febbb07a34.mp3","Мужской"
1059,"קִיבַּלְתִּי דּוּ""חַ עַל מְהִירוּת.","Я получил штраф за скорость.","Существительные","s_1509a60341af.mp3","Мужской"
1060,"יֵשׁ לִי פַּנְצֶ'ר בַּגַּלְגַּל.","У меня прокол в колесе.","Существительные","s_0337da8c1eff.mp3","Мужской"
1061,"אֲנַחְנוּ עוֹצְרִים בְּתַחֲנַת דֶּלֶק.","Мы останавливаемся на автозаправке.","Существительные","s_809543dd9403.mp3","Мужской"
1062,"תִּדְלוּק עַצְמִי זוֹל יוֹתֵר.","Самообслуживание на АЗС дешевле.","Существительные","s_4eeb9a8a463a.mp3","Мужской"
1063,"עָשִׂיתִי בִּיטּוּחַ מַקִּיף לָרֶכֶב.","Я сделал полную страховку на автомобиль.","Существительные","s_f914d15d2c09.mp3","Мужской"
1064,"יֵשׁ פְּקָק תְּנוּעָה כָּבֵד.","Стоит тяжёлая автомобильная пробка.","Существительные","s_4a0734489378.mp3","Мужской"
1065,"הִזְמַנְתִּי בַּעַל מִקְצוֹעַ הַבַּיְתָה.","Я вызвал мастера домой.","Существительные","s_ebbb615eaaa4.mp3","Мужской"
1066,"הָאִינְסְטָלָטוֹר תִּיקֵּן אֶת הַבֶּרֶז.","Сантехник починил кран.","Существительные","s_3655a1c55cc8.mp3","Женский"
1067,"הַחַשְׁמַלַּאי בָּדַק אֶת הָאוֹר.","Электрик проверил свет.","Существительные","s_561bc29b8a3b.mp3","Женский"
1068,"יֵשׁ תַּקָּלָה בַּמַּזְגָן שֶׁלָּנוּ.","В нашем кондиционере поломка.","Существительные","s_faa12c514f3b.mp3","Мужской"
1069,"יֵשׁ נְזִילָה בַּמִּטְבָּח שֶׁלָּנוּ.","На нашей кухне протечка.","Существительные","s_52fc6c3698b9.mp3","Мужской"
1070,"הָיָה פֹּה קֶצֶר חַשְׁמַלִי.","Здесь было короткое замыкание.","Существительные","s_6c4f166c4089.mp3","Мужской"
1071,"הַדּוּד שֶׁמֶשׁ לֹא עוֹבֵד.","Солнечный бойлер не работает.","Существительные","s_902560ecaaa2.mp3","Мужской"
1072,"הִדְלַקְתִּי אֶת דּוּד הַחַשְׁמַל.","Я включил электрический бойлер.","Существительные","s_fde7aab1e59e.mp3","Женский"
1073,"קִיבַּלְתִּי הַצָּעַת מְחִיר חֲדָשָׁה.","Я получил новое ценовое предложение.","Существительные","s_91713835b656.mp3","Мужской"
1074,"הַמַּנְעוּלָן פָּתַח אֶת הַדֶּלֶת.","Слесарь открыл дверь.","Существительные","s_6610bd6acea6.mp3","Женский"
1075,"כַּמָּה עוֹלִים דְּמֵי בִּיקּוּר?","Сколько стоит вызов мастера?","Существительные","s_e9276ea402cd.mp3","Мужской"
1076,"יֵשׁ לָנוּ מַשְׁכַּנְתָּא גְּדוֹלָה.","У нас большая ипотека.","Существительные","s_318c6b00d987.mp3","Мужской"
1077,"צָרִיךְ הוֹן עַצְמִי גָּבוֹהַּ.","Нужен высокий собственный капитал.","Существительные","s_5d63733d0835.mp3","Мужской"
1078,"הַדִּירָה כְּבָר רְשׁוּמָה בַּטַּאבּוּ.","Квартира уже зарегистрирована в Табу.","Существительные","tabu_dira.mp3","Мужской"
1079,"הָרִיבִּית בַּבַּנְק עָלְתָה הַיּוֹם.","Процентная ставка в банке сегодня выросла.","Существительные","s_a728d8b3cc92.mp3","Мужской"
1080,"פָּגַשְׁנוּ יוֹעֵץ מַשְׁכַּנְתָּאוֹת מְצוּיָּן.","Мы встретили отличного ипотечного консультанта.","Существительные","s_e24ddcc3c713.mp3","Мужской"
1081,"דִּיבַּרְתִּי עִם עוֹרֵךְ דִּין.","Я поговорил с адвокатом.","Существительные","s_827b49546339.mp3","Мужской"
1082,"שִׁילַּמְנוּ מַס רְכִישָׁה גָּבוֹהַּ.","Мы заплатили высокий налог на покупку.","Существительные","s_43088efb13c4.mp3","Мужской"
1083,"הוּא קָנָה נֶכֶס יָקָר.","Он купил дорогую недвижимость.","Существительные","s_e990ca0b3c30.mp3","Мужской"
1084,"דִּיבַּרְתִּי עִם מְתַוּוֵךְ נַדְלָ""ן.","Я поговорил с риелтором.","Существительные","s_d59055a2b097.mp3","Мужской"
1085,"הוּא מַשְׁקִיעַ כֶּסֶף בְּנַדְלָ""ן.","Он инвестирует деньги в недвижимость.","Существительные","s_e0e17ca2e7ad.mp3","Мужской"
1086,"הַהֶחְזֵר הַחוֹדְשִׁי מַתְאִים לָנוּ.","Ежемесячный платёж нам подходит.","Существительные","s_496d97241acd.mp3","Мужской"
1087,"זֹאת הַשְׁקָעָה טוֹבָה מְאֹד.","Это очень хорошая инвестиция.","Существительные","s_b0c0d9a0b1f3.mp3","Мужской"
1088,"פָּתַחְתִּי פִּיקָּדוֹן חָדָשׁ בַּבַּנְק.","Я открыл новый депозит в банке.","Существительные","s_8613ba6c0499.mp3","Мужской"
1089,"יֵשׁ לִי חִיסָּכוֹן בַּבַּנְק.","У меня есть сбережения в банке.","Существительные","s_67a24ae47564.mp3","Мужской"
1090,"אֲנִי מְשַׁלֵּם מַס הַכְנָסָה.","Я плачу подоходный налог.","Существительные","s_85f7757be026.mp3","Мужской"
1091,"קִיבַּלְתִּי עוֹד נְקוּדַּת זִיכּוּי.","Я получил ещё один налоговый балл.","Существительные","s_053a81525fef.mp3","Мужской"
1092,"עָשִׂיתִי תֵּיאוּם מַס בָּאִינְטֶרְנֶט.","Я сделал согласование налогов в интернете.","Существительные","s_a622c3b578eb.mp3","Мужской"
1093,"הָעֵסֶק הֵבִיא רֶוַוח יָפֶה.","Бизнес принёс хорошую прибыль.","Существительные","s_383026b43384.mp3","Мужской"
1094,"לַחֶבְרָה יֵשׁ הֶפְסֵד כַּסְפִּי.","У компании финансовый убыток.","Существительные","s_d7a2496083cb.mp3","Мужской"
1095,"דִּיבַּרְתִּי עִם יוֹעֵץ הַשְׁקָעוֹת.","Я поговорил с инвестиционным советником.","Существительные","s_c4f18b13acfe.mp3","Мужской"
1096,"בָּדַקְתִּי אֶת הָעוֹבֵר וָשָׁב.","Я проверил текущий счёт.","Существительные","s_bcafea572474.mp3","Женский"
1097,"יֵשׁ לִי פְּגִישָׁה עִסְקִית.","У меня деловая встреча.","Существительные","s_d064db682ebc.mp3","Мужской"
1098,"זֶה תְּנַאי חָשׁוּב מְאֹד.","Это очень важное условие.","Существительные","s_08a043e9f5ba.mp3","Мужской"
1099,"עָשִׂינוּ הַשְׁוָואָה בֵּין הַמְּחִירִים.","Мы сделали сравнение цен.","Существительные","s_deb04c32c8f4.mp3","Мужской"
1100,"לָמַדְנוּ שֵׁם פְּעוּלָּה בַּכִּיתָּה.","Мы учили отглагольное существительное в классе.","Существительные","s_2a9eb1268c25.mp3","Мужской"
1101,"הַכְּתִיבָה שֶׁלּוֹ בְּרוּרָה מְאֹד.","Его почерк (письмо) очень понятный.","Существительные","s_70ba907efb79.mp3","Мужской"
1102,"הַלְּמִידָה הַזֹּאת חֲשׁוּבָה מְאֹד.","Это обучение очень важное.","Существительные","s_322ed807fb1b.mp3","Мужской"
1103,"הַתַּשְׁלוּם עָבַר בְּהַצְלָחָה הַיּוֹם.","Платёж сегодня прошёл успешно.","Существительные","s_095a40a1f806.mp3","Мужской"
1104,"הַתִּיקּוּן שֶׁל הַמַּזְגָן הִצְלִיחַ.","Ремонт кондиционера удался.","Существительные","s_d0d2c1cc30c2.mp3","Мужской"
1105,"הָיְיתָה הִתְרַגְּשׁוּת גְּדוֹלָה מְאֹד.","Было очень большое волнение.","Существительные","s_1be00e0afbc0.mp3","Мужской"
1106,"תּוֹדָה עַל הַהִשְׁתַּתְּפוּת שֶׁלָּכֶם.","Спасибо за ваше участие.","Существительные","s_3df342a3badb.mp3","Мужской"
1107,"יֵשׁ לוֹ הִתְנַהֲגוּת טוֹבָה.","У него хорошее поведение.","Существительные","s_84cd9aadfbf5.mp3","Мужской"
1108,"הוּא מְתַכְנֵן פְּתִיחַת עֵסֶק.","Он планирует открытие бизнеса.","Существительные","s_408fd51d4280.mp3","Мужской"
1109,"נִפָּגֵשׁ מָחָר בַּבּוֹקֶר.","Встретимся завтра утром.","Существительные","s_49e96049747f.mp3","Мужской"
1110,"הַשִּׁיעוּר יִהְיֶה מָחֳרָתַיִּים.","Урок будет послезавтра.","Существительные","s_c3766d550d65.mp3","Мужской"
1111,"הֵם יַגִּיעוּ בַּשָּׁבוּעַ הַבָּא.","Они приедут на следующей неделе.","Существительные","s_0b9a3b77cb2f.mp3","Мужской"
1112,"נַתְחִיל לַעֲבוֹד בַּחוֹדֶשׁ הַבָּא.","Мы начнём работать в следующем месяце.","Существительные","s_1bc56fa0621e.mp3","Мужской"
1113,"הוּא יַחֲזוֹר בְּקָרוֹב הַבַּיְתָה.","Он скоро вернётся домой.","Существительные","s_23c6b418d460.mp3","Мужской"
1114,"שָׁלוֹם, נִרְאֶה בְּקָרוֹב שׁוּב!","Пока, скоро увидимся снова!","Существительные","s_29ec7af3a5ff.mp3","Мужской"
1115,"דָּוִד, מָתַי תָּבוֹא הַיּוֹם?","Давид, когда ты придёшь сегодня?","Существительные","s_84fb8fb88be0.mp3","Мужской"
1116,"אִם תִּרְצֶה, נָבוֹא אֵלֶיךָ.","Если захочешь, мы придём к тебе.","Существительные","s_dd8f7906b655.mp3","Мужской"
1117,"תַּחְשׁוֹב עַל זֶה הֵיטֵב.","Подумай об этом хорошенько.","Существительные","s_df1c47e3dc57.mp3","Мужской"
1118,"הַחֲבֵרִים יַעַזְרוּ לָנוּ תָּמִיד.","Друзья всегда нам помогут.","Существительные","s_4f1033cd4631.mp3","Мужской"
1119,"הַכֹּל יִהְיֶה בְּסֵדֶר, חָבֵר!","Всё будет хорошо, друг!","Существительные","s_a06d360ecf98.mp3","Мужской"
1120,"בַּקַּיִץ נָטוּס לְחוּ""ל יַחַד.","Летом мы полетим за границу вместе.","Существительные","s_e118b1d76a07.mp3","Мужской"
1121,"בְּשָׁעָה טוֹבָה עַל הַדִּירָה!","В добрый час с покупкой квартиры!","Существительные","s_05aa98b25a89.mp3","Мужской"
1122,"נִשְׁתֶּה קָפֶה בַּבַּיִת שֶׁלִּי.","Мы выпьем кофе у меня дома.","Существительные","s_8522da46483a.mp3","Мужской"
1123,"נִרְאֶה מָה יִהְיֶה מָחָר.","Посмотрим, что будет завтра.","Существительные","s_544d7e1d3a39.mp3","Мужской"
1124,"תַּעֲשׂוּ חַיִּים בַּטִיּוּל הַיּוֹם!","Хорошо вам провести время в поездке сегодня!","Существительные","s_a3e57a29ae5a.mp3","Мужской"
1125,"אֶעֱנֶה לְךָ עוֹד מְעַט.","Я отвечу тебе чуть позже.","Существительные","s_ca7137fb4eed.mp3","Мужской"
1126,"מָה שֶׁיִּהְיֶה יִהְיֶה, חֲבֵרִים.","Будь что будет, друзья.","Существительные","s_abe196f27e3d.mp3","Мужской"
1127,"נְדַבֵּר מָחָר בַּטֶּלֶפוֹן, טוֹב?","Поговорим завтра по телефону, хорошо?","Существительные","s_f927a7c43e57.mp3","Мужской"
1128,"הוּא יְסַדֵּר אֶת הָעִנְיָין.","Он уладит этот вопрос.","Существительные","s_bed1f0677752.mp3","Женский"
1129,"יִהְיֶה בְּסֵדֶר, אֲסַדֵּר הַכֹּל!","Всё будет хорошо, я всё улажу!","Существительные","s_cbae09c84736.mp3","Мужской"
1130,"אַגִּיד לְךָ אֶת הָאֱמֶת.","Я скажу тебе правду.","Существительные","s_76e540c9e1e8.mp3","Женский"
1131,"תַּגִּיד לִי אֵיפֹה אַתָּה.","Скажи мне, где ты.","Существительные","s_6eb742b8deaa.mp3","Мужской"
1132,"אֲנִי מַבְטִיחַ לְךָ לַעֲזוֹר.","Я обещаю тебе помочь.","Существительные","s_5185f01b5953.mp3","Мужской"
1133,"נִתְרָאֶה בַּקָּפֶה בְּקָרוֹב!","Увидимся в кафе скоро!","Существительные","s_1ab0e8ccf3cd.mp3","Мужской"
1134,"שָׁלוֹם, נִתְרָאֶה מָחָר בַּעֲבוֹדָה!","До свидания, увидимся завтра на работе!","Существительные","s_c1866ef47f16.mp3","Мужской"
1135,"אֶתְקַשֵּׁר אֵלֶיךָ עוֹד שָׁעָה.","Я позвоню тебе через час.","Существительные","s_0f76e9dfcd6d.mp3","Мужской"
1136,"אַל תִּתְרַגֵּשׁ, יִהְיֶה טוֹב!","Не волнуйся, всё будет хорошо!","Существительные","s_2704390fa0a2.mp3","Мужской"
1137,"תִּתְלַבְּשׁוּ יָפֶה לַמְּסִבָּה הַיּוֹם.","Оденьтесь красиво на вечеринку сегодня.","Существительные","s_bd0e9511b099.mp3","Мужской"
1138,"תּוֹדָה רַבָּה, נִשְׁתַּמֵּעַ בְּקָרוֹב!","Большое спасибо, созвонимся скоро!","Существительные","s_c130dcdcbe32.mp3","Мужской"
1139,"אַל תִּדְאַג, אֲנִי עוֹזֵר.","Не волнуйся, я помогаю.","Существительные","s_f46061f9bdc4.mp3","Мужской"
1140,"אַל תִּשְׁכַּח אֶת הַמַּפְתֵּחַ!","Не забудь ключ!","Существительные","s_60ec89e5e65c.mp3","Женский"
1141,"תַּמְתִּין רֶגַע עַל הַקַּו.","Подождите минутку на линии.","Существительные","s_5c8ae3510141.mp3","Мужской"
1142,"תִּיכָּנֵס בְּבַקָּשָׁה לַחֶדֶר שֶׁלִּי.","Заходи, пожалуйста, в мою комнату.","Существительные","s_12549230bd18.mp3","Мужской"
1143,"בְּבַקָּשָׁה, תֵּשֵׁב עַל הַכִּסֵּא.","Пожалуйста, присаживайся на стул.","Существительные","s_0784df5d5214.mp3","Мужской"
1144,"תַּקְשִׁיב לִי בְּבַקָּשָׁה עַכְשָׁיו.","Послушай меня, пожалуйста, сейчас.","Существительные","s_5bbbbc65d9c9.mp3","Мужской"
1145,"תִּיזָּהֵר כְּשֶׁאַתָּה חוֹצֶה כְּבִישׁ!","Будь осторожен, когда переходишь дорогу!","Существительные","s_f237f8bf39ff.mp3","Мужской"
1146,"שִׂים לֵב לַתַּמְרוּר הַזֶּה!","Обрати внимание на этот дорожный знак!","Существительные","s_7999642ca26e.mp3","Мужской"
1147,"תִּרְגַּע, יֵשׁ לָנוּ זְמַן.","Успокойся, у нас есть время.","Существительные","s_1a3841a92f84.mp3","Мужской"
1148,"אֲרוּחַת בּוֹקֶר כְּלוּלָה בַּמְּחִיר.","Завтрак включён в стоимость.","Существительные","s_8a69e1119808.mp3","Мужской"
1149,"חוּפְשָׁה נְעִימָה לְכָל הַמִּשְׁפָּחָה!","Приятного отпуска всей семье!","Существительные","s_6001678be27a.mp3","Мужской"
1150,"תַּהֲנוּ מְאוֹד בַּמְּלוֹן הַיּוֹם!","Хорошо вам провести время в гостинице сегодня!","Существительные","s_3d5039fcb742.mp3","Мужской"
1151,"בְּהַצְלָחָה בָּרֵאָיוֹן לָעֲבוֹדָה הַיּוֹם!","Удачи на собеседовании на работу сегодня!","Существительные","s_6451d86db9cd.mp3","Мужской"
1152,"מוּתָּר לַחְנוֹת פֹּה בְּכָחוֹל-לָבָן.","Здесь разрешено парковаться на сине-белой разметке.","Существительные","s_ffac75a20c47.mp3","Мужской"
1153,"אָסוּר לַחְנוֹת פֹּה בְּאָדוֹם-לָבָן.","Здесь запрещено парковаться на красно-белой разметке.","Существительные","s_0477362dd1cd.mp3","Мужской"
1154,"צָרִיךְ לְהַפְעִיל פַּנְגּוֹ עַכְשָׁיו.","Нужно активировать Pango сейчас.","Существительные","s_951bf07223e1.mp3","Мужской"
1155,"שֶׁתִּהְיֶה לְךָ נְהִיגָה בְּטוּחָה!","Безопасного тебе вождения!","Существительные","s_63007bfea284.mp3","Мужской"
1156,"שֶׁיִּהְיֶה בְּשָׁעָה טוֹבָה וּמוּצְלַחַת!","Пусть всё пройдёт в добрый и успешный час!","Существительные","s_23ad19807e0f.mp3","Мужской"
1157,"נִמְאַס לִי מֵהַמַּצָּב הַזֶּה.","Мне надоела эта ситуация.","Существительные","s_cd63bb7021a1.mp3","Мужской"
1158,"הָרַעְיוֹן שֶׁלְּךָ נִשְׁמָע מְצוּיָן.","Твоя идея звучит отлично.","Существительные","s_b961b3dd0117.mp3","Мужской"
1159,"אָז נִפָּגֵשׁ מָחָר בַּבּוֹקֶר.","Тогда встретимся завтра утром.","Существительные","s_2c99921a7497.mp3","Мужской"
1160,"הַיּוֹם אֶשָּׁאֵר בַּבַּיִת לָנוּחַ.","Сегодня я останусь дома отдохнуть.","Существительные","s_f400c9218a0c.mp3","Мужской"
1161,"מְדוּבָּר בִּבְעָיָה קָשָׁה מְאֹד.","Речь идёт об очень трудной проблеме.","Существительные","s_d190bba9852c.mp3","Мужской"
1162,"אַתָּה מוּזְמָן לֶאֱכוֹל אִתָּנוּ.","Ты приглашён пообедать с нами.","Существительные","s_ebcea952488a.mp3","Мужской"
1163,"הַכֹּל מוּסְכָּם וּבָרוּר עַכְשָׁיו.","Всё согласовано и понятно сейчас.","Существительные","s_c24b7c6316b7.mp3","Мужской"
1164,"הַמָּקוֹם הוּזְמַן מֵרֹאשׁ עֲבוּרֵנוּ.","Место было забронировано заранее для нас.","Существительные","s_26265147efe9.mp3","Мужской"
1165,"אַל תִּדְאַג, הַכֹּל מְסוּדָּר.","Не волнуйся, всё устроено.","Существительные","s_069a8aca4902.mp3","Мужской"
1166,"הַקָּפֶה הַיּוֹם זֶה עָלַי!","Кофе сегодня за мой счёт!","Существительные","s_960436507da1.mp3","Мужской"
1167,"אֲנִי סוֹמֵךְ עָלֶיךָ תָּמִיד.","Я всегда полагаюсь на тебя.","Существительные","s_cc85f8a9a875.mp3","Мужской"
1168,"תַּגִּיד, מַה עוֹבֵר עָלֶיךָ?","Скажи, что с тобой происходит?","Существительные","s_0931813d8d69.mp3","Мужской"
1169,"בְּבַקָּשָׁה תַּחֲזוֹר אֵלַי מָחָר.","Пожалуйста, перезвони мне завтра.","Существительные","s_7e0afda2d53b.mp3","Мужской"
1170,"בּוֹא אֵלֵינוּ בְּיוֹם שִׁשִּׁי.","Приходи к нам в пятницу.","Существительные","s_2548986e1429.mp3","Мужской"
1171,"פָּנִיתִי אֵלָיו בִּשְׁאֵלָה חֲשׁוּבָה.","Я обратился к нему с важным вопросом.","Существительные","s_9061941dc953.mp3","Мужской"
1172,"שָׁלַחְתִּי אֵלֶיךָ מִכְתָּב חָשׁוּב.","Я отправил тебе важное письмо.","Существительные","s_1b340fc7d2e8.mp3","Мужской"
1173,"בּוֹאוּ אַחֲרַי לַחֶדֶר הַזֶּה.","Идите за мной в эту комнату.","Существительные","s_124dcf1dc473.mp3","Мужской"
1174,"אִי אֶפְשָׁר בִּלְעָדֶיךָ כָּאן.","Без тебя здесь никак нельзя.","Существительные","s_3e7e18868d02.mp3","Мужской"
1175,"הוּא עָמַד לְפָנַי בַּתּוֹר.","Он стоял передо мной в очереди.","Существительные","s_fb9dfd1d716a.mp3","Мужской"
1176,"בָּאוּ כּוּלָּם מִלְּבַדּוֹ הַיּוֹם.","Пришли все, кроме него сегодня.","Существительные","s_7d7865050cb4.mp3","Мужской"
1177,"הִתְקַשַּׁרְתִּי כַּאֲשֶׁר הִגַּעְתִּי הַבַּיְתָה.","Я позвонил, когда пришёл домой.","Существительные","s_3a3bde88978a.mp3","Мужской"
1178,"אֵחַרְתִּי מִפְּנֵי שֶׁהָיָה פְּקָק.","Я опоздал, потому что была пробка.","Существительные","s_d6a82a2ad51b.mp3","Мужской"
1179,"נִשְׁאַרְתִּי מִכֵּיוְוָן שֶׁיָּרַד גֶּשֶׁם.","Я остался, так как шёл дождь.","Существительные","s_9dd23e583e97.mp3","Мужской"
1180,"בָּאתִי לַמְרוֹת שֶׁהָיִיתִי עָיֵף.","Я пришёл, несмотря на то что устал.","Существительные","s_abf045c96d20.mp3","Мужской"
1181,"בָּאתִי, אַף-עַל-פִּי שֶׁהָיִיתִי עָיֵף.","Я пришёл, даже несмотря на то что устал.","Существительные","s_7d112b2b7d00.mp3","Мужской"
1182,"הִסְבַּרְתִּי כְּדֵי שֶׁתָּבִין הֵיטֵב.","Я объяснил, чтобы ты хорошо понял.","Существительные","s_00a2fd9c2169.mp3","Мужской"
1183,"הַכֹּל קָרָה כְּפִי שֶׁאָמַרְתָּ.","Всё произошло так, как ты сказал.","Существительные","s_44930e0e9984.mp3","Мужской"
1184,"הִקְשַׁבְתִּי בִּזְמַן שֶׁהוּא דִּבֵּר.","Я слушал, пока он говорил.","Существительные","s_f84814ce4148.mp3","Мужской"
1185,"חִכִּיתִי עַד שֶׁהוּא הִגִּיעַ.","Я ждал, пока он не пришёл.","Существительные","s_fadfd2f7c6c9.mp3","Мужской"
1186,"מָה בְּעֶצֶם אַתָּה רוֹצֶה?","Что, собственно говоря, ты хочешь?","Существительные","s_4ea678c41194.mp3","Мужской"
1187,"כְּלוֹמַר, אַתָּה לֹא מַסְכִּים?","То есть, ты не согласен?","Существительные","s_7c9179eecfea.mp3","Мужской"
1188,"לְפִי דַּעְתִּי זֶה מְצוּיָן.","По моему мнению, это отлично.","Существительные","s_6da0b3400b80.mp3","Мужской"
1189,"תִּתְקַשֵּׁר אֵלַי אִם תּוּכַל.","Позвони мне, если сможешь.","Существительные","s_9614fda43b42.mp3","Мужской"
1190,"אִילּוּ יָכוֹלְתִּי, הָיִיתִי בָּא.","Если бы я мог, я бы пришёл.","Существительные","s_00bfa671c075.mp3","Мужской"
1191,"לוּ רַק הָיִיתִי יוֹדֵעַ.","Если бы только я знал.","Существительные","s_96f3241fb4cd.mp3","Мужской"
1192,"אָבוֹא בִּתְנַאי שֶׁתַּעֲזוֹר לִי.","Я приду при условии, что ты мне поможешь.","Существительные","s_ed38bc94ba89.mp3","Мужской"
1193,"אָז מָה נַעֲשֶׂה הַיּוֹם?","Тогда что мы будем делать сегодня?","Существительные","s_1be1ea5a7338.mp3","Мужской"
1194,"אִילּוּ יָדַעְתִּי, הָיִיתִי עוֹזֵר.","Если бы я знал, я бы помог.","Существительные","s_8aa46a83861e.mp3","Мужской"
1195,"הָיִיתִי עוֹשֶׂה אֶת זֶה.","Я бы сделал это.","Существительные","s_feb791f62063.mp3","Женский"
1196,"תַּעֲזוֹר לִי אִם אֶפְשָׁר.","Помоги мне, если можно.","Существительные","s_f36fbca661e9.mp3","Мужской"
1197,"אִם כָּךְ, נֵלֵךְ עַכְשָׁיו.","Если так, пойдём сейчас.","Существительные","s_744e5e53c09a.mp3","Мужской"
1198,"תִּתְקַשֵּׁר בְּמִקְרֶה שֶׁתִּצְטָרֵךְ עֶזְרָה.","Позвони в случае, если тебе понадобится помощь.","Существительные","s_b803385e8aba.mp3","Мужской"
1199,"אֵין בְּרֵירָה, צָרִיךְ לָלֶכֶת.","Нет выбора, нужно идти.","Существительные","s_6d4b80ceab21.mp3","Мужской"
1200,"אֲנִי רוֹצֶה יוֹתֵר זְמַן.","Я хочу больше времени.","Существительные","s_4507b7dbe501.mp3","Мужской"
1201,"יֵשׁ לָנוּ פָּחוֹת זְמַן.","У нас меньше времени.","Существительные","s_66d8d5771fdf.mp3","Мужской"
1202,"זֶה הַמָּקוֹם הֲכִי יָפֶה.","Это самое красивое место.","Существительные","s_db8c4e3a4a4b.mp3","Мужской"
1203,"זֶה הַסֵּפֶר הַטּוֹב בְּיוֹתֵר.","Это самая лучшая книга.","Существительные","s_a3ed932048ab.mp3","Мужской"
1204,"הֲכִי טוֹב לִנְסוֹעַ בְּרַכֶּבֶת.","Лучше всего ехать на поезде.","Существительные","s_160b8b6a632d.mp3","Мужской"
1205,"זֶה הַפִּתְרוֹן הַטּוֹב בְּיוֹתֵר.","Это наилучшее решение.","Существительные","s_a334af7a7ab6.mp3","Мужской"
1206,"אֲנִי כָּל כָּךְ עָיֵף.","Я так устал.","Существительные","s_8499eb43f8c0.mp3","Мужской"
1207,"זֶה זוֹל בְּהַשְׁוָואָה לְאֶתְמוֹל.","Это дёшево по сравнению со вчерашним днем.","Существительные","s_969ae9b0686b.mp3","Мужской"
1208,"הֵבַנְתִּי פָּחוֹת אוֹ יוֹתֵר.","Я приблизительно понял.","Существительные","s_488f38036263.mp3","Мужской"
1209,"זֶה נַעֲשָׂה בְּהֶסְכֵּם מָלֵא.","Это было сделано при полном согласии.","Существительные","s_b441a16b5393.mp3","Мужской"
1210,"קָרָאתִי כּוֹתֶרֶת מְעַנְיֶנֶת בָּעִתּוֹן.","Я прочитал интересный заголовок в газете.","Существительные","s_4bef7557ed45.mp3","Мужской"
1211,"שָׁמַעְתִּי מִבְזַק חֲדָשׁוֹת קָצָר.","Я услышал короткий выпуск новостей.","Существительные","s_3b5d3ca2d7fd.mp3","Мужской"
1212,"זֹאת כַּתָּבָה חֲשׁוּבָה מְאוֹד.","Это очень важная статья.","Существительные","s_11f6484eb232.mp3","Мужской"
1213,"הָעִיתּוֹנַאי שׁוֹאֵל שְׁאֵלוֹת קָשׁוֹת.","Журналист задаёт трудные вопросы.","Существительные","s_5150b163f4b1.mp3","Мужской"
1214,"הוּא עָרַךְ רֵאָיוֹן בִּלְעָדִי.","Он провёл эксклюзивное интервью.","Существительные","s_fb114eb76fc7.mp3","Мужской"
1215,"צָפִינוּ בַּמַּהֲדוּרָה הַמֶּרְכָּזִית בָּעֶרֶב.","Мы смотрели главный выпуск новостей вечером.","Существительные","s_03f60d04eed0.mp3","Мужской"
1216,"זֶה שִׁידּוּר חַי מִיְּרוּשָׁלַיִם.","Это прямой эфир из Иерусалима.","Существительные","s_c0080789aac4.mp3","Мужской"
1217,"יֵשׁ לָזֶה הַשְׁפָּעָה גְּדוֹלָה.","Это оказывает большое влияние.","Существительные","s_da0972c38dc4.mp3","Мужской"
1218,"הַסֶּרֶט קִבֵּל בִּיקּוֹרֶת מְצוּיֶּנֶת.","Фильм получил отличную критику.","Существительные","s_1db5a0ee39fd.mp3","Мужской"
1219,"הוּא יָזָם מַצְלִיחַ מְאוֹד.","Он очень успешный предприниматель.","Существительные","s_4c3720ebb735.mp3","Мужской"
1220,"הִיא לוֹמֶדֶת יַזָּמוּת בָּאוּנִיבֶרְסִיטָה.","Она изучает предпринимательство в университете.","Существительные","s_f5376154fca1.mp3","Женский"
1221,"הַקֶּרֶן מַשְׁקִיעָה בְּהוֹן סִיכּוּן.","Фонд инвестирует в венчурный капитал.","Существительные","s_a9edf32186f5.mp3","Мужской"
1222,"הַחֶבְרָה סִיְּימָה גִּיּוּס כְּסָפִים.","Компания завершила привлечение средств.","Существительные","s_b0b3bd38a67a.mp3","Мужской"
1223,"זֹאת פְּרִיצַת דֶּרֶךְ מַדָּעִית.","Это научный прорыв.","Существительные","s_0f80d5147899.mp3","Мужской"
1224,"הֵם מַתְחִילִים פִּיתּוּחַ חָדָשׁ.","Они начинают новую разработку.","Существительные","s_7a4cfabf21fb.mp3","Мужской"
1225,"הוּא מְנַהֵל מֶחְקָר וּפִיתּוּחַ.","Он руководит исследованиями и разработками.","Существительные","s_606b0d94e531.mp3","Мужской"
1226,"הִיא הֵקִימָה חֶבְרַת הֶזְנֵק.","Она основала стартап-компанию.","Существительные","s_5b46d3ec8510.mp3","Женский"
1227,"אֲנַחְנוּ מִשְׁתַּמְּשִׁים בְּטֶכְנוֹלוֹגְיָה מִתְקַדֶּמֶת.","Мы используем передовую технологию.","Существительные","s_658a0aa06eb0.mp3","Мужской"
1228,"הוּא לוֹמֵד בִּינָה מְלָאכוּתִית.","Он изучает искусственный интеллект.","Существительные","s_735c84e32b4b.mp3","Мужской"
1229,"נִשְׁמוֹר עַל אִיכוּת הַסְּבִיבָה.","Мы сохраним окружающую среду.","Существительные","s_14ec41fbde38.mp3","Мужской"
1230,"מִיחְזוּר חָשׁוּב מְאוֹד לַסְּבִיבָה.","Переработка очень важна для окружающей среды.","Существительные","s_ee3259dc748f.mp3","Мужской"
1231,"יֵשׁ פַּח כָּתוֹם בָּרְחוֹב.","На улице есть оранжевый бак.","Существительные","s_c20d7280472c.mp3","Мужской"
1232,"הַבַּיִת מִשְׁתַּמֵּשׁ בְּאֶנֶרְגְּיָה סוֹלָארִית.","Дом использует солнечную энергию.","Существительные","s_870aa6e0b31d.mp3","Мужской"
1233,"הִתְחַמְּמוּת גְּלוֹבָּלִית מַשְׁפִּיעָה עָלֵינוּ.","Глобальное потепление влияет на нас.","Существительные","s_3b04819e775b.mp3","Мужской"
1234,"טִיַּלְנוּ בִּשְׁמוּרַת טֶבַע יָפָה.","Мы гуляли в красивом заповеднике.","Существительные","s_ef046d2549c4.mp3","Мужской"
1235,"יֵשׁ זִיהוּם אֲוִויר בָּעִיר.","В городе есть загрязнение воздуха.","Существительные","s_d80046c4512c.mp3","Мужской"
1236,"פְּלַסְטִיק חַד פַּעֲמִי מַזִּיק.","Одноразовый пластик вреден.","Существительные","s_99e51f6f329c.mp3","Мужской"
1237,"הוּא קָנָה רֶכֶב חַשְׁמַלִּי.","Он купил электромобиль.","Существительные","s_3b542925f1d9.mp3","Мужской"
1238,"קַיָּימוּת חֲשׁוּבָה לָעוֹלָם שֶׁלָּנוּ.","Устойчивое развитие важно для нашего мира.","Существительные","s_1fe927aad5f3.mp3","Мужской"
1239,"קִבַּלְתִּי טוֹפֶס 17 בַּמִּרְפָּאָה.","Я получил форму 17 в поликлинике.","Существительные","s_b779743dd5a6.mp3","Мужской"
1240,"הִגַּעְנוּ לַחֲדַר מִיּוּן בַּלַּיְלָה.","Мы прибыли в приёмный покой ночью.","Существительные","s_be78885a6060.mp3","Мужской"
1241,"אֲנִי צָרִיךְ רוֹפֵא מוּמְחֶה.","Мне нужен врач-специалист.","Существительные","s_5a08fb838c61.mp3","Мужской"
1242,"הָרוֹפֵא נָתַן לִי הַפְנָיָה.","Врач дал мне направление.","Существительные","s_9b52922f9b5d.mp3","Мужской"
1243,"עָשִׂיתִי בְּדִיקַת דָּם הַבֹּקֶר.","Я сделал анализ крови этим утром.","Существительные","s_35574ec95a49.mp3","Мужской"
1244,"עָשׂוּ לוֹ צִילוּם רֶנְטְגֶּן.","Ему сделали рентгеновский снимок.","Существительные","s_39bb8ace8244.mp3","Мужской"
1245,"הוּא הִשְׁתַּחְרֵר מֵאִשְׁפּוּז הַיּוֹם.","Он выписался из больницы сегодня.","Существительные","s_9a6e186afd08.mp3","Мужской"
1246,"הַנִּיתּוּחַ עָבַר בְּהַצְלָחָה רַבָּה.","Операция прошла с большим успехом.","Существительные","s_c295ce79c08b.mp3","Мужской"
1247,"צָרִיךְ הִתְחַיְּיבוּת כַּסְפִּית לַטִּיפּוּל.","Требуется финансовое обязательство на лечение.","Существительные","s_cd233d26d4eb.mp3","Мужской"
1248,"קִבַּלְתִּי אֶת תּוֹצָאוֹת הַבְּדִיקָה.","Я получил результаты обследования.","Существительные","s_e5c403cf67a2.mp3","Женский"
1249,"הַכְּנֶסֶת נִמְצֵאת בִּירוּשָׁלַיִם.","Кнессет находится в Иерусалиме.","Существительные","s_ef753cd8a3cb.mp3","Мужской"
1250,"בְּקָרוֹב יִהְיוּ בְּחִירוֹת חֲדָשׁוֹת.","Скоро будут новые выборы.","Существительные","s_09b578077920.mp3","Мужской"
1251,"הַמֶּמְשָׁלָה הֶחְלִיטָה עַל כָּך.","Правительство решило об этом.","Существительные","s_295de4026bf1.mp3","Мужской"
1252,"רֹאשׁ הַמֶּמְשָׁלָה נָאַם אֶתְמוֹל.","Премьер-министр выступил вчера с речью.","Существительные","s_a846bf734170.mp3","Мужской"
1253,"נְשִׂיא הַמְּדִינָה בִּקֵּר בְּחֵיפָה.","Президент страны посетил Хайфу.","Существительные","s_624ceae90f89.mp3","Мужской"
1254,"הַקּוֹאָלִיצְיָה חֲזָקָה מְאוֹד הַיּוֹם.","Коалиция сегодня очень сильна.","Существительные","s_786dd80dcb6e.mp3","Мужской"
1255,"הָאוֹפּוֹזִיצְיָה מִתְנַגֶּדֶת לַחוֹק הַזֶּה.","Оппозиция выступает против этого закона.","Существительные","s_b25a88a0f57e.mp3","Мужской"
1256,"הוּא חֲבַר כְּנֶסֶת חָדָשׁ.","Он новый депутат Кнессета.","Существительные","s_6bb1ec738e39.mp3","Мужской"
1257,"הַכְּנֶסֶת אִשְּׁרָה חוֹק חָדָשׁ.","Кнессет утвердил новый закон.","Существительные","s_0979822dff60.mp3","Мужской"
1258,"הָאֲנָשִׁים הוֹלְכִים לַקַּלְפִּי הַיּוֹם.","Люди идут на избирательный участок сегодня.","Существительные","s_8f7e208d6b95.mp3","Мужской"
1259,"יִשְׂרָאֵל הִיא דֵּמוֹקְרַטְיָה חֲזָקָה.","Израиль — сильная демократия.","Существительные","s_a7eb3610e2a9.mp3","Женский"
1260,"חַיָּלִים מְשָׁרְתִים בְּצַהַ""ל.","Солдаты служат в ЦАХАЛе.","Существительные","s_086129f624b0.mp3","Мужской"
1261,"יוֹם הַגִּיּוּס שֶׁלּוֹ הִגִּיעַ.","День его призыва настал.","Существительные","s_7d7eddbc9540.mp3","Мужской"
1262,"דָּנִי עוֹשֶׂה מִילוּאִים כָּעֵת.","Дани сейчас на армейских сборах.","Существительные","s_2eedadb6d299.mp3","Мужской"
1263,"הַקָּצִין מְדַבֵּר עִם הַחַיָּלִים.","Офицер говорит с солдатами.","Существительные","s_e60a21441fb5.mp3","Мужской"
1264,"פִּיקּוּד הָעוֹרֶף פִּרְסֵם הוֹדָעָה.","Командование тыла опубликовало сообщение.","Существительные","s_b8a9743988b9.mp3","Мужской"
1265,"יֵשׁ לָנוּ מָמָ""ד בַּדִּירָה.","У нас в квартире есть защищенная комната.","Существительные","s_80f4c6313612.mp3","Мужской"
1266,"חַיָּבִים לִשְׁמוֹר עַל הַהַנְחָיוֹת.","Необходимо соблюдать инструкции.","Существительные","s_a179d0b6914d.mp3","Мужской"
1267,"חִפַּשְׂנוּ מֶרְחָב מוּגָן קָרוֹב.","Мы искали ближайшее защищенное пространство.","Существительные","s_b55f825433ee.mp3","Мужской"
1268,"הוּא רוֹצֶה שֵׁירוּת קְרָבִי.","Он хочет боевую службу.","Существительные","s_364ea099d7b1.mp3","Мужской"
1269,"חָזַרְנוּ לַשִּׁגְרָה אַחֲרֵי הַמִּלְחָמָה.","Мы вернулись к рутине после войны.","Существительные","s_5744ca85f69d.mp3","Мужской"
1270,"חָגַגְנוּ אֶת יוֹם הָעַצְמָאוּת.","Мы праздновали День независимости.","Существительные","s_c9c3387914a5.mp3","Женский"
1271,"יוֹם הַזִּיכָּרוֹן מְאוֹד עָצוּב.","День памяти очень грустный.","Существительные","s_b4a3284a826e.mp3","Мужской"
1272,"עָמַדְנוּ בְּשֶׁקֶט בִּזְמַן הַצְּפִירָה.","Мы стояли в тишине во время сирены.","Существительные","s_783912520159.mp3","Мужской"
1273,"הִשְׁתַּתַּפְנוּ בְּטֶקֶס יָפֶה מְאוֹד.","Мы участвовали в очень красивой церемонии.","Существительные","s_543bcaf6e2b5.mp3","Мужской"
1274,"הִיא הִדְלִיקָה מַשּׂוּאָה בַּטֶּקֶס.","Она зажгла факел на церемонии.","Существительные","s_334c939eae1d.mp3","Женский"
1275,"עָשִׂינוּ מַנְגָּל בַּפַּארְק הַיּוֹם.","Мы делали шашлыки в парке сегодня.","Существительные","s_136e194ee2bb.mp3","Мужской"
1276,"רָאִינוּ מַטָּס מַרְשִׁים בַּשָּׁמַיִם.","Мы видели впечатляющий воздушный парад в небе.","Существительные","s_b6858e7a7b71.mp3","Мужской"
1277,"הָיוּ זִיקּוּקֵי דִּינוּר יָפִים.","Был красивый фейерверк.","Существительные","s_6394baa6ac8f.mp3","Мужской"
1278,"הֵם נִלְחֲמוּ עַל עַצְמָאוּת.","Они сражались за независимость.","Существительные","s_1581f9f11d4a.mp3","Мужской"
1279,"תָּלִינוּ אֶת דֶּגֶל הַמְּדִינָה.","Мы повесили государственный флаг.","Существительные","s_b0483c0c6e45.mp3","Женский"
1280,"אַף אֶחָד לֹא פְרָאיֶיר.","Никто не лох (никто не позволит себя обмануть).","Существительные","lo_fraier.mp3","Мужской"
1281,"הוּא סַחְבָּק אֲמִתִּי שֶׁלָּנוּ.","Он наш настоящий свой парень.","Существительные","sahbak_amiti.mp3","Мужской"
1282,"מָה נִשְׁמַע אִתְּךָ, כַּפָּרָה?","Как дела у тебя, душа моя?","Существительные","s_a2ab461316d7.mp3","Мужской"
1283,"יֵשׁ כָּאן בָּלָגָן שָׁלֵם.","Здесь полный бардак.","Существительные","s_0789ed5c6f13.mp3","Мужской"
1284,"אֲנַחְנוּ לוֹמְדִים גֵּאוֹגְרַפְיָה הַיּוֹם.","Мы изучаем географию сегодня.","Существительные","s_220eb29148fa.mp3","Мужской"
1285,"הַמִּדְבָּר חַם מְאוֹד בַּקַּיִץ.","В пустыне очень жарко летом.","Существительные","s_248ae4c30f7e.mp3","Мужской"
1286,"שָׂחִינוּ בְּיַם הַמֶּלַח הַיּוֹם.","Мы купались в Мертвом море сегодня.","Существительные","s_97f7920575f7.mp3","Мужской"
1287,"יַם כִּנֶּרֶת יָפֶה מְאוֹד.","Озеро Кинерет очень красивое.","Существительные","s_88dff5288553.mp3","Мужской"
1288,"זֶה מַכְתֵּשׁ עֲנָק בַּנֶּגֶב.","Это гигантский кратер в Негеве.","Существительные","s_74275749e46b.mp3","Мужской"
1289,"נָסַעְנוּ לְרָמַת הַגּוֹלָן הַשָּׁבוּעַ.","Мы поехали на Голанские высоты на этой неделе.","Существительные","s_834bd08484e4.mp3","Мужской"
1290,"הַר הַחֶרְמוֹן גָּבוֹהַּ מְאוֹד.","Гора Хермон очень высокая.","Существительные","s_2f53afd9eb75.mp3","Мужской"
1291,"הָלַכְנוּ לְיַד הַנַּחַל הַיָּפֶה.","Мы гуляли около красивого ручья.","Существительные","s_be58a10d6a9f.mp3","Мужской"
1292,"רָאִינוּ מַפָּל מַיִם מַרְשִׁים.","Мы увидели впечатляющий водопад.","Существительные","s_b74d6752eb33.mp3","Мужской"
1293,"הֵם צוֹעֲדִים בִּשְׁבִיל יִשְׂרָאֵל.","Они идут в поход по Тропе Израиля.","Существительные","s_7d0bf51deab3.mp3","Мужской"
1294,"הַתֵּיאַטְרוֹן הַזֶּה מְפוּרְסָם מְאֹד.","Этот театр очень знаменит.","Существительные","s_cc9dd88540ab.mp3","Мужской"
1295,"רָאִינוּ הַצָּגָה מְצוּיֶּנֶת בָּעֶרֶב.","Мы посмотрели отличный спектакль вечером.","Существительные","s_17e49db7a821.mp3","Мужской"
1296,"הוּא שַׂחְקָן כִּשְׁרוֹנִי מְאֹד.","Он очень талантливый актёр.","Существительные","s_f900c9f2e168.mp3","Мужской"
1297,"הַבַּמַּאי מְבַקֵּשׁ שֶׁקֶט עַכְשָׁיו.","Режиссёр просит тишины сейчас.","Существительные","s_f0a37ae13ea9.mp3","Мужской"
1298,"קָרָאתִי אֶת הַתַּסְרִיט הֶחָדָשׁ.","Я прочитал новый киносценарий.","Существительные","s_d9ffebb13e4b.mp3","Женский"
1299,"אֲנִי לוֹמֵד סִפְרוּת עִבְרִית.","Я изучаю ивритскую литературу.","Существительные","s_c46381e1ce63.mp3","Мужской"
1300,"הַסּוֹפֵר כָּתַב סֵפֶר מְעַנְיֵן.","Писатель написал интересную книгу.","Существительные","s_4d0d397b2827.mp3","Мужской"
1301,"הָיוּ מְחִיאוֹת כַּפַּיִּים סוֹעֲרוֹת.","Были бурные аплодисменты.","Существительные","s_3744f608913c.mp3","Мужской"
1302,"יֵשׁ פֶּסְטִיבָל קוֹלְנוֹעַ בְּחֵיפָה.","В Хайфе проходит кинофестиваль.","Существительные","s_84df502eb4f3.mp3","Мужской"
1303,"זוֹ סִדְרַת טֶלֶוִויזְיָה מְצוּיֶּנֶת.","Это отличный сериал.","Существительные","s_762a0405d614.mp3","Мужской"
1304,"חוֹק הֲגָנַת הַצַּרְכָן חָשׁוּב.","Закон о защите прав потребителей важен.","Существительные","s_a9cbeaec6a69.mp3","Мужской"
1305,"בִּקַּשְׁתִּי בִּיטּוּל עִסְקָה בַּחֲנוּת.","Я попросил об отмене сделки в магазине.","Существительные","s_fc532b85b13f.mp3","Мужской"
1306,"קִבַּלְתִּי הֶחְזֵר כַּסְפִּי מֵהַחֲנוּת.","Я получил денежный возврат из магазина.","Существительные","s_dfb6dd98074e.mp3","Мужской"
1307,"אֵיפֹה תְּעוּדַת אַחֲרָיוּת שֶׁלִּי?","Где мой гарантийный талон?","Существительные","s_0f23ea5df4a5.mp3","Мужской"
1308,"שִׁילַּמְתִּי דְּמֵי בִּיטּוּל קְטַנִּים.","Я заплатил небольшую комиссию за отмену.","Существительные","s_a0d227f51236.mp3","Мужской"
1309,"הִתְקַשַּׁרְתִּי לְשֵׁירוּת לָקוֹחוֹת הַיּוֹם.","Я позвонил в службу поддержки сегодня.","Существительные","s_96f98ad375b0.mp3","Мужской"
1310,"הוּא כָּתַב תְּלוּנָה רִשְׁמִית.","Он написал официальную жалобу.","Существительные","s_2ba023054af4.mp3","Мужской"
1311,"חָתַמְנוּ עַל חוֹזֶה שְׂכִירוּת.","Мы подписали договор аренды.","Существительные","s_1d11333c0874.mp3","Мужской"
1312,"קְרָא אֶת הַסְּעִיף הַזֶּה.","Прочитай этот пункт.","Существительные","s_a00dbf71348f.mp3","Женский"
1313,"הֵם הִגִּישׁוּ תְּבִיעָה מִשְׁפָּטִית.","Они подали судебный иск.","Существительные","s_9f890eaaa847.mp3","Мужской"
1314,"הָלַכְנוּ לְבֵית מִשְׁפָּט הַיּוֹם.","Мы пошли в суд сегодня.","Существительные","s_d9db6107b991.mp3","Мужской"
1315,"הַשּׁוֹפֵט הִקְשִׁיב לְכָל עֵד.","Судья выслушал каждого свидетеля.","Существительные","s_b5bfaa19dc8e.mp3","Мужской"
1316,"זוֹ הֲפָרַת חוֹזֶה חֲמוּרָה.","Это грубое нарушение контракта.","Существительные","s_b920518aa351.mp3","Мужской"
1317,"הִגַּשְׁתִּי תְּבִיעָה לִתְבִיעוֹת קְטַנּוֹת.","Я подал иск в суд мелких тяжб.","Существительные","s_0801e2b9ca78.mp3","Мужской"
1318,"חָתַמְתִּי עַל יִיפּוּי כּוֹחַ.","Я подписал доверенность.","Существительные","s_f738bcdbf386.mp3","Мужской"
1319,"הִיא לוֹמֶדֶת בָּאוּנִיבֶרְסִיטָה עַכְשָׁיו.","Она учится в университете сейчас.","Существительные","s_d2a687a51b82.mp3","Женский"
1320,"סִיַּמְתִּי תּוֹאַר רִאשׁוֹן בְּהַצְלָחָה.","Я успешно окончил бакалавриат.","Существительные","s_31cfa8985c54.mp3","Мужской"
1321,"הוּא מַתְחִיל תּוֹאַר שֵׁנִי.","Он начинает учебу на вторую степень (магистратуру).","Существительные","s_6b081c08b1af.mp3","Мужской"
1322,"הִיא קִבְּלָה מִלְגָּה לַלִּימּוּדִים.","Она получила стипендию на учебу.","Существительные","s_1d5bb3cf8c63.mp3","Женский"
1323,"הַסִּילָבּוּס מְפוֹרָט מְאֹד הַשָּׁנָה.","Программа курса очень подробная в этом году.","Существительные","syllabus_mevorat.mp3","Мужской"
1324,"הוּא לוֹמֵד בְּמִכְלָלָה טוֹבָה.","Он учится в хорошем колледже.","Существительные","s_f1bff064b25f.mp3","Мужской"
1325,"הַמַּרְצֶה מַסְבִּיר אֶת הַחוֹמֶר.","Преподаватель объясняет материал.","Существительные","s_13df16f1b51c.mp3","Женский"
1326,"תְּקוּפַת מִבְחָנִים קָשָׁה עַכְשָׁיו.","Экзаменационная сессия сейчас трудная.","Существительные","s_edb1ae7e6bb8.mp3","Мужской"
1327,"הִיא כּוֹתֶבֶת עֲבוֹדַת גְּמָר.","Она пишет дипломную работу.","Существительные","s_c8dd4f8fb0ec.mp3","Женский"
1328,"שִׁילַּמְתִּי שְׂכַר לִימּוּד אֶתְמוֹל.","Я оплатил учебу вчера.","Существительные","s_d760ea3b239f.mp3","Мужской"
1329,"זֶה מֶחְקָר מַדָּעִי חָשׁוּב.","Это важное научное исследование.","Существительные","s_6d2ed8802821.mp3","Мужской"
1330,"הִתְנַדְּבוּת תּוֹרֶמֶת לַחֶבְרָה מְאֹד.","Волонтёрство очень помогает обществу.","Существительные","s_4fa40bf1330f.mp3","Мужской"
1331,"הוּא מְנַהֵל עֲמוּתָּה גְּדוֹלָה.","Он руководит большой некоммерческой организацией.","Существительные","s_1782c9bd3fdc.mp3","Мужской"
1332,"נָתַנּוּ תְּרוּמָה יָפָה לָעֲמוּתָּה.","Мы сделали хорошее пожертвование фонду.","Существительные","s_3367a2ca4614.mp3","Мужской"
1333,"הוּא מִתְנַדֵּב בְּבֵית חוֹלִים.","Он волонтёр в больнице.","Существительные","s_04462deb7f3b.mp3","Мужской"
1334,"עֶזְרָה הֲדָדִית חֲשׁוּבָה לְכוּלָּנוּ.","Взаимопомощь важна для всех нас.","Существительные","s_e9db20ebcf49.mp3","Мужской"
1335,"יֵשׁ חֲלוּקַּת מָזוֹן הַיּוֹם.","Сегодня проходит раздача продуктов.","Существительные","s_90b54de0cda9.mp3","Мужской"
1336,"הַמִּתְנַדֵּב עוֹזֵר לְהַרְבֵּה קְשִׁישִׁים.","Волонтёр помогает многим пожилым людям.","Существительные","s_48f41a5cb171.mp3","Мужской"
1337,"הַנּוֹעַר אוֹהֵב מוּזִיקָה חֲדָשָׁה.","Молодёжь любит новую музыку.","Существительные","s_2fb877a5c005.mp3","Мужской"
1338,"הֵכַנְתִּי מַצֶּגֶת מְצוּיֶּנֶת לַפְּגִישָׁה.","Я подготовил отличную презентацию к встрече.","Существительные","s_c0e3e29b5879.mp3","Мужской"
1339,"הוּא נָשָׂא נְאוּם מַרְשִׁים.","Он произнёс впечатляющую речь.","Существительные","s_00acd2480a5c.mp3","Мужской"
1340,"הַקָּהָל מָחָא כַּפַּיִם בְּהִתְלַהֲבוּת.","Публика с восторгом аплодировала.","Существительные","s_ea8f453492ce.mp3","Мужской"
1341,"יֵשׁ לוֹ כּוֹחַ שִׁכְנוּעַ.","У него есть сила убеждения.","Существительные","s_a46b936e477d.mp3","Мужской"
1342,"זֶה טִיעוּן הֶגְיוֹנִי וְחָזָק.","Это логичный и сильный аргумент.","Существительные","s_8bc5783dd3f9.mp3","Мужской"
1343,"הִגַּעְנוּ לְמַסְקָנָה חֲשׁוּבָה מְאוֹד.","Мы пришли к очень важному выводу.","Существительные","s_32cc4bb7256c.mp3","Мужской"
1344,"שְׂפַת גּוּף חֲשׁוּבָה מְאוֹד.","Язык тела очень важен.","Существительные","s_32dc3c868d12.mp3","Мужской"
1345,"יֵשׁ לוֹ בִּיטָּחוֹן עַצְמִי.","У него есть уверенность в себе.","Существительные","s_28cfa39871c7.mp3","Мужской"
1346,"קָרָאתִי מַאֲמַר דֵּעָה מְעַנְיֵן.","Я прочитал интересную авторскую колонку.","Существительные","s_9fa89fea32d9.mp3","Мужской"
1347,"שָׁמַעְנוּ פַּרְשָׁנוּת מְעוּלָּה בַּחֲדָשׁוֹת.","Мы услышали отличную аналитику в новостях.","Существительные","s_93778ba5ebbb.mp3","Мужской"
1348,"הִיא הִבִּיעָה עֶמְדָּה בְּרוּרָה.","Она выразила ясную позицию.","Существительные","s_5a6f6613eff8.mp3","Женский"
1349,"הַפַּרְשָׁן מַסְבִּיר אֶת הַמַּצָּב.","Обозреватель объясняет ситуацию.","Существительные","s_43ac450ed8e5.mp3","Женский"
1350,"זֹאת הַעֲרָכָה מְדוּיֶּקֶת מְאוֹד.","Это очень точная оценка.","Существительные","s_9d5f84746ab6.mp3","Мужской"
1351,"יֵשׁ לַהַחְלָטָה הַשְׁלָכוֹת רַבּוֹת.","У решения есть много последствий.","Существительные","s_fd2cc5d3bd08.mp3","Мужской"
1352,"כָּתַבְתִּי תְּגוּבָה לַמַּאֲמָר הַזֶּה.","Я написал комментарий к этой статье.","Существительные","s_d4950a44b167.mp3","Мужской"
1353,"זֹאת נְקוּדַּת מַבָּט מְעַנְיֶנֶת.","Это интересная точка зрения.","Существительные","s_253145f6a260.mp3","Мужской"
1354,"הַחַקְלַאי מִשְׁתַּמֵּשׁ בְּהַשְׁקָיָה בְּטִפְטוּף.","Фермер использует капельное орошение.","Существительные","s_61c2d87103f8.mp3","Мужской"
1355,"הַתְפָּלַת מַיִם פּוֹתֶרֶת בְּעָיוֹת.","Опреснение воды решает проблемы.","Существительные","s_de1b8731382b.mp3","Мужской"
1356,"רָאִינוּ מִתְקַן הַתְפָּלָה חָדָשׁ.","Мы увидели новую опреснительную установку.","Существительные","s_ee325ec5e8ba.mp3","Мужской"
1357,"יִשְׂרָאֵל מְפַתַּחַת חַקְלָאוּת מִתְקַדֶּמֶת.","Израиль развивает передовое сельское хозяйство.","Существительные","s_69c451222c5b.mp3","Мужской"
1358,"הַחַקְלַאי עוֹבֵד בַּשָּׂדֶה הַיּוֹם.","Фермер работает сегодня в поле.","Существительные","s_f55995af7ceb.mp3","Мужской"
1359,"הַשָּׁנָה יֵשׁ יְבוּל מְצוּיָּן.","В этом году отличный урожай.","Существительные","s_46d3293c98e3.mp3","Мужской"
1360,"הֵם בָּנוּ חֲמָמָה גְּדוֹלָה.","Они построили большую теплицу.","Существительные","s_8511f650f4db.mp3","Мужской"
1361,"חִיסָּכוֹן בְּמַיִם חָשׁוּב לְכוּלָּנוּ.","Экономия воды важна для всех нас.","Существительные","s_d37d6cc438d2.mp3","Мужской"
1362,"מֵי תְּהוֹם מְשַׁמְּשִׁים לְהַשְׁקָיָה.","Грунтовые воды служат для орошения.","Существительные","s_f43ddaa1d7cb.mp3","Мужской"
1363,"הַחֶבְרָה מְפַתַּחַת טֶכְנוֹלוֹגְיָה יְרוּקָּה.","Компания разрабатывает зелёные технологии.","Существительные","s_ea5a73601d02.mp3","Мужской"
1364,"הוּא עוֹבֵד בִּמְכוֹן מֶחְקָר.","Он работает в научно-исследовательском институте.","Существительные","s_1d962719d3af.mp3","Мужской"
1365,"פָּגַשְׁנוּ חֲתַן פְּרַס נוֹבֶּל.","Мы встретили лауреата Нобелевской премии.","Существительные","s_2005df1204fb.mp3","Мужской"
1366,"זֹאת תַּגְלִית מַדָּעִית חֲשׁוּבָה.","Это важное научное открытие.","Существительные","s_fc8fc46951e0.mp3","Мужской"
1367,"הַחוֹקְרִים עוֹבְדִים בַּמַּעְבָּדָה הַחֲדָשָׁה.","Исследователи работают в новой лаборатории.","Существительные","s_7fe9fb5a916b.mp3","Мужской"
1368,"הַנִּיסּוּי הִצְלִיחַ מְאוֹד אֶתְמוֹל.","Эксперимент вчера очень удался.","Существительные","s_87988999dcc1.mp3","Мужской"
1369,"הַחוֹקֵר כּוֹתֵב מַאֲמָר חָדָשׁ.","Исследователь пишет новую статью.","Существительные","s_0a125e166fa6.mp3","Мужской"
1370,"הִיא לוֹמֶדֶת בִּיּוֹטֶכְנוֹלוֹגְיָה בָּאוּנִיבֶרְסִיטָה.","Она изучает биотехнологии в университете.","Существительные","s_b07ef1def700.mp3","Женский"
1371,"זֹאת רְפוּאָה מוּתְאֶמֶת אִישִׁית.","Это персонализированная медицина.","Существительные","s_d500b3832995.mp3","Мужской"
1372,"הוּא חוֹקֵר אֶת הַגֵּנֵטִיקָה.","Он исследует генетику.","Существительные","s_cf03111b155c.mp3","Женский"
1373,"הָיָה לָנוּ דִּיּוּן מְעַנְיֵן.","У нас было интересное обсуждение.","Существительные","s_bde4b161b9f2.mp3","Мужской"
1374,"הִתְחִיל וִיכּוּחַ סוֹעֵר בַּחֶדֶר.","В комнате начался бурный спор.","Существительные","s_35441e3550d5.mp3","Мужской"
1375,"הַצְּדָדִים הִגִּיעוּ לִפְשָׁרָה הוֹגֶנֶת.","Стороны пришли к справедливому компромиссу.","Существительные","s_e61b0a9bcadf.mp3","Мужской"
1376,"יֵשׁ בֵּינֵיהֶם חִילּוּקֵי דֵּעוֹת.","Между ними есть разногласия.","Существительные","s_92567191364f.mp3","Мужской"
1377,"הוּא נָתַן נִימּוּק מְשַׁכְנֵעַ.","Он привёл убедительный довод.","Существительные","s_d8314e718677.mp3","Мужской"
1378,"זוֹ עוּבְדָּה חֲשׁוּבָה מְאוֹד.","Это очень важный факт.","Существительные","s_52932d101713.mp3","Мужской"
1379,"אֲנַחְנוּ כּוֹתְבִים בִּכְתִיב מָלֵא.","Мы пишем полным написанием.","Существительные","s_b8cf59ebff8d.mp3","Мужской"
1380,"אֵלֶּה אִימוֹת קְרִיאָה בָּעִבְרִית.","Это буквы — матери чтения на иврите.","Существительные","s_923081802188.mp3","Мужской"
1381,"הַכֹּל תָּלוּי בַּהֶקְשֵׁר הַזֶּה.","Всё зависит от этого контекста.","Существительные","s_38c5fde6a4f7.mp3","Мужской"
1382,"הַתַּחְבִּיר בַּמִּשְׁפָּט מְאוֹד בָּרוּר.","Синтаксис в предложении очень понятен.","Существительные","s_6eba43055161.mp3","Мужской"
1383,"יֵשׁ לוֹ שְׁטִיפוּת קְרִיאָה.","У него есть беглость чтения.","Существительные","s_387fb95821cb.mp3","Мужской"
1384,"מַהִי מַשְׁמָעוּת הַמִּילָּה הַזֹּאת?","Каково значение этого слова?","Существительные","s_551154ac9403.mp3","Мужской"
1385,"לָמַדְנוּ אֶת תַּבְנִית הַבִּנְיָיין.","Мы выучили модель биньяна.","Существительные","s_687f2a67fe34.mp3","Женский"
1386,"זֹאת קְרִיאָה עִיוֶּורֶת מְצוּיֶּנֶת.","Это отличное чтение без огласовок.","Существительные","s_a0433cff232e.mp3","Мужской"
1387,"זֶה שִׁינּוּי מַשְׁמָעוּת חָשׁוּב.","Это важное изменение значения.","Существительные","s_0a447c849a43.mp3","Мужской"
1388,"קָרָאנוּ טֶקְסְט אוֹתֶנְטִי מֵהָעִיתּוֹן.","Мы прочитали аутентичный текст из газеты.","Существительные","s_8809852551d6.mp3","Мужской"
1389,"עָשִׂינוּ סְרִיקָה מְהִירָה בַּסֵּפֶר.","Мы сделали беглый просмотр в книге.","Существительные","s_b8ab353d905e.mp3","Мужской"
1390,"זֶה נִיתּוּחַ טֶקְסְט מְעַנְיֵין.","Это интересный анализ текста.","Существительные","s_33083ee68889.mp3","Мужской"
1391,"מָה הָרַעְיוֹן הַמֶּרְכָּזִי כָּאן?","В чём главная мысль здесь?","Существительные","s_ab1f02fbda4e.mp3","Мужской"
1392,"קְרָא אֶת הַפִּסְקָה הָרִאשׁוֹנָה.","Прочитай первый абзац.","Существительные","s_6d9656e51426.mp3","Женский"
1393,"זֶה אוֹצַר מִילִּים עָשִׁיר.","Это богатый словарный запас.","Существительные","s_3c4ef9ce721a.mp3","Мужской"
1394,"תִּרְגַּלְנוּ הֲבָנַת הַנִּקְרָא הַיּוֹם.","Мы практиковали понимание прочитанного сегодня.","Существительные","s_d7b17ec2b8a8.mp3","Мужской"
1395,"יֵשׁ לוֹ מוּמְחִיּוּת רַבָּה.","У него большой профессионализм.","Существительные","s_3832f5c3905f.mp3","Мужской"
1396,"תִּרְגַּלְנוּ הֲבָנַת הַנִּשְׁמָע בַּשִּׁיעוּר.","Мы практиковали аудирование на уроке.","Существительные","s_31d9a1eb9d5f.mp3","Мужской"
1397,"שָׁמַעְתִּי הֶסְכֵּת מְעַנְיֵין הַיּוֹם.","Я послушал интересный подкаст сегодня.","Существительные","s_41b4d67e5141.mp3","Мужской"
1398,"יֵשׁ לָהּ מִבְטָא יָפֶה.","У неё красивое произношение.","Существительные","s_2ce2af161145.mp3","Мужской"
1399,"קָשֶׁה לְהָבִין דִּיבּוּר מָהִיר.","Трудно понимать быструю речь.","Существительные","s_2640f3e12496.mp3","Мужской"
1400,"שָׁמַעְנוּ דִּיוּוּחֵי תְּנוּעָה בָּרַדְיוֹ.","Мы услышали сводку о пробках по радио.","Существительные","s_b5d2af9ac030.mp3","Мужской"
1401,"הַשַּׁדְּרָן מְדַבֵּר בָּרַדְיוֹ כָּעֵת.","Радиоведущий говорит по радио сейчас.","Существительные","s_c574f9efc0c5.mp3","Мужской"
1402,"זֶה קֶצֶב דִּיבּוּר מָהִיר.","Это быстрый темп речи.","Существительные","s_b46d8f146186.mp3","Мужской"
1403,"אֲנַחְנוּ לוֹמְדִים עִבְרִית מְדוּבֶּרֶת.","Мы учим разговорный иврит.","Существительные","s_0e89b9aa88e4.mp3","Мужской"
1404,"קִבַּלְתִּי אִישּׁוּר קַבָּלָה רִשְׁמִי.","Я получил официальное подтверждение получения.","Существительные","s_e461f85dd1b5.mp3","Мужской"
1405,"שָׁלַחְתִּי פְּנִיָּה רִשְׁמִית לָעִירִיָּה.","Я отправил официальное обращение в мэрию.","Существительные","s_ecbd9256dca2.mp3","Мужской"
1406,"זֶה מוֹסָד צִיבּוּרִי חָשׁוּב.","Это важное общественное учреждение.","Существительные","s_a6b0aca02448.mp3","Мужской"
1407,"לָמַדְנוּ אֶת שִׁבְעַת הַבִּנְיָינִים.","Мы выучили все семь биньянов.","Существительные","s_5113ac781220.mp3","Женский"
1408,"זֶה שׁוֹרֶשׁ תְּלַת אוֹתִיּוֹת.","Это трехбуквенный корень.","Существительные","s_980c43d0aabb.mp3","Мужской"
1409,"הִכַּרְנוּ פָּעִיל וְסָבִיל הַיּוֹם.","Мы познакомились с активным и пассивным залогом сегодня.","Существительные","s_8678b07783b0.mp3","Мужской"
1410,"הֵבַנּוּ אֶת חוֹזֶק הַשָּׂפָה.","Мы поняли мощь языка.","Существительные","s_829ec20369dd.mp3","Женский"
1411,"יֵשׁ לָהּ שְׁלִיטָה מְלֵאָה.","У неё полное владение языком.","Существительные","s_63fd7e06a2ea.mp3","Мужской"
1412,"נִדְרָשׁ כָּאן דִּיּוּק דִּקְדּוּקִי.","Здесь требуется грамматическая точность.","Существительные","s_e314d290a7ab.mp3","Мужской"
1413,"עָשִׂינוּ חֲזָרָה כְּלָלִית הַיּוֹם.","Мы провели генеральное повторение сегодня.","Существительные","s_4e013ccec32a.mp3","Мужской"
1414,"יֵשׁ לָנוּ מוּכָנוּת לַמִּבְחָן.","У нас есть готовность к экзамену.","Существительные","s_cb81c245fc72.mp3","Мужской"
1415,"קִבַּלְתִּי תְּעוּדַת סִיּוּם הַיּוֹם.","Я получил сертификат об окончании сегодня.","Существительные","s_522bbb05be31.mp3","Мужской"
1416,"הוּא בּוֹגֵר הָאוּלְפָּן הַזֶּה.","Он выпускник этого ульпана.","Существительные","s_b553b0921b07.mp3","Мужской"
1417,"זֶה הֶישֵּׂג עֲנָק בִּשְׁבִילֵנוּ.","Это грандиозное достижение для нас.","Существительные","s_15dadc1edfc7.mp3","Мужской"
1418,"עִבְרִית הִיא שָׂפָה חַיָּה.","Иврит — это живой язык.","Существительные","s_4024adfd2705.mp3","Женский"
1419,"נִהַלְנוּ שִׂיחָה חוֹפְשִׁית בָּעִבְרִית.","Мы вели свободную беседу на иврите.","Существительные","s_414314fd62d2.mp3","Мужской"
1420,"יֵשׁ לוֹ בִּיטָּחוֹן שְׂפָתִי.","У него есть языковая уверенность.","Существительные","s_eb68dc046683.mp3","Мужской"
1421,"נִמְסַר כִּי הַנָּשִׂיא הִגִּיעַ.","Сообщается, что президент прибыл.","Существительные","s_a448255dc5a3.mp3","Мужской"
1422,"לְפִי מְקוֹרוֹת הַמַּצָּב יִשְׁתַּפֵּר.","Согласно источникам, ситуация улучшится.","Существительные","s_e4e1431f4ab5.mp3","Мужской"
1423,"יֵשׁ לַחֶבְרָה הַצְלָחָה בֵּינְלְאוּמִּית.","У компании международный успех.","Существительные","s_cba7e7f664fd.mp3","Мужской"
1424,"חָשׁוּב לִשְׁמוֹר עַל הַטֶּבַע.","Важно беречь природу.","Существительные","s_50c1a8441255.mp3","Мужской"
1425,"הוּא צָרִיךְ לַעֲבוֹר נִיתּוּחַ.","Ему нужно перенести операцию.","Существительные","s_634050c3c792.mp3","Мужской"
1426,"אֲנִי מְאַחֵל בְּרִיאוּת אֵיתָנָה!","Я желаю крепкого здоровья!","Существительные","s_ff680f707df2.mp3","Мужской"
1427,"יֵשׁ כְּבָר חֲזָרָה לַשִּׁגְרָה.","Уже есть возвращение к привычному ритму жизни.","Существительные","s_2780566da173.mp3","Мужской"
1428,"לְתִפְאֶרֶת מְדִינַת יִשְׂרָאֵל!","Во славу Государства Израиль!","Существительные","s_62c23c0cd263.mp3","Мужской"
1429,"חַג עַצְמָאוּת שָׂמֵחַ לְכוּלָּם!","С Днем независимости всех!","Существительные","s_3094dca86141.mp3","Мужской"
1430,"זֶה חֲבָל עַל הַזְּמַן!","Это просто потрясающе!","Существительные","s_bc0f3678b8f6.mp3","Мужской"
1431,"הָאוֹכֶל כָּאן סוֹף הַדֶּרֶךְ!","Еда здесь просто отпад!","Существительные","s_672331b25db7.mp3","Мужской"
1432,"תַּכְלֶס, אַתָּה מַמָּשׁ צוֹדֵק.","По сути, ты совершенно прав.","Существительные","tachles_tsodek.mp3","Мужской"
1433,"הַהַרְגָּשָׁה שֶׁלִּי עַל הַפָּנִים.","Самочувствие у меня ужасное.","Существительные","s_bae6693a72dd.mp3","Мужской"
1434,"טוֹב, יַאלְלָה בַּיי, נִתְרָאֶה!","Ладно, давай пока, увидимся!","Существительные","s_57aa0ed12549.mp3","Мужской"
1435,"בְּבַקָּשָׁה אַל תַּחְפּוֹר לִי!","Пожалуйста, не грузи меня!","Существительные","s_2007ed58085e.mp3","Мужской"
1436,"הַמְּסִבָּה הַזֹּאת הָיְתָה אֵשׁ!","Эта вечеринка была просто огонь!","Существительные","s_2dbf1e4e22c3.mp3","Мужской"
1437,"מֵהַחַלּוֹן יֵשׁ נוֹף מַרְהִיב.","Из окна открывается захватывающий вид.","Существительные","s_2eb8bee69376.mp3","Мужской"
1438,"הַסֵּפֶר קִבֵּל בִּיקּוֹרֶת מְשַׁבַּחַת.","Книга получила восторженную рецензию.","Существительные","s_fbd91fbb4136.mp3","Мужской"
1439,"אֲנִי רוֹצֶה לְהַחְלִיף מִידָּה.","Я хочу поменять размер.","Существительные","s_80323bf969f7.mp3","Мужской"
1440,"הַמּוּצָר נִמְצָא בַּאֲרִיזָה מְקוֹרִית.","Товар находится в оригинальной упаковке.","Существительные","s_dc468bfaaa35.mp3","Мужской"
1441,"יֵשׁ לָהֶם רוּחַ הִתְנַדְּבוּת.","У них есть дух волонтерства.","Существительные","s_b990ad233bbb.mp3","Мужской"
1442,"גְּבָרוֹתַי וְרַבּוֹתַי, עֶרֶב טוֹב!","Дамы и господа, добрый вечер!","Существительные","s_6eb6c6db35dc.mp3","Мужской"
1443,"לְסִיכּוּם, הַפְּגִישָׁה הָיְתָה מוּצְלַחַת.","В заключение, встреча была успешной.","Существительные","s_20393b32be97.mp3","Мужской"
1444,"יֶתֶר עַל כֵּן, הִסְכַּמְנוּ.","Более того, мы согласились.","Существительные","s_31995a7a1c3f.mp3","Мужской"
1445,"אֵין סָפֵק שֶׁהוּא יַצְלִיחַ.","Нет сомнений, что он добьется успеха.","Существительные","s_f43012c11ec0.mp3","Мужской"
1446,"יֵשׁ לְהַדְגִּישׁ אֶת הַנְּקוּדָּה.","Следует подчеркнуть этот пункт.","Существительные","s_98baadcdbfc1.mp3","Женский"
1447,"מִצַּד אֶחָד, מִצַּד שֵׁנִי.","С одной стороны, с другой стороны.","Существительные","s_388153097540.mp3","Мужской"
1448,"זֶה חָזוֹן הַפְרָחַת הַשְּׁמָמָה.","Это видение возрождения пустыни.","Существительные","s_23eb70b4464b.mp3","Мужской"
1449,"זוֹ פְּרִיצַת דֶּרֶךְ מַדָּעִית.","Это научный прорыв.","Существительные","s_748b6a6893aa.mp3","Мужской"
1450,"זֶה הֶישֵּׂג בֵּינְלְאוּמִּי חָשׁוּב.","Это важное международное достижение.","Существительные","s_e854e5be19f0.mp3","Мужской"
1451,"סְלִיחָה, אֲנִי חוֹלֵק עָלֶיךָ.","Простите, я с вами не согласен.","Существительные","s_1d1185ba32a6.mp3","Мужской"
1452,"מָצָאנוּ אֶת שְׁבִיל הַזָּהָב.","Мы нашли золотую середину.","Существительные","s_d33b31b13bf7.mp3","Женский"
1453,"הֵם הִצְלִיחוּ לְהַגִּיעַ לְהַסְכָּמָה.","Они смогли прийти к согласию.","Существительные","s_a42773aee164.mp3","Мужской"
1454,"עִם כָּל הַכָּבוֹד, תַּקְשִׁיב.","При всём уважении, послушай.","Существительные","s_5bad5d65bd85.mp3","Мужской"
1455,"תָּבִין זֹאת לְפִי הַהֶקְשֵׁר.","Пойми это исходя из контекста.","Существительные","s_06c24b783750.mp3","Мужской"
1456,"לְעוּמַּת זֹאת, אֲנַחְנוּ נִשְׁאַרְנוּ.","В отличие от этого, мы остались.","Существительные","s_6b7ff714afb0.mp3","Мужской"
1457,"כְּתוֹצָאָה מִכָּךְ הַתּוֹכְנִית הִשְׁתַּנְּתָה.","Вследствие этого программа изменилась.","Существительные","s_ba6ace21bf15.mp3","Мужской"
1458,"בְּנוֹסָף לְכָךְ קִבַּלְנוּ הֲנָחָה.","Кроме того, мы получили скидку.","Существительные","s_a8bf5c275248.mp3","Мужской"
1459,"עַכְשָׁיו קָלַטְתִּי אֶת הַכֹּל!","Сейчас до меня всё дошло!","Существительные","s_e1666787f51a.mp3","Женский"
1460,"נָא לַחְזוֹר עַל הַדְּבָרִים.","Пожалуйста, повторите сказанное.","Существительные","s_6ff4f011fc3a.mp3","Мужской"
1461,"כְּדַאי לְהַקְשִׁיב בְּקֶשֶׁב רַב.","Стоит слушать очень внимательно.","Существительные","s_9b42251c404d.mp3","Мужской"
1462,"הֲרֵינִי פּוֹנֶה בִּשְׁאֵלָה דְּחוּפָה.","Сим обращаюсь со срочным вопросом.","Существительные","s_b3db926f87a1.mp3","Мужской"
1463,"אֲנִי חוֹתֵם בִּכְבוֹד רַב.","Я подписываю с глубоким уважением.","Существительные","s_2d21162c2253.mp3","Мужской"
1464,"בְּהֶמְשֵׁךְ לַשִּׂיחָה אֲנִי כּוֹתֵב.","В продолжение разговора я пишу.","Существительные","s_1efbd020a4ca.mp3","Мужской"
1465,"זֶה מוּעֲבָר לְטִיפּוּלְכֶם הַמָּסוּר.","Это передано на ваше внимательное рассмотрение.","Существительные","s_46aad7e135a7.mp3","Мужской"
1466,"נָא לַחֲזוֹר בְּהֶקְדֵּם הָאֶפְשָׁרִי.","Пожалуйста, вернитесь с ответом как можно скорее.","Существительные","s_d5f2fce5ca81.mp3","Мужской"
1467,"אֲנִי אֶשְׂמַח מְאוֹד לִתְשׁוּבַתְכֶם.","Я буду очень рад вашему ответу.","Существительные","s_294138abf8e4.mp3","Мужской"
1468,"עָבַרְנוּ יַחַד דֶּרֶךְ אֲרוּכָּה.","Мы прошли вместе долгий путь.","Существительные","s_63aa07e74440.mp3","Мужской"
1469,"אֲנִי מְאַחֵל בְּהַצְלָחָה עֲנָקִית!","Я желаю огромных успехов!","Существительные","s_ae7871c542b6.mp3","Мужской"
1470,"זֹאת הָיְתָה גַּאֲוָוה גְּדוֹלָה.","Это была большая гордость.","Существительные","s_ab6467527ee1.mp3","Мужской"
1471,"חֲבֵרִי הַיָּקָר, עֲלֵה וְהַצְלַח!","Мой дорогой друг, процветай и преуспевай!","Существительные","s_b73dff003587.mp3","Мужской"
1472,"אֲנִי מְאַחֵל דֶּרֶךְ צְלֵחָה!","Я желаю счастливого пути!","Существительные","s_94768a594b2c.mp3","Мужской"
1473,"חָשׁוּב תָּמִיד לְהַמְשִׁיךְ לְהִתְקַדֵּם.","Важно всегда продолжать совершенствоваться.","Существительные","s_a8d133033517.mp3","Мужской"
1474,"בּוֹא, יִשְׂרָאֵל מְחַכָּה לְךָ!","Приезжай, Израиль ждет тебя!","Существительные","s_cae016b237d2.mp3","Мужской"
1475,"יוֹפִי, כָּל הַכָּבוֹד, אַלּוּף!","Отлично, молодец, чемпион!","Существительные","s_fdbb4aaa45be.mp3","Мужской"
1476,"שָׁלוֹם, נָעִים מְאוֹד.","Привет, очень приятно.","Существительные","s_6deccfc7a935.mp3","Мужской"
1477,"בּוֹקֶר טוֹב לְכוּלָּם.","Доброе утро всем.","Существительные","s_9dcc4637622c.mp3","Мужской"
1478,"עֶרֶב טוֹב, חֲבֵרִים.","Добрый вечер, друзья.","Существительные","s_e5f6a50f004f.mp3","Мужской"
1479,"תּוֹדָה רַבָּה עַל הָעֶזְרָה.","Большое спасибо за помощь.","Существительные","s_db516bfafa09.mp3","Мужской"
1480,"כּוֹס מַיִם, בְּבַקָּשָׁה.","Стакан воды, пожалуйста.","Существительные","s_60ce02f1b330.mp3","Мужской"
1481,"שְׁמִי דָּנִי, נָעִים מְאוֹד.","Меня зовут Дани, очень приятно.","Существительные","s_659272eb5180.mp3","Мужской"
1482,"הַיי, מָה נִשְׁמָע הַיּוֹם?","Привет, как сегодня дела?","Существительные","s_664bcec3efa5.mp3","Мужской"
1483,"תוֹדָה, הַכֹּל בְּסֵדֶר אֶצלִי.","Спасибо, у меня всё в порядке.","Существительные","s_a92426e2c9d3.mp3","Мужской"
1484,"זֶה רַעְיוֹן יֹופִי מַמָּשׁ.","Это действительно отличная идея.","Существительные","s_8802d1c02bc6.mp3","Мужской"
1485,"סְלִיחָה, אֵיפֹה הַתַּחֲנָה?","Извините, где остановка?","Существительные","s_ca561d672ec3.mp3","Мужской"
1486,"כֵּן, אֲנִי מֵבִין הַכֹּל.","Да, я всё понимаю.","Существительные","s_18f9c00a1467.mp3","Мужской"
1487,"לֹא, אֲנִי לֹא רוֹצֶה.","Нет, я не хочу.","Существительные","s_ac9f93fb9ab5.mp3","Мужской"
1488,"מֵאַיִן אַתָּה בָּאָרֶץ?","Откуда ты в стране?","Существительные","s_6b0b2ee9255f.mp3","Мужской"
1489,"מֵאֵיפֹה אַתָּה מַכִּיר אוֹתוֹ?","Откуда ты его знаешь?","Существительные","s_5f969196efbe.mp3","Мужской"
1490,"אֲנִי מְדַבֵּר עִבְרִית קְצָת.","Я немного говорю на иврите.","Существительные","s_32fb5f55849f.mp3","Мужской"
1491,"גַּם אֲנִי לוֹמֵד עִבְרִית.","Я тоже учу иврит.","Существительные","s_e28bff7036f4.mp3","Мужской"
1492,"זֶה סֵפֶר טוֹב מְאוֹד.","Это очень хорошая книга.","Существительные","s_2a84603e9d98.mp3","Мужской"
1493,"זֹאת חֲבֵרָה שֶׁלִּי.","Это моя подруга.","Существительные","s_dd2c39cb8ccc.mp3","Мужской"
1494,"אֵלֶּה הַחֲבֵרִים שֶׁלִּי.","Это мои друзья.","Существительные","s_05c0c1c8daed.mp3","Мужской"
1495,"מִי רוֹצֶה קָפֶה חַם?","Кто хочет горячий кофе?","Существительные","s_5b7685c6e48b.mp3","Мужской"
1496,"מָה אַתָּה עוֹשֶׂה עַכְשָׁיו?","Что ты сейчас делаешь?","Существительные","s_80bfc1049149.mp3","Мужской"
1497,"כַּמָּה זֶה עוֹלֶה בַּחֲנוּת?","Сколько это стоит в магазине?","Существительные","s_f8c1c5dce571.mp3","Мужской"
1498,"הַהוֹרִים שֶׁלִּי גָּרִים פֹּה.","Мои родители живут здесь.","Существительные","s_599fe0db2544.mp3","Мужской"
1499,"זֶה חֲדַר שֵׁינָה נָעִים.","Это приятная спальня.","Существительные","s_b18ed30cf69e.mp3","Мужской"
1500,"יֵשׁ פֹּה קָפֶה טוֹב.","Здесь есть хороший кофе.","Существительные","s_8760fd3ec6f8.mp3","Мужской"
1501,"תֵּלֵךְ יָשָׁר עַד הָרַמְזוֹר.","Иди прямо до светофора.","Существительные","s_ab8d3a9ed110.mp3","Мужской"
1502,"תִּפְנֶה יָמִינָה בָּרְחוֹב.","Поверни направо на улице.","Существительные","s_b7f96f24d032.mp3","Мужской"
1503,"תִּפְנֶה שְׂמֹאלָה בָּרַמְזוֹר.","Поверни налево на светофоре.","Существительные","s_89af7c268ea0.mp3","Мужской"
1504,"זוֹ עוּגַת שׁוֹקוֹלָד טְעִימָה.","Это вкусный шоколадный торт.","Существительные","s_0b4f41484c64.mp3","Мужской"
1505,"אֵיפֹה יֵשׁ תַּחֲנַת אוֹטוֹבּוּס?","Где есть автобусная остановка?","Существительные","s_10033b34b2e3.mp3","Мужской"
1506,"זֹאת תַּחֲנַת רַכֶּבֶת גְּדוֹלָה.","Это большая железнодорожная станция.","Существительные","s_5ba70d4360d6.mp3","Мужской"
1507,"זֶה מִיץ תַּפּוּזִים סָחוּט.","Это свежевыжатый апельсиновый сок.","Существительные","s_855def92c1b7.mp3","Мужской"
1508,"זֶה בֵּית כְּנֶסֶת עַתִּיק.","Это старинная синагога.","Существительные","s_a9cc0903bf76.mp3","Мужской"
1509,"הַשְּׂכִירוּת פֹּה יְקָרָה מְאוֹד.","Аренда здесь очень дорогая.","Существительные","s_42f445d89005.mp3","Мужской"
1510,"צָרִיךְ לְשַׁלֵּם אַרְנוֹנָה הַיּוֹם.","Нужно заплатить арнону сегодня.","Существительные","s_b8af6ce2c4a0.mp3","Мужской"
1511,"אֲנִי מְשַׁלֵּם לְוַעַד הַבַּיִת.","Я плачу домовому комитету.","Существительные","s_e1a9bc963702.mp3","Мужской"
1512,"אֵין פֹּה חַשְׁמָל הַיּוֹם.","Здесь сегодня нет электричества.","Существительные","s_bb88d47b5e1f.mp3","Мужской"
1513,"אֲנִי מְחַפֵּשׂ שׁוּתָף לַדִּירָה.","Я ищу соседа по квартире.","Существительные","s_413b47b7561b.mp3","Мужской"
1514,"אֲנִי כּוֹתֵב צֵ'ק לַדִּירָה.","Я выписываю чек за квартиру.","Существительные","s_07bfdfa13db2.mp3","Мужской"
1515,"צָרִיךְ לַחְתּוֹם עַל חוֹזֶה.","Нужно подписать договор.","Существительные","s_7391cabf3164.mp3","Мужской"
1516,"יֵשׁ לָהּ עֵינַיִם יָפוֹת.","У неё красивые глаза.","Существительные","s_19da57e4dcf8.mp3","Мужской"
1517,"הוּא אִישׁ טוֹב לֵב.","Он добросердечный человек.","Существительные","s_1f5e82c36782.mp3","Мужской"
1518,"זֶה מָלוֹן יָפֶה מְאֹד.","Это очень красивая гостиница.","Существительные","s_25207da53907.mp3","Мужской"
1519,"אֲנַחְנוּ רוֹצִים חֶדֶר זוּגִי.","Мы хотим двухместный номер.","Существительные","s_48311ff1022c.mp3","Мужской"
1520,"מָה הַסִּיסְמָה לְוַויְפַאי?","Какой пароль от вайфая?","Существительные","s_0249f5f57dc6.mp3","Мужской"
1521,"הוּא מְדַבֵּר כָּל הַזְּמַן.","Он всё время говорит.","Существительные","s_fe835a43d0ed.mp3","Мужской"
1522,"אֲנִי לוֹקֵחַ שְׁתֵּי טִיפּוֹת.","Я принимаю две капли.","Существительные","s_1c947a9439a4.mp3","Мужской"
1523,"קַח כַּדּוּר פַּעַם בְּיוֹם.","Принимай таблетку раз в день.","Существительные","s_29ccc879a0fa.mp3","Мужской"
1524,"לוֹקְחִים תְּרוּפָה לִפְנֵי הָאוֹכֶל.","Лекарство принимают перед едой.","Существительные","s_01ebcead0d18.mp3","Мужской"
1525,"לוֹקְחִים תְּרוּפָה אַחֲרֵי הָאוֹכֶל.","Лекарство принимают после еды.","Существительные","s_ec3360dcc0ab.mp3","Мужской"
1526,"זֶה כַּדּוּר לְלֹא מִרְשָׁם.","Это таблетка без рецепта.","Существительные","s_00a702a24460.mp3","Мужской"
1527,"יֵשׁ מִבְצָע סוֹף עוֹנָה.","Идёт распродажа конца сезона.","Существительные","s_10a669e5744f.mp3","Мужской"
1528,"אֶפְשָׁר פֶּתֶק הַחְלָפָה, בְּבַקָּשָׁה?","Можно чек на обмен, пожалуйста?","Существительные","s_8986aee58d05.mp3","Мужской"
1529,"אֲנִי נוֹסֵעַ בַּכִּיוּוּן הַזֶּה.","Я еду в этом направлении.","Существительные","s_0969917e0a77.mp3","Мужской"
1530,"הָרַכֶּבֶת נוֹסַעַת לְנַתְבַּ""ג.","Поезд едет в Бен-Гурион.","Существительные","s_bdff67ab7975.mp3","Мужской"
1531,"אֲנִי מְאַחֵל נְסִיעָה טוֹבָה!","Я желаю счастливого пути!","Существительные","s_66a68d3832e4.mp3","Мужской"
1532,"יֵשׁ עִיכּוּב בָּרַכֶּבֶת הַיּוֹם.","Сегодня задержка поезда.","Существительные","s_b0ac86b9b192.mp3","Мужской"
1533,"אֲנִי עָיֵף כִּי עָבַדְתִּי.","Я устал, потому что работал.","Существительные","s_aa81f5b61f00.mp3","Мужской"
1534,"אֵיךְ אַתָּה מַרְגִּישׁ הַיּוֹם?","Как ты себя чувствуешь сегодня?","Существительные","s_1d9c07e5e475.mp3","Мужской"
1535,"אֵיזֶה יוֹם יָפֶה הַיּוֹם!","Какой красивый день сегодня!","Существительные","s_e0d8594e7854.mp3","Мужской"
1536,"קָנִינוּ כָּל מִינֵי דְּבָרִים.","Мы купили разные вещи.","Существительные","s_978ddaa7b59d.mp3","Мужской"
1537,"מָה הַתַּאֲרִיךְ שֶׁל הַפְּגִישָׁה?","Какая дата встречи?","Существительные","s_c0af960fe67a.mp3","Мужской"
1538,"אֲנִי בְּיִשְׂרָאֵל חוֹדֶשׁ אֶחָד.","Я в Израиле один месяц.","Существительные","s_075a8a357f9f.mp3","Мужской"
1539,"שָׁנָה טוֹבָה וּמְתוּקָה לְכוּלָּם!","Хорошего и сладкого года всем!","Существительные","s_4ca435689cba.mp3","Мужской"
1540,"אֲנִי פֹּה פַּעַם רִאשׁוֹנָה.","Я здесь в первый раз.","Существительные","s_633b9d9995ea.mp3","Мужской"
1541,"הַפַּעַם הַכֹּל בְּסֵדֶר גָּמוּר.","На этот раз всё в полном порядке.","Существительные","s_cdad24f8e2ff.mp3","Мужской"
1542,"לְבַסּוֹף הַכֹּל הָיָה טוֹב.","В конце концов всё было хорошо.","Существительные","s_808549a985f5.mp3","Мужской"
1543,"אֲנַחְנוּ הוֹלְכִים לַמּוּזֵאוֹן הַיּוֹם.","Мы идём сегодня в музей.","Существительные","s_387a1d2eb83b.mp3","Мужской"
1544,"יֵשׁ תַּעֲרוּכָה חֲדָשָׁה בָּעִיר.","В городе есть новая выставка.","Существительные","s_d3d097653cb5.mp3","Мужской"
1545,"דָּנִי לוֹמֵד אָמָּנוּת מוֹדֶרְנִית.","Дани изучает современное искусство.","Существительные","s_6a68e2200335.mp3","Мужской"
1546,"זֶה צִיּוּר יָפֶה מְאוֹד.","Это очень красивая картина.","Существительные","s_dbd88ee674e2.mp3","Мужской"
1547,"אֲנַחְנוּ לוֹקְחִים סִיּוּר מוּדְרָךְ.","Мы берём экскурсию с гидом.","Существительные","s_3a88b1a800a9.mp3","Мужской"
1548,"יֵשׁ פֹּה הֲנָחָה לִסְטוּדֶנְטִים?","Здесь есть скидка для студентов?","Существительные","s_cb37422debce.mp3","Мужской"
1549,"הַגַּנֶּנֶת מְדַבֶּרֶת עִם הַיְּלָדִים.","Воспитательница разговаривает с детьми.","Существительные","s_4f9ff6b6d3cb.mp3","Мужской"
1550,"אֲנִי כּוֹתֵב שִׁעוּרֵי בַּיִת.","Я делаю домашнее задание.","Существительные","s_1dbe7f4ae357.mp3","Мужской"
1551,"יֵשׁ לִי חוֹבֶרֶת חֲדָשָׁה.","У меня есть новая тетрадь.","Существительные","s_e4f528f638ee.mp3","Мужской"
1552,"דָּנִי הוּא תַּלְמִיד מִצְטַיֵּן.","Дани — отличник.","Существительные","s_c07fe6dc9b30.mp3","Мужской"
1553,"הַחוֹפֶשׁ הַגָּדוֹל מַתְחִיל בְּיוּלִי.","Летние каникулы начинаются в июле.","Существительные","s_cbd53d6cde2b.mp3","Мужской"
1554,"יֵשׁ לָהֶם חַיַּת מַחְמָד.","У них есть домашний питомец.","Существительные","s_acf51c6ddee3.mp3","Мужской"
1555,"הַכֶּלֶב הוֹלֵךְ לַוֶטֶרִינָר הַיּוֹם.","Собака идёт к ветеринару сегодня.","Существительные","s_64b0ca9c8eef.mp3","Мужской"
1556,"אֲנַחְנוּ הוֹלְכִים לְפַארְק כְּלָבִים.","Мы идём в собачий парк.","Существительные","s_c97ab1acc461.mp3","Мужской"
1557,"אֶתְמוֹל עָבַדְתִּי הַרְבֵּה מְאוֹד.","Вчера я очень много работал.","Существительные","s_c60a609265e4.mp3","Мужской"
1558,"שִׁלְשׁוֹם רָאִיתִי סֶרֶט מְצוּיָּן.","Позавчера я посмотрел отличный фильм.","Существительные","s_947598d27293.mp3","Мужской"
1559,"הָיִיתִי שָׁם לִפְנֵי שָׁבוּעַ.","Я был там неделю назад.","Существительные","s_57e6bec7d989.mp3","Мужской"
1560,"בַּשָּׁנָה שֶׁעָבְרָה גַּרְתִּי בִּירוּשָׁלַיִם.","В прошлом году я жил в Иерусалиме.","Существительные","s_4a5417fc0ee4.mp3","Мужской"
1561,"אֲנִי כְּבָר מוּכָן לָצֵאת.","Я уже готов выходить.","Существительные","s_3f37a9b03914.mp3","Мужской"
1562,"אֲנִי עוֹד לֹא מוּכָן.","Я ещё не готов.","Существительные","s_16eaa2c073f1.mp3","Мужской"
1563,"הֲבַנְתֶּם אֶת הַשִּׁעוּר הַיּוֹם?","Вы поняли сегодняшний урок?","Существительные","s_36cb85268347.mp3","Женский"
1564,"לְהֵיכָן טַסְתָּ בַּחוֹפֶשׁ הָאַחֲרוֹן?","Куда ты летал в прошлый отпуск?","Существительные","s_91c6e7c9add1.mp3","Мужской"
1565,"הֵם קָמוּ מוּקְדָּם הַבּוֹקֶר.","Они встали сегодня утром.","Существительные","s_be74d4aac05b.mp3","Мужской"
1566,"אֲנַחְנוּ עוֹשִׂים קְנִיּוֹת בַּסּוּפֶּר.","Мы делаем покупки в супермаркете.","Существительные","s_b01e729ca435.mp3","Мужской"
1567,"מָה עָשִׂיתָ לִפְנֵי כֵן?","Что ты делал до этого?","Существительные","s_d94e79c18be2.mp3","Мужской"
1568,"נְדַבֵּר שׁוּב אַחֲרֵי כֵן.","Поговорим снова после этого.","Существительные","s_cd9115a6d3c5.mp3","Мужской"
1569,"מָה רָצִיתָ לְהַגִּיד לִי?","Что ты хотел мне сказать?","Существительные","s_32f7b4f3aeec.mp3","Мужской"
1570,"הָיָה לִי יוֹם טוֹב.","У меня был хороший день.","Существительные","s_249540f0c4f1.mp3","Мужской"
1571,"הָיְתָה לִי פְּגִישָׁה אֶתְמוֹל.","У меня была встреча вчера.","Существительные","s_0047a0317392.mp3","Мужской"
1572,"הָיוּ לִי הַרְבֵּה שְׁאֵלוֹת.","У меня было много вопросов.","Существительные","s_f547581ce34b.mp3","Мужской"
1573,"לֹא הָיָה לִי זְמַן.","У меня не было времени.","Существительные","s_af321857bbc4.mp3","Мужской"
1574,"הָאוֹכֶל הָיָה מְצוּיָּן אֶתְמוֹל.","Еда вчера была отличной.","Существительные","s_a1a0aaca6610.mp3","Мужской"
1575,"מָה הָיָה שָׁם אֶתְמוֹל?","Что там было вчера?","Существительные","s_01ae3be7b504.mp3","Мужской"
1576,"אֲנִי רוֹצֶה לִשְׁלוֹחַ אִימֵייל.","Я хочу отправить имейл.","Существительные","s_a2a02013b593.mp3","Мужской"
1577,"כָּתַבְתִּי לִפְנִיּוֹת הַצִּיבּוּר הַיּוֹם.","Я написал в отдел обращений граждан сегодня.","Существительные","s_086d32a1c1b7.mp3","Мужской"
1578,"אֶפְשָׁר לְהַשְׁאִיר הוֹדָעָה קְצָרָה?","Можно оставить короткое сообщение?","Существительные","s_b2b6cbf55976.mp3","Мужской"
1579,"סְלִיחָה, זֹאת טָעוּת בַּמִּסְפָּר.","Извините, это ошибка номером.","Существительные","s_45ef7271be81.mp3","Мужской"
1580,"יֵשׁ לִי שִׂיחָה מְמַתֶּנֶת.","У меня входящий по второй линии.","Существительные","s_95e006c75f12.mp3","Мужской"
1581,"אֲנִי רוֹצֶה לִשְׁלוֹחַ הוֹדָעָה.","Я хочу отправить сообщение.","Существительные","s_59beee027b2f.mp3","Мужской"
1582,"טוֹב, נְדַבֵּר אַחַר כָּךְ.","Ладно, поговорим позже.","Существительные","s_8a502a818340.mp3","Мужской"
1583,"הָלַכְתִּי לְמִשְׂרַד הַפְּנִים הַיּוֹם.","Я ходил в МВД сегодня.","Существительные","s_d5026c5a98c1.mp3","Мужской"
1584,"אֲנִי מְשַׁלֵּם לְבִיטּוּחַ לְאוּמִּי.","Я плачу в Службу национального страхования.","Существительные","s_863193acdd9a.mp3","Мужской"
1585,"קִבַּלְתִּי סַל קְלִיטָה הַחֹדֶשׁ.","Я получил корзину абсорбции в этом месяце.","Существительные","s_01fd751fd41c.mp3","Мужской"
1586,"דָּנִיאֵל הוּא עוֹלֶה חָדָשׁ.","Даниэль — новый репатриант.","Существительные","s_c7d8ca2491f6.mp3","Мужской"
1587,"אֲנִי קוֹרֵא עִבְרִית קַלָּה.","Я читаю на простом иврите.","Существительные","s_cb6045fdf8bc.mp3","Мужской"
1588,"בַּהַתְחָלָה הַכֹּל הָיָה קָשֶׁה.","Вначале всё было сложно.","Существительные","s_cd908cca9083.mp3","Мужской"
1589,"זֶה סִיפּוּר חַיִּים מְעַנְיֵן.","Это интересная история жизни.","Существительные","s_d76d38f397ce.mp3","Мужской"
1590,"סִיַּמְתִּי אֶת רָמַת אָלֶף!","Я закончил уровень Алеф!","Существительные","s_9d1da93701f8.mp3","Женский"
1591,"אֲנִי מַתְחִיל רָמַת בֵּית.","Я начинаю уровень Бет.","Существительные","s_181bfb326aa5.mp3","Мужской"
1592,"מָתַי תָּבוֹא אֵלַי הַיּוֹם?","Когда ты придёшь ко мне сегодня?","Существительные","s_4a8760e22d34.mp3","Мужской"
1593,"יִהְיֶה בְּסֵדֶר, אֲסַדֵּר הַכֹּל.","Всё будет в порядке, я всё улажу.","Существительные","s_cbae09c84736.mp3","Мужской"
1594,"הוּא רוֹצֶה לְרַאֲיֵן אוֹתָהּ.","Он хочет взять у неё интервью.","Существительные","s_1faca5769da0.mp3","Мужской"
1595,"אֵלֶּה תְּנָאִים סוֹצְיָאלִיִּים מְצוּיָנִים.","Это отличные социальные условия.","Существительные","s_4652a24690d5.mp3","Мужской"
1596,"מָה צִפִּיּוֹת הַשָּׂכָר שֶׁלְּךָ?","Каковы твои зарплатные ожидания?","Существительные","s_a67328c8a66a.mp3","Мужской"
1597,"הַחֲנָיָה פֹּה כָּחוֹל לָבָן.","Здесь сине-белая парковка.","Существительные","s_235f21218714.mp3","Мужской"
1598,"אָסוּר לַחֲנוֹת בְּאָדוֹם לָבָן.","Запрещено парковаться на красно-белом.","Существительные","s_249dbeb9bd6e.mp3","Мужской"
1599,"קִבַּלְתִּי דּוּ""חַ חֲנָיָה הַיּוֹם.","Я получил штраф за парковку сегодня.","Существительные","s_fb693e9b27a3.mp3","Мужской"
1600,"יֵשׁ לִי פַּנְצֶ'ר בָּאוֹטוֹ.","У меня прокол колеса в машине.","Существительные","pancher_baoto.mp3","Мужской"
1601,"הוּא מְתַוּוֵךְ נַדְלָ""ן מְנוּסֶּה.","Он опытный риелтор.","Существительные","s_5f69d8242fa7.mp3","Мужской"
1602,"הוּא מַשְׁקִיעַ בְּנַדְלָ""ן בְּיִשְׂרָאֵל.","Он инвестирует в недвижимость в Израиле.","Существительные","s_7da9e4c07e5e.mp3","Мужской"
1603,"מְדוּבָּר בִּבְעָיָה קָשָׁה מְאוֹד.","Речь идёт об очень трудной проблеме.","Существительные","s_3d7a83abe7bb.mp3","Мужской"
1604,"הוּא כּוֹתֵב סֵפֶר עָלַי.","Он пишет книгу обо мне.","Существительные","s_f861049425ce.mp3","Мужской"
1605,"אֲנִי חוֹשֵׁב עָלֶיךָ הַרְבֵּה.","Я много думаю о тебе.","Существительные","s_68613ea16590.mp3","Мужской"
1606,"הֵם מְדַבְּרִים עָלָיו עַכְשָׁו.","Они говорят о нём сейчас.","Существительные","s_c01ec44c24ce.mp3","Мужской"
1607,"הוּא עוֹשֶׂה עֲלִיָּה לְיִשְׂרָאֵל.","Он совершает алию в Израиль.","Существительные","s_b4eee7ff49a8.mp3","Мужской"
1608,"הוּא שׁוֹמֵר עָלֵינוּ תָּמִיד.","Он всегда оберегает нас.","Существительные","s_6a638ecd72b4.mp3","Мужской"
1609,"אֲנִי יוֹדֵעַ הַכֹּל עֲלֵיהֶם.","Я знаю всё о них.","Существительные","s_ccec8d769212.mp3","Мужской"
1610,"הַקָּפֶה הַיּוֹם זֶה עָלַי!","Кофе сегодня за мой счёт!","Существительные","s_960436507da1.mp3","Мужской"
1611,"תַּגִּיד, מָה עוֹבֵר עָלֶיךָ?","Скажи, что с тобой происходит?","Существительные","s_0931813d8d69.mp3","Мужской"
1612,"הוּא בָּא אֵלַי הַיּוֹם.","Он приходит ко мне сегодня.","Существительные","s_56599b46269c.mp3","Мужской"
1613,"אֲנִי בָּא אֵלֶיךָ עַכְשָׁו.","Я иду к тебе сейчас.","Существительные","s_64457f8333f7.mp3","Мужской"
1614,"הִיא הוֹלֶכֶת אֵלָיו הַבַּיְתָה.","Она идёт к нему домой.","Существительные","s_7e1404170d57.mp3","Женский"
1615,"הוּא מַגִּיעַ אֵלֶיהָ עַכְשָׁו.","Он приходит к ней сейчас.","Существительные","s_001af3bfd390.mp3","Мужской"
1616,"אַתֶּם בָּאִים אֵלֵינוּ הַיּוֹם?","Вы придёте к нам сегодня?","Существительные","s_35fac6ee6bdc.mp3","Мужской"
1617,"אֲנַחְנוּ נוֹסְעִים אֲלֵיהֶם מָחָר.","Мы едем к ним завтра.","Существительные","s_6694ad26d787.mp3","Мужской"
1618,"אַל תֵּלֵךְ לְשָׁם בִּלְעָדַי.","Не ходи туда без меня.","Существительные","s_69a2d789af25.mp3","Мужской"
1619,"אֲנִי לֹא הוֹלֵךְ בִּלְעָדֶיךָ.","Я не пойду без тебя.","Существительные","s_5e6cdf51d7e8.mp3","Мужской"
1620,"אֲנַחְנוּ לֹא נוֹסְעִים בִּלְעָדָיו.","Мы не поедем без него.","Существительные","s_4ad3a63b7f08.mp3","Мужской"
1621,"הוּא עָמַד לְפָנַי בַּתּוֹר.","Он стоял передо мной в очереди.","Существительные","s_fb9dfd1d716a.mp3","Мужской"
1622,"בּוֹאוּ אַחֲרַי לַחֶדֶר הַזֶּה.","Идите за мной в эту комнату.","Существительные","s_124dcf1dc473.mp3","Мужской"
1623,"אֵין שָׁם אִישׁ מִלְּבַדִּי.","Там никого нет, кроме меня.","Существительные","s_a58ba61e66e3.mp3","Мужской"
1624,"כּוּלָּם צוֹעֲקִים: אַחֲרַי לַצַּנְחָנִים!","Все кричат: за мной в десант!","Существительные","s_f9a860b7f9ca.mp3","Мужской"
1625,"יֵשׁ לְפָנֵינוּ דֶּרֶךְ אֲרוּכָּה.","Перед нами долгий путь.","Существительные","s_31888a1f2381.mp3","Мужской"
1626,"הוּא הוֹלֵךְ אַחֲרֵינוּ עַכְשָׁו.","Он идёт за нами сейчас.","Существительные","s_32ef60321665.mp3","Мужской"
1627,"אֵחַרְתִּי מִפְּנֵי שֶׁהָיָה פְּקָק.","Я опоздал, потому что была пробка.","Существительные","s_d6a82a2ad51b.mp3","Мужской"
1628,"נִשְׁאַרְתִּי מִכֵּיוָון שֶׁיָּרַד גֶּשֶׁם.","Я остался, так как шёл дождь.","Существительные","s_9dd23e583e97.mp3","Мужской"
1629,"בָּאתִי לַמְרוֹת שֶׁהָיִיתִי עָיֵף.","Я пришёл, несмотря на то что устал.","Существительные","s_abf045c96d20.mp3","Мужской"
1630,"בָּאתִי, אַף-עַל-פִּי שֶׁהָיִיתִי עָיֵף.","Я пришёл, даже несмотря на то что устал.","Существительные","s_7d112b2b7d00.mp3","Мужской"
1631,"הִסְבַּרְתִּי כְּדֵי שֶׁתָּבִין הֵיטֵב.","Я объяснил, чтобы ты хорошо понял.","Существительные","s_00a2fd9c2169.mp3","Мужской"
1632,"הַכֹּל קָרָה כְּפִי שֶׁאָמַרְתָּ.","Всё произошло так, как ты сказал.","Существительные","s_44930e0e9984.mp3","Мужской"
1633,"הִקְשַׁבְתִּי בִּזְמַן שֶׁהוּא דִּבֵּר.","Я слушал, пока он говорил.","Существительные","s_f84814ce4148.mp3","Мужской"
1634,"חִכִּיתִי עַד שֶׁהוּא הִגִּיעַ.","Я ждал, пока он не пришёл.","Существительные","s_fadfd2f7c6c9.mp3","Мужской"
1635,"אֲנִי מַסְכִּים בִּתְנַאי שֶׁתָּבוֹא.","Я согласен при условии, что ты придёшь.","Существительные","s_03c964046087.mp3","Мужской"
1636,"תִּתְקַשֵּׁר בְּמִקְרֶה שֶׁיֵּשׁ בְּעָיָה.","Позвони в случае, если возникнет проблема.","Существительные","s_5147f3af8906.mp3","Мужской"
1637,"זֶה קַל בְּהַשְׁוָאָה לָעָבָר.","Это легко по сравнению с прошлым.","Существительные","s_9bac6f36fb1e.mp3","Мужской"
1638,"תּוֹצְאוֹת הַבְּדִיקָה הִגִּיעוּ הַיּוֹם.","Результаты проверки пришли сегодня.","Существительные","s_c6872579c724.mp3","Мужской"
1639,"כָּל אָדָם רוֹצֶה חֵרוּת.","Каждый человек хочет свободы.","Существительные","s_0a10fbe43a5e.mp3","Мужской"
1640,"צַהַ""ל מֵגֵן עַל הַמְּדִינָה.","ЦАХАЛ защищает страну.","Существительные","zahal_megen.mp3","Мужской"
1641,"הֵם פּוֹעֲלִים לְפִי הַהַנְחָיוֹת.","Они действуют согласно инструкциям.","Существительные","s_0b07915812c8.mp3","Мужской"
1642,"מִתְנַדְּבִים עוֹזְרִים לַקְּשִׁישִׁים בָּעִיר.","Волонтёры помогают пожилым людям в городе.","Существительные","s_ba8a467456c7.mp3","Мужской"
1643,"אֵין סָפֵק שֶׁהוּא צוֹדֵק.","Нет сомнения, что он прав.","Существительные","s_024286c0ed0a.mp3","Мужской"
1644,"בַּסְּתָיו יֵשׁ שַׁלֶּכֶת יָפָה.","Осенью красивый листопад.","Существительные","s_8262b390357c.mp3","Мужской"
1645,"מִצַּד אֶחָד, הוּא צוֹדֵק.","С одной стороны, он прав.","Существительные","s_c688b27cc178.mp3","Мужской"
1646,"לָמַדְנוּ אֶת תַּבְנִית הַבִּנְיָן.","Мы выучили модель биньяна.","Существительные","s_393ddd677ad9.mp3","Женский"
1647,"זֶה בְּהֶמְשֵׁךְ לַשִּׂיחָה שֶׁלָּנוּ.","Это в продолжение нашей беседы.","Существительные","s_ff715cac3a09.mp3","Мужской"
1648,"כָּל הַכָּבוֹד, אַתָּה אַלּוּף!","Молодец, ты чемпион!","Существительные","s_3aa348c0a82d.mp3","Мужской"
1649,"אֲנִי שׁוֹתֶה קָפֶה הָפוּךְ.","Я пью кофе капучино.","Существительные","s_f2f462e54a2b.mp3","Мужской"
1650,"אַתָּה רוֹצֶה קָפֶה שָׁחוֹר?","Ты хочешь черный кофе?","Существительные","s_a631a4b7d3c8.mp3","Мужской"
1651,"הוּא מַזְמִין קָפֶה קַר.","Он заказывает холодный кофе.","Существительные","s_91c860356901.mp3","Мужской"
1652,"אֲנִי מְבַקֵּשׁ מַיִם קָרִים.","Я прошу холодную воду.","Существительные","s_e891734c69d6.mp3","Мужской"
1653,"יֵשׁ כָּאן מִיץ תַּפּוּזִים?","Здесь есть апельсиновый сок?","Существительные","s_7574bf55c7dd.mp3","Мужской"
1654,"סְלִיחָה, אֶפְשָׁר חֶשְׁבּוֹן, בְּבַקָּשָׁה?","Извините, можно счет, пожалуйста?","Существительные","s_8ef4c94c671c.mp3","Мужской"
1655,"הַמֶּלְצַר מֵבִיא תַּפְרִיט.","Официант приносит меню.","Существительные","s_bb150b21e63c.mp3","Мужской"
1656,"הַמֶּלְצָרִית עוֹבֶדֶת בַּמִּסְעָדָה.","Официантка работает в ресторане.","Существительные","s_be5b43c347e4.mp3","Мужской"
1657,"אֲנַחְנוּ רוֹצִים שׁוּלְחָן לִשְׁנַיִם.","Мы хотим столик на двоих.","Существительные","s_8ac87a1421a9.mp3","Мужской"
1658,"אֲנִי שׁוֹתֶה תֵּה בְּלִי סוּכָּר.","Я пью чай без сахара.","Существительные","s_ff5dc0f93c3e.mp3","Мужской"
1659,"יֵשׁ לָכֶם חֲלַב שְׁקֵדִים?","У вас есть миндальное молоко?","Существительные","s_031b82d8a56f.mp3","Мужской"
1660,"זֶה חֲלַב שִׁיבּוֹלֶת שׁוּעָל.","Это овсяное молоко.","Существительные","s_897b75722395.mp3","Мужской"
1661,"הִשְׁאַרְתָּ טִיפּ לַמֶּלְצַר?","Ты оставил чаевые официанту?","Существительные","s_b09660f674f4.mp3","Мужской"
1662,"מָה הַמָּנָה הָרִאשׁוֹנָה הַיּוֹם?","Какое сегодня первое блюдо?","Существительные","s_29de0d06239d.mp3","Мужской"
1663,"אֲנִי מַזְמִין מָנָה עִיקָּרִית.","Я заказываю основное блюдо.","Существительные","s_ca63b683029d.mp3","Мужской"
1664,"אַתֶּם רוֹצִים קִינּוּחַ מָתוֹק?","Вы хотите сладкий десерт?","Существительные","s_b83cc215d216.mp3","Мужской"
1665,"הוּא אוֹכֵל כָּרִיךְ טָעִים.","Он ест вкусный бутерброд.","Существительные","s_a9d05f495e2e.mp3","Мужской"
1666,"אֶפְשָׁר מַזְלֵג נָקִי, בְּבַקָּשָׁה?","Можно чистую вилку, пожалуйста?","Существительные","s_bc72bb24967a.mp3","Мужской"
1667,"הַסַּכִּין הַזֶּה חַד מְאֹד.","Этот нож очень острый.","Существительные","s_23c40784104f.mp3","Мужской"
1668,"אֲנִי צָרִיךְ כַּף גְּדוֹלָה.","Мне нужна большая ложка.","Существительные","s_b9ec9b14f227.mp3","Мужской"
1669,"תֵּן לִי מַפִּית, בְּבַקָּשָׁה.","Дай мне салфетку, пожалуйста.","Существительные","s_828fa10c0737.mp3","Мужской"
1670,"בְּתֵאָבוֹן וְלִבְרִיאוּת לָכֶם!","Приятного аппетита и на здоровье вам!","Существительные","s_43bdee1c9af6.mp3","Мужской"
1671,"חֲדַר הָרַחְצָה נָקִי מְאֹד.","Ванная комната очень чистая.","Существительные","s_205058f23ca7.mp3","Мужской"
1672,"סְלִיחָה, אֵיפֹה הַשֵּׁירוּתִים?","Извините, где туалет?","Существительные","s_001045651d85.mp3","Мужской"
1673,"יֵשׁ לָנוּ מִרְפֶּסֶת גְּדוֹלָה.","У нас есть большой балкон.","Существительные","s_447c222484b0.mp3","Мужской"
1674,"יֵשׁ סַפָּה נוֹחָה בַּסָּלוֹן.","В гостиной есть удобный диван.","Существительные","s_65f410a55312.mp3","Мужской"
1675,"מְכוֹנַת הַכְּבִיסָה עוֹבֶדֶת עַכְשָׁיו.","Стиральная машина сейчас работает.","Существительные","s_874f46a84227.mp3","Мужской"
1676,"הָאוֹכֶל כְּבָר בַּתַּנּוּר.","Еда уже в духовке.","Существительные","s_0e8d3e741e7d.mp3","Мужской"
1677,"אֲנִי מְחַמֵּם אוֹכֶל בַּמִּיקְרוֹגַל.","Я грею еду в микроволновке.","Существительные","s_53983aac3fbe.mp3","Мужской"
1678,"אֲנַחְנוּ רוֹאִים טֶלֶוִיזְיָה בָּעֶרֶב.","Мы смотрим телевизор вечером.","Существительные","s_63f0cf813340.mp3","Мужской"
1679,"הַמְּנוֹרָה עַל הַשּׁוּלְחָן.","Лампа стоит на столе.","Существительные","s_fecf69aa54d0.mp3","Мужской"
1680,"הַתְּמוּנָה תְּלוּיָה עַל הַקִּיר.","Картина висит на стене.","Существительные","s_ee5c3c0b7beb.mp3","Мужской"
1681,"הָרִצְפָּה נְקִיָּה מְאֹד הַיּוֹם.","Пол сегодня очень чистый.","Существительные","s_78466138b3ad.mp3","Мужской"
1682,"יֵשׁ שָׁטִיחַ יָפֶה בַּחֶדֶר.","В комнате красивый ковер.","Существительные","s_8945547207c0.mp3","Мужской"
1683,"תֵּן לִי סַבּוֹן, בְּבַקָּשָׁה.","Дай мне мыло, пожалуйста.","Существительные","s_9c5c1931e991.mp3","Мужской"
1684,"אֲנִי נוֹסֵעַ בָּרַכֶּבֶת הַקַּלָּה.","Я еду на трамвае.","Существительные","s_b6f0a9740479.mp3","Мужской"
1685,"יֵשׁ לְךָ כַּרְטִיס רַב-קַו?","У тебя есть карточка Рав-Кав?","Существительные","s_7af34cd153d3.mp3","Мужской"
1686,"אֵיזֶה קַו מַגִּיעַ לַמֶּרְכָּז?","Какой маршрут идет в центр?","Существительные","s_56a9df5794aa.mp3","Мужской"
1687,"הַבַּיִת שֶׁלִּי קָרוֹב מְאֹד.","Мой дом очень близко.","Существительные","s_772f655e275f.mp3","Мужской"
1688,"הַיָּם רָחוֹק מִכָּאן מְאֹד.","Море очень далеко отсюда.","Существительные","s_4a3213f4f179.mp3","Мужской"
1689,"אֵיךְ מַגִּיעִים לַתַּחֲנָה הַמֶּרְכָּזִית?","Как добраться до центральной автостанции?","Существительные","s_7bd4623cf1ed.mp3","Мужской"
1690,"סְלִיחָה, אֵיפֹה זֶה נִמְצָא?","Извините, где это находится?","Существительные","s_b05da52f22f5.mp3","Мужской"
1691,"אֲנִי גָּר בְּמֶרְכַּז הָעִיר.","Я живу в центре города.","Существительные","s_5aa2d8b2829f.mp3","Мужской"
1692,"הַכְּבִישׁ הַזֶּה עָמוּס מְאֹד.","Это шоссе очень загружено.","Существительные","s_80e3e2c52889.mp3","Мужской"
1693,"אֲנַחְנוּ הוֹלְכִים עַל הַמִּדְרָכָה.","Мы идем по тротуару.","Существительные","s_951c77db94bd.mp3","Мужской"
1694,"יֵשׁ כָּאן מַעֲבַר חֲצִיָּה.","Здесь есть пешеходный переход.","Существительные","s_582bd5e3a506.mp3","Мужской"
1695,"הַיּוֹם הוֹלְכִים לְחוֹף הַיָּם.","Сегодня идем на морской пляж.","Существительные","s_c6575423e1e9.mp3","Мужской"
1696,"זֶה פַּארְק יָפֶה מְאוֹד.","Это очень красивый парк.","Существительные","s_8fde90e59a71.mp3","Мужской"
1697,"זֶה נְמַל תְּעוּפָה גָּדוֹל.","Это большой аэропорт.","Существительные","s_283e92f6edb9.mp3","Мужской"
1698,"הַמָּטוֹס הַזֶּה גָּדוֹל מְאוֹד.","Этот самолет очень большой.","Существительные","s_615c19741c86.mp3","Мужской"
1699,"יֵשׁ לוֹ מְכוֹנִית חֲדָשָׁה.","У него новая машина.","Существительные","s_18b65261b6d5.mp3","Мужской"
1700,"זֹאת יַלְדָּה טוֹבָה מְאוֹד.","Это очень хорошая девочка.","Существительные","s_a073a8f6ab5d.mp3","Мужской"
1701,"הַבַּעַל שֶׁלָּהּ עוֹבֵד פֹּה.","Её муж работает здесь.","Существительные","s_80e5a05c6531.mp3","Мужской"
1702,"הִיא אִשָּׁה נֶחְמָדָה מְאוֹד.","Она очень приятная женщина.","Существительные","s_6f2b4016d663.mp3","Женский"
1703,"הוּא גֶּבֶר נֶחְמָד מְאוֹד.","Он очень приятный мужчина.","Существительные","s_73f83ba943d5.mp3","Мужской"
1704,"דָּנִי הוּא חָבֵר טוֹב.","Дани — хороший друг.","Существительные","s_8046781a1d08.mp3","Мужской"
1705,"הַיּוֹם הוּא יוֹם רִאשׁוֹן.","Сегодня воскресенье.","Существительные","s_9c006ddb7e9a.mp3","Мужской"
1706,"מָחָר יִהְיֶה יוֹם שֵׁנִי.","Завтра будет понедельник.","Существительные","s_7ab4bd50423d.mp3","Мужской"
1707,"נִפָּגֵשׁ בְּיוֹם שְׁלִישִׁי בַּבּוֹקֶר.","Мы встретимся во вторник утром.","Существительные","s_74942f5febb7.mp3","Мужской"
1708,"נִפָּגֵשׁ בְּיוֹם רְבִיעִי בָּעֶרֶב.","Мы встретимся в среду вечером.","Существительные","s_15fe99768bd4.mp3","Мужской"
1709,"אֲנִי לוֹמֵד בְּיוֹם חֲמִישִׁי.","Я учусь в четверг.","Существительные","s_eb7f1058b721.mp3","Мужской"
1710,"בְּיוֹם שִׁשִּׁי אֲנַחְנוּ נָחִים.","В пятницу мы отдыхаем.","Существительные","s_b23fe546f7f8.mp3","Мужской"
1711,"סוֹף שָׁבוּעַ נָעִים לְכוּלָּם!","Приятных выходных всем!","Существительные","s_bdb5e7f5c29b.mp3","Мужской"
1712,"מָה אַתָּה עוֹשֶׂה הַיּוֹם?","Что ты делаешь сегодня?","Существительные","s_bc9b033910f6.mp3","Мужской"
1713,"אֲנִי הוֹלֵךְ הַבַּיְתָה עַכְשָׁיו.","Я иду домой сейчас.","Существительные","s_c794b2d08a92.mp3","Мужской"
1714,"שָׁבוּעַ טוֹב לְכוּלָּם!","Хорошей недели всем!","Существительные","s_7d699dd64ff4.mp3","Мужской"
1715,"סְלִיחָה, מָה הַשָּׁעָה עַכְשָׁיו?","Извините, который сейчас час?","Существительные","s_e228d2ccaf8f.mp3","Мужской"
1716,"יֵשׁ לִי חָבֵר אֶחָד.","У меня есть один друг.","Существительные","s_dd733633546a.mp3","Мужской"
1717,"הַשָּׁעָה עַכְשָׁיו שְׁתַּיִם בְּדִיּוּק.","Сейчас ровно два часа.","Существительные","s_e928634de004.mp3","Мужской"
1718,"הַשָּׁעָה עַכְשָׁיו שָׁלוֹשׁ בְּדִיּוּק.","Сейчас ровно три часа.","Существительные","s_eadc52757829.mp3","Мужской"
1719,"נִפָּגֵשׁ בְּשָׁעָה אַרְבַּע בְּדִיּוּק.","Встретимся ровно в четыре часа.","Существительные","s_c39d4c3671a0.mp3","Мужской"
1720,"יֵשׁ פֹּה חֲמִישָּׁה תַּלְמִידִים.","Здесь пять учеников.","Существительные","s_c1f967ccee3b.mp3","Мужской"
1721,"הַשָּׁעָה שֵׁשׁ בַּבּוֹקֶר עַכְשָׁיו.","Сейчас шесть часов утра.","Существительные","s_7732d338be7c.mp3","Мужской"
1722,"בַּשָּׁבוּעַ יֵשׁ שִׁבְעָה יָמִים.","В неделе семь дней.","Существительные","s_d42eab7c68a3.mp3","Мужской"
1723,"הַשִּׁעוּר מַתְחִיל בְּשָׁעָה שְׁמוֹנֶה.","Урок начинается в восемь часов.","Существительные","s_e1b81e6e4868.mp3","Мужской"
1724,"הַחֲנוּת נִפְתַּחַת בְּשָׁעָה תֵּשַׁע.","Магазин открывается в девять часов.","Существительные","s_456a21a4bd05.mp3","Мужской"
1725,"הַשָּׁעָה כְּבָר עֶשֶׂר בַּלַּיְלָה.","Уже десять часов вечера.","Существительные","s_068c534137bb.mp3","Мужской"
1726,"זֶה עוֹלֶה עֶשְׂרִים שְׁקָלִים.","Это стоит двадцать шекелей.","Существительные","s_233bf2159914.mp3","Мужской"
1727,"הוּא בֶּן שְׁלוֹשִׁים הַיּוֹם.","Ему сегодня тридцать лет.","Существительные","s_b5998072e145.mp3","Мужской"
1728,"הַנְּסִיעָה נִמְשֶׁכֶת אַרְבָּעִים דַּקּוֹת.","Поездка длится сорок минут.","Существительные","s_7843d9d71b51.mp3","Мужской"
1729,"יֵשׁ בַּכִּתָּה חֲמִישִּׁים תַּלְמִידִים.","В классе пятьдесят учеников.","Существительные","s_87918a44d018.mp3","Мужской"
1730,"הַחוּלְצָה עוֹלָה מֵאָה שְׁקָלִים.","Рубашка стоит сто шекелей.","Существительные","s_79f7a79680ba.mp3","Мужской"
1731,"הַמַּחְשֵׁב עוֹלֶה אֶלֶף שְׁקָלִים.","Компьютер стоит тысячу шекелей.","Существительные","s_e73186d6ca2a.mp3","Мужской"
1732,"תֵּן לִי יָד, בְּבַקָּשָׁה.","Дай мне руку, пожалуйста.","Существительные","s_3d8f48355adc.mp3","Мужской"
1733,"כּוֹאֶבֶת לִי הָרֶגֶל מְאוֹד.","У меня очень болит нога.","Существительные","s_0aea83a430a4.mp3","Мужской"
1734,"הָאוֹזֶן שֶׁלִּי כּוֹאֶבֶת מְאוֹד.","У меня очень болит ухо.","Существительные","s_a339c807bb26.mp3","Мужской"
1735,"יֵשׁ לוֹ אַף גָּדוֹל.","У него большой нос.","Существительные","s_a795caa333ee.mp3","Мужской"
1736,"כּוֹאֶבֶת לִי שֵׁן עַכְשָׁיו.","У меня сейчас болит зуб.","Существительные","s_dc1861b69c50.mp3","Мужской"
1737,"כּוֹאֵב לִי הַגַּב מְאוֹד.","У меня очень болит спина.","Существительные","s_5f42aebe239f.mp3","Мужской"
1738,"הַלֵּב שֶׁלִּי דּוֹפֵק מַהֵר.","Мое сердце быстро стучит.","Существительные","s_d1b0134b92eb.mp3","Мужской"
1739,"כּוֹאֶבֶת לִי הַבֶּטֶן הַיּוֹם.","У меня сегодня болит живот.","Существительные","s_88a60781ded9.mp3","Мужской"
1740,"יֵשׁ לִי חוֹם גָּבוֹהַּ.","У меня высокая температура.","Существительные","s_bdbc2e8aa361.mp3","Мужской"
1741,"הִיא רוֹפְאָה טוֹבָה מְאוֹד.","Она очень хороший врач.","Существительные","s_ea0a4fdffe1a.mp3","Женский"
1742,"בְּרִיאוּת זֶה הֲכִי חָשׁוּב.","Здоровье — это самое главное.","Существительные","s_2b90c21a463f.mp3","Мужской"
1743,"הָאַמְבּוּלַנְס מַגִּיעַ מַהֵר מְאוֹד.","Скорая помощь приезжает очень быстро.","Существительные","s_08de590ba67f.mp3","Мужской"
1744,"תַּרְגִּישׁ טוֹב, חָבֵר שֶׁלִּי!","Поправляйся, мой друг!","Существительные","s_64059787de74.mp3","Мужской"
1745,"תַּרְגִּישִׁי טוֹב וּתְנוּחִי הַרְבֵּה.","Поправляйся и много отдыхай.","Существительные","s_f4fae4310ddd.mp3","Мужской"
1746,"הַכֹּל בְּסֵדֶר אֶצְלִי כָּעֵת.","У меня сейчас всё в порядке.","Существительные","s_22c2181470f9.mp3","Мужской"
1747,"לַחַץ הַדָּם שֶׁלּוֹ תַּקִּין.","Его кровяное давление в норме.","Существительные","s_cb7c6de8debd.mp3","Мужской"
1748,"אֲנִי רוֹצֶה לִקְבּוֹעַ תּוֹר.","Я хочу записаться на приём.","Существительные","s_053ccd3eb9dd.mp3","Мужской"
1749,"אֲנִי הוֹלֵךְ לְרוֹפֵא מִשְׁפָּחָה.","Я иду к семейному врачу.","Существительные","s_ce97bf50befb.mp3","Мужской"
1750,"קִבַּלְתִּי תּוֹצָאוֹת טוֹבוֹת הַיּוֹם.","Я получил сегодня хорошие результаты.","Существительные","s_b77444489f03.mp3","Мужской"
1751,"יֵשׁ לִי בִּיטּוּחַ רְפוּאִי.","У меня есть медицинская страховка.","Существительные","s_c9bd836609e0.mp3","Мужской"
1752,"יֵשׁ לָהּ דַּלֶּקֶת בַּגָּרוֹן.","У неё воспаление в горле.","Существительные","s_08b8bc575d88.mp3","Мужской"
1753,"הוּא לוֹקֵחַ אַנְטִיבִּיּוֹטִיקָה הַיּוֹם.","Он принимает сегодня антибиотики.","Существительные","s_7c980e91f0f9.mp3","Мужской"
1754,"עָשִׂיתִי חִיסּוּן נֶגֶד שַׁפַּעַת.","Я сделал прививку против гриппа.","Существительные","s_84785a1b9dec.mp3","Мужской"
1755,"הִיא מְנַהֶלֶת טוֹבָה מְאוֹד.","Она очень хорошая руководительница.","Существительные","s_a5439fd87503.mp3","Женский"
1756,"דָּנִי הוּא מְפַתֵּחַ תּוֹכְנָה.","Дани — разработчик программного обеспечения.","Существительные","s_ee0b6e047703.mp3","Мужской"
1757,"זֶה הַשָּׂכָר בְּרוּטוֹ שֶׁלִּי.","Это моя зарплата брутто.","Существительные","s_9980fd9d89d2.mp3","Мужской"
1758,"כַּמָּה אַתָּה מְקַבֵּל נֶטוֹ?","Сколько ты получаешь нетто?","Существительные","s_18a6a3de2418.mp3","Мужской"
1759,"קִבַּלְתִּי תְּלוּשׁ מַשְׂכּוֹרֶת הַיּוֹם.","Я получил сегодня расчетный листок.","Существительные","s_e501538d1acd.mp3","Мужской"
1760,"חָתַמְתִּי עַל חוֹזֵה עֲבוֹדָה.","Я подписал трудовой договор.","Существительные","s_bc1aca117900.mp3","Мужской"
1761,"יֵשׁ לָנוּ יְשִׁיבָה חֲשׁוּבָה.","У нас важное совещание.","Существительные","s_73c7a648ef27.mp3","Мужской"
1762,"יֵשׁ לָנוּ צֶוֶות נֶהֱדָר.","У нас замечательная команда.","Существительные","s_3911e5cf0607.mp3","Мужской"
1763,"הוּא עָמִית שֶׁלִּי לָעֲבוֹדָה.","Он мой коллега по работе.","Существительные","s_85be81f351ff.mp3","Мужской"
1764,"אֲנִי עוֹבֵד בְּמִשְׂרָה מְלֵאָה.","Я работаю на полную ставку.","Существительные","s_e70aaad205e5.mp3","Мужской"
1765,"הִיא רוֹצָה מִשְׂרָה חֶלְקִית.","Она хочет неполную ставку.","Существительные","s_b405e7387358.mp3","Женский"
1766,"יֵשׁ לִי עֲבוֹדָה מֵהַבַּיִת.","У меня работа из дома.","Существительные","s_986dd876835d.mp3","Мужской"
1767,"הוּא עוֹבֵד בְּחֶבְרַת הַי-טֶק.","Он работает в хай-тек компании.","Существительные","s_7a10888c2dcf.mp3","Мужской"
1768,"זֶה סְטַארְט-אַפּ חָדָשׁ וּמַצְלִיחַ.","Это новый и успешный стартап.","Существительные","s_d653eb54ca09.mp3","Мужской"
1769,"זֶה פְּרוֹיֶקְט חָשׁוּב מְאוֹד.","Это очень важный проект.","Существительные","s_f7c285672144.mp3","Мужской"
1770,"שְׂכַר הַדִּירָה גָּבוֹהַּ כָּאן.","Арендная плата здесь высокая.","Существительные","s_878b476ea333.mp3","Мужской"
1771,"דִּבַּרְתִּי עִם בַּעַל הַבַּיִת.","Я поговорил с хозяином квартиры.","Существительные","s_3279e5f3f51c.mp3","Мужской"
1772,"שִׂילַּמְתִּי אֶת חֶשְׁבּוֹן הַחַשְׁמַל.","Я оплатил счет за электричество.","Существительные","s_832194ba29b5.mp3","Женский"
1773,"הִגִּיעַ חֶשְׁבּוֹן מַיִם גָּבוֹהַּ.","Пришел большой счет за воду.","Существительные","s_5b7210d57a30.mp3","Мужской"
1774,"עָשִׂיתִי הַעֲבָרָה בַּנְקָאִית הַבּוֹקֶר.","Я сделал банковский перевод этим утром.","Существительные","s_e27c4b9800cd.mp3","Мужской"
1775,"כָּתַבְתִּי צֶ׳ק לְבַעַל הַבַּיִת.","Я выписал чек хозяину квартиры.","Существительные","s_acd2367e8d03.mp3","Мужской"
1776,"פָּתַחְתִּי הוֹרָאַת קֶבַע בַּבַּנְק.","Я оформил автоплатеж в банке.","Существительные","s_72274e4f015c.mp3","Мужской"
1777,"יֵשׁ לִי תְּעוּדַת עוֹלֶה.","У меня есть удостоверение репатрианта.","Существительные","s_8d65982ebc5a.mp3","Мужской"
1778,"הַכֹּל סַבָּבָה, תּוֹדָה רַבָּה!","Всё отлично, большое спасибо!","Существительные","hakol_sababa.mp3","Мужской"
1779,"זוֹ חוּצְפָּה גְּדוֹלָה מְאוֹד.","Это очень большая наглость.","Существительные","s_5f2cd9e7d8e1.mp3","Мужской"
1780,"הַמְּסִיבָּה הַזֹּאת הָיְתָה אֵשׁ!","Эта вечеринка была просто огонь!","Существительные","s_528da73abe74.mp3","Мужской"
1781,"הָאוֹכֶל כָּאן פְּצָצָה מַמָּשׁ.","Еда здесь просто бомба.","Существительные","s_38ba39427d65.mp3","Мужской"
1782,"אֵיזוֹ בָּאסָה שֶׁהוּא הָלַךְ.","Какой облом, что он ушел.","Существительные","s_ddba7df2ccbc.mp3","Мужской"
1783,"אַל תַּחְפּוֹר לִי כָּל-כָּךְ.","Не грузи меня так сильно.","Существительные","s_37f29776aeb5.mp3","Мужской"
1784,"אָמַרְתִּי אֶת זֶה סְתָם.","Я сказал это просто так.","Существительные","s_bc7dcbefc682.mp3","Женский"
1785,"יַאלְלָה, בּוֹאוּ נֵלֵךְ הַבַּיְתָה!","Давайте, пошли домой!","Существительные","s_d26b5d88dcb7.mp3","Мужской"
1786,"אֲנִי אֶעֱזוֹר לְךָ בְּכֵיף.","Я с удовольствием помогу тебе.","Существительные","s_aadc8dcdf9cc.mp3","Мужской"
1787,"תּוֹדָה רַבָּה, כַּפָּרָה עָלֶיךָ!","Большое спасибо, дорогой мой!","Существительные","s_de4bd83844b9.mp3","Мужской"
1788,"שָׁלוֹם, מָה נִשְׁמָע הַיּוֹם?","Привет, как сегодня дела?","Существительные","s_47ca406294b9.mp3","Мужской"
1789,"שָׁלוֹם, מָה הוֹלֵךְ שָׁם?","Привет, что там происходит?","Существительные","s_4d378356c295.mp3","Мужской"
1790,"אֵין מַצָּב שֶׁהוּא יָבוֹא.","Исключено, что он придёт.","Существительные","s_9d2b466069e9.mp3","Мужской"
1791,"אַל תֵּרֵד עָלַיו כָּכָה.","Не наезжай на него так.","Существительные","s_7b2f30b964ed.mp3","Мужской"
1792,"תּוֹדָה, הַכֹּל טוֹב אֶצְלִי.","Спасибо, у меня всё хорошо.","Существительные","s_cddb6d7e15c5.mp3","Мужской"
1793,"אֲנִי שׁוֹמֵעַ חֲדָשׁוֹת עַכְשָׁו.","Я сейчас слушаю новости.","Существительные","s_4f5b7c11c025.mp3","Мужской"
1794,"הַכְּנֶסֶת מְאַשֶּׁרֶת אֶת הַחוֹק.","Кнессет утверждает закон.","Существительные","s_0bbcbd238ea7.mp3","Женский"
1795,"הוּא מְשָׁרֵת בְּצַהַ""ל עַכְשָׁו.","Он сейчас служит в ЦАХАЛе.","Существительные","s_37875e73fcd9.mp3","Мужской"
1796,"הַחַיָּל שׁוֹמֵר עַל הַגְּבוּל.","Солдат охраняет границу.","Существительные","s_7ac237327df3.mp3","Мужской"
1797,"הַחַיֶּלֶת חוֹזֶרֶת הַבַּיְתָה הַיּוֹם.","Солдатка сегодня возвращается домой.","Существительные","s_29b6f66e3b1f.mp3","Мужской"
1798,"הַכַּלְכָּלָה בְּיִשְׂרָאֵל צוֹמַחַת עַכְשָׁו.","Экономика в Израиле сейчас растёт.","Существительные","s_4e7c9c924a35.mp3","Мужской"
1799,"הַמִּשְׁטָרָה שׁוֹמֶרֶת עַל הַסֵּדֶר.","Полиция следит за порядком.","Существительные","s_f0f15f86bb4c.mp3","Мужской"
1800,"הַמִּלְחָמָה הַזֹּאת תִּסְתַּיֵּם בְּקָרוֹב.","Эта война скоро закончится.","Существительные","s_34ac086fbd69.mp3","Мужской"
1801,"הֵם חָתְמוּ עַל הֶסְכֵּם.","Они подписали соглашение.","Существительные","s_451cd1462b19.mp3","Мужской"
1802,"סְפּוֹרְט חָשׁוּב לַגּוּף שֶׁלָּנוּ.","Спорт важен для нашего тела.","Существительные","s_717591085cb1.mp3","Мужской"
1803,"הָרוֹפֵא בּוֹדֵק אֶת הָרֵיאוֹת.","Врач проверяет лёгкие.","Существительные","s_38ca3938982c.mp3","Женский"
1804,"יֵשׁ שֶׁבֶר בָּעֶצֶם הַזֹּאת.","В этой кости есть перелом.","Существительные","s_9e1cfdf11cc3.mp3","Мужской"
1805,"יֵשׁ לוֹ עוֹר יָבֵשׁ.","У него сухая кожа.","Существительные","s_52cef99c7211.mp3","Мужской"
1806,"יֵשׁ כְּאֵב חָזָק בַּגַּב.","Есть сильная боль в спине.","Существительные","s_d54a13eefd1e.mp3","Мужской"
1807,"יֵשׁ לָהּ סְחַרְחוֹרֶת קָשָׁה.","У неё сильное головокружение.","Существительные","s_2f02bb06225c.mp3","Мужской"
1808,"הוּא מַרְגִּישׁ חוּלְשָׁה גְּדוֹלָה.","Он чувствует сильную слабость.","Существительные","s_31ed5aa9d86a.mp3","Мужской"
1809,"יֵשׁ לִי בְּחִילָה עַכְשָׁו.","Меня сейчас тошнит.","Существительные","s_576680a0a591.mp3","Мужской"
1810,"זֹאת הָיְתָה נְפִילָה קָשָׁה.","Это было тяжёлое падение.","Существительные","s_8f14d54edb08.mp3","Мужской"
1811,"יֵשׁ פְּצָעִים עַל הַיָּד.","На руке есть раны.","Существительные","s_3af669550f47.mp3","Мужской"
1812,"יֵשׁ לוֹ נְשִׁימָה קָשָׁה.","У него тяжёлое дыхание.","Существительные","s_bb46302e1e32.mp3","Мужской"
1813,"יֵשׁ לוֹ בִּלְבּוּל רַב.","У него сильная спутанность сознания.","Существительные","s_35423ffe92b6.mp3","Мужской"
1814,"סַבָּא לֹא מַרְגִּישׁ טוֹב.","Дедушка плохо себя чувствует.","Существительные","s_4ab6b3d1fc80.mp3","Мужской"
1815,"זֶה שַׁמְפּוֹ טוֹב לַשֵּׂעָר.","Это хороший шампунь для волос.","Существительные","s_1e943e521059.mp3","Мужской"
1816,"אֵיפֹה מִשְׁחַת הַשִּׁינַּיִם שֶׁלְּךָ?","Где твоя зубная паста?","Существительные","s_d8b772546dd6.mp3","Мужской"
1817,"צָרִיךְ לְהַחְלִיף אֶת הַמִּיטוּשׁ.","Нужно поменять подгузник.","Существительные","s_f2bb5a88969c.mp3","Женский"
1818,"זֶה מַסְרֵק חָדָשׁ שֶׁלּוֹ.","Это его новая расчёска.","Существительные","s_b7bf6b7efc71.mp3","Мужской"
1819,"שִׂים מָגֵן שֶׁמֶשׁ הַיּוֹם.","Нанеси защиту от солнца сегодня.","Существительные","s_9c18f1f52e8d.mp3","Мужской"
1820,"הַכָּרִית הַזֹּאת נוֹחָה מְאֹד.","Эта подушка очень удобная.","Существительные","s_e4174a1ef83c.mp3","Мужской"
1821,"שִׂים שְׂמִיכָה חַמָּה עָלָיו.","Положи тёплое одеяло на него.","Существительные","s_2f849a18aaaf.mp3","Мужской"
1822,"הוּא יוֹשֵׁב בְּכִסֵּא גַּלְגַּלִּים.","Он сидит в инвалидном кресле.","Существительные","s_0f227669ac4e.mp3","Мужской"
1823,"סַבָּא הוֹלֵךְ עִם הֲלִיכוֹן.","Дедушка ходит с ходунками.","Существительные","s_837476958090.mp3","Мужской"
1824,"יֵשׁ לָהּ מַקֵּל הֲלִיכָה.","У неё есть трость для ходьбы.","Существительные","s_b47e591d978d.mp3","Мужской"
1825,"נִמְדֹּד חֹם עִם מַד-חוֹם.","Измерим температуру термометром.","Существительные","s_dcf0c84eec5a.mp3","Мужской"
1826,"נִבְדֹּק לַחַץ עִם מַד-לַחַץ.","Проверим давление тонометром.","Существительные","s_db51fc1a05f1.mp3","Мужской"
1827,"הַגְּלוּקוֹמֶטֶר מוּכָן לִבְדִיקַת הַסּוּכָּר.","Глюкометр готов к проверке сахара.","Существительные","s_fd56a3260b14.mp3","Мужской"
1828,"הָרוֹפֵא מִשְׁתַּמֵּשׁ בִּסְטֶטוֹסְקוֹפּ כָּעֵת.","Врач сейчас слушает стетоскопом.","Существительные","s_eff3a4c1f154.mp3","Мужской"
1829,"שִׂים מָרָק בִּקְעָרָה עֲמוּקָּה.","Налей суп в глубокую миску.","Существительные","s_797b39b79458.mp3","Мужской"
1830,"תֵּן לִי כּוֹס מַיִם.","Дай мне стакан воды.","Существительные","s_703be03aaf0a.mp3","Мужской"
1831,"תִּשְׁתֶּה מַיִם עִם קַשִּׁית.","Пей воду через трубочку.","Существительные","s_1a327e57b4d7.mp3","Мужской"
1832,"לְבַשׁ סִינָר לִפְנֵי הָאוֹכֶל.","Надень нагрудник перед едой.","Существительные","s_e517824bfe8b.mp3","Мужской"
1833,"קַח טַבְלֶט אֶחָד בַּבּוֹקֶר.","Прими одну таблетку утром.","Существительные","s_350ac7818cd2.mp3","Мужской"
1834,"בְּלַע כַּמּוּסָה עִם מַיִם.","Проглоти капсулу с водой.","Существительные","s_6cde1308a5eb.mp3","Мужской"
1835,"זֶה מִינוּן נָכוֹן לַתְּרוּפָה.","Это правильная дозировка лекарства.","Существительные","s_b4168b37f2f0.mp3","Мужской"
1836,"תִּשְׁתֶּה פַּרָצֵטָמוֹל כְּנֶגֶד חוֹם.","Выпей парацетамол от температуры.","Существительные","s_d5a890e24581.mp3","Мужской"
1837,"קַח מְשַׁכֵּךְ כְּאֵב עַכְשָׁו.","Прими обезболивающее сейчас.","Существительные","s_e9c09f5d6d73.mp3","Мужской"
1838,"הָאָחוֹת נוֹתֶנֶת זְרִיקָה כָּעֵת.","Медсестра сейчас делает укол.","Существительные","s_24d4393f5f7b.mp3","Мужской"
1839,"הַמְטַפֶּלֶת שָׂמָה עֲנִיבַת תַּחְבּוֹשֶׁת.","Сиделка наложила косыночную повязку.","Существительные","s_9034bcfaa15f.mp3","Мужской"
1840,"צָרִיךְ לְהַחְלִיף אֶת הַתַּחְבּוֹשֶׁת.","Нужно поменять повязку.","Существительные","s_0897133beb2f.mp3","Женский"
1841,"הוּא הוֹלֵךְ לְפִיזְיוֹתֶרָפְּיָה הַיּוֹם.","Он идёт на физиотерапию сегодня.","Существительные","s_d53ed54c46c5.mp3","Мужской"
1842,"הָרוֹפֵא עָשָׂה לוֹ אֶקְג.","Врач сделал ему ЭКГ.","Существительные","s_981b1949e76d.mp3","Мужской"
1843,"הִיא לוֹקַחַת תְּרוּפָה בַּבּוֹקֶר.","Она принимает лекарство утром.","Существительные","s_eff29ca49945.mp3","Женский"
1844,"הוּא אוֹכֵל אֲרוּחַת צוֹהֳרַיִם.","Он ест обед.","Существительные","s_38b4b2353a9a.mp3","Мужской"
1845,"הוּא נָח בָּעֶרֶב בַּבַּיִת.","Он отдыхает вечером дома.","Существительные","s_89e6834ebda2.mp3","Мужской"
1846,"הוּא יָשַׁן הֵיטֵב בַּלַּיְלָה.","Он хорошо спал ночью.","Существительные","s_7b02d85017e6.mp3","Мужской"
1847,"קַח כַּדּוּר לִפְנֵי אֲכִילָה.","Прими таблетку перед едой.","Существительные","s_c3f315d6b3c7.mp3","Мужской"
1848,"שְׁתֵה מַיִם אַחֲרֵי אֲכִילָה.","Выпей воды после еды.","Существительные","s_9b850d11728c.mp3","Мужской"
1849,"קַח שְׁתֵּי פְּעָמִים בַּיּוֹם.","Принимай два раза в день.","Существительные","s_7dcd78cc360a.mp3","Мужской"
1850,"תְּרוּפָה כָּל שְׁמוֹנֶה שָׁעוֹת.","Лекарство каждые восемь часов.","Существительные","s_69d76535115b.mp3","Мужской"
1851,"שָׁלוֹם, אֵיךְ אַתָּה מַרְגִּישׁ?","Привет, как ты себя чувствуешь?","Существительные","s_56b9fc9b43d2.mp3","Мужской"
1852,"שָׁלוֹם, אֵיךְ אַתְּ מַרְגִּישָׁה?","Привет, как ты себя чувствуешь?","Существительные","s_56b9fc9b43d2.mp3","Женский"
1853,"הַאִם כּוֹאֵב לְךָ עַכְשָׁיו?","Тебе больно сейчас?","Существительные","s_7ca95692d47b.mp3","Мужской"
1854,"תַּגִּיד, אֵיפֹה כּוֹאֵב לְךָ?","Скажи, где у тебя болит?","Существительные","s_2a43f45ff684.mp3","Мужской"
1855,"אַתָּה יָכוֹל לָקוּם לְאַט?","Ты можешь медленно встать?","Существительные","s_9a58e59083cb.mp3","Мужской"
1856,"בּוֹא נִרְחַץ פָּנִים עַכְשָׁיו.","Давай умоем лицо сейчас.","Существительные","s_388675f32ec4.mp3","Мужской"
1857,"עַכְשָׁיו נֹאכַל אֲרוּחָה חַמָּה.","Сейчас поедим горячую еду.","Существительные","s_f58b4b01e77d.mp3","Мужской"
1858,"אֲנִי אֲסַיֵּעַ לְךָ לָקוּם.","Я помогу тебе встать.","Существительные","s_ebf9d7a6b68d.mp3","Мужской"
1859,"אַל תִּירָא, הַכֹּל בְּסֵדֶר.","Не бойся, всё в порядке.","Существительные","s_1bfe53af6792.mp3","Мужской"
1860,"תֵּירָגַע, אֲנִי אִתְּךָ כָּאן.","Успокойся, я с тобой здесь.","Существительные","s_9553db510d1c.mp3","Мужской"
1861,"אַל תִּדְאַג, אֲנִי כָּאן.","Не волнуйся, я здесь.","Существительные","s_1a368ceb6163.mp3","Мужской"
1862,"עוֹד רֶגַע אֲנִי בָּא.","Ещё минутку, я иду.","Существительные","s_91f4686958f5.mp3","Мужской"
1863,"נַעֲשֶׂה צַעַד קָטָן קָטָן.","Сделаем совсем маленький шаг.","Существительные","s_d08cf6567e10.mp3","Мужской"
1864,"הוּא מַרְגִּישׁ טוֹב הַיּוֹם.","Он чувствует себя хорошо сегодня.","Существительные","s_2e97cd42bf25.mp3","Мужской"
1865,"הַאִם יֵשׁ בְּעָיָה עַכְשָׁיו?","Есть ли проблема сейчас?","Существительные","s_9e76e23a818c.mp3","Мужской"
1866,"צָרִיךְ לִקְרֹא לְרוֹפֵא מַהֵר.","Нужно быстро вызвать врача.","Существительные","s_8bbb786ddcf7.mp3","Мужской"
1867,"הוּא לֹא אָכַל מֵהַבּוֹקֶר.","Он не ел с утра.","Существительные","s_d09fc63b6b57.mp3","Мужской"
1868,"הוּא יָשַׁן טוֹב הַלַּיְלָה.","Он хорошо спал этой ночью.","Существительные","s_48d4189f1a3b.mp3","Мужской"
1869,"כְּבָר לָקַחְתִּי אֶת הַתְּרוּפָה.","Я уже принял лекарство.","Существительные","s_bd9e44bff0f8.mp3","Женский"
1870,"נַזְמִין מָגֵן דָּוִד אָדוֹם.","Мы вызовем скорую помощь (Маген Давид Адом).","Существительные","s_3244f3231c83.mp3","Мужской"
1871,"הַמָּנוֹעַ פּוֹעֵל מְצוּיָן עַכְשָׁיו.","Двигатель работает отлично сейчас.","Существительные","s_11ad89ccfc8a.mp3","Мужской"
1872,"צָרִיךְ לִבְדּוֹק אֶת הַבַּלָּמִים.","Нужно проверить тормоза.","Существительные","s_59767173fb34.mp3","Женский"
1873,"הַמּוּסַכְנִיק הֶחְלִיף רְפִידוֹת בֶּלֶם.","Автомеханик заменил тормозные колодки.","Существительные","s_7c28baae3eaf.mp3","Мужской"
1874,"הַמַּצְבֵּר שֶׁל הָרֶכֶב הִתְרוֹקֵן.","Аккумулятор машины разрядился.","Существительные","s_2c4c691af255.mp3","Мужской"
1875,"הוּא מִלֵּא אֲוִויר בַּצְּמִיג.","Он накачал воздух в шину.","Существительные","s_c5c2a844a411.mp3","Мужской"
1876,"הוּא הֶחְלִיף גַּלְגַּל בַּמּוּסָךְ.","Он поменял колесо в автосервисе.","Существительные","s_eacacd554301.mp3","Мужской"
1877,"זֹאת תֵּיבַת הִילּוּכִים אוֹטוֹמָטִית.","Это автоматическая коробка передач.","Существительные","s_6b9ca6b956db.mp3","Мужской"
1878,"הוּא לָחַץ עַל הַמַּצְמֵד.","Он нажал на сцепление.","Существительные","s_8e85d4e5f748.mp3","Мужской"
1879,"יֵשׁ נְזִילָה מֵהָרַדְיָטוֹר הַזֶּה.","Есть утечка из этого радиатора.","Существительные","s_f3fab8b10665.mp3","Мужской"
1880,"צָרִיךְ לְהוֹסִיף שֶׁמֶן מָנוֹעַ.","Нужно долить моторное масло.","Существительные","s_1da35b21eecc.mp3","Мужской"
1881,"הַמּוּסַכְנִיק הֶחְלִיף אֶת הַמַּסְנֵן.","Автомеханик заменил фильтр.","Существительные","s_b99153e1d328.mp3","Женский"
1882,"הַמַּצָּת לֹא פּוֹעֵל כָּרָאוּי.","Свеча зажигания работает не должным образом.","Существительные","s_7093005354cd.mp3","Мужской"
1883,"הוּא הֶחְלִיף רְצוּעַת טַיְימִינְג.","Он заменил ремень ГРМ.","Существительные","s_e8d11164d841.mp3","Мужской"
1884,"הָאַלְטֶרְנָטוֹר לֹא טוֹעֵן מַצְבֵּר.","Генератор не заряжает аккумулятор.","Существительные","s_e1a8b3aceb06.mp3","Мужской"
1885,"הַסְּטַרְטֶר לֹא מַתְנִיעַ כְּלָל.","Стартер вообще не заводит.","Существительные","s_ee01e6b1c357.mp3","Мужской"
1886,"הַחְזֵק אֶת הַהֶגֶה הֵיטֵב.","Держи руль крепко.","Существительные","s_473baca9bf03.mp3","Женский"
1887,"הוּא בָּדַק בּוֹלְמֵי זַעֲזוּעִים.","Он проверил амортизаторы.","Существительные","s_cc657cfcf22a.mp3","Мужской"
1888,"צָרִיךְ לְמַלֵּא נוֹזֵל בְּלָמִים.","Нужно залить тормозную жидкость.","Существительные","s_ba750cbc1c38.mp3","Мужской"
1889,"צָרִיךְ לְהוֹסִיף נוֹזֵל קִירוּר.","Нужно добавить охлаждающую жидкость.","Существительные","s_50b061f9edf9.mp3","Мужской"
1890,"הַפָּנָס הַקִּדְמִי שָׁבוּר.","Передняя фара разбита.","Существительные","s_63a04892ee48.mp3","Мужской"
1891,"הַשִּׁמְשָׁה הַקִּדְמִית נְקִיָּה.","Лобовое стекло чистое.","Существительные","s_e3ab15068ced.mp3","Мужской"
1892,"הַמַּגְבִים לֹא עוֹבְדִים טוֹב.","Дворники плохо работают.","Существительные","s_ec8b5e5993a4.mp3","Мужской"
1893,"יֵשׁ חוֹר בָּאֶגְזוֹז.","В глушителе есть дыра.","Существительные","s_6ef67b6ffd2a.mp3","Мужской"
1894,"יֵשׁ נֶזֶק גָּדוֹל לָרֶכֶב.","У автомобиля большой ущерб.","Существительные","s_01d9764329d1.mp3","Мужской"
1895,"הִזְמַנּוּ חֶלְקֵי חִילּוּף לָרֶכֶב.","Мы заказали запчасти для машины.","Существительные","s_990cbdcacc70.mp3","Мужской"
1896,"תֵּן לִי מַפְתֵּחַ בְּרָגִים.","Дай мне гаечный ключ.","Существительные","s_92fc330acd0f.mp3","Мужской"
1897,"אֲנִי צָרִיךְ מַפְתֵּחַ שְׁוֶודִי.","Мне нужен разводной ключ.","Существительные","s_e96ab1874021.mp3","Мужской"
1898,"הַמַּבְרֵג הַזֶּה קָטָן מִדַּי.","Эта отвёртка слишком мала.","Существительные","s_71855b344b88.mp3","Мужской"
1899,"הַבּוֹרֶג הַזֶּה מְשׁוּחְרָר מְאוֹד.","Этот болт очень ослаблен.","Существительные","s_10973795f3c7.mp3","Мужской"
1900,"אֲנִי צָרִיךְ פְּלָיֶיר חָזָק.","Мне нужны крепкие плоскогубцы.","Существительные","s_d4abf71b29d2.mp3","Мужской"
1901,"הָרֶכֶב עוֹמֵד עַל גַּ׳ק.","Машина стоит на домкрате.","Существительные","s_836af21ba706.mp3","Мужской"
1902,"הָרֶכֶב נִמְצָא עַל הַלִּיפְט.","Машина находится на подъёмнике.","Существительные","s_6057106e63dd.mp3","Мужской"
1903,"אֵיפֹה הַפַּטִּישׁ הַגָּדוֹל שֶׁלִּי?","Где мой большой молоток?","Существительные","s_954c297f210c.mp3","Мужской"
1904,"אֵיפֹה מַד לַחַץ אֲוִויר?","Где манометр давления воздуха?","Существительные","s_1afde4ac6492.mp3","Мужской"
1905,"הַקּוֹמְפְּרֶסוֹר עוֹבֵד עַכְשָׁיו מְצוּיָן.","Компрессор сейчас отлично работает.","Существительные","s_d1314cf13e23.mp3","Мужской"
1906,"תְּחַבֵּר מַכְשִׁיר דִּיאַגְנוֹסְטִיקָה לָרֶכֶב.","Подключи диагностический прибор к машине.","Существительные","s_2311670470e2.mp3","Мужской"
1907,"הַסּוֹלְלָה שֶׁל הַמַּבְרֵגָה נִגְמְרָה.","Батарея шуруповёрта села.","Существительные","s_6f7dbbea422d.mp3","Мужской"
1908,"יֵשׁ לְךָ כַּבְלֵי הַתְנָעָה?","У тебя есть провода для прикуривания?","Существительные","s_0fb751463b18.mp3","Мужской"
1909,"צָרִיךְ מַשְׁפֵּךְ לְמִלּוּי שֶׁמֶן.","Нужна воронка для заливки масла.","Существительные","s_98265efd8d51.mp3","Мужской"
1910,"קָנִיתִי מֵיכַל שֶׁמֶן חָדָשׁ.","Я купил новую канистру масла.","Существительные","s_985ead95146e.mp3","Мужской"
1911,"תָּשִׂים כְּפָפוֹת עֲבוֹדָה עַכְשָׁיו.","Надень сейчас рабочие перчатки.","Существительные","s_3001c3fcbcd6.mp3","Мужской"
1912,"יֵשׁ פֹּה סְמַרְטוּטִים נְקִיִּים.","Здесь есть чистые тряпки.","Существительные","s_e978b706c0f9.mp3","Мужской"
1913,"אֲנִי צָרִיךְ פָּנַס רֹאשׁ.","Мне нужен налобный фонарь.","Существительные","s_fade63bfd34d.mp3","Мужской"
1914,"תְּהַדֵּק אֶת הַחֵלֶק בַּמֶּלְחָצַיִם.","Зажми деталь в тисках.","Существительные","s_55aa6b212931.mp3","Женский"
1915,"אֵיפֹה מַסּוֹר הַמַּתֶּכֶת שֶׁלָּנוּ?","Где наша ножовка по металлу?","Существительные","s_eee1e6d16c51.mp3","Мужской"
1916,"מַד הָעוֹמֶק מַרְאֶה שְׁחִיקָה.","Глубиномер показывает износ.","Существительные","s_41d0c238535e.mp3","Мужской"
1917,"צָרִיךְ חוֹמֶר שִׁימּוּן לַבּוֹרֶג.","Нужна смазка для болта.","Существительные","s_c00a957f2add.mp3","Мужской"
1918,"תַּפְעִיל אֶת שׁוֹאֵב הַשֶּׁמֶן.","Включи установку откачки масла.","Существительные","s_fca3a9790739.mp3","Женский"
1919,"תָּשִׂים מַעֲמָד תַּחַת הָרֶכֶב.","Поставь опору под машину.","Существительные","s_224d3342df23.mp3","Мужской"
1920,"תִּפְתַּח אֶת אַרְגַּז הַכֵּלִים.","Открой ящик с инструментами.","Существительные","s_f11d62f0930f.mp3","Женский"
1921,"תַּגִּיד, מָה הַבְּעָיָה בָּרֶכֶב?","Скажи, в чём проблема с машиной?","Существительные","s_2d13a8dfd171.mp3","Мужской"
1922,"הַבּוֹקֶר הָרֶכֶב לֹא מֵנִיעַ.","Утром машина не заводится.","Существительные","s_ba1d920e1336.mp3","Мужской"
1923,"יֵשׁ רַעַשׁ מוּזָר מֵהַמָּנוֹעַ.","Из двигателя доносится странный шум.","Существительные","s_29925d00d3b9.mp3","Мужской"
1924,"בִּזְמַן עֲצִירָה הַבְּלָמִים חוֹרְקִים.","При остановке скрипят тормоза.","Существительные","s_5e1e1e89dd89.mp3","Мужской"
1925,"אֶתְמוֹל נִדְלְקָה נוּרַת מָנוֹעַ.","Вчера загорелся чек двигателя.","Существительные","s_32dc2f2b3ffe.mp3","Мужской"
1926,"הַמַּצְבֵּר שֶׁלִּי הִתְרוֹקֵן לְגַמְרֵי.","Мой аккумулятор полностью разрядился.","Существительные","s_7085d1d39510.mp3","Мужской"
1927,"יֵשׁ דְּלִיפַת שֶׁמֶן גְּדוֹלָה.","Есть большая утечка масла.","Существительные","s_63b5a4c2dc35.mp3","Мужской"
1928,"בַּנְּסִיעָה הַמָּנוֹעַ מִתְחַמֵּם מַהֵר.","Во время поездки мотор быстро нагревается.","Существительные","s_adf1a30edd1a.mp3","Мужской"
1929,"הִרְגַּשְׁתָּ רְעִידָה חֲזָקָה בַּהֶגֶה?","Ты почувствовал сильную вибрацию в руле?","Существительные","s_60774e2a0b01.mp3","Мужской"
1930,"כַּמָּה זֶה יַעֲלֶה בְּעֵרֶךְ?","Сколько это примерно будет стоить?","Существительные","s_eb73d83d0516.mp3","Мужской"
1931,"אֶפְשָׁר הַצָּעַת מְחִיר לְתִיקּוּן?","Можно расчет стоимости ремонта?","Существительные","s_a057750adf59.mp3","Мужской"
1932,"חֵלֶק מְקוֹרִי אוֹ חֲלִיפִי?","Деталь оригинальная или аналог?","Существительные","s_81262baf3497.mp3","Мужской"
1933,"כַּמָּה זְמַן יִקַּח הַתִּיקּוּן?","Сколько времени займет ремонт?","Существительные","s_e8a4f25e395c.mp3","Мужской"
1934,"הָרֶכֶב יִהְיֶה מוּכָן הַיּוֹם.","Машина будет готова сегодня.","Существительные","s_e91ed534085e.mp3","Мужской"
1935,"נִתְקַשֵּׁר כְּשֶׁזֶּה יִהְיֶה מוּכָן.","Мы позвоним, когда всё будет готово.","Существительные","s_e2122de45b94.mp3","Мужской"
1936,"עָשִׂיתִי טִיפּוּל עֲשֶׂרֶת אֲלָפִים.","Я сделал плановое техобслуживание.","Существительные","s_ebc6842488a5.mp3","Мужской"
1937,"סִיַּמְנוּ הֲכָנָה לְטֶסְט שְׁנָתִי.","Мы завершили подготовку к ежегодному техосмотру.","Существительные","s_c1f6e60f0c2f.mp3","Мужской"
1938,"הַיּוֹם הָרֶכֶב עָבַר טֶסְט!","Сегодня машина прошла техосмотр!","Существительные","s_d97b3d3c4819.mp3","Мужской"
1939,"יֵשׁ אַחְרָיוּת עַל הַתִּיקּוּן?","Есть ли гарантия на ремонт?","Существительные","s_f7093e241d35.mp3","Мужской"
1940,"זֹאת חֶבְרַת בִּיטּוּחַ טוֹבָה.","Это хорошая страховая компания.","Существительные","s_5941292d78cc.mp3","Мужской"
1941,"שַׁמַּאי הָרֶכֶב כְּבָר בָּדַק.","Автооценщик уже всё проверил.","Существительные","s_fb42a74f0bfb.mp3","Мужской"
1942,"מִילֵּאתָ דּוּ""חַ תְּאוּנָה מְפוֹרָט?","Ты заполнил подробный отчёт об аварии?","Существительные","s_7c95f872fdf6.mp3","Мужской"
1943,"הָרֶכֶב הוּא טוֹטָל-לוֹס.","Машина восстановлению не подлежит.","Существительные","s_c2cab38bb189.mp3","Мужской"
1944,"קִבַּלְתָּ חֶשְׁבּוֹנִית וְקַבָּלָה בַּמּוּסָךְ?","Ты получил квитанцию в автосервисе?","Существительные","s_5fc1d3362c4b.mp3","Мужской"
1945,"נְסִיעָה טוֹבָה וּבְטוּחָה לָכֶם!","Хорошей и безопасной поездки вам!","Существительные","s_8343aedd763a.mp3","Мужской"
1946,"הַיְּלָדִים יוֹשְׁבִים בַּמִּפְגָּשׁ.","Дети сидят на утреннем сборе.","Существительные","s_e64425553f6d.mp3","Мужской"
1947,"הַיְּלָדִים מְשַׂחֲקִים בֶּחָצֵר.","Дети играют во дворе.","Существительные","s_944ec03596e9.mp3","Мужской"
1948,"הַיֶּלֶד בּוֹנֶה בְּאַרְגַּז חוֹל.","Ребёнок строит в песочнице.","Существительные","s_0dd32481ff36.mp3","Мужской"
1949,"זֹאת מַגְלֵשָׁה גְּדוֹלָה מְאוֹד.","Это очень большая горка.","Существительные","s_8f223dbf0310.mp3","Мужской"
1950,"הִיא אוֹהֶבֶת אֶת הַנַּדְנֵדָה.","Она любит качели.","Существительные","s_838f9ddcd7a5.mp3","Женский"
1951,"זֶה מִשְׂחָק חָדָשׁ בַּגַּן.","Это новая игра в детском саду.","Существительные","s_7ca15b23db60.mp3","Мужской"
1952,"הַיַּלְדָּה מְשַׂחֶקֶת עִם בּוּבָּה.","Девочка играет с куклой.","Существительные","s_f205b3d6a2fa.mp3","Женский"
1953,"הֵם בּוֹנִים מִגְדָּל מִקּוּבִּיּוֹת.","Они строят башню из кубиков.","Существительные","s_7147ced87312.mp3","Мужской"
1954,"הַיְּלָדִים מְפַסְּלִים בִּפְלַסְטֶלִינָה וּבָצֵק.","Дети лепят из пластилина и теста.","Существительные","s_ac71a0b478d9.mp3","Мужской"
1955,"קַח צְבָעִים וּתְצַיֵּר יָפֶה.","Возьми цветные карандаши и красиво рисуй.","Существительные","s_249afb95fa4e.mp3","Мужской"
1956,"אֵלֶּה טוּשִׁים צִבְעוֹנִיִּים מְאוֹד.","Это очень яркие фломастеры.","Существительные","s_450a48d3f602.mp3","Мужской"
1957,"תֵּן לִי דֶּבֶק, בְּבַקָּשָׁה.","Дай мне клей, пожалуйста.","Существительные","s_f09026cc0ea0.mp3","Мужской"
1958,"אֵלֶּה מִסְפָּרַיִם בְּטוּחוֹת לִילָדִים.","Это безопасные ножницы для детей.","Существительные","s_de72224c604e.mp3","Мужской"
1959,"נְצַיֵּר עַל בְּרִיסְטוֹל גָּדוֹל.","Нарисуем на большом ватмане.","Существительные","s_b0edd47fc10d.mp3","Мужской"
1960,"צָרִיךְ לְהַחְלִיף לוֹ חִיתּוּל.","Нужно поменять ему подгузник.","Существительные","s_31d7b63df9a0.mp3","Мужской"
1961,"קַח מַגְבּוֹנִים לַחִים בַּתִּיק.","Возьми влажные салфетки в сумке.","Существительные","s_790b73770258.mp3","Мужской"
1962,"אֵיפֹה הַמּוֹצֵץ שֶׁל הַתִּינוֹק?","Где пустышка малыша?","Существительные","s_e1b587661b36.mp3","Мужской"
1963,"הַבַּקְבּוּק מָלֵא בְּמַיִם.","Бутылочка полна воды.","Существительные","s_9d662bfa3e53.mp3","Мужской"
1964,"הַיֶּלֶד יָשֵׁן עַל מִזְרָן.","Ребёнок спит на матрасе.","Существительные","s_0e46fe6aa475.mp3","Мужской"
1965,"הוּא מְחַבֵּק אֶת שְׂמִיכִי.","Он обнимает своё одеяльце.","Существительные","s_40a6701128aa.mp3","Женский"
1966,"עַכְשָׁיו אוֹכְלִים אֲרוּחַת עֶשֶׂר.","Сейчас мы едим второй завтрак.","Существительные","s_3aaf75227d55.mp3","Мужской"
1967,"הַיּוֹם יֵשׁ קַבָּלַת שַׁבָּת.","Сегодня встреча Шаббата в саду.","Существительные","s_1b07232f9bfd.mp3","Мужской"
1968,"הֵבֵאתָ בְּגָדִים לְהַחְלָפָה לַגַּן?","Ты принёс сменную одежду в садик?","Существительные","s_95ceba5bc5f0.mp3","Мужской"
1969,"שִׂים מִשְׂחָקִים בַּסַּלְסִילָה הַזֹּאת.","Сложи игрушки в эту корзинку.","Существительные","s_d12264857435.mp3","Мужской"
1970,"בּוֹקֶר טוֹב לְכוּלָּם, יְלָדִים!","Доброе утро всем, дети!","Существительные","s_f0194b721c78.mp3","Мужской"
1971,"בּוֹאוּ נֵשֵׁב בְּמַעְגָּל עַכְשָׁיו.","Давайте сядем в круг сейчас.","Существительные","s_a990d5d086cc.mp3","Мужской"
1972,"יוֹסִי, תּוֹרְךָ עַכְשָׁיו לְשַׂחֵק.","Йоси, сейчас твоя очередь играть.","Существительные","s_33ed72c64452.mp3","Мужской"
1973,"לֹא לְהַרְבִּיץ, מְדַבְּרִים בְּמִילִּים!","Не драться, мы говорим словами!","Существительные","s_9bd0fba959c0.mp3","Мужской"
1974,"אֶפְשָׁר לְשַׁתֵּף בַּמִּשְׂחָק הַזֶּה?","Можно поделиться этой игрой?","Существительные","s_9b3bb16f3c0e.mp3","Мужской"
1975,"אַל תִּדְאַג, אִמָּא תָּבוֹא.","Не волнуйся, мама скоро придёт.","Существительные","s_8d59a467db0c.mp3","Мужской"
1976,"יְלָדִים, לְמִי יֵשׁ פִּיפִּי?","Дети, кто хочет в туалет?","Существительные","s_ddcecf2b3f95.mp3","Мужской"
1977,"עַכְשָׁיו אוֹסְפִים אֶת הַמִּשְׂחָקִים!","Сейчас собираем все игрушки!","Существительные","s_648e514744cc.mp3","Женский"
1978,"שָׁטַפְתָּ יָדַיִם עִם סַבּוֹן?","Ты помыл руки с мылом?","Существительные","s_b917ee7eb18e.mp3","Мужской"
1979,"כָּל הַכָּבוֹד, אֵיזֶה יוֹפִי!","Молодец, какая красота!","Существительные","s_1b3b7875cf3a.mp3","Мужской"
1980,"בּוֹא נְנַגֵּב אֶת הַדְּמָעוֹת.","Давай вытрем слёзы.","Существительные","s_9136391f4e73.mp3","Женский"
1981,"חִיבּוּק גָּדוֹל וְהַכֹּל עוֹבֵר!","Большое объятие — и всё пройдёт!","Существительные","s_29284c7e7870.mp3","Мужской"
1982,"עַכְשָׁיו זְמַן מְנוּחָה בַּגַּן.","Сейчас время отдыха в саду.","Существительные","s_bf404099f9f8.mp3","Мужской"
1983,"שִׂימוּ נַעֲלַיִם, יוֹצְאִים לֶחָצֵר!","Надевайте обувь, выходим во двор!","Существительные","s_9edc283eea76.mp3","Мужской"
1984,"זְהִירוּת עַל הַמַּגְלֵשָׁה הַזֹּאת!","Осторожно на этой горке!","Существительные","s_513e976ae519.mp3","Мужской"
1985,"מָה אָמַרְנוּ עַל חוֹל?","Что мы говорили о песке?","Существительные","s_f4d5494dbd3e.mp3","Мужской"
1986,"הוּא אָכַל יָפֶה מְאוֹד.","Он очень хорошо поел.","Существительные","s_01f06e189a8e.mp3","Мужской"
1987,"הִיא יָשְׁנָה שָׁעָה וָחֵצִי.","Она поспала полтора часа.","Существительные","s_afa641c527bd.mp3","Женский"
1988,"הָיְתָה לוֹ מַכָּה קְטַנָּה.","У него был небольшой ушиб.","Существительные","s_a60bbe9abc26.mp3","Мужской"
1989,"צָרִיךְ לְהָבִיא חִיתּוּלִים לַגַּן.","Нужно принести подгузники в садик.","Существительные","s_ae15ad36ba16.mp3","Мужской"
1990,"נָא לְהָבִיא בְּגָדִים לְהַחְלָפָה.","Пожалуйста, принесите сменную одежду.","Существительные","s_9f61eeedfce4.mp3","Мужской"
1991,"הוּא אַבָּא שֶׁל שַׁבָּת.","Он — «папа Шаббата».","Существительные","s_ad8ff92b0b84.mp3","Мужской"
1992,"שַׁבָּת שָׁלוֹם לְכָל הַמִּשְׁפָּחָה!","Шаббат шалом всей семье!","Существительные","s_a7a014fcd3bc.mp3","Мужской"
1993,"נִתְרָאֶה מָחָר בַּבּוֹקֶר!","Увидимся завтра утром!","Существительные","s_621c70905a87.mp3","Мужской"
1994,"יֵשׁ לוֹ דַּלֶּקֶת רֵיאוֹת.","У него воспаление лёгких.","Существительные","s_167a7e87b128.mp3","Мужской"
1995,"יֵשׁ לָהּ דַּלֶּקֶת גָּרוֹן.","У неё воспаление горла.","Существительные","s_e7ae505f76d7.mp3","Мужской"
1996,"הִיא חוֹלָה בְּשַׁפַּעַת עַכְשָׁיו.","Она сейчас больна гриппом.","Существительные","s_ad4e9870b7f5.mp3","Женский"
1997,"זֹאת רַק הִצְטַנְּנוּת קַלָּה.","Это просто лёгкая простуда.","Существительные","s_b859b92997cf.mp3","Мужской"
1998,"יֵשׁ זִיהוּם בַּפֶּצַע הַזֶּה.","В этой ране инфекция.","Существительные","s_9e8fe8e3d993.mp3","Мужской"
1999,"יֵשׁ לַיֶּלֶד חוֹם גָּבוֹהַּ.","У ребёнка высокая температура.","Существительные","s_2fbbd44d9e20.mp3","Мужской"
2000,"הָרוֹפֵא מָצָא שֶׁבֶר בָּרֶגֶל.","Врач обнаружил перелом в ноге.","Существительные","s_21d47e3afcc1.mp3","Мужской"
2001,"זֶה רַק נֶקַע קַל.","Это просто лёгкое растяжение связок.","Существительные","s_0f2cd07102c4.mp3","Мужской"
2002,"יֵשׁ לִי אַלֶּרְגְיָה לִתְרוּפוֹת.","У меня аллергия на лекарства.","Существительные","s_cac5baf50e96.mp3","Мужской"
2003,"יֵשׁ לוֹ מַחֲלַת סוּכֶּרֶת.","У него сахарный диабет.","Существительные","s_aa8212b3f653.mp3","Мужской"
2004,"לַחַץ הַדָּם שֶׁלּוֹ גָּבוֹהַּ.","Его кровяное давление высокое.","Существительные","s_aa4d1b97bef6.mp3","Мужской"
2005,"יֵשׁ לָהּ מִיגְרֶנָה חֲזָקָה.","У неё сильная мигрень.","Существительные","s_322b386d28b3.mp3","Мужской"
2006,"יֵשׁ לַיֶּלֶד פְּרִיחָה קַלָּה.","У ребёнка лёгкая сыпь.","Существительные","s_e26a68215679.mp3","Мужской"
2007,"יֵשׁ לוֹ קוֹצֶר נְשִׁימָה.","У него одышка.","Существительные","s_a8194b9b4e66.mp3","Мужской"
2008,"הַתְּרוּפָה הַזֹּאת עוֹזֶרֶת לְצָרֶבֶת.","Это лекарство помогает от изжоги.","Существительные","s_e1d730881dc2.mp3","Мужской"
2009,"מַיִם עוֹזְרִים נֶגֶד עֲצִירוּת.","Вода помогает против запора.","Существительные","s_25aae4239193.mp3","Мужской"
2010,"יֵשׁ לוֹ שִׁלְשׁוּל וְחוֹם.","У него понос и температура.","Существительные","s_a2e2dd34e754.mp3","Мужской"
2011,"זֹאת כְּוִיָּה קַלָּה בַּיָּד.","Это лёгкий ожог на руке.","Существительные","s_b65e1c9f5eb0.mp3","Мужской"
2012,"הָרוֹפֵא חָבַשׁ אֶת הַפֶּצַע.","Врач перевязал рану.","Существительные","s_777a8529783f.mp3","Женский"
2013,"הוּא עָבַר שָׁבָץ מוֹחִי.","Он перенёс инсульт.","Существительные","s_36b1b04415aa.mp3","Мужской"
2014,"הָיָה לוֹ הֶתְקֵף לֵב.","У него был сердечный приступ.","Существительные","s_7b424e1269b9.mp3","Мужской"
2015,"יֵשׁ לָהּ הַרְעָלַת קֵיבָה.","У неё пищевое отравление.","Существительные","s_42002c6db732.mp3","Мужской"
2016,"הִיא סוֹבֶלֶת מֵחֲרָדָה עַכְשָׁיו.","Она сейчас страдает от тревожности.","Существительные","s_87684f6d6a8e.mp3","Женский"
2017,"צָרִיךְ לַעֲשׂוֹת בְּדִיקַת שֶׁתֶן.","Нужно сделать анализ мочи.","Существительные","s_bd94002b249b.mp3","Мужской"
2018,"הָרוֹפֵא עָשָׂה אוּלְטְרָסָאוּנְד הַיּוֹם.","Врач сделал УЗИ сегодня.","Существительные","s_a804fc661553.mp3","Мужской"
2019,"עָשִׂיתִי בְּדִיקַת סִי-טִי הַיּוֹם.","Я сделал КТ-обследование сегодня.","Существительные","s_495dc7bf7063.mp3","Мужской"
2020,"יֵשׁ לִי הַפְנָיָה לְמוּמְחֶה.","У меня есть направление к специалисту.","Существительные","s_4bbd7f715551.mp3","Мужской"
2021,"שָׂמוּ לוֹ גֶּבֶס עַכְשָׁיו.","Ему наложили гипс сейчас.","Существительные","s_7086d3c2f3c2.mp3","Мужской"
2022,"הָרוֹפֵא הוֹרִיד אֶת הַתְּפָרִים.","Врач снял швы.","Существительные","s_e04301cd22e2.mp3","Женский"
2023,"הַחוֹלֶה מְקַבֵּל עֵירוּי עַכְשָׁיו.","Пациент сейчас получает капельницу.","Существительные","s_fa4f4463dd47.mp3","Мужской"
2024,"הָלַכְנוּ אֶל רוֹפֵא יְלָדִים.","Мы пошли к педиатру.","Существительные","s_68f9b6e2b3dc.mp3","Мужской"
2025,"אֲנִי צָרִיךְ תְּעוּדַת מַחֲלָה.","Мне нужен больничный лист.","Существительные","s_5fb9c9bc338e.mp3","Мужской"
2026,"הָרוֹפֵא נִכְנַס לַחֲדַר נִיתּוּחַ.","Врач зашёл в операционную.","Существительные","s_f301db757cbd.mp3","Мужской"
2027,"עָשִׂינוּ בְּדִיקָה מַקְדִּימָה הַיּוֹם.","Мы прошли предварительное обследование сегодня.","Существительные","s_13342f43fe26.mp3","Мужской"
2028,"קָבַעְתִּי תּוֹר לָרוֹפֵא הַיּוֹם.","Я записался на приём к врачу сегодня.","Существительные","s_edc60e9416cb.mp3","Мужской"
2029,"בַּמֶּה אוּכַל לַעֲזוֹר לְךָ?","Чем я могу вам помочь?","Существительные","s_a5e645a472c0.mp3","Мужской"
2030,"אֵיפֹה בְּדִיּוּק כּוֹאֵב לְךָ?","Где именно у вас болит?","Существительные","s_5d49d15a87ea.mp3","Мужской"
2031,"כַּמָּה זְמַן מַרְגִּישׁ כָּכָה?","Сколько времени вы так себя чувствуете?","Существительные","s_0cffc07e5835.mp3","Мужской"
2032,"תִּנְשׁוֹם עָמוֹק וְתַחֲזִיק.","Вдохните глубоко и задержите дыхание.","Существительные","s_05f5f36425d3.mp3","Мужской"
2033,"תִּפְתַּח אֶת הַפֶּה, בְּבַקָּשָׁה.","Откройте рот, пожалуйста.","Существительные","s_72016de8b811.mp3","Женский"
2034,"תִּשְׁכַּב עַל מִיטַּת הַבְּדִיקָה.","Ложитесь на смотровую кушетку.","Существительные","s_2be5a927d1b9.mp3","Мужской"
2035,"יֵשׁ לְךָ רְגִישׁוּת לִתְרוּפוֹת?","У вас есть аллергия на лекарства?","Существительные","s_adc58fbc6f81.mp3","Мужской"
2036,"זֶה נִרְאֶה כְּמוֹ דַּלֶּקֶת.","Это выглядит как воспаление.","Существительные","s_028f4069d6cf.mp3","Мужской"
2037,"אֲנִי רוֹשֵׁם לְךָ אַנְטִיבִּיּוֹטִיקָה.","Я выписываю вам антибиотик.","Существительные","s_30898865c69a.mp3","Мужской"
2038,"חָשׁוּב לִשְׁתּוֹת הַרְבֵּה מַיִם.","Важно пить много воды.","Существительные","s_e717cb6e8278.mp3","Мужской"
2039,"תִּשָּׁאֵר בַּמִּיטָּה שְׁלוֹשָׁה יָמִים.","Оставайся в постели три дня.","Существительные","s_f768b0aa7534.mp3","Мужской"
2040,"הִנֵּה הַפְנָיָה לִבְדִיקַת דָּם.","Вот направление на анализ крови.","Существительные","s_67cd505fbd08.mp3","Мужской"
2041,"תַּחְזוֹר אֵלַי עִם הַתּוֹצָאוֹת.","Вернись ко мне с результатами.","Существительные","s_8428e67890ae.mp3","Мужской"
2042,"תִּיגַּשׁ לַמִּיּוּן בִּגְלַל הַחוֹם.","Обратись в приёмный покой из-за температуры.","Существительные","s_9a9f9f20b242.mp3","Мужской"
2043,"הַמַּצָּב שֶׁלְּךָ מִשְׁתַּפֵּר יָפֶה.","Твоё состояние хорошо улучшается.","Существительные","s_6949db1fd031.mp3","Мужской"
2044,"לֹא לַעֲשׂוֹת מַאֲמָץ גּוּפָנִי!","Не совершать физических усилий!","Существительные","s_aee8e53d587b.mp3","Мужской"
2045,"אַל תִּדְאַג, הַכּוֹל בְּסֵדֶר.","Не волнуйся, всё в порядке.","Существительные","s_199bc231afa1.mp3","Мужской"
2046,"רְפוּאָה שְׁלֵמָה וְתַרְגִּישׁ טוֹב!","Скорейшего выздоровления и чувствуй себя хорошо!","Существительные","s_6c1a9ba084b6.mp3","Мужской"
2047,"אֲנִי צָרִיךְ תְּעוּדַת מַחֲלָה.","Мне нужна справка о болезни.","Существительные","s_5fb9c9bc338e.mp3","Мужской"
2048,"קַח תְּרוּפָה עִם אוֹכֶל.","Прими лекарство с едой.","Существительные","s_f6daa78a4b70.mp3","Мужской"
2049,"יֵשׁ לַתְּרוּפָה תּוֹפָעוֹת לְוַאי?","У этого лекарства есть побочные эффекты?","Существительные","s_04c713235805.mp3","Мужской"
2050,"צָרִיךְ לְהַרְבּוֹת בִּמְנוּחָה בַּבַּיִת.","Нужно больше отдыхать дома.","Существительные","s_fb5aa0a160e3.mp3","Мужской"
2051,"עָלֵינוּ לְשַׁלֵּם מַעַ״מ הַחוֹדֶשׁ.","Мы должны заплатить НДС в этом месяце.","Существительные","s_ffde344978de.mp3","Мужской"
2052,"הוּא מְשַׁלֵּם מַס בְּרִיאוּת.","Он платит налог на здравоохранение.","Существительные","s_7d24acff750b.mp3","Мужской"
2053,"שִׁילַּמְנוּ מִקְדָּמוֹת לְמַס הַכְנָסָה.","Мы заплатили авансы в подоходный налог.","Существительные","s_9fe7dcb2c8ac.mp3","Мужской"
2054,"יֵשׁ נִיכּוּי בַּמָּקוֹר מֵהַשָּׂכָר.","Есть удержание у источника из зарплаты.","Существительные","s_8f3ba7a15c92.mp3","Мужской"
2055,"יֵשׁ לָהּ נְקוּדּוֹת זִיכּוּי.","У неё есть льготные налоговые баллы.","Существительные","s_7cc5de7a9839.mp3","Мужской"
2056,"קִבַּלְתִּי הֶחְזֵר מַס גָּדוֹל.","Я получил большой возврат налога.","Существительные","s_d09635fc79f3.mp3","Мужской"
2057,"שְׁנַת מַס חֲדָשָׁה הִתְחִילָה.","Начался новый налоговый год.","Существительные","s_bb963667de48.mp3","Мужской"
2058,"זֹאת הוֹצָאָה מוּכֶּרֶת לְמַס.","Это признанный налогом расход.","Существительные","s_6b8f917626fc.mp3","Мужской"
2059,"זֹאת הוֹצָאָה עִסְקִית הֶכְרֵחִית.","Это необходимый деловой расход.","Существительные","s_9e6efa3af827.mp3","Мужской"
2060,"חִשַּׁבְנוּ אֶת הַפְּחָת הַשְּׁנָתִי.","Мы рассчитали годовую амортизацию.","Существительные","s_951d262d91ce.mp3","Женский"
2061,"הוּא שִׁילֵּם קְנָס כָּבֵד.","Он заплатил большой штраф.","Существительные","s_76f0883874d4.mp3","Мужской"
2062,"הִגִּיעָה שׁוּמַת מַס סוֹפִית.","Пришло окончательное налоговое извещение.","Существительные","s_c6c225874f35.mp3","Мужской"
2063,"פְּקִיד שׁוּמָה בָּדַק אוֹתָנוּ.","Налоговый инспектор проверил нас.","Существительные","s_6fc15fc2cc5f.mp3","Мужской"
2064,"הִגַּשְׁנוּ הַצְהָרַת הוֹן בַּזְּמַן.","Мы подали декларацию о капитале вовремя.","Существительные","s_10733964f1e4.mp3","Мужской"
2065,"יֵשׁ לוֹ פְּטוֹר מִמַּס.","У него есть освобождение от налога.","Существительные","s_527e074d6f1e.mp3","Мужской"
2066,"הוּא שִׁילֵּם מַס שֶׁבַח.","Он заплатил налог на прирост стоимости недвижимости.","Существительные","s_5d41a2f40b23.mp3","Мужской"
2067,"הַחֶבְרָה מְשַׁלֶּמֶת מַס חֲבָרוֹת.","Компания платит корпоративный налог.","Существительные","s_51fcd33495ca.mp3","Мужской"
2068,"זֹאת קֶרֶן פֶּנְסְיָה מְצוּיֶּנֶת.","Это отличный пенсионный фонд.","Существительные","s_d3d5dfb4ff60.mp3","Мужской"
2069,"הִיא קִבְּלָה פִּיצּוּיֵי פִּיטּוּרִין.","Она получила выходное пособие.","Существительные","s_0bfe08f672e6.mp3","Женский"
2070,"יֵשׁ תִּקְרַת הַכְנָסָה שְׁנָתִית.","Есть годовой потолок дохода.","Существительные","s_fb9c6672b55f.mp3","Мужской"
2071,"הוֹצֵאתִי חֶשְׁבּוֹנִית מַס לַלָּקוֹחַ.","Я выписал клиенту налоговую накладную.","Существительные","s_ddc8b355dd30.mp3","Мужской"
2072,"נִשְׁלְחָה חֶשְׁבּוֹנִית מַס קַבָּלָה.","Была отправлена квитанция-накладная.","Существительные","s_c31b600c7901.mp3","Мужской"
2073,"קִבַּלְנוּ חֶשְׁבּוֹנִית עִסְקָה לִתְשְׁלוּם.","Мы получили счёт на оплату.","Существительные","s_28526ef22bbf.mp3","Мужской"
2074,"הוּפְקָה הוֹדָעַת זִיכּוּי לַלָּקוֹחַ.","Была выпущена кредит-нота клиенту.","Существительные","s_0d40d1e5cf7b.mp3","Мужской"
2075,"בָּדַקְתִּי אֶת תְּלוּשׁ הַשָּׂכָר.","Я проверил расчетный лист.","Существительные","s_ce48ecdd91d0.mp3","Женский"
2076,"מִילֵּאתִי טוֹפֶס 101 הַיּוֹם.","Я заполнил бланк 101 сегодня.","Существительные","s_d4e6330b6396.mp3","Мужской"
2077,"קִבַּלְתִּי טוֹפֶס 106 מֵהַמַּעֲסִיק.","Я получил форму 106 от работодателя.","Существительные","s_5d96e15b3203.mp3","Мужской"
2078,"הוּא נִרְשַׁם כְּעוֹסֵק פָּטוּר.","Он зарегистрировался как освобождённый предприниматель.","Существительные","s_48c8c3e0c824.mp3","Мужской"
2079,"הִיא נִרְשְׁמָה כְּעוֹסֵק מוּרְשֶׁה.","Она зарегистрировалась как лицензированный предприниматель.","Существительные","s_612adc4d0c4c.mp3","Женский"
2080,"הֵם הֵקִימוּ חֶבְרָה בְּעָ״מ.","Они открыли компанию ООО.","Существительные","s_6778bce19788.mp3","Мужской"
2081,"רוֹאֵה הַחֶשְׁבּוֹן הֵכִין מַאֲזָן.","Бухгалтер подготовил баланс.","Существительные","s_34556d8d4685.mp3","Мужской"
2082,"בָּדַקְנוּ דּוּ״חַ רֶוַח וְהֶפְסֵד.","Мы проверили отчет о прибылях и убытках.","Существительные","s_9f7acd54108b.mp3","Мужской"
2083,"יֵשׁ תַּזְרִים מְזוּמָּנִים חִיּוּבִי.","Есть положительный денежный поток.","Существительные","s_fcfe475c999b.mp3","Мужской"
2084,"לַחֶבְרָה יֵשׁ נְכָסִים רַבִּים.","У компании много активов.","Существительные","s_1a7094598688.mp3","Мужской"
2085,"יֵשׁ לָנוּ הִתְחַיְּבוּיוֹת גְּדוֹלוֹת.","У нас большие финансовые обязательства.","Существительные","s_64e070536497.mp3","Мужской"
2086,"הַבַּנְק אִישֵּׁר אַשְׁרַאי נוֹסָף.","Банк утвердил дополнительный кредит.","Существительные","s_3ef6ed3a88b0.mp3","Мужской"
2087,"יֵשׁ לָנוּ מִינוּס בַּבַּנְק.","У нас минус в банке.","Существительные","s_008e5b2949b5.mp3","Мужской"
2088,"בַּחֶשְׁבּוֹן יֵשׁ יִתְרַת זְכוּת.","На счёте есть положительный баланс.","Существительные","s_807f3f5743c9.mp3","Мужской"
2089,"נָא לְהַעֲבִיר אֶת הַקַּבָּלוֹת.","Пожалуйста, передайте квитанции.","Существительные","s_66eb5f1b8670.mp3","Женский"
2090,"זֹאת הוֹצָאָה גְּדוֹלָה מְאוֹד.","Это очень большой расход.","Существительные","s_8dd3be23ce8a.mp3","Мужской"
2091,"חֲסֵרָה לִי חֶשְׁבּוֹנִית אַחַת.","Мне не хватает одной квитанции.","Существительные","s_2bbe6fbc90c1.mp3","Мужской"
2092,"צָרִיךְ לַעֲשׂוֹת תֵּיאוּם מַס.","Нужно сделать согласование налога.","Существительные","s_03e3aad4bf3c.mp3","Мужской"
2093,"הַדּוּ״חַ הַשְּׁנָתִי הוּגַשׁ הַיּוֹם.","Годовой отчёт был подан сегодня.","Существительные","s_ebcceb89c453.mp3","Мужской"
2094,"יֵשׁ לְשַׁלֵּם אֶת הַמַּעַ״מ.","Нужно заплатить НДС.","Существительные","s_0d04b1a60353.mp3","Женский"
2095,"הַאִם יֵשׁ לְךָ תְּעוּדָה?","Есть ли у тебя удостоверение?","Существительные","s_63aea87233c0.mp3","Мужской"
2096,"יֵשׁ לָנוּ הַכְנָסָה טוֹבָה.","У нас хороший доход.","Существительные","s_a99599cd474c.mp3","Мужской"
2097,"זֶה תַּפְקִיד חָשׁוּב מְאוֹד.","Это очень важная должность.","Существительные","s_564efcef80ee.mp3","Мужской"
2098,"זֶה מַתְאִים לִי מְאוֹד.","Это мне очень подходит.","Существительные","s_90726ed7e69b.mp3","Мужской"
2099,"צָרִיךְ לְעַדְכֵּן אֶת הַפְּרָטִים.","Нужно обновить данные.","Существительные","s_fd1faad731ff.mp3","Женский"
2100,"קִבַּלְתָּ מִכְתָּב מֵהַבַּנְק?","Ты получил письмо из банка?","Существительные","s_827d998d84bb.mp3","Мужской"
2101,"הַחֶשְׁבּוֹן שֶׁלְּךָ כְּבָר סָגוּר.","Твой счёт уже закрыт.","Существительные","s_ac3b67cbe29f.mp3","Мужской"
2102,"אֶפְשָׁר לִפְרוֹס אֶת הַתַּשְׁלוּם.","Можно разбить платёж на части.","Существительные","s_7c1330fc2266.mp3","Женский"
2103,"נָא לַחְתּוֹם עַל הַטּוֹפֶס.","Пожалуйста, подпишите бланк.","Существительные","s_867059813d9f.mp3","Мужской"
2104,"הַשָּׂכָר שֶׁלִּי מְאוֹד טוֹב.","Моя зарплата очень хорошая.","Существительные","s_67abd488b6a8.mp3","Мужской"
2105,"יֵשׁ לְךָ נְקוּדַּת זִיכּוּי.","У тебя есть льготный балл.","Существительные","s_10a7283ca14b.mp3","Мужской"
2106,"מָה הָרֶוַח שֶׁל הַשָּׁנָה?","Какова прибыль за этот год?","Существительные","s_6a1e3b80a7d2.mp3","Мужской"
2107,"צָרִיךְ לִשְׁמוֹר אֶת הַקַּבָּלוֹת.","Нужно сохранять квитанции.","Существительные","s_aa074c9ecd7e.mp3","Женский"
2108,"זֶה נִכְנָס תַּחַת הַהוֹצָאוֹת.","Это входит в статью расходов.","Существительные","s_4b77bcf1ac9e.mp3","Мужской"
2109,"הַבַּנְק מְבַקֵּשׁ אֶת הַדּוּ״חַ.","Банк запрашивает отчёт.","Существительные","s_5312eb084db3.mp3","Женский"
2110,"יֵשׁ לְהַגִּישׁ אֶת הַהַצְהָרָה.","Нужно подать декларацию.","Существительные","s_9f133c7b30ab.mp3","Женский"
2111,"שָׁנָה טוֹבָה וּמוּצְלַחַת לְכוּלָּם!","Хорошего и успешного года всем!","Существительные","s_9e365d897858.mp3","Мужской"
2112,"אֲנַחְנוּ מְטַפְּלִים בַּכּוֹל עַכְשָׁיו.","Мы занимаемся всем сейчас.","Существительные","s_a132f55e5d5d.mp3","Мужской"
2113,"הַסִּפְרִיָּה פְּתוּחָה כָּל הַיּוֹם.","Библиотека открыта весь день.","Существительные","s_706fc0081cee.mp3","Мужской"
2114,"הַסַּפְרָן עוֹזֵר לַקּוֹרְאִים שָׁם.","Библиотекарь помогает читателям там.","Существительные","s_f23a47f5dfa2.mp3","Мужской"
2115,"יֵשׁ לְךָ כַּרְטִיס קוֹרֵא?","У тебя есть читательский билет?","Существительные","s_2a647c1cfb53.mp3","Мужской"
2116,"זֶה דַּלְפַּק הַשְׁאָלָה רָאשִׁי.","Это главная стойка выдачи книг.","Существительные","s_e018eebca2aa.mp3","Мужской"
2117,"חֲדַר הָעִיּוּן שָׁקֵט מְאוֹד.","Читальный зал очень тихий.","Существительные","s_9b8887a8e03e.mp3","Мужской"
2118,"מַחְסַן הַסְּפָרִים גָּדוֹל מְאוֹד.","Книгохранилище очень большое.","Существительные","s_822c09bd06e9.mp3","Мужской"
2119,"הַכּוֹנָנִית מְלֵאָה סְפָרִים חֲדָשִׁים.","Стеллаж полон новых книг.","Существительные","s_8599947fbc88.mp3","Мужской"
2120,"חַפֵּשׂ בַּקָּטָלוֹג הַמְּמוּחְשָׁב הַזֶּה.","Поищи в этом электронном каталоге.","Существительные","s_33398ee689c1.mp3","Мужской"
2121,"מָה סִימַן הַמַּדָּף שֶׁלּוֹ?","Какой у неё полочный шифр?","Существительные","s_a73d4c86be20.mp3","Мужской"
2122,"בְּדוֹק אֶת הַמִּסְתַּ״ב שֶׁלּוֹ.","Проверь его ISBN.","Существительные","s_41764c8a13b4.mp3","Женский"
2123,"הַסּוֹרֵק לֹא קוֹרֵא בַּרְקוֹד.","Сканер не считывает штрихкод.","Существительные","s_ddd7c55d85d1.mp3","Мужской"
2124,"זֹאת מַהֲדוּרָה חֲדָשָׁה מְאוֹד.","Это очень новое издание.","Существительные","s_08cba99097dd.mp3","Мужской"
2125,"הַכֶּרֶךְ הַזֶּה עָבֶה מְאוֹד.","Этот том очень толстый.","Существительные","s_9271e877b8b8.mp3","Мужской"
2126,"זֶה סֵפֶר עִיּוּן מְעַנְיֵן.","Это интересная научно-популярная книга.","Существительные","s_0d1d2f9f3926.mp3","Мужской"
2127,"אֲנִי אוֹהֵב סִפְרוּת יָפָה.","Я люблю художественную литературу.","Существительные","s_dcacdfb5f624.mp3","Мужской"
2128,"הַשְּׁנָתוֹן הַזֶּה חָדָשׁ מְאוֹד.","Этот ежегодник очень новый.","Существительные","s_8cdb1a28e784.mp3","Мужской"
2129,"יֵשׁ אֶנְצִיקְלוֹפֶּדְיָה עַל הַמַּדָּף.","На полке есть энциклопедия.","Существительные","s_a13ac3d22d32.mp3","Мужской"
2130,"אֲנִי פּוֹתֵחַ אֶת הַמִּילּוֹן.","Я открываю словарь.","Существительные","s_8c891bc99c23.mp3","Мужской"
2131,"יֵשׁ לַסֵּפֶר כְּרִיכָה קָשָׁה.","У книги твёрдый переплёт.","Существительные","s_dc9a5f940195.mp3","Мужской"
2132,"דִּיווַּחְנוּ עַל אוֹבְדַן סֵפֶר.","Мы сообщили об утере книги.","Существительные","s_1c9ed69b9682.mp3","Мужской"
2133,"שִׁילַּמְתִּי קְנַס אִיחוּר בַּסִּפְרִיָּה.","Я заплатил штраф за просрочку в библиотеке.","Существительные","s_7e1586c1945e.mp3","Мужской"
2134,"זֹאת הַשְׁאָלָה בֵּין־סִפְרִיָּתִית מְהִירָה.","Это быстрый межбиблиотечный абонемент.","Существительные","s_74d75f309642.mp3","Мужской"
2135,"הַמִּסְמָךְ נִמְצָא בָּאַרְכִיּוֹן.","Документ находится в архиве.","Существительные","s_1d6c679fdb9d.mp3","Мужской"
2136,"הָאַרְכִיבַאי מָצָא אֶת הַתִּיק.","Архивист нашёл папку.","Существительные","s_ba14aea30c0c.mp3","Женский"
2137,"הַמֵּידְעָן מוֹצֵא מֵידָע חָשׁוּב.","Специалист по информации находит важную информацию.","Существительные","s_2d6a684d0a0a.mp3","Мужской"
2138,"זֹאת חֲטִיבָה גְּדוֹלָה בָּאִרְגּוּן.","Это крупный отдел в организации.","Существительные","s_afa375f3f6f3.mp3","Мужской"
2139,"פָּתַחְתִּי תִּיק חָדָשׁ בָּאַרְכִיּוֹן.","Я открыл новую папку в архиве.","Существительные","s_2f9d2e8432f1.mp3","Мужской"
2140,"הַפְּרוֹטוֹקוֹל נֶחְתַּם הַיּוֹם בַּבּוֹקֶר.","Протокол был подписан сегодня утром.","Существительные","s_be7e9141457f.mp3","Мужской"
2141,"קָרָאתִי אֶת כָּל הַתִּכְתּוֹבֶת.","Я прочитал всю переписку.","Существительные","s_94ed8ad51f66.mp3","Женский"
2142,"זֶה תַּצְלוּם הִיסְטוֹרִי יָפֶה.","Это красивый исторический снимок.","Существительные","s_15d507512ea6.mp3","Мужской"
2143,"חִפַּשְׂנוּ מֵידָע עַל מִיקְרוֹפִילְם.","Мы искали информацию на микрофильме.","Существительные","s_ada3a61706d8.mp3","Мужской"
2144,"חִפַּשְׂתִּי בְּמַאֲגַר הַמֵּידָע הַזֶּה.","Я искал в этой базе данных.","Существительные","s_f61b118b30da.mp3","Мужской"
2145,"הַמִּסְמָךְ נִשְׁמַר בַּגְּנִיזָה.","Документ хранился в генизе.","Существительные","s_3b626e4968cd.mp3","Мужской"
2146,"יֵשׁ תְּקוּפַת שְׁמִירָה אֲרוּכָּה.","Есть долгий срок хранения.","Существительные","s_dde395e351e1.mp3","Мужской"
2147,"אֵין בִּיעוּר מִסְמָכִים הַשָּׁנָה.","В этом году нет уничтожения документов.","Существительные","s_ccd946d3d01e.mp3","Мужской"
2148,"שַׂמְתִּי הַכֹּל בְּקוּפְסַת אַרְכִיּוֹן.","Я положил всё в архивный короб.","Существительные","s_fc55f61efb73.mp3","Мужской"
2149,"הִשְׁוֵויתִי בֵּין מָקוֹר וְהֶעְתֵּק.","Я сравнил оригинал и копию.","Существительные","s_2a4ea58bb56f.mp3","Мужской"
2150,"יֵשׁ נְגִישׁוּת מְלֵאָה לַצִּבּוּר.","Есть полный доступ для общественности.","Существительные","s_ee2d2ce4bae2.mp3","Мужской"
2151,"עָשִׂינוּ סְרִיקָה בְּרֶזוֹלוּצְיָה גְּבוֹהָה.","Мы сделали сканирование в высоком разрешении.","Существительные","s_7934df432390.mp3","Мужской"
2152,"הַמִּסְמָךְ עָבַר שִׁימּוּר נְיָיר.","Документ прошёл консервацию бумаги.","Существительные","s_84ac63c1277c.mp3","Мужской"
2153,"בָּדַקְנוּ אֶת הָאִינְוֶונְטָר בָּאַרְכִיּוֹן.","Мы проверили инвентарную опись в архиве.","Существительные","s_5c2cb68d3a7c.mp3","Женский"
2154,"לָמַדְנוּ אֶת חוֹק הָאַרְכִיּוֹנִים.","Мы изучили закон об архивах.","Существительные","s_81d80fe659ea.mp3","Женский"
2155,"שָׁמַרְנוּ עַל זְכוּיוֹת יוֹצְרִים.","Мы соблюдали авторские права.","Существительные","s_4a8fae439268.mp3","Мужской"
2156,"אֵיךְ אֲנִי יָכוֹל לַעֲזוֹר?","Как я могу помочь?","Существительные","s_65fddd4ec9c0.mp3","Мужской"
2157,"הַסֵּפֶר נִמְצָא בַּקּוֹמָה הַשְּׁנִיָּיה.","Книга находится на втором этаже.","Существительные","s_e7a8ae38c6f8.mp3","Мужской"
2158,"תּוּכַל לְחַפֵּשׂ בַּקָּטָלוֹג הַמְּמוּחְשָׁב.","Вы сможете поискать в компьютерном каталоге.","Существительные","s_49c9c9e86f90.mp3","Мужской"
2159,"אֶפְשָׁר לְהַאֲרִיךְ אֶת הַהַשְׁאָלָה?","Можно продлить абонемент?","Существительные","s_ff9858ec8c16.mp3","Женский"
2160,"הַסֵּפֶר הַזֶּה מוּשְׁאָל כָּרֶגַע.","Эта книга сейчас выдана.","Существительные","s_1d2c542b2b9c.mp3","Мужской"
2161,"יֵשׁ לָנוּ גִּרְסָה דִּיגִיטָלִית.","У нас есть цифровая версия.","Существительные","s_7c839ef7d8ec.mp3","Мужской"
2162,"נָא לִשְׁמוֹר עַל הַשֶּׁקֶט.","Пожалуйста, соблюдайте тишину.","Существительные","s_f4a712dad6cf.mp3","Мужской"
2163,"פָּתַחְתִּי כַּרְטִיס קוֹרֵא חָדָשׁ.","Я открыл новый читательский билет.","Существительные","s_8837b260c0bf.mp3","Мужской"
2164,"אֵיפֹה מַחְלֶקֶת כִּתְבֵי הָעֵת?","Где отдел периодических изданий?","Существительные","s_7ad06d975f88.mp3","Мужской"
2165,"הַתִּיק דּוֹרֵשׁ הַזְמָנָה מֵרֹאשׁ.","Папка требует предварительного заказа.","Существительные","s_fa0206fc40f1.mp3","Мужской"
2166,"יֵשׁ לַעֲטוֹת כְּפָפוֹת בָּאַרְכִיּוֹן.","Следует надеть перчатки в архиве.","Существительные","s_e795ab2d64b2.mp3","Мужской"
2167,"מוּתָּר לִסְרוֹק אֶת הַמִּסְמָךְ?","Разрешено сканировать документ?","Существительные","s_edbac6bcecd2.mp3","Женский"
2168,"הַחוֹמֶר פָּתוּחַ לְעִיּוּן חוֹקְרִים.","Материал открыт для ознакомления исследователей.","Существительные","s_7da7ceb9fd04.mp3","Мужской"
2169,"הַתִּיק תַּחַת תְּקוּפַת חִיסָּיוֹן.","Папка находится под грифом секретности.","Существительные","s_74c7247d484a.mp3","Мужской"
2170,"מָתַי לְהַחְזִיר אֶת הַסְּפָרִים?","Когда вернуть книги?","Существительные","s_228f2b16c34b.mp3","Женский"
2171,"יֵשׁ לְךָ קְנָס קָטָן.","У вас есть небольшой штраф.","Существительные","s_ccc9f3e89a12.mp3","Мужской"
2172,"הִזְמַנּוּ סֵפֶר בְּהַשְׁאָלָה בֵּין-סִפְרִיָּיתִית.","Мы заказали книгу по межбиблиотечному абонементу.","Существительные","s_3e22c6e5a7da.mp3","Мужской"
2173,"הַסֵּפֶר אֵינוֹ לְהַשְׁאָלָה הַבַּיְתָה.","Книга не выдаётся на дом.","Существительные","s_947d80868bfc.mp3","Мужской"
2174,"תּוּכַל לְהַדְפִּיס אֶת הַמַּאֲמָר.","Вы сможете распечатать статью.","Существительные","s_b3f916f0155c.mp3","Женский"
2175,"אָנוּ מְבַצְּעִים פְּרוֹיֶקְט דִּיגִיטַצְיָה.","Мы осуществляем проект оцифровки.","Существительные","s_bd9227f4b99c.mp3","Мужской"
2176,"הַסֵּפֶר עוֹבֵר שִׁיקוּם וּכְרִיכָה.","Книга проходит реставрацию и переплёт.","Существительные","s_f0be117af6bd.mp3","Мужской"
2177,"הִנֵּה הַשִּׁיפֶר שֶׁל הַסֵּפֶר.","Вот шифр книги.","Существительные","s_595500268f45.mp3","Мужской"
2178,"מִלֵּאתִי טוֹפֶס בַּקָּשַׁת עִיּוּן.","Я заполнил бланк запроса на ознакомление.","Существительные","s_bb9e854f40f1.mp3","Мужской"
2179,"כָּל הַמֵּידָע שָׁמוּר בְּשָׁרָת.","Вся информация сохранена на сервере.","Существительные","s_2f0daab03c79.mp3","Мужской"
2180,"עֲבוֹדַת הַמֶּחְקָר שֶׁלְּךָ מְרַתֶּקֶת.","Ваша исследовательская работа увлекательна.","Существительные","s_de4d44ca0d03.mp3","Мужской"
2181,"הַגַּרְנִיק עוֹבֵד בְּלַחַץ גָּבוֹהַּ.","Аппарат высокого давления работает под высоким давлением.","Существительные","s_75e30debe9bd.mp3","Мужской"
2182,"הוּא מְרַסֵּס קֶצֶף פָּעִיל.","Он распыляет активную пену.","Существительные","s_28d834d615df.mp3","Мужской"
2183,"זֶה שַׁמְפּוּ לָרֶכֶב אֵיכוּתִי.","Это качественный автошампунь.","Существительные","s_419535f13008.mp3","Мужской"
2184,"נִגַּבְתִּי עִם מַטְלִית מִיקְרוֹפַיְיבֶּר.","Я протёр салфеткой из микрофибры.","Существительные","s_57b48a5623c6.mp3","Мужской"
2185,"הוּא מִשְׁתַּמֵּשׁ בְּמַגֵּב גּוּמִי.","Он использует резиновый водосгон.","Существительные","s_586f4dcef87a.mp3","Мужской"
2186,"נַקֵּה עִם סְפוֹג רְחִיצָה.","Помой губкой для мытья.","Существительные","s_6e37b4cb0e94.mp3","Мужской"
2187,"הַשּׁוֹאֵב אָבָק הַזֶּה חָזָק.","Этот пылесос мощный.","Существительные","s_fc04b3f18638.mp3","Мужской"
2188,"הַמַּדְחֵס פּוֹעֵל בְּלַחַץ גָּבוֹהַּ.","Компрессор работает под высоким давлением.","Существительные","s_29cc08a862ba.mp3","Мужской"
2189,"מָרַחְנוּ וַקְס עַל הָרֶכֶב.","Мы нанесли воск на машину.","Существительные","s_49c2723a1805.mp3","Мужской"
2190,"עָשִׂינוּ פּוֹלִישׁ יָסוֹדִי לָרֶכֶב.","Мы сделали основательную полировку машины.","Существительные","s_0b952117a10c.mp3","Мужской"
2191,"הִשְׁתַּמַּשְׁתִּי בְּמַבְרִיק צְמִיגִים חָדָשׁ.","Я использовал новый чернитель шин.","Существительные","s_3b061747fd5f.mp3","Мужской"
2192,"מִלֵּאתִי נוֹזֵל שְׁמָשׁוֹת בַּמְּכוֹנִית.","Я залил омыватель стёкол в машину.","Существительные","s_3021ad9391ad.mp3","Мужской"
2193,"רִסַּסְתִּי מֵסִיר שׁוּמָנִים עַכְשָׁו.","Я распылил обезжириватель сейчас.","Существительные","s_90828f9e948f.mp3","Мужской"
2194,"מֵסִיר חֲרָקִים מְנַקֶּה מְצוּיָן.","Очиститель насекомых чистит отлично.","Существительные","s_858dc424073a.mp3","Мужской"
2195,"קָנִינוּ מְנַקֵּה רִפּוּדִים חָזָק.","Мы купили сильный очиститель обивки.","Существительные","s_cbee83f5ae12.mp3","Мужской"
2196,"הַתַּרְסִיס לַדֶּשְׁבּוֹרְד מַבְרִיק מְאוֹד.","Спрей для приборной панели очень блестит.","Существительные","s_251e41a229ac.mp3","Мужской"
2197,"תָּלִיתִי עֵץ רֵיחַ בָּרֶכֶב.","Я повесил ароматизатор-ёлочку в машине.","Существительные","s_5944e151318a.mp3","Мужской"
2198,"לָבַשְׁתִּי כְּפָפוֹת גּוּמִי עָבוֹת.","Я надел плотные резиновые перчатки.","Существительные","s_bef4303b356e.mp3","Мужской"
2199,"נָעַלְתִּי מַגָּפֵי גּוּמִי גְּבוֹהִים.","Я надел высокие резиновые сапоги.","Существительные","s_a7abe99e3534.mp3","Мужской"
2200,"הָעוֹבֵד לוֹבֵשׁ סִינָר מָגֵן.","Работник носит защитный фартук.","Существительные","s_9a1e944c7dea.mp3","Мужской"
2201,"זֹאת מִבְרֶשֶׁת גַּ׳נְטִים מְיוּחֶדֶת.","Это специальная щётка для дисков.","Существительные","s_b6889f1454ee.mp3","Мужской"
2202,"חִבַּרְתִּי אֶת צִנּוֹר הַמַּיִם.","Я подключил водяной шланг.","Существительные","s_4e2c6ee887c2.mp3","Женский"
2203,"הֶאֶקְדַּח שׁוֹטֵף בְּלַחַץ חָזָק.","Пистолет моет под сильным давлением.","Существительные","s_0a22c6648aa3.mp3","Мужской"
2204,"נִכְנַסְנוּ אֶל מִנְהֶרֶת שְׁטִיפָה.","Мы заехали в туннельную автомойку.","Существительные","s_9cc52682ec39.mp3","Мужской"
2205,"מְיַבֵּשׁ פֶּן מְיַבֵּשׁ מַהֵר.","Фен-сушилка сушит быстро.","Существительные","s_50cbfe4b1f41.mp3","Мужской"
2206,"הִזְמַנְתִּי שְׁטִיפָה חִיצוֹנִית לָרֶכֶב.","Я заказал наружную мойку автомобиля.","Существительные","s_a9133876a39f.mp3","Мужской"
2207,"עָשִׂינוּ נִקּוּי פְּנִימִי שָׁלֵם.","Мы сделали полную внутреннюю чистку.","Существительные","s_1119beb36b94.mp3","Мужской"
2208,"הָרֶכֶב עָבַר שְׁטִיפָה מַקִּיפָה.","Автомобиль прошёл комплексную мойку.","Существительные","s_c08373f86335.mp3","Мужской"
2209,"נִקִּינוּ אֶת הַשִּׁמְשָׁה הַקִּדְמִית.","Мы вымыли лобовое стекло.","Существительные","s_f043109f19db.mp3","Женский"
2210,"הַשִּׁמְשָׁה הָאֲחוֹרִית נְקִיָּה כָּעֵת.","Заднее стекло сейчас чистое.","Существительные","s_d5320066bf3a.mp3","Мужской"
2211,"תִּסְגּוֹר אֶת חַלּוֹן הַצַּד.","Закрой боковое окно.","Существительные","s_b9d57c093490.mp3","Женский"
2212,"קִפַּלְתִּי אֶת הַמַּרְאָה הַצְּדָדִית.","Я сложил боковое зеркало.","Существительные","s_defdc0c9bfed.mp3","Женский"
2213,"שָׁאַבְנוּ אֶת שְׁטִיחֵי הָרֶכֶב.","Мы пропылесосили автомобильные коврики.","Существительные","s_b913cf0ee336.mp3","Женский"
2214,"רָחַצְנוּ אֶת שְׁטִיחֵי הַגּוּמִי.","Мы вымыли резиновые коврики.","Существительные","s_e7235d010a5c.mp3","Женский"
2215,"שְׁטִיחֵי בַּד דּוֹרְשִׁים שְׁאִיבָה.","Тканевые коврики требуют чистки пылесосом.","Существительные","s_5a0e8f0b317c.mp3","Мужской"
2216,"הָרִפּוּדִים בָּרֶכֶב נְקִיִּים מְאוֹד.","Обивка в машине очень чистая.","Существительные","s_0cade08e685c.mp3","Мужской"
2217,"נִקִּינוּ אֶת מוֹשְׁבֵי הָעוֹר.","Мы очистили кожаные сиденья.","Существительные","s_12cc40c811e0.mp3","Женский"
2218,"נִגַּבְתִּי אֶת הַדֶּשְׁבּוֹרְד הַיּוֹם.","Я протёр приборную панель сегодня.","Существительные","s_855455fc8970.mp3","Женский"
2219,"תָּא הַמִּטְעָן רֵיק וְנָקִי.","Багажник пустой и чистый.","Существительные","s_d7151ffe143e.mp3","Мужской"
2220,"הַגַּ׳נְטִים מַבְרִיקִים מֵרֹב נִקָּיוֹן.","Диски блестят от чистоты.","Существительные","s_5ce573c39b65.mp3","Мужской"
2221,"שָׁטַפְנוּ אֶת הַצְּמִיגִים הֵיטֵב.","Мы хорошо помыли шины.","Существительные","s_2890866bc7c2.mp3","Женский"
2222,"הַטֶּמְבּוֹר מְלוּכְלָךְ מְאוֹד כָּרֶגַע.","Бампер сейчас очень грязный.","Существительные","s_a7684c46d96e.mp3","Мужской"
2223,"פָּתַחְנוּ אֶת מִכְסֵה הַמָּנוֹעַ.","Мы открыли капот.","Существительные","s_aa814acf5ed4.mp3","Женский"
2224,"נִקִּינוּ אֶת גַּג הָרֶכֶב.","Мы помыли крышу автомобиля.","Существительные","s_05f7dc4b08b1.mp3","Женский"
2225,"נִגַּבְנוּ אֶת סַף הַדֶּלֶת.","Мы вытерли дверной порог.","Существительные","s_8a3567bfc6a9.mp3","Женский"
2226,"עָשִׂינוּ פּוֹלִישׁ לַפָּנָסִים הַקִּדְמִיִּים.","Мы отполировали передние фары.","Существительные","s_8699e113078a.mp3","Мужской"
2227,"הֵסַרְנוּ אֶת כָּל הַפִּיחַ.","Мы удалили всю копоть.","Существительные","s_fc79452447af.mp3","Женский"
2228,"הָיָה לִכְלוּךְ קָשֶׁה מְאוֹד.","Была очень сильная грязь.","Существительные","s_976dd926779c.mp3","Мужской"
2229,"הַצִּפּוּי הַקֵּרָמִי מֵגֵן מְצוּיָן.","Керамическое покрытие отлично защищает.","Существительные","s_30620c66cc15.mp3","Мужской"
2230,"עָשִׂינוּ דִיטֵיְילִינְג מִקְצוֹעִי לָרֶכֶב.","Мы сделали профессиональный детейлинг автомобиля.","Существительные","s_422e3a5aeea5.mp3","Мужской"
2231,"שָׁלוֹם, רַק שְׁטִיפָה חִיצוֹנִית?","Здравствуйте, только наружная мойка?","Существительные","s_c42cb219879b.mp3","Мужской"
2232,"נָא לְקַפֵּל אֶת הַמַּרְאוֹת.","Пожалуйста, сложите зеркала.","Существительные","s_f77e38399ce9.mp3","Женский"
2233,"תִּסְגּוֹר אֶת כָּל הַחַלּוֹנוֹת.","Закрой все окна.","Существительные","s_acbfa5f36ee4.mp3","Женский"
2234,"יֵשׁ לָכֶם דְּבָרִים יְקָרִים?","У вас есть ценные вещи?","Существительные","s_7ec0675a0530.mp3","Мужской"
2235,"יֵשׁ כֶּתֶם עַל הָרִפּוּד.","На обивке есть пятно.","Существительные","s_940e33f1b491.mp3","Мужской"
2236,"נָא לְהַמְתִּין בַּחֲדַר הַהַמְתָּנָה.","Пожалуйста, подождите в комнате ожидания.","Существительные","s_c97a75a67583.mp3","Мужской"
2237,"תִּפְתַּח אֶת תָּא הַמִּטְעָן.","Открой багажник.","Существительные","s_4bc63ba0a976.mp3","Женский"
2238,"הַמְּכוֹנִית שֶׁלְּךָ כְּבָר מוּכָנָה!","Твоя машина уже готова!","Существительные","s_f56cfd842ca2.mp3","Мужской"
2239,"הַשְּׁטִיפָה לוֹקַחַת עֶשְׂרִים דַּקּוֹת.","Мойка занимает двадцать минут.","Существительные","s_a16c98641602.mp3","Мужской"
2240,"תִּזָּהֵר, הָרִצְפָּה כָּאן רְטוּבָה.","Осторожно, пол здесь мокрый.","Существительные","s_2bf594233474.mp3","Мужской"
2241,"אֶפְשָׁר לְקַבֵּל כַּרְטִיס מָנוּי?","Можно получить карту постоянного клиента?","Существительные","s_3f8b7b69243a.mp3","Мужской"
2242,"הַאִם לִשְׁאוֹב אֶת הַכִּסְּאוֹת?","Пропылесосить сиденья?","Существительные","s_fddb1eec017e.mp3","Женский"
2243,"שְׁפוֹךְ חוֹמֶר עַל הַגַּ׳נְטִים.","Налей средство на диски.","Существительные","s_3c969f511d6b.mp3","Мужской"
2244,"סַע קָדִימָה לְאַט מְאוֹד.","Езжай вперёд очень медленно.","Существительные","s_264058fd219f.mp3","Мужской"
2245,"נִקִּינוּ אֶת סִפֵּי הַדְּלָתוֹת.","Мы очистили дверные пороги.","Существительные","s_aec7dcd8b0db.mp3","Женский"
2246,"תִּבְדּוֹק אֶת הַתָּא הַצְּדָדִי.","Проверь боковой карман.","Существительные","s_9ff9e316c46c.mp3","Женский"
2247,"הַתַּשְׁלוּם מִתְבַּצֵּעַ בַּקּוּפָּה שָׁם.","Оплата производится в кассе там.","Существительные","s_a6cb2f91d306.mp3","Мужской"
2248,"נְסִיעָה טוֹבָה וּבְטוּחָה לְךָ!","Хорошей и безопасной поездки тебе!","Существительные","s_03fe4f425fa9.mp3","Мужской"
2249,"יֵשׁ לִי חֶדֶר גָּדוֹל.","У меня большая комната.","Прилагательные","s_6554186cede9.mp3","Мужской"
2250,"יִשְׂרָאֵל מְדִינָה קְטַנָּה מְאֹד.","Израиль — очень маленькая страна.","Прилагательные","s_e577811bf356.mp3","Мужской"
2251,"הַיּוֹם יוֹם טוֹב לְכוּלָּם.","Сегодня хороший день для всех.","Прилагательные","s_ecf259d0a3e3.mp3","Мужской"
2252,"דָּוִד קוֹנֶה בַּיִת חָדָשׁ.","Давид покупает новый дом.","Прилагательные","s_f200c6f70ee7.mp3","Мужской"
2253,"תֵּל אָבִיב עִיר יָפָה מְאֹד.","Тель-Авив — очень красивый город.","Прилагательные","s_3051ba722b65.mp3","Мужской"
2254,"אֲנִי רוֹצֶה תֵּה חַם.","Я хочу горячий чай.","Прилагательные","s_de9f020ed38d.mp3","Мужской"
2255,"יֵשׁ פֹּה מַיִם קָרִים.","Здесь есть холодная вода.","Прилагательные","s_c8f6720fa6a8.mp3","Мужской"
2256,"הָעוּגָה הַזֹּאת טְעִימָה מְאֹד.","Этот пирог очень вкусный.","Прилагательные","s_52150417b503.mp3","Мужской"
2257,"הַמּוֹרֶה הַזֶּה נֶחְמָד מְאֹד.","Этот учитель очень приятный.","Прилагательные","s_6d41aec4e614.mp3","Женский"
2258,"הַלֶּחֶם הַזֶּה טָרִי מְאֹד.","Этот хлеб очень свежий.","Прилагательные","s_777f822ee1c7.mp3","Мужской"
2259,"הַתַּפּוּזִים פֹּה יְקָרִים מְאֹד.","Апельсины здесь очень дорогие.","Прилагательные","s_fa7e48d297f8.mp3","Мужской"
2260,"הָעַגְבָנִיּוֹת בַּשּׁוּק זוֹלוֹת מְאֹד.","Помидоры на рынке очень дешёвые.","Прилагательные","s_326488f8a716.mp3","Мужской"
2261,"הַמָּרָק הַזֶּה חָרִיף מְאֹד.","Этот суп очень острый.","Прилагательные","s_a7c4e8ecddc9.mp3","Мужской"
2262,"הַיּוֹם מֶזֶג אֲוִיר נָעִים.","Сегодня приятная погода.","Прилагательные","s_5fc4ff9ddc12.mp3","Мужской"
2263,"הִיא לוֹבֶשֶׁת שִׂמְלָה אֲדוּמָּה.","Она носит красное платье.","Прилагательные","s_1421bdfa8082.mp3","Женский"
2264,"דָּנָה קוֹנָה חוּלְצָה כְּחוּלָּה.","Дана покупает синюю рубашку.","Прилагательные","s_2d0b0081421f.mp3","Мужской"
2265,"יֵשׁ לִי רֶכֶב לָבָן.","У меня белая машина.","Прилагательные","s_e7dd1f09f4cd.mp3","Мужской"
2266,"הוּא שׁוֹתֶה קָפֶה שָׁחוֹר.","Он пьёт чёрный кофе.","Прилагательные","s_88d335084c76.mp3","Мужской"
2267,"הַיֶּלֶד חוֹלֶה הַיּוֹם בַּבַּיִת.","Мальчик сегодня болеет дома.","Прилагательные","s_478c20a63652.mp3","Мужской"
2268,"אֲנִי רוֹצֶה אוֹכֶל בָּרִיא.","Я хочу здоровую еду.","Прилагательные","s_2f9bc1566f0d.mp3","Мужской"
2269,"דָּוִד שָׂמֵחַ מְאֹד הַיּוֹם.","Давид сегодня очень рад.","Прилагательные","s_1f5a6dfb3957.mp3","Мужской"
2270,"הָאִישׁ גָּבוֹהַּ מְאוֹד.","Этот мужчина очень высокий.","Прилагательные","s_aea153a232d8.mp3","Мужской"
2271,"הַמִּיטָה נְמוּכָה מְאוֹד.","Кровать очень низкая.","Прилагательные","s_a7d537eb7bb0.mp3","Мужской"
2272,"הַיֶּלֶד חָכָם מְאוֹד.","Мальчик очень умный.","Прилагательные","s_c3b703fed5b7.mp3","Мужской"
2273,"הִיא אִישָׁה צְעִירָה.","Она молодая женщина.","Прилагательные","s_351ed5a45b06.mp3","Женский"
2274,"הַשּׁוּלְחָן יָשָׁן מְאוֹד.","Стол очень старый.","Прилагательные","s_0036d371a132.mp3","Мужской"
2275,"הַמִּטְבָּח נְקִיָּה תָּמִיד.","Кухня всегда чистая.","Прилагательные","s_c54ee7730150.mp3","Мужской"
2276,"הַדִּירָה מְרוּהֶטֶת יָפֶה.","Квартира красиво меблирована.","Прилагательные","s_2186126dd94d.mp3","Мужской"
2277,"הַשָּׁכֵן שָׁקֵט הַיּוֹם.","Сосед сегодня тихий.","Прилагательные","s_968e751aedaa.mp3","Мужской"
2278,"הַסֶּרֶט מְאוֹד רוֹמַנְטִי.","Фильм очень романтичный.","Прилагательные","s_b39abb244f02.mp3","Мужской"
2279,"הַהַרְצָאָה מְעַנְיֶנֶת מְאוֹד.","Лекция очень интересная.","Прилагательные","s_dd668bf135e2.mp3","Мужской"
2280,"הַסֵּפֶר הַזֶּה מְשַׁעְמֵם.","Эта книга скучная.","Прилагательные","s_7c3de9a14191.mp3","Мужской"
2281,"הַבֵּיצָה מְבוּשֶּׁלֶת טוֹב.","Яйцо хорошо сварено.","Прилагательные","s_2d396565386d.mp3","Мужской"
2282,"הַסֶּרֶט הָיָה מְצוּיָן.","Фильм был отличный.","Прилагательные","s_c3ddcd53778c.mp3","Мужской"
2283,"אֲנִי עָסוּק הַיּוֹם.","Я сегодня занят.","Прилагательные","s_fe7a045a3777.mp3","Мужской"
2284,"הִיא זְמִינָה מָחָר.","Она свободна завтра.","Прилагательные","s_15d5201a6e2a.mp3","Женский"
2285,"זֶה מִכְתָּב רַשְׁמִי.","Это официальное письмо.","Прилагательные","s_cf3134b8bfb4.mp3","Мужской"
2286,"אֲנִי בָּטוּחַ בָּזֶה.","Я уверен в этом.","Прилагательные","s_380f46425971.mp3","Мужской"
2287,"הַבַּנְק סָגוּר הַיּוֹם.","Банк сегодня закрыт.","Прилагательные","s_4389410d7e31.mp3","Мужской"
2288,"הַחֶדֶר שֶׁלִּי מְסוּדָּר.","Моя комната прибрана.","Прилагательные","s_92134eb23a01.mp3","Мужской"
2289,"הַחֶשְׁבּוֹן כְּבָר מְשׁוּלָּם.","Счёт уже оплачен.","Прилагательные","s_c35635f65385.mp3","Мужской"
2290,"אַתָּה תָּמִיד מוּזְמָן אֵלֵינוּ.","Ты всегда приглашён к нам.","Прилагательные","s_4d742e5ce22a.mp3","Мужской"
2291,"הַקּוֹר מוּרְגָּשׁ הַיּוֹם.","Холод ощутим сегодня.","Прилагательные","s_7fb1162a96fb.mp3","Мужской"
2292,"הוּא סוֹפֵר מְפוּרְסָם מְאֹד.","Он очень известный писатель.","Прилагательные","s_46711cf9c2cb.mp3","Мужской"
2293,"הוּא הָיָה מוּפְתָּע מְאֹד.","Он был очень удивлён.","Прилагательные","s_72035d8dea5a.mp3","Мужской"
2294,"הַמּוּצָר הַזֶּה פָּגוּם.","Этот товар бракованный.","Прилагательные","s_c198a2bf00ac.mp3","Мужской"
2295,"הַחוֹזֶה הַזֶּה חוּקִּי לְגַמְרֵי.","Этот договор полностью законный.","Прилагательные","s_ccd211375de1.mp3","Мужской"
2296,"זֶה רַעְיוֹן מְאוֹד הֶגְיוֹנִי.","Это очень логичная идея.","Прилагательные","s_0bcd6cd08bb6.mp3","Мужской"
2297,"הַקּוֹבֶץ הַזֶּה מְצוֹרָף לַמִּכְתָּב.","Этот файл приложен к письму.","Прилагательные","s_c621cae1507f.mp3","Мужской"
2298,"הַחֶדֶר הַזֶּה מְרוֹהָט.","Эта комната меблирована.","Прилагательные","s_84fd28681a42.mp3","Мужской"
2299,"זֶה סֵפֶר מְעַנְיֵן מְאֹד.","Это очень интересная книга.","Прилагательные","s_e30a5ebf22cc.mp3","Мужской"
2300,"הַסֶּרֶט הַזֶּה מַצְחִיק מְאֹד.","Этот фильм очень смешной.","Прилагательные","s_7c7325ca3aad.mp3","Мужской"
2301,"זֶה אוֹטוֹבּוּס יָשִׁיר לִירוּשָׁלַיִם.","Это прямой автобус в Иерусалим.","Прилагательные","s_649f324dafae.mp3","Мужской"
2302,"זֶה הַשִּׁעוּר הָרִאשׁוֹן שֶׁלִּי.","Это мой первый урок.","Прилагательные","s_7929e95d7605.mp3","Мужской"
2303,"זֶה הַשִּׁעוּר הַשֵּׁנִי שֶׁלָּנוּ.","Это наш второй урок.","Прилагательные","s_75ad8e32cf1f.mp3","Мужской"
2304,"זֶה הַשִּׁעוּר הַשְּׁלִישִׁי שֶׁלָּנוּ.","Это наш третий урок.","Прилагательные","s_e5577cd1446b.mp3","Мужской"
2305,"זֶה הַחֶדֶר הָרְבִיעִי בַּבַּיִת.","Это четвертая комната в доме.","Прилагательные","s_aef5785fc8a6.mp3","Мужской"
2306,"זֶה הַסֵּפֶר הַחֲמִישִׁי שֶׁלּוֹ.","Это его пятая книга.","Прилагательные","s_4749bc047a1f.mp3","Мужской"
2307,"זֶה הָאוֹטוֹבּוּס הָאַחֲרוֹן הַיּוֹם.","Это последний автобус сегодня.","Прилагательные","s_c46bf8537d80.mp3","Мужской"
2308,"הַסֶּרֶט הַזֶּה מְרַתֵּק מְאוֹד.","Этот фильм очень увлекательный.","Прилагательные","s_7631ddc61fe6.mp3","Мужской"
2309,"הַחֲתוּל הַזֶּה חָמוּד מְאוֹד.","Этот кот очень милый.","Прилагательные","s_72a900bc0b06.mp3","Мужской"
2310,"הָיָה לִי יוֹם קָשֶׁה.","У меня был тяжелый день.","Прилагательные","s_62be108cf8bf.mp3","Мужской"
2311,"זֶה הָיָה מִבְחָן קַל.","Это был легкий экзамен.","Прилагательные","s_4a531dab244b.mp3","Мужской"
2312,"זֶה שִׁעוּר חָשׁוּב מְאֹד.","Это очень важный урок.","Прилагательные","s_2dff0ebb6a91.mp3","Мужской"
2313,"הַבֶּגֶד הַזֶּה מְלוּכְלָךְ מְאֹד.","Эта одежда очень грязная.","Прилагательные","s_6ab1847c8926.mp3","Мужской"
2314,"הַכִּסֵּא הַזֶּה נוֹחַ מְאֹד.","Этот стул очень удобный.","Прилагательные","s_98d316a23a5f.mp3","Мужской"
2315,"הַבָּחוּר הַזֶּה מְאוֹד רָזֶה.","Этот парень очень худой.","Прилагательные","s_9739ea1c4d1c.mp3","Мужской"
2316,"יֵשׁ לָנוּ חָתוּל שָׁמֵן.","У нас есть толстый кот.","Прилагательные","s_34f86ba55f6c.mp3","Мужской"
2317,"סַבָּא שֶׁלִּי כְּבָר זָקֵן.","Мой дедушка уже старый.","Прилагательные","s_257213b370f0.mp3","Мужской"
2318,"לָמָּה אַתָּה עָצוּב הַיּוֹם?","Почему ты сегодня грустный?","Прилагательные","s_5b9009e319fd.mp3","Мужской"
2319,"הַיָּד שֶׁלִּי כּוֹאֶבֶת מְאוֹד.","Моя рука очень болит.","Прилагательные","s_18ab392752b1.mp3","Мужской"
2320,"הוּא עָיֵף מְאוֹד הַיּוֹם.","Он сегодня очень устал.","Прилагательные","s_7d0eae746673.mp3","Мужской"
2321,"הִיא עֲיֵפָה אַחֲרֵי הָעֲבוֹדָה.","Она устала после работы.","Прилагательные","s_ecf56468d557.mp3","Женский"
2322,"זֶה מִסְמָךְ סוֹדִי וְחָסוּי.","Это секретный и конфиденциальный документ.","Прилагательные","s_828a10267cbb.mp3","Мужской"
2323,"הַסֵּפֶר הַזֶּה שֶׁלִּי.","Эта книга — моя.","Предлоги","s_c27b7f5b63dd.mp3","Мужской"
2324,"אַתָּה רוֹצֶה לָלֶכֶת אִתִּי?","Ты хочешь пойти со мной?","Предлоги","s_f0b76486d44c.mp3","Мужской"
2325,"יֵשׁ לִי שְׁאֵלָה אַחַת.","У меня есть один вопрос.","Предлоги","s_1522784e7a59.mp3","Мужской"
2326,"אַתָּה שׁוֹמֵעַ אוֹתִי טוֹב?","Ты хорошо меня слышишь?","Предлоги","s_7aa848e2f709.mp3","Мужской"
2327,"דָּוִד יוֹשֵׁב לְיָדִי בָּאוּלְפָּן.","Давид сидит рядом со мной в ульпане.","Предлоги","s_f58cba375131.mp3","Мужской"
2328,"אֲנִי אוֹהֵב אֶת יִשְׂרָאֵל.","Я люблю Израиль.","Предлоги","s_2a459d7f3ebc.mp3","Мужской"
2329,"אֲנִי מְאַחֵר בִּגְלַל הַפְּקָק.","Я опаздываю из-за пробки.","Предлоги","s_0e9628127d31.mp3","Мужской"
2330,"זֶה מִכְתָּב לִכְבוֹד הַמְּנַהֵל.","Это письмо в адрес директора.","Предлоги","s_95d232a7070f.mp3","Мужской"
2331,"הוּא הוֹלֵךְ אֶל הַבַּיִת.","Он идёт к дому.","Предлоги","s_1f41ed48cb0b.mp3","Мужской"
2332,"הוּא שׂוֹחֶה כְּמוֹ דָּג.","Он плавает как рыба.","Предлоги","s_a9e5c6ec20d8.mp3","Мужской"
2333,"לְדִבְרֵי הָרוֹפֵא, הַכֹּל בְּסֵדֶר.","По словам врача, всё в порядке.","Предлоги","s_cdbaa49366c0.mp3","Мужской"
2334,"אֲנַחְנוּ הוֹלְכִים לְטִיפַּת חָלָב.","Мы идём в детскую консультацию.","Мамы в Израиле","s_c04fc65caf4b.mp3","Женский"
2335,"הַתִּינוֹק יָשֵׁן בַּמִּטָּה.","Малыш спит в кроватке.","Мамы в Израиле","s_63486cc9984a.mp3","Женский"
2336,"הַיּוֹם יֵשׁ לַתִּינוֹק חִיסּוּן.","Сегодня у малыша прививка.","Мамы в Израиле","s_762ab08947e4.mp3","Женский"
2337,"מָה הַמִּשְׁקָל שֶׁל הַיֶּלֶד?","Каков вес ребёнка?","Мамы в Израиле","s_50789cd1649c.mp3","Женский"
2338,"הַגּוֹבַהּ שֶׁלּוֹ מְצוּיָּן.","Его рост отличный.","Мамы в Израиле","s_2704764a89d4.mp3","Женский"
2339,"צָרִיךְ לְהַחְלִיף לוֹ חִיתּוּל.","Нужно поменять ему подгузник.","Мамы в Израиле","s_31d7b63df9a0.mp3","Женский"
2340,"אֵיפֹה הַמּוֹצֵץ שֶׁל הַתִּינוֹק?","Где соска малыша?","Мамы в Израиле","s_e1b587661b36.mp3","Женский"
2341,"הַתִּינוֹק שׁוֹתֶה מֵהַבַּקְבּוּק.","Малыш пьёт из бутылочки.","Мамы в Израиле","tinok_bakbuk_google_tts.mp3","Женский"
2342,"הַהַנְקָה חֲשׁוּבָה לַתִּינוֹק.","Грудное вскармливание важно для малыша.","Мамы в Израиле","s_875ce64b2ff4.mp3","Женский"
2343,"הַבַּקְבּוּק עִם מָטֶרְנָה מוּכָן.","Бутылочка со смесью готова.","Мамы в Израиле","s_9ae4ec1590ee.mp3","Женский"
2344,"הָעֲגָלָה שֶׁל הַתִּינוֹק כְּבֵדָה.","Коляска малыша тяжёлая.","Мамы в Израиле","s_a475370eeff9.mp3","Женский"
2345,"הַתִּינוֹק נִמְצָא בַּמִּנְשָׂא.","Малыш находится в слинге.","Мамы в Израиле","s_8b8c86ec2baa.mp3","Женский"
2346,"שִׂים לַיֶּלֶד סִינָר.","Надень ребёнку слюнявчик.","Мамы в Израиле","s_58352ce0f037.mp3","Женский"
2347,"תָּבִיא לִי אֶת הַמַּדְחוֹם.","Принеси мне градусник.","Мамы в Израиле","s_37c8e1e72688.mp3","Женский"
2348,"יֵשׁ לַיֶּלֶד חוֹם גָּבוֹהַּ.","У ребёнка высокая температура.","Мамы в Израиле","s_2fbbd44d9e20.mp3","Женский"
2349,"יֵשׁ לוֹ שִׁיעוּל לַח מְאוֹד.","У него очень влажный кашель.","Мамы в Израиле","s_777b51538467.mp3","Женский"
2350,"יֵשׁ לַיֶּלֶד הַרְבֵּה נַזֶּלֶת.","У ребёнка сильный насморк.","Мамы в Израиле","s_4660b711c2eb.mp3","Женский"
2351,"יֵשׁ לָהּ דַּלֶּקֶת אָזְנַיִם.","У неё воспаление уха (отит).","Мамы в Израиле","s_114aa0469d16.mp3","Женский"
2352,"הָרוֹפֵא בּוֹדֵק דַּלֶּקֶת גָּרוֹן.","Врач проверяет воспаление горла.","Мамы в Израиле","s_3fa5bbd3cfed.mp3","Женский"
2353,"הָרוֹפֵא נוֹתֵן אִישׁוּר מַחֲלָה.","Врач даёт справку о болезни.","Мамы в Израиле","s_49a72ad7d505.mp3","Женский"
2354,"אֲנִי צְרִיכָה תּוֹר דָּחוּף.","Мне нужна срочная очередь.","Мамы в Израиле","s_3cbbad7fc65c.mp3","Женский"
2355,"אֲנִי הוֹלֶכֶת לְבֵית מִרְקַחַת.","Я иду в аптеку.","Мамы в Израиле","s_2d5bdf45d444.mp3","Женский"
2356,"הַיֶּלֶד צָרִיךְ לִשְׁתּוֹת תְּרוּפָה.","Ребёнок должен выпить лекарство.","Мамы в Израиле","s_b9ed15db09af.mp3","Женский"
2357,"יֵשׁ לִי מִרְשָׁם מֵהָרוֹפֵא.","У меня есть рецепт от врача.","Мамы в Израиле","s_bd5a68f75669.mp3","Женский"
2358,"הַיֶּלֶד שׁוֹתֶה סִירוֹפּ מָתוֹק.","Ребёнок пьёт сладкий сироп.","Мамы в Израиле","s_369e880ba198.mp3","Женский"
2359,"מָה הַמִּינּוּן לְפִי מִשְׁקָל?","Какова дозировка по весу?","Мамы в Израиле","s_70ab7adc961f.mp3","Женский"
2360,"שִׂים פְּלַסְטֶר עַל הַמַּכָּה.","Наклей пластырь на ссадину.","Мамы в Израиле","s_10818fe8b7b5.mp3","Женский"
2361,"תִּמְרַח אֶת הַמִּשְׁחָה בִּזְהִירוּת.","Намажь мазь осторожно.","Мамы в Израиле","s_2ac2f8e82ac0.mp3","Женский"
2362,"הַתִּינוֹק הוֹלֵךְ לַמָּעוֹן.","Малыш идёт в ясли.","Мамы в Израиле","s_cb3ba63b8447.mp3","Женский"
2363,"הַגַּנֶּנֶת מְדַבֶּרֶת עִם הַהוֹרִים.","Воспитательница говорит с родителями.","Мамы в Израиле","s_d4e8c96b4c69.mp3","Женский"
2364,"הַסַּיַּעַת עוֹזֶרֶת לַיְלָדִים בַּגַּן.","Помощница помогает детям в саду.","Мамы в Израиле","s_f7e76f15f0fc.mp3","Женский"
2365,"הַיֶּלֶד נִשְׁאָר בַּצַּהֲרוֹן הַיּוֹם.","Ребёнок остаётся на продлёнке сегодня.","Мамы в Израиле","s_5911a2bcde72.mp3","Женский"
2366,"הֵכַנְתִּי אֲרוּחַת עֶשֶׂר יָפָה.","Я приготовила хороший второй завтрак.","Мамы в Израиле","s_e16eea64a75b.mp3","Женский"
2367,"אֵיפֹה קוּפְסַת הָאוֹכֶל שֶׁלְּךָ?","Где твоя коробочка для еды?","Мамы в Израиле","s_e1ef394f00a4.mp3","Женский"
2368,"הַיֶּלֶד יוֹרֵד בַּמַּגְלֵשָׁה.","Ребёнок съезжает с горки.","Мамы в Израиле","s_14b093f29d13.mp3","Женский"
2369,"הַיַּלְדָּה רוֹצָה לַנַּדְנֵדָה עַכְשָׁיו.","Девочка хочет на качели сейчас.","Мамы в Израиле","s_1e67d051d77a.mp3","Женский"
2370,"הַיֶּלֶד הוֹלֵךְ לְבֵית סֵפֶר.","Ребёнок идёт в школу.","Мамы в Израиле","s_f61cb755cd17.mp3","Женский"
2371,"הַמּוֹרָה מַסְבִּירָה אֶת הַשִּׁיעוּר.","Учительница объясняет урок.","Мамы в Израиле","s_52bd2b295824.mp3","Женский"
2372,"הַיַּלְקוּט שֶׁל הַיֶּלֶד כָּבֵד.","Ранец ребёнка тяжёлый.","Мамы в Израиле","s_77a9d985c8f1.mp3","Женский"
2373,"שָׂמְתָּ עֵפְרוֹנוֹת בַּקַּלְמָר?","Ты положил карандаши в пенал?","Мамы в Израиле","s_71c99a22be37.mp3","Женский"
2374,"סִיַּמְתָּ שִׁיעוּרֵי בַּיִת הַיּוֹם?","Ты закончил домашнее задание сегодня?","Мамы в Израиле","s_8fcdadc94cd5.mp3","Женский"
2375,"וַעַד הַהוֹרִים אָסַף כֶּסֶף.","Родительский комитет собрал деньги.","Мамы в Израиле","s_502f448f83b6.mp3","Женский"
2376,"זֹאת תִּזְכּוֹרֶת לְכָל הַהוֹרִים.","Это напоминание всем родителям.","Мамы в Израиле","s_8c6b631aaa8d.mp3","Женский"
2377,"קָנִינוּ מַתָּנָה יָפָה לַצֶּוֶות.","Мы купили красивый подарок коллективу.","Мамы в Израиле","s_aefa6a571973.mp3","Женский"
2378,"מָחָר לוֹבְשִׁים חוּלְצָה לְבָנָה.","Завтра надеваем белую футболку.","Мамы в Израиле","s_c7a31b84a733.mp3","Женский"
2379,"הוֹלְכִים לְגִינַת שַׁעֲשׁוּעִים הַיּוֹם.","Идём на детскую площадку сегодня.","Мамы в Израиле","s_ee6ecbd7bcbc.mp3","Женский"
2380,"יֵשׁ לוֹ חוּג אַחֲרֵי הַצָּהֳרַיִם.","У него кружок во второй половине дня.","Мамы в Израиле","s_551b7f3ceab3.mp3","Женский"
2381,"הַיֶּלֶד רוֹכֵב עַל קוּרְקִינֶט.","Ребёнок едет на самокате.","Мамы в Израиле","s_8f382e7d6b60.mp3","Женский"
2382,"חַיָּיבִים לַחְבּוֹשׁ קַסְדָּה בַּנְּסִיעָה.","Обязательно надевать шлем при поездке.","Мамы в Израиле","s_7f71b41b8cde.mp3","Женский"
2383,"עַכְשָׁיו תּוֹרְךָ לַעֲלוֹת.","Сейчас твоя очередь подниматься.","Мамы в Израиле","s_761fcde099ed.mp3","Женский"
2384,"הִיא רוֹצָה לְהָנִיק עַכְשָׁיו.","Она хочет покормить грудью сейчас.","Мамы в Израиле","s_68b7fd412e98.mp3","Женский"
2385,"יֵשׁ לַתִּינוֹק גָּזִים בַּבֶּטֶן.","У малыша газики в животе.","Мамы в Израиле","s_5590eb07f3b1.mp3","Женский"
2386,"זֹאת פְּלִיטָה רְגִילָה לְגַמְרֵי.","Это совершенно обычное срыгивание.","Мамы в Израиле","s_35d5a6d3ebdd.mp3","Женский"
2387,"הַתִּינוֹק עָלוּל לִפְלוֹט חָלָב.","Малыш может срыгнуть молоко.","Мамы в Израиле","s_fef892741e56.mp3","Женский"
2388,"הִתְחִילָה בְּקִיעַת שִׁינַּיִים אֶצְלוֹ.","У него началось прорезывание зубов.","Мамы в Израиле","s_908bef7712ff.mp3","Женский"
2389,"אֵיפֹה מִטַּת הַתִּינוֹק שֶׁלָּכֶם?","Где ваша детская кроватка?","Мамы в Израиле","s_000d6b29826e.mp3","Женский"
2390,"לָמָּה הַתִּינוֹק מַתְחִיל לִבְכּוֹת?","Почему малыш начинает плакать?","Мамы в Израиле","s_1ee0a2585162.mp3","Женский"
2391,"צָרִיךְ לִשְׁקוֹל אֶת הַתִּינוֹק.","Нужно взвесить малыша.","Мамы в Израиле","s_2e9018e115f3.mp3","Женский"
2392,"הוּא בַּאֲחוּזוֹן חֲמִישִׁים מְצוּיָּן.","Он на отличном пятидесятом процентиле.","Мамы в Израиле","s_c54baac25928.mp3","Женский"
2393,"עָשִׂינוּ בְּדִיקַת הִתְפַּתְּחוּת מְצוּיֶּנֶת.","Мы прошли отличную проверку развития.","Мамы в Израиле","s_5e595daa913c.mp3","Женский"
2394,"הָיְתָה לוֹ הֲקָאָה בַּלַּיְלָה.","У него была рвота ночью.","Мамы в Израиле","s_4787ccaf8c74.mp3","Женский"
2395,"זֶה רַק וִירוּס בֶּטֶן פָּשׁוּט.","Это всего лишь простой кишечный вирус.","Мамы в Израиле","s_cf936877b858.mp3","Женский"
2396,"יֵשׁ לַיֶּלֶד כְּאֵב בֶּטֶן חָזָק.","У ребёнка сильная боль в животе.","Мамы в Израиле","s_1fcbc4103a52.mp3","Женский"
2397,"יֵשׁ לָהּ כְּאֵב רֹאשׁ מֵהַחוֹם.","У неё болит голова от жара.","Мамы в Израиле","s_368fd9910df2.mp3","Женский"
2398,"הָרוֹפֵא לָקַח מִשְׁטַח גָּרוֹן.","Врач взял мазок из горла.","Мамы в Израиле","s_5f53089f53ef.mp3","Женский"
2399,"נָסַעְנוּ לְמוֹקֵד לַיְלָה דָּחוּף.","Мы поехали в срочную ночную неотложку.","Мамы в Израиле","s_1647b880a309.mp3","Женский"
2400,"הַיֶּלֶד אַפָּתִי וְלֹא שׁוֹתֶה.","Ребёнок апатичный и не пьёт.","Мамы в Израиле","s_365710b030dd.mp3","Женский"
2401,"קָנִיתִי נֵרוֹת לְהוֹרָדַת חוֹם.","Я купила жаропонижающие свечи.","Мамы в Израиле","s_dc9a751c95be.mp3","Женский"
2402,"נָתַתִּי לוֹ אֲקָמוֹלִי עַכְשָׁיו.","Я дала ему Акамоли сейчас.","Мамы в Израиле","s_c1bae8c6807d.mp3","Женский"
2403,"יֵשׁ בַּבַּיִת נוּרוֹפֶן לִילָדִים?","Есть дома детский Нурофен?","Мамы в Израиле","s_e40f0dfd46a7.mp3","Женский"
2404,"שְׁטוֹף אֶת מַזְרֵק הַמִּינּוּן.","Промой шприц-дозатор.","Мамы в Израиле","s_74b9849aebad.mp3","Женский"
2405,"הַמִּינּוּן הוּא לְפִי מִשְׁקָל.","Дозировка идёт по весу.","Мамы в Израиле","s_f503cb575a6f.mp3","Женский"
2406,"שִׂים טִיפּוֹת אָזְנַיִם בַּבֹּקֶר.","Закапай ушные капли утром.","Мамы в Израиле","s_5b95d772934d.mp3","Женский"
2407,"צָרִיךְ טִיפּוֹת עֵינַיִם לַיֶּלֶד.","Нужны глазные капли ребёнку.","Мамы в Израиле","s_57bf3dfbaf21.mp3","Женский"
2408,"קָנִינוּ מֵי מֶלַח לָאַף.","Мы купили физраствор для носа.","Мамы в Израиле","s_c03218b3b37a.mp3","Женский"
2409,"עָשִׂינוּ אִינְהַלַצְיָה עִם מַשְׁאֵף.","Мы сделали ингаляцию с ингалятором.","Мамы в Израиле","s_c9bcc6d381ff.mp3","Женский"
2410,"בְּדֹק אֶת תּוֹקֶף הַתְּרוּפָה.","Проверь срок годности лекарства.","Мамы в Израиле","s_ebd98533b73a.mp3","Женский"
2411,"אֵין לַתְּרוּפָה תּוֹפְעוֹת לְוַואי.","У лекарства нет побочных эффектов.","Мамы в Израиле","s_37791da597fd.mp3","Женский"
2412,"צָרִיךְ לְטַפְטֵף טִיפּוֹת לָאַף.","Нужно закапать капли в нос.","Мамы в Израиле","s_d3c9af19666d.mp3","Женский"
2413,"הִתְחַלְנוּ גְּמִילָה מֵחִיתּוּלִים הַשָּׁבוּעַ.","Мы начали отучение от подгузников на этой неделе.","Мамы в Израиле","s_0545d4ec1641.mp3","Женский"
2414,"הַיֶּלֶד יוֹשֵׁב עַל סִיר.","Ребёнок сидит на горшке.","Мамы в Израиле","s_99bcdc441866.mp3","Женский"
2415,"הוּא אַבָּא שֶׁל שַׁבָּת.","Он дежурный папа Шаббата.","Мамы в Израиле","s_ad8ff92b0b84.mp3","Женский"
2416,"מִי יָכוֹל לֶאֱסוֹף מֵהַגַּן?","Кто может забрать из садика?","Мамы в Израиле","s_2176f676702d.mp3","Женский"
2417,"לַיֶּלֶד קַל לְהִסְתַּגֵּל לַגַּן.","Ребёнку легко привыкнуть к саду.","Мамы в Израиле","s_8b2e1259efea.mp3","Женский"
2418,"הוּא מַתְחִיל לְהִתְגַּעְגֵּעַ לְאִמָּא.","Он начинает скучать по маме.","Мамы в Израиле","s_f949af15baf8.mp3","Женский"
2419,"אָסוּר לִנְשׁוֹךְ יְלָדִים בַּגַּן!","Нельзя кусать детей в саду!","Мамы в Израиле","s_5dba4bb0a216.mp3","Женский"
2420,"כְּדַאי לַחֲלוֹק צַעֲצוּעִים יַחַד.","Стоит делиться игрушками вместе.","Мамы в Израиле","s_c9a81b8a3af5.mp3","Женский"
2421,"הַיְלָדִים צְרִיכִים לִפְרוֹק אֶנֶרְגְּיָה.","Детям нужно выплеснуть энергию.","Мамы в Израиле","s_4a32bb28be84.mp3","Женский"
2422,"הַיּוֹם יֵשׁ יוֹם קָצָר.","Сегодня короткий день.","Мамы в Израиле","s_1db19a47daa3.mp3","Женский"
2423,"עַכְשָׁיו הַזְּמַן שֶׁל שְׁנַ""צ.","Сейчас время дневного сна.","Мамы в Израиле","s_5aaadf42b7fd.mp3","Женский"
2424,"הוּא עוֹלֶה לְכִיתָּה א'.","Он идёт в первый класс.","Мамы в Израиле","s_d6f44f23c290.mp3","Женский"
2425,"פָּגַשְׁנוּ אֶת מְחַנֶּכֶת הַכִּיתָּה.","Мы встретили классную руководительницу.","Мамы в Израиле","s_e04f67888e64.mp3","Женский"
2426,"קָנִינוּ מַחְבֶּרֶת שׁוּרוֹת חֲדָשָׁה.","Мы купили новую тетрадь в линейку.","Мамы в Израиле","s_131575725e72.mp3","Женский"
2427,"תֵּן לִי מַחְבֶּרֶת מִשְׁבָּצוֹת.","Дай мне тетрадь в клетку.","Мамы в Израиле","s_d2db74b7ca12.mp3","Женский"
2428,"פְּתַח אֶת חוֹבֶרֶת הָעֲבוֹדָה.","Открой рабочую тетрадь.","Мамы в Израиле","s_292f72881315.mp3","Женский"
2429,"הַסֵּפֶר לִימּוּד שֶׁלּוֹ כָּבֵד.","Его учебник тяжёлый.","Мамы в Израиле","s_1643fabe7288.mp3","Женский"
2430,"בַּהַפְסָקָה גְּדוֹלָה אוֹכְלִים כָּרִיךְ.","На большой перемене едят бутерброд.","Мамы в Израиле","s_c78b6c0cdbfa.mp3","Женский"
2431,"מָחָר יוֹצְאִים לְטִיּוּל שְׁנָתִי.","Завтра выходят в годовой поход.","Мамы в Израиле","s_0a31a57cc06d.mp3","Женский"
2432,"יֵשׁ אֲסֵפַת הוֹרִים הָעֶרֶב.","Есть родительское собрание сегодня вечером.","Мамы в Израиле","s_9b60bdee34e4.mp3","Женский"
2433,"הַיֶּלֶד נוֹסֵעַ בַּהַסָּעוֹת תָּמִיד.","Ребёнок всегда ездит на школьной развозке.","Мамы в Израиле","s_9a1d0c2fab64.mp3","Женский"
2434,"אָסוּר לַעֲשׂוֹת חֵרֶם בַּכִּיתָּה!","Нельзя устраивать бойкот в классе!","Мамы в Израиле","s_e5236ba676a6.mp3","Женский"
2435,"יֵשׁ לוֹ חַבְרוּתָא נֶהֱדֶרֶת.","У него прекрасная компания друзей.","Мамы в Израиле","s_d0cddf66e35d.mp3","Женский"
2436,"בּוֹא לְהָכִין שִׁיעוּרִים עַכְשָׁיו.","Иди делай уроки сейчас.","Мамы в Израиле","s_48ae8657a3b4.mp3","Женский"
2437,"קַל לוֹ לְהִשְׁתַּלֵּב בַּכִּיתָּה.","Ему легко влиться в коллектив класса.","Мамы в Израиле","s_72030dbf28b7.mp3","Женский"
2438,"נִשְׁמַע צִלְצוּל הַפְסָקָה בַּמִּסְדְּרוֹן.","Прозвенел звонок на перемену в коридоре.","Мамы в Израиле","s_2c7db487d3e7.mp3","Женский"
2439,"הִתְחִיל אִיסּוּף כְּסָפִים לַמַּתָּנָה.","Начался сбор денег на подарок.","Мамы в Израиле","s_df600151ec57.mp3","Женский"
2440,"מָחָר יוֹם הוּלֶּדֶת כִּיתָּתִי.","Завтра общий день рождения класса.","Мамы в Израиле","s_39af9562bfbb.mp3","Женский"
2441,"נָא לִשְׁלוֹחַ אִישּׁוּר הַגָּעָה.","Пожалуйста, отправьте подтверждение участия.","Мамы в Израиле","s_9f86538e83c4.mp3","Женский"
2442,"יֵשׁ לָנוּ מָקוֹם לַטְרֶמְפּ.","У нас есть место подвезти.","Мамы в Израиле","s_7d69a3f799d6.mp3","Женский"
2443,"תִּבְדְּקוּ בְּאַרְגַּז אֲבֵידָה וּמְצִיאָה.","Проверьте в ящике находок и потерь.","Мамы в Израиле","s_0f7916bd6b61.mp3","Женский"
2444,"הַיֶּלֶד חוֹלֶה וְלֹא יַגִּיעַ הַיּוֹם.","Ребёнок заболел и сегодня не придёт.","Мамы в Израиле","s_48b0e5b67345.mp3","Женский"
2445,"הוּא יַגִּיעַ בְּאִיחוּר שֶׁל חֲצִי שָׁעָה.","Он припозднится на полчаса.","Мамы в Израиле","s_dd39a9a4d6ed.mp3","Женский"
2446,"סַבְתָּא תֶּאֱסוֹף אוֹתוֹ הַיּוֹם.","Бабушка заберёт его сегодня.","Мамы в Израиле","s_03b63f139159.mp3","Женский"
2447,"מִישֶׁהוּ מָצָא קַלְמָר כָּחוֹל?","Кто-нибудь нашёл синий пенал?","Мамы в Израиле","s_5b103c50a436.mp3","Женский"
2448,"הַיְלָדִים צְרִיכִים לָבוֹא בְּחוּלְצָה לְבָנָה?","Детям нужно прийти в белой футболке?","Мамы в Израиле","s_ba88b1b994a7.mp3","Женский"
2449,"מָה צָרִיךְ לְהָבִיא לִפְעִילוּת מָחָר?","Что нужно принести на завтрашнее мероприятие?","Мамы в Израиле","s_fc2fa8eef4be.mp3","Женский"
2450,"יֵשׁ לְמִישֶׁהוּ מָקוֹם בָּרֶכֶב לַטְרֶמְפּ?","Есть у кого-то место в машине подвезти?","Мамы в Израиле","s_f2f1980ee362.mp3","Женский"
2451,"אֶפְשָׁר לִשְׁלוֹחַ אֶת הַקִּישׁוּר לַפֵּייבּוֹקְס?","Можно отправить ссылку на PayBox?","Мамы в Израиле","s_a11a6b4c7ccd.mp3","Женский"
2452,"רְפוּאָה שְׁלֵמָה וְהַחְלָמָה מְהִירָה!","Скорейшего выздоровления и поправки!","Мамы в Израиле","s_ea386e5f1776.mp3","Женский"
2453,"מַזָּל טוֹב עַד 120!","С днём рождения, до 120 лет!","Мамы в Израиле","s_016d25425f9c.mp3","Женский"
2454,"תּוֹדָה רַבָּה לְכָל הַצֶּוֶות הַנִּפְלָא!","Огромное спасибо всему замечательному коллективу!","Мамы в Израиле","s_d3922df616d7.mp3","Женский"
2455,"שַׁבָּת שָׁלוֹם וּמְבוֹרֶכֶת לְכָל הַמִּשְׁפָּחוֹת!","Мирного и благословенного Шаббата всем семьям!","Мамы в Израиле","s_b0775f1224f8.mp3","Женский"
2456,"נָא לְאַשֵׁר הַגָּעָה עַד יוֹם חֲמִישִׁי.","Пожалуйста, подтвердите присутствие до четверга.","Мамы в Израиле","s_1d0902fe74dc.mp3","Женский"
2457,"מִי מֵבִיא פֵּירוֹת לְיוֹם שִׁישִׁי?","Кто приносит фрукты на пятницу?","Мамы в Израиле","s_608408bdb288.mp3","Женский"
2458,"שָׁבוּעַ טוֹב וּמוּצְלָח לְכוּלָּם!","Хорошей и успешной недели всем!","Мамы в Израиле","s_6ab13260ae29.mp3","Женский"
2459,"הַחוּג נִמְצָא בַּמַּתְנָ""ס הַשְּׁכוּנָתִי.","Кружок находится в районном доме культуры.","Мамы в Израиле","s_7cc89de35fcc.mp3","Женский"
2460,"הַיּוֹם יֵשׁ חוּג שְׂחִיָּיה.","Сегодня есть кружок плавания.","Мамы в Израиле","s_15471bc33764.mp3","Женский"
2461,"הוּא הוֹלֵךְ לְחוּג ג'וּדוֹ.","Он ходит на секцию дзюдо.","Мамы в Израиле","s_13386f4701cb.mp3","Женский"
2462,"הִיא נִרְשְׁמָה לְחוּג בַּלֶט.","Она записалась на кружок балета.","Мамы в Израиле","s_4c7b19fd851b.mp3","Женский"
2463,"הוּא רוֹכֵב עַל אוֹפַנַּיִם.","Он едет на велосипеде.","Мамы в Израиле","s_5725028136bd.mp3","Женский"
2464,"שִׂים מָגֵנֵי בִּרְכַּיִם מִיָּד.","Надень наколенники немедленно.","Мамы в Израиле","s_b2928521612e.mp3","Женский"
2465,"יֵשׁ בַּגִּנָּה מַגְלֵשָׁה עֲנָקִית.","На площадке есть гигантская горка.","Мамы в Израиле","s_4cb3501c2ae2.mp3","Женский"
2466,"הַיְלָדִים עַל נַדְנֵדַת קֵן.","Дети на качелях-гнезде.","Мамы в Израиле","s_afe19279621b.mp3","Женский"
2467,"הַתִּינוֹק אוֹכֵל בַּמְבָּה בַּגִּנָּה.","Малыш ест Бамбу на площадке.","Мамы в Израиле","s_6b5f6b92c0ba.mp3","Женский"
2468,"קַח מַיִם בַּבַּקְבּוּק לַגִּנָּה.","Возьми воду в бутылочке на площадку.","Мамы в Израиле","s_40f036d99098.mp3","Женский"
2469,"אָסוּר לַחֲטוֹף צַעֲצוּעִים מֵאֲחֵרִים!","Нельзя отбирать игрушки у других!","Мамы в Израиле","s_bf26f66b458a.mp3","Женский"
2470,"לֹא לִדְחוֹף בַּתּוֹר לַמַּגְלֵשָׁה!","Не толкаться в очереди на горку!","Мамы в Израиле","s_a0a9e172db85.mp3","Женский"
2471,"רָצִיתִי לְהֵירָשֵׁם לְחוּג שְׂחִיָּיה.","Я хотела записаться на кружок плавания.","Мамы в Израиле","s_35608488c57a.mp3","Женский"
2472,"עַכְשָׁיו תּוֹרוֹ, הוּא חִכָּה רִאשׁוֹן.","Сейчас его очередь, он ждал первым.","Мамы в Израиле","s_fd1a8178a128.mp3","Женский"
2473,"לֹא לִדְחוֹף, יֵשׁ מָקוֹם לְכוּלָּם.","Не толкаться, места хватит всем.","Мамы в Израиле","s_185ce6da709b.mp3","Женский"
2474,"זֶה הַקּוּרְקִינֶט שֶׁלְּךָ אוֹ שֶׁלּוֹ?","Это твой самокат или его?","Мамы в Израиле","s_f7b4b009bc0a.mp3","Женский"
2475,"עוֹד חָמֵשׁ דַּקּוֹת הוֹלְכִים הַבַּיְתָה.","Ещё пять минут и идём домой.","Мамы в Израиле","s_d1465d8dae6f.mp3","Женский"