Index	VoiceGender	Category	FileName	SentenceHebrew	SentenceTranscription	SentenceRussian	Group	TargetWord
1	MALE	1-е лицо м.р. (אני רוצה)	s_43a3f467d43b.mp3	אֲנִי רוֹצֶה מַיִם קָרִים.	анӣ роцэ́ мáйим карӣ́м.	Я хочу холодную воду.	Глаголы	לִרְצוֹת
2	FEMALE	Женская форма (адаптация 1/2 л.)	s_43a3f467d43b_f.mp3	אֲנִי רוֹצָה מַיִם קָרִים.	анӣ роца́ мáйим карӣ́м.	Я хочу холодную воду.	Глаголы	לִרְצוֹת
3	FEMALE	Нейтральные / Безличные	s_0f3a3929d039.mp3	אֶתְמוֹל רָצִיתִי קָפֶה.	этмóль рацӣ́ти кáфэ.	Вчера я хотел кофе.	Глаголы	לִרְצוֹת
4	MALE	3-е лицо м.р. (הוא / דוד)	s_452c0ecb28cd.mp3	הוּא שׁוֹתֶה תֵּה בַּבֹּקֶר.	hу шотэ́ тэ ба-бóкер.	Он пьёт чай утром.	Глаголы	לִשְׁתּוֹת
5	FEMALE	Нейтральные / Безличные	s_aec04a99dab9.mp3	אֶתְמוֹל שָׁתִיתִי מִיץ.	этмóль шатӣ́ти миц.	Вчера я пил сок.	Глаголы	לִשְׁתּוֹת
6	MALE	1-е лицо м.р. (אני רוצה)	s_24be46eef63b.mp3	אֲנִי אוֹכֵל לֶחֶם וּגְבִינָה.	анӣ охéль лéхем у-гвинá.	Я ем хлеб и сыр.	Глаголы	לֶאֱכוֹל
7	FEMALE	Женская форма (адаптация 1/2 л.)	s_24be46eef63b_f.mp3	אֲנִי אוֹכֶלֶת לֶחֶם וּגְבִינָה.	анӣ охе́лет лéхем у-гвинá.	Я ем хлеб и сыр.	Глаголы	לֶאֱכוֹל
8	MALE	3-е лицо м.р. (הוא / דוד)	s_ecebf5bfeb71.mp3	הוּא אָכַל בַּבַּיִת.	hу ахáль ба-бáйит.	Он ел дома.	Глаголы	לֶאֱכוֹל
9	MALE	3-е лицо м.р. (הוא / דוד)	s_91be08f55a95.mp3	דָּוִד הוֹלֵךְ לָאוּלְפָּן.	давӣ́д hолéх ла-ульпáн.	Давид идёт в ульпан.	Глаголы	לָלֶכֶת
10	FEMALE	Нейтральные / Безличные	s_2059caa017cd.mp3	אֶתְמוֹל הָלַכְתִּי לַעֲבוֹדָה.	этмóль hалáхти ла-аводá.	Вчера я ходил на работу.	Глаголы	לָלֶכֶת
11	FEMALE	3-е лицо ж.р. (היא / שרה)	s_02c4eb2e0026.mp3	הִיא כּוֹתֶבֶת מִכְתָּב לְאִמָּא.	hи котéвет михтáв лэ-и́ма.	Она пишет письмо маме.	Глаголы	לִכְתּוֹב
12	FEMALE	Нейтральные / Безличные	s_f4c33af40c1b.mp3	כָּתַבְתִּי הוֹדָעָה קְצָרָה.	катáвти hодаá кцарá.	Я написал короткое сообщение.	Глаголы	לִכְתּוֹב
13	MALE	1-е лицо м.р. (אני רוצה)	s_8f08c6e2916e.mp3	אֲנִי קוֹרֵא סֵפֶר בָּעֶרֶב.	анӣ корé сéфер ба-э́рев.	Я читаю книгу вечером.	Глаголы	לִקְרוֹא
14	FEMALE	Женская форма (адаптация 1/2 л.)	s_8f08c6e2916e_f.mp3	אֲנִי קוֹרֵאת סֵפֶר בָּעֶרֶב.	анӣ ко́рет сéфер ба-э́рев.	Я читаю книгу вечером.	Глаголы	לִקְרוֹא
15	MALE	3-е лицо м.р. (הוא / דוד)	s_a8f7f47e399c.mp3	הוּא קָרָא אֶת הַחֲדָשׁוֹת.	hу карá эт hа-хадашóт.	Он прочитал новости.	Глаголы	לִקְרוֹא
16	FEMALE	Нейтральные / Безличные	s_93cd4799f910.mp3	אֲנַחְנוּ לוֹמְדִים עִבְרִית בָּאוּלְפָּן.	анáхну ломдӣ́м иврӣ́т ба-ульпáн.	Мы учим иврит в ульпане.	Глаголы	לִלְמוֹד
17	FEMALE	Нейтральные / Безличные	s_0bf2f9eac5f4.mp3	לָמַדְתִּי מִלִּים חֲדָשׁוֹת.	ламáдти милӣ́м хадашóт.	Я учил новые слова.	Глаголы	לִלְמוֹד
18	FEMALE	Нейтральные / Безличные	s_e3b859706ba3.mp3	דָּנִיאֵל גָּר בִּירוּשָׁלַיִם.	даниэ́ль гар би-рушалáйим.	Даниэль живёт в Иерусалиме.	Глаголы	לָגוּר
19	FEMALE	Нейтральные / Безличные	s_53ca6edb0173.mp3	גַּרְתִּי בְּחֵיפָה שָׁנָה.	гáрти бэ-хэйфá шанá.	Я жил в Хайфе год.	Глаголы	לָגוּר
20	FEMALE	3-е лицо ж.р. (היא / שרה)	s_1b2678da3913.mp3	הִיא קוֹנָה פֵּרוֹת בַּשּׁוּק.	hи конá пэрóт ба-шук.	Она покупает фрукты на рынке.	Глаголы	לִקְנוֹת
21	FEMALE	Нейтральные / Безличные	s_0a8b1904937a.mp3	אֶתְמוֹל קָנִיתִי חָלָב.	этмóль канӣ́ти халáв.	Вчера я купил молоко.	Глаголы	לִקְנוֹת
22	MALE	3-е лицо м.р. (הוא / דוד)	s_e1ed38018338.mp3	הוּא עוֹבֵד בְּמִשְׂרָד.	hу овéд бэ-мисрáд.	Он работает в офисе.	Глаголы	לַעֲבוֹד
23	FEMALE	Нейтральные / Безличные	s_6a867d61f536.mp3	עָבַדְתִּי כָּל הַיּוֹם.	авáдти коль hа-йом.	Я работал весь день.	Глаголы	לַעֲבוֹד
24	MALE	2-е лицо м.р. (אתה יודע)	s_2a9337de731b.mp3	אַתָּה יוֹדֵעַ אֶת הַתְּשׁוּבָה?	атá йодéа эт hа-тшувá?	Ты знаешь ответ?	Глаголы	לָדַעַת
25	FEMALE	Женская форма (адаптация 1/2 л.)	s_2a9337de731b_f.mp3	אַתְּ יוֹדַעַת אֶת הַתְּשׁוּבָה?	ат йода́ат эт hа-тшувá?	Ты знаешь ответ?	Глаголы	לָדַעַת
26	FEMALE	Нейтральные / Безличные	s_7de587b2f86e.mp3	לֹא יָדַעְתִּי אֶת זֶה.	ло ядáти эт зэ.	Я не знал этого.	Глаголы	לָדַעַת
27	MALE	1-е лицо м.р. (אני רוצה)	s_0378a97bbdc2.mp3	אֲנִי רוֹאֶה אֶת הַיָּם.	анӣ роэ́ эт hа-ям.	Я вижу море.	Глаголы	לִרְאוֹת
28	FEMALE	Женская форма (адаптация 1/2 л.)	s_0378a97bbdc2_f.mp3	אֲנִי רוֹאָה אֶת הַיָּם.	анӣ роа́ эт hа-ям.	Я вижу море.	Глаголы	לִרְאוֹת
29	FEMALE	Нейтральные / Безличные	s_1e5082717c0d.mp3	רָאִיתִי אֶת הַחֲבֵר בָּרְחוֹב.	раӣ́ти эт hа-хавéр ба-рехóв.	Я видел друга на улице.	Глаголы	לִרְאוֹת
30	FEMALE	3-е лицо ж.р. (היא / שרה)	s_37f0616d2d56.mp3	הִיא בָּאָה לַבַּיִת עַכְשָׁיו.	hи бáа ла-бáйит ахшáв.	Она приходит домой сейчас.	Глаголы	לָבוֹא
31	MALE	3-е лицо м.р. (הוא / דוד)	s_96d96009a641.mp3	דָּוִד בָּא אֶתְמוֹל לָאוּלְפָּן.	давӣ́д ба этмóль ла-ульпáн.	Давид пришёл вчера в ульпан.	Глаголы	לָבוֹא
32	MALE	2-е лицо м.р. (אתה יודע)	s_bc9b033910f6.mp3	מָה אַתָּה עוֹשֶׂה הַיּוֹם?	ма атá осэ́ hа-йом?	Что ты делаешь сегодня?	Глаголы	לַעֲשׂוֹת
33	FEMALE	Женская форма (адаптация 1/2 л.)	s_bc9b033910f6_f.mp3	מָה אַתְּ עוֹשָׂה הַיּוֹם?	ма ат оса́ hа-йом?	Что ты делаешь сегодня?	Глаголы	לַעֲשׂוֹת
34	FEMALE	Нейтральные / Безличные	s_2d896262efd5.mp3	עָשִׂיתִי שִׁעוּרֵי בַּיִת.	асӣ́ти шиурэ́й бáйит.	Я сделал домашнее задание.	Глаголы	לַעֲשׂוֹת
35	MALE	1-е лицо м.р. (אני רוצה)	s_ae79c0e63003.mp3	אֲנִי שׁוֹמֵעַ מוּזִיקָה.	анӣ шомéа мӯ́зика.	Я слушаю музыку.	Глаголы	לִשְׁמוֹעַ
36	FEMALE	Женская форма (адаптация 1/2 л.)	s_ae79c0e63003_f.mp3	אֲנִי שׁוֹמַעַת מוּזִיקָה.	анӣ шома́ат мӯ́зика.	Я слушаю музыку.	Глаголы	לִשְׁמוֹעַ
37	FEMALE	Нейтральные / Безличные	s_e3159308167e.mp3	שָׁמַעְתִּי אֶת הַשִּׁיר הַזֶּה.	шамáти эт hа-шир hа-зэ.	Я слышал эту песню.	Глаголы	לִשְׁמוֹעַ
38	MALE	3-е лицо м.р. (הוא / דוד)	s_a83fc20adc95.mp3	הוּא פּוֹגֵשׁ אֶת הַחֲבֵר.	hу погéш эт hа-хавéр.	Он встречает друга.	Глаголы	לִפְגּוֹשׁ
39	FEMALE	Нейтральные / Безличные	s_d5bf692e2513.mp3	פָּגַשְׁתִּי אוֹתוֹ בַּבֹּקֶר.	пагáшти отó ба-бóкер.	Я встретил его утром.	Глаголы	לִפְגּוֹשׁ
40	MALE	3-е лицо м.р. (הוא / דוד)	s_2bc00328324f.mp3	הוּא פּוֹתֵחַ אֶת הַדֶּלֶת.	hу потéах эт hа-дéлет.	Он открывает дверь.	Глаголы	לִפְתּוֹחַ
41	FEMALE	Нейтральные / Безличные	s_b8557def0a6a.mp3	פָּתַחְתִּי אֶת הַחַלּוֹן.	патáхти эт hа-халóн.	Я открыл окно.	Глаголы	לִפְתּוֹחַ
42	MALE	3-е лицо м.р. (הוא / דוד)	s_eac573c83a5f.mp3	הוּא סוֹגֵר אֶת הַחַלּוֹן.	hу согéр эт hа-халóн.	Он закрывает окно.	Глаголы	לִסְגּוֹר
43	FEMALE	Нейтральные / Безличные	s_ff23d5daab5a.mp3	סָגַרְתִּי אֶת הַדֶּלֶת.	сагáрти эт hа-дéлет.	Я закрыл дверь.	Глаголы	לִסְגּוֹר
44	FEMALE	Нейтральные / Безличные	s_7c1fc7f5afad.mp3	אֲנַחְנוּ יוֹשְׁבִים בְּבֵית קָפֶה.	анáхну йошвӣ́м бэ-вэ́йт кáфэ.	Мы сидим в кафе.	Глаголы	לָשֶׁבֶת
45	FEMALE	Нейтральные / Безличные	s_7f7a6a099ef0.mp3	יָשַׁבְתִּי עַל הַכִּסֵּא.	яшáвти аль hа-кисэ́.	Я сидел на стуле.	Глаголы	לָשֶׁבֶת
46	MALE	3-е лицо м.р. (הוא / דוד)	s_cb275df8b774.mp3	הוּא עוֹמֵד לְיַד הַתַּחֲנָה.	hу омéд лэ-яд hа-таханá.	Он стоит возле остановки.	Глаголы	לַעֲמוֹד
47	FEMALE	Нейтральные / Безличные	s_cf946eeba1d3.mp3	עָמַדְתִּי בַּתּוֹר בַּסּוּפֶּר.	амáдти ба-тор ба-сӯ́пер.	Я стоял в очереди в супермаркете.	Глаголы	לַעֲמוֹד
48	MALE	1-е лицо м.р. (אני רוצה)	s_70c378803429.mp3	אֲנִי לוֹקֵחַ תַּפּוּחַ וּמַיִם.	анӣ локéах тапӯ́ах у-мáйим.	Я беру яблоко и воду.	Глаголы	לָקַחַת
49	FEMALE	Женская форма (адаптация 1/2 л.)	s_70c378803429_f.mp3	אֲנִי לוֹקַחַת תַּפּוּחַ וּמַיִם.	анӣ лока́хат тапӯ́ах у-мáйим.	Я беру яблоко и воду.	Глаголы	לָקַחַת
50	FEMALE	Нейтральные / Безличные	s_2dec5903941d.mp3	לָקַחְתִּי אֶת הַמַּפְתֵּחַ.	лакáхти эт hа-мафтéах.	Я взял ключ.	Глаголы	לָקַחַת
51	FEMALE	3-е лицо ж.р. (היא / שרה)	s_74b534123bc3.mp3	הִיא נוֹתֶנֶת מַתָּנָה לַחֲבֵר.	hи нотéнет матанá ла-хавéр.	Она дарит подарок другу.	Глаголы	לָתֵת
52	FEMALE	Нейтральные / Безличные	s_31df35d6381c.mp3	נָתַתִּי לוֹ אֶת הַסֵּפֶר.	натáти ло эт hа-сéфер.	Я дал ему книгу.	Глаголы	לָתֵת
53	FEMALE	Нейтральные / Безличные	s_24ca1b3ac0df.mp3	הַתַּלְמִיד שׁוֹאֵל אֶת הַמּוֹרֶה.	hа-тальмӣ́д шоэ́ль эт hа-морé.	Ученик спрашивает учителя.	Глаголы	לִשְׁאוֹל
54	FEMALE	Нейтральные / Безличные	s_8092b96adebc.mp3	שָׁאַלְתִּי שְׁאֵלָה פְּשׁוּטָה.	шаáльти шеэлá пшутá.	Я задал простой вопрос.	Глаголы	לִשְׁאוֹל
55	FEMALE	3-е лицо ж.р. (היא / שרה)	s_b280408ead77.mp3	הַמּוֹרֶה עוֹנֶה לַתַּלְמִיד.	hа-морé онé ла-тальмӣ́д.	Учитель отвечает ученику.	Глаголы	לַעֲנוֹת
56	FEMALE	Нейтральные / Безличные	s_cfa2533ab7ff.mp3	עָנִיתִי עַל הַשְּׁאֵלָה.	анӣ́ти аль hа-шеэлá.	Я ответил на вопрос.	Глаголы	לַעֲנוֹת
57	MALE	3-е лицо м.р. (הוא / דוד)	s_b33becaa17e0.mp3	הוּא אוֹמֵר שָׁלוֹם וְתוֹדָה.	hу омéр шалóм вэ-тодá.	Он говорит привет и спасибо.	Глаголы	לוֹמַר
58	FEMALE	Нейтральные / Безличные	s_4ec9d05a86f8.mp3	אָמַרְתִּי לוֹ תּוֹדָה רַבָּה.	амáрти ло тодá рабá.	Я сказал ему большое спасибо.	Глаголы	לוֹמַר
59	MALE	3-е лицо м.р. (הוא / דוד)	s_ecd5d3ffc2ed.mp3	דָּוִד נוֹסֵעַ בָּאוֹטוֹבּוּס לָעֲבוֹדָה.	давӣ́д носéа ба-отóбус ла-аводá.	Давид едет на автобусе на работу.	Глаголы	לִנְסוֹעַ
60	FEMALE	Нейтральные / Безличные	s_54819a52eb53.mp3	אֶתְמוֹל נָסַעְתִּי בָּרַכֶּבֶת לְחֵיפָה.	этмóль насáъти ба-ракéвет ле-хейфá.	Вчера я ехал на поезде в Хайфу.	Глаголы	לִנְסוֹעַ
61	MALE	1-е лицо м.р. (אני רוצה)	s_c323e00f17a7.mp3	אֲנִי חוֹזֵר הַבַּיְתָה בָּעֶרֶב.	анӣ хозéр hабáйта ба-э́рев.	Я возвращаюсь домой вечером.	Глаголы	לַחֲזוֹר
62	FEMALE	Женская форма (адаптация 1/2 л.)	s_c323e00f17a7_f.mp3	אֲנִי חוֹזֶרֶת הַבַּיְתָה בָּעֶרֶב.	анӣ хозе́рет hабáйта ба-э́рев.	Я возвращаюсь домой вечером.	Глаголы	לַחֲזוֹר
63	MALE	3-е лицо м.р. (הוא / דוד)	s_e6e61210a8a3.mp3	הוּא חָזַר מֵהָעֲבוֹדָה עָיֵף.	hу хазáр ме-hа-аводá айéф.	Он вернулся с работы уставшим.	Глаголы	לַחֲזוֹר
64	FEMALE	Нейтральные / Безличные	s_0f2500234382.mp3	דָּנִי רָץ בַּפַּארְק בַּבֹּקֶר.	дáни рац ба-парк ба-бóкер.	Дани бегает в парке утром.	Глаголы	לָרוּץ
65	FEMALE	Нейтральные / Безличные	s_6884f7fbb6eb.mp3	אֶתְמוֹל רַצְתִּי חֲמִשָּׁה קִילוֹמֶטְרִים.	этмóль рáцти хамишá киломéтрим.	Вчера я пробежал пять километров.	Глаголы	לָרוּץ
66	MALE	1-е лицо м.р. (אני רוצה)	s_273f59d95e65.mp3	אֲנִי עוֹזֵר לַחֲבֵר בָּאוּלְפָּן.	анӣ озéр ла-хавéр ба-ульпáн.	Я помогаю другу в ульпане.	Глаголы	לַעֲזוֹר
67	FEMALE	Женская форма (адаптация 1/2 л.)	s_273f59d95e65_f.mp3	אֲנִי עוֹזֶרֶת לַחֲבֵר בָּאוּלְפָּן.	анӣ озе́рет ла-хавéр ба-ульпáн.	Я помогаю другу в ульпане.	Глаголы	לַעֲזוֹר
68	FEMALE	3-е лицо ж.р. (היא / שרה)	s_6954734e25cc.mp3	שָׂרָה עָזְרָה לְאִמָּא בַּבַּיִת.	сарá азрá ле-и́ма ба-бáйит.	Сара помогла маме по дому.	Глаголы	לַעֲזוֹר
69	MALE	1-е лицо м.р. (אני רוצה)	s_6a9612aca3ca.mp3	אֲנִי זוֹכֵר אֶת כָּל הַמִּלִּים.	анӣ зохéр эт коль hа-милӣ́м.	Я помню все слова.	Глаголы	לִזְכּוֹר
70	FEMALE	Женская форма (адаптация 1/2 л.)	s_6a9612aca3ca_f.mp3	אֲנִי זוֹכֶרֶת אֶת כָּל הַמִּלִּים.	анӣ зохе́рет эт коль hа-милӣ́м.	Я помню все слова.	Глаголы	לִזְכּוֹר
71	FEMALE	Нейтральные / Безличные	s_436805cb9962.mp3	זָכַרְתִּי אֶת מִסְפַּר הַטֶּלֶפוֹן.	захáрти эт миспáр hа-тéлефон.	Я вспомнил номер телефона.	Глаголы	לִזְכּוֹר
72	MALE	3-е лицо м.р. (הוא / דוד)	s_08a1a62770e2.mp3	הוּא שׁוֹכֵחַ אֶת הַמַּפְתֵּחוֹת שׁוּב.	hу шохéах эт hа-мафтехóт шув.	Он снова забывает ключи.	Глаголы	לִשְׁכּוֹחַ
73	FEMALE	Нейтральные / Безличные	s_6aa104fba7cc.mp3	שָׁכַחְתִּי אֶת הַתִּיק בַּבַּיִת.	шахáхти эт hа-тик ба-бáйит.	Я забыл сумку дома.	Глаголы	לִשְׁכּוֹחַ
74	MALE	1-е лицо м.р. (אני רוצה)	s_f2f74bfb6248.mp3	אֲנִי חוֹשֵׁב עַל הָעֲבוֹדָה.	анӣ хошéв аль hа-аводá.	Я думаю о работе.	Глаголы	לַחְשׁוֹב
75	FEMALE	Женская форма (адаптация 1/2 л.)	s_f2f74bfb6248_f.mp3	אֲנִי חוֹשֶׁבֶת עַל הָעֲבוֹדָה.	анӣ хоше́вет аль hа-аводá.	Я думаю о работе.	Глаголы	לַחְשׁוֹב
76	FEMALE	Нейтральные / Безличные	s_e93ce1703afb.mp3	אֶתְמוֹל חָשַׁבְתִּי עַל הָרַעְיוֹן.	этмóль хашáвти аль hа-раайóн.	Вчера я думал об этой идее.	Глаголы	לַחְשׁוֹב
77	MALE	3-е лицо м.р. (הוא / דוד)	s_b0d5f69360ac.mp3	דָּוִד מוֹצֵא אֶת הָרְחוֹב בְּקַלּוּת.	давӣ́д моцé эт hа-рехóв бе-калӯ́т.	Давид легко находит улицу.	Глаголы	לִמְצוֹא
78	FEMALE	Нейтральные / Безличные	s_53db33b7beda.mp3	מָצָאתִי עֲבוֹדָה טוֹבָה בָּעִיר.	мацáти аводá товá ба-ӣ́р.	Я нашёл хорошую работу в городе.	Глаголы	לִמְצוֹא
79	MALE	1-е лицо м.р. (אני רוצה)	s_52b13987ebf3.mp3	אֲנִי אוֹהֵב קָפֶה חָזָק בַּבֹּקֶר.	анӣ оhéв кáфэ хазáк ба-бóкер.	Я люблю крепкий кофе утром.	Глаголы	לֶאֱהוֹב
80	FEMALE	Женская форма (адаптация 1/2 л.)	s_52b13987ebf3_f.mp3	אֲנִי אוֹהֶבֶת קָפֶה חָזָק בַּבֹּקֶר.	анӣ оhе́вет кáфэ хазáк ба-бóкер.	Я люблю крепкий кофе утром.	Глаголы	לֶאֱהוֹב
81	FEMALE	Нейтральные / Безличные	s_e12155f574e3.mp3	אָהַבְתִּי אֶת הַסֶּפֶר הַזֶּה מְאֹד.	аháвти эт hа-сéфер hа-зэ меóд.	Мне очень понравилась эта книга.	Глаголы	לֶאֱהוֹב
82	MALE	3-е лицо м.р. (הוא / דוד)	s_bcb263cc8c69.mp3	הוּא שָׂם סוּכָּר בַּתֵּה שֶׁלּוֹ.	hу сам сукáр ба-тэ шелó.	Он кладёт сахар в свой чай.	Глаголы	לָשִׂים
83	FEMALE	Нейтральные / Безличные	s_369b6ff9c1d5.mp3	שַׂמְתִּי אֶת הַכֶּסֶף בַּתִּיק.	сáмти эт hа-кéсеф ба-тик.	Я положил деньги в сумку.	Глаголы	לָשִׂים
84	MALE	1-е лицо м.р. (אני רוצה)	s_00aadc6c77fe.mp3	אֲנִי קָם מוּקְדָּם בַּבֹּקֶר תָּמִיד.	анӣ кам мукдáм ба-бóкер тамӣ́д.	Я всегда встаю рано утром.	Глаголы	לָקוּם
85	FEMALE	Женская форма (адаптация 1/2 л.)	s_00aadc6c77fe_f.mp3	אֲנִי קָמָה מוּקְדָּם בַּבֹּקֶר תָּמִיד.	анӣ кама́ мукдáм ба-бóкер тамӣ́д.	Я всегда встаю рано утром.	Глаголы	לָקוּם
86	FEMALE	Нейтральные / Безличные	s_f0e41d86766c.mp3	הַיּוֹם קַמְתִּי בְּשָׁעָה שֶׁבַע.	hайóм кáмти бе-шаá шéва.	Сегодня я встал в семь часов.	Глаголы	לָקוּם
87	MALE	3-е лицо м.р. (הוא / דוד)	s_50772a2c3586.mp3	הַיֶּלֶד יָשֵׁן עַכְשָׁיו בַּחֶדֶר.	hа-йéлед яшéн ахшáв ба-хéдер.	Ребёнок сейчас спит в комнате.	Глаголы	לִישׁוֹן
88	FEMALE	Нейтральные / Безличные	s_78ea95389cf3.mp3	אֶתְמוֹל יָשַׁנְתִּי שְׁמוֹנֶה שָׁעוֹת טוֹבוֹת.	этмóль яшáнти шмóнэ шаóт товóт.	Вчера я спал восемь хороших часов.	Глаголы	לִישׁוֹן
89	FEMALE	Нейтральные / Безличные	s_33f5fe747e25.mp3	שַׂבָּא נָח בַּבַּיִת בַּצָּהֳרַיִם.	сáба нах ба-бáйит ба-цоhорáим.	Дедушка отдыхает дома днём.	Глаголы	לָנוּחַ
90	FEMALE	Нейтральные / Безличные	s_670ec3a14b58.mp3	בַּשַּׁבָּת נַחְנוּ כָּל הַיּוֹם.	ба-шабáт нáхну коль hа-йóм.	В субботу мы отдыхали весь день.	Глаголы	לָנוּחַ
91	FEMALE	Нейтральные / Безличные	s_54c6cdd34633.mp3	אֲנַחְנוּ טָסִים מָחָר לְאֵילַת.	анáхну тасӣ́м махáр ле-эйлáт.	Завтра мы летим в Эйлат.	Глаголы	לָטוּס
92	FEMALE	Нейтральные / Безличные	s_da99020d6517.mp3	בַּשָּׁנָה שֶׁעָבְרָה טַסְתִּי לְפָרִיז.	ба-шанá ше-аврá тáсти ле-парӣ́з.	В прошлом году я летал в Париж.	Глаголы	לָטוּס
93	FEMALE	Нейтральные / Безличные	s_671d85b2c927.mp3	הַסּוֹחֵר מוֹכֵר פֵּרוֹת בַּשּׁוּק.	hа-сохéр мохéр пейрóт ба-шук.	Торговец продаёт фрукты на рынке.	Глаголы	לִמְכּוֹר
94	MALE	3-е лицо м.р. (הוא / דוד)	s_6f2df88b1c74.mp3	דָּוִד מָכַר אֶת הַמְּכוֹנִית שֶׁלּוֹ.	давӣ́д махáр эт hа-мехонӣ́т шелó.	Давид продал свою машину.	Глаголы	לִמְכּוֹר
95	MALE	1-е лицо м.р. (אני רוצה)	s_7c50bda65931.mp3	אֲנִי בּוֹחֵר יְרָקוֹת טְרִיִּים בַּחֲנוּת.	анӣ бохéр йеракот терийӣ́м ба-ханӯ́т.	Я выбираю свежие овощи в магазине.	Глаголы	לִבְחוֹר
96	FEMALE	Женская форма (адаптация 1/2 л.)	s_7c50bda65931_f.mp3	אֲנִי בּוֹחֶרֶת יְרָקוֹת טְרִיִּים בַּחֲנוּת.	анӣ бохе́рет йеракот терийӣ́м ба-ханӯ́т.	Я выбираю свежие овощи в магазине.	Глаголы	לִבְחוֹר
97	FEMALE	Нейтральные / Безличные	s_4d38866ab8c7.mp3	בָּחַרְתִּי מָנָה טְעִימָה בַּמִּסְעָדָה.	бахáрти манá теимá ба-мисадá.	Я выбрал вкусное блюдо в ресторане.	Глаголы	לִבְחוֹר
98	FEMALE	Нейтральные / Безличные	s_677cb82bf6db.mp3	הָרוֹפֵא בּוֹדֵק אֶת הַחוֹלֶה הַיּוֹם.	hа-рофé бодéк эт hа-холé hайóм.	Врач осматривает больного сегодня.	Глаголы	לִבְדּוֹק
99	FEMALE	Нейтральные / Безличные	s_65e42516107a.mp3	בָּדַקְתִּי אֶת הַחֶשְׁבּוֹן בַּקְּפֵדָה.	бадáкти эт hа-хешбóн би-кфейдá.	Я тщательно проверил счёт.	Глаголы	לִבְדּוֹק
100	MALE	3-е лицо м.р. (הוא / דוד)	s_8fcca8a73bb1.mp3	הוּא שׁוֹמֵר עַל הַכֶּסֶף בַּבַּנְק.	hу шомéр аль hа-кéсеф ба-банк.	Он хранит деньги в банке.	Глаголы	לִשְׁמוֹר
101	FEMALE	Нейтральные / Безличные	s_41e2a883a070.mp3	שָׁמַרְתִּי לְךָ מָקוֹם טוֹב.	шамáрти лехá макóм тов.	Я занял для тебя хорошее место.	Глаголы	לִשְׁמוֹר
102	MALE	3-е лицо м.р. (הוא / דוד)	s_5899dcabc40d.mp3	דָּוִד עוֹבֵר לְדִירָה חֲדָשָׁה הַחֹדֶשׁ.	давӣ́д овéр ле-дирá хадашá hа-хóдеш.	Давид переезжает в новую квартиру в этом месяце.	Глаголы	לַעֲבוֹר
103	FEMALE	Нейтральные / Безличные	s_a739589dbb62.mp3	אֶתְמוֹל עָבַרְנוּ אֶת הַמִּבְחָן בְּהַצְלָחָה.	этмóль авáрну эт hа-мивхáн бе-hацлахá.	Вчера мы успешно сдали экзамен.	Глаголы	לַעֲבוֹר
104	FEMALE	Нейтральные / Безличные	s_c9a16f2df578.mp3	הָאוֹטוֹבּוּס עוֹצֵר בַּתַּחֲנָה הַקְּרוֹבָה.	hа-отóбус оцéр ба-таханá hа-кровá.	Автобус останавливается на ближайшей остановке.	Глаголы	לַעֲצוֹר
105	FEMALE	Нейтральные / Безличные	s_d5bea267778d.mp3	הַנַּהָג עָצַר בָּאוֹר הָאָדֹם.	hа-наháг ацáр ба-ор hа-адóм.	Водитель остановился на красный свет.	Глаголы	לַעֲצוֹר
106	MALE	1-е лицо м.р. (אני רוצה)	s_2da887c47d58.mp3	אֲנִי מְדַבֵּר עִם הַמּוֹרֶה עִבְרִית.	анӣ медабéр им hа-морé иврӣ́т.	Я говорю с учителем на иврите.	Глаголы	לְדַבֵּר
107	FEMALE	Женская форма (адаптация 1/2 л.)	s_2da887c47d58_f.mp3	אֲנִי מְדַבֶּרֶת עִם הַמּוֹרֶה עִבְרִית.	анӣ медабе́рет им hа-морé иврӣ́т.	Я говорю с учителем на иврите.	Глаголы	לְדַבֵּר
108	FEMALE	Нейтральные / Безличные	s_d0b96a868f44.mp3	אֶתְמוֹל דִּבַּרְתִּי עִם דָּוִד בַּטֶּלֶפוֹן.	этмóль дибáрти им давӣ́д ба-тéлефон.	Вчера я говорил с Давидом по телефону.	Глаголы	לְדַבֵּר
109	MALE	3-е лицо м.р. (הוא / דוד)	s_e9339fab4124.mp3	הוּא מְבַקֵּשׁ עֶזְרָה מֵהַחֲבֵר.	hу мевакéш эзрá ме-hа-хавéр.	Он просит помощи у друга.	Глаголы	לְבַקֵּשׁ
110	FEMALE	Нейтральные / Безличные	s_0e62d863c7c3.mp3	בִּקַּשְׁתִּי חֶשְׁבּוֹן בַּמִּסְעָדָה בְּנִימוּס.	бикáшти хешбóн ба-мисадá бе-нимӯ́с.	Я вежливо попросил счёт в ресторане.	Глаголы	לְבַקֵּשׁ
111	MALE	1-е лицо м.р. (אני רוצה)	s_5d3ab4add6ab.mp3	אֲנִי מְשַׁלֵּם בְּכַרְטִיס אַשְׁרַאי עַכְשָׁיו.	анӣ мешалéм бе-хартӣ́с ашрáй ахшáв.	Я сейчас плачу кредитной картой.	Глаголы	לְשַׁלֵּם
112	FEMALE	Нейтральные / Безличные	s_32717f4452f3.mp3	שִׁילַּמְתִּי עַל הַקָּפֶה בַּבֹּקֶר.	шилáмти аль hа-кáфэ ба-бóкер.	Утром я заплатил за кофе.	Глаголы	לְשַׁלֵּם
113	FEMALE	Нейтральные / Безличные	s_4f480b57f7be.mp3	סַבָּא מְסַפֵּר סִפּוּר יָפֶה לַיְּלָדִים.	сáба месапéр сипӯ́р яфé ла-йеладӣ́м.	Дедушка рассказывает красивую историю детям.	Глаголы	לְסַפֵּר
114	FEMALE	Нейтральные / Безличные	s_06ee99ea16e5.mp3	סִפַּרְתִּי לַחֲבֵר עַל הַטִּיּוּל.	сипáрти ла-хавéр аль hа-тийӯ́ль.	Я рассказал другу о поездке.	Глаголы	לְסַפֵּר
115	FEMALE	Нейтральные / Безличные	s_f5c246ef1425.mp3	אֲנַחְנוּ מְטַיְּלִים בִּירוּשָׁלַיִם הַיּוֹם בְּיַחַד.	анáхну метайлӣ́м би-рушалáим hайóм бé-яхад.	Мы гуляем в Иерусалиме сегодня вместе.	Глаголы	לְטַיֵּיל
116	FEMALE	Нейтральные / Безличные	s_8be15628f05d.mp3	בַּשַּׁבָּת טִיַּלְנוּ בַּפַּארְק הַלְּאוּמִּי.	ба-шабáт тийáльну ба-парк hа-леумӣ́.	В субботу мы гуляли в национальном парке.	Глаголы	לְטַיֵּיל
117	MALE	1-е лицо м.р. (אני רוצה)	s_f9b9e926f51a.mp3	אֲנִי מְחַפֵּשׂ דִּירָה בְּתֵל-אָבִיב.	анӣ мехапéс дирá бе-тель-авӣ́в.	Я ищу квартиру в Тель-Авиве.	Глаголы	לְחַפֵּשׂ
118	FEMALE	Женская форма (адаптация 1/2 л.)	s_f9b9e926f51a_f.mp3	אֲנִי מְחַפֶּשֶׂת דִּירָה בְּתֵל-אָבִיב.	анӣ мехапе́сет дирá бе-тель-авӣ́в.	Я ищу квартиру в Тель-Авиве.	Глаголы	לְחַפֵּשׂ
119	FEMALE	Нейтральные / Безличные	s_2e275a0c452e.mp3	חִפַּשְׂתִּי אֶת הַמַּפְתֵּחוֹת שָׁעָה שְׁלֵמָה.	хипáсти эт hа-мафтехóт шаá шлемá.	Я искал ключи целый час.	Глаголы	לְחַפֵּשׂ
120	FEMALE	3-е лицо ж.р. (היא / שרה)	s_82445e8bbc97.mp3	הִיא מְסַדֶּרֶת אֶת הַחֶדֶר יָפֶה.	hи месадéрет эт hа-хéдер яфé.	Она красиво наводит порядок в комнате.	Глаголы	לְסַדֵּר
121	FEMALE	Нейтральные / Безличные	s_91f52600436d.mp3	אֶתְמוֹל סִדַּרְתִּי אֶת הָאֲרוֹן בַּבַּיִת.	этмóль сидáрти эт hа-арóн ба-бáйит.	Вчера я прибрал шкаф дома.	Глаголы	לְסַדֵּר
122	MALE	1-е лицо м.р. (אני רוצה)	s_a90f21bf6404.mp3	אֲנִי מְקַבֵּל חֲבִילָה מֵהַדֹּאַר הַיּוֹם.	анӣ мекабéль хавилá ме-hа-дóар hайóм.	Я получаю посылку с почты сегодня.	Глаголы	לְקַבֵּל
123	FEMALE	Нейтральные / Безличные	s_4fc26b8327ce.mp3	קִבַּלְתִּי הוֹדָעָה חֲשׁוּבָה מֵהַבַּנְק.	кибáльти hодаá хашувá ме-hа-банк.	Я получил важное сообщение из банка.	Глаголы	לְקַבֵּל
124	FEMALE	3-е лицо ж.р. (היא / שרה)	s_f80ab423e8c9.mp3	הַמּוֹרֶה מְלַמֵּד עִבְרִית בָּאוּלְפָּן.	hа-морé меламéд иврӣ́т ба-ульпáн.	Учитель преподаёт иврит в ульпане.	Глаголы	לְלַמֵּד
125	FEMALE	Нейтральные / Безличные	s_05d09414affe.mp3	שָׁנָה שְׁלֵמָה לִמַּדְתִּי בְּבֵית-סֵפֶר.	шанá шлемá лимáдти бе-вéйт-сéфер.	Целый год я преподавал в школе.	Глаголы	לְלַמֵּד
126	FEMALE	Нейтральные / Безличные	s_6d2cdc7bf6e0.mp3	הַיְּלָדִים מְשַׂחֲקִים בַּכַּדּוּר בַּחֲצַר.	hа-йеладӣ́м месахакӣ́м ба-кадӯ́р ба-хацáр.	Дети играют в мяч во дворе.	Глаголы	לְשַׂחֵק
127	FEMALE	Нейтральные / Безличные	s_3a66420fdc59.mp3	אֶתְמוֹל שִׂחַקְנוּ שַׁחְמָט בַּבַּיִת.	этмóль сихáкну шахмáт ба-бáйит.	Вчера мы играли в шахматы дома.	Глаголы	לְשַׂחֵק
128	MALE	1-е лицо м.р. (אני רוצה)	s_30c3fd844b22.mp3	אֲנִי מְבַשֵּׁל מָרָק טָעִים בַּמִּטְבָּח.	анӣ мевашéль марáк таӣ́м ба-митбáх.	Я готовлю вкусный суп на кухне.	Глаголы	לְבַשֵּׁל
129	FEMALE	3-е лицо ж.р. (היא / שרה)	s_a2597ad18a03.mp3	אִמָּא בִּשְּׁלָה אֲרוּחַת עֶרֶב נִפְלָאָה.	и́ма бишлá арухáт э́рев нефлаá.	Мама приготовила чудесный ужин.	Глаголы	לְבַשֵּׁל
130	MALE	3-е лицо м.р. (הוא / דוד)	s_f3b5825f7cbd.mp3	דָּוִד מְנַקֶּה אֶת הַשּׁוּלְחָן בַּסָּלוֹן.	давӣ́д менакé эт hа-шульхáн ба-салóн.	Давид вытирает стол в гостиной.	Глаголы	לְנַקּוֹת
131	FEMALE	Нейтральные / Безличные	s_d35f0b1f6e87.mp3	אֶתְמוֹל נִקִּיתִי אֶת כָּל הַדִּירָה.	этмóль никӣ́ти эт коль hа-дирá.	Вчера я убрал всю квартиру.	Глаголы	לְנַקּוֹת
132	FEMALE	3-е лицо ж.р. (היא / שרה)	s_d969ad1dca28.mp3	הַיַּלְדָּה מְצַיֶּרֶת פְּרָחִים בְּצִבְעוֹנִיּוּת.	hа-яльдá мецаéрет прахӣ́м бе-цив’онӣ́ют.	Девочка красочно рисует цветы.	Глаголы	לְצַיֵּיר
133	FEMALE	Нейтральные / Безличные	s_459ba73cca56.mp3	צִיַּרְתִּי תְּמוּנָה יָפָה עַל נְיָר.	цийáрти тмунá яфá аль нейáр.	Я нарисовал красивую картину на бумаге.	Глаголы	לְצַיֵּיר
134	MALE	1-е лицо м.р. (אני רוצה)	s_0f662b1090cc.mp3	אֲנִי מְצַלֵּם אֶת הַנּוֹף הַיָּפֶה.	анӣ мецалéм эт hа-ноф hа-яфé.	Я фотографирую красивый вид.	Глаголы	לְצַלֵּם
135	FEMALE	Женская форма (адаптация 1/2 л.)	s_0f662b1090cc_f.mp3	אֲנִי מְצַלֶּמֶת אֶת הַנּוֹף הַיָּפֶה.	анӣ мецале́мет эт hа-ноф hа-яфé.	Я фотографирую красивый вид.	Глаголы	לְצַלֵּם
136	FEMALE	Нейтральные / Безличные	s_5bce89fe4cbf.mp3	אֶתְמוֹל צִלַּמְתִּי הַרְבֵּה תְּמוּנוֹת בַּיָּם.	этмóль цилáмти hарбé тмунóт ба-ям.	Вчера я сделал много фотографий на море.	Глаголы	לְצַלֵּם
137	FEMALE	Нейтральные / Безличные	s_1c02136c8b55.mp3	אֲנַחְנוּ מְבַקְּרִים אֵצֶל סַבָּא בָּעֶרֶב.	анáхну мевакрӣ́м э́цель сáба ба-э́рев.	Мы навещаем дедушку вечером.	Глаголы	לְבַקֵּר
138	FEMALE	Нейтральные / Безличные	s_df64471f6c32.mp3	בַּשַּׁבָּת בִּקַּרְתִּי בַּמּוּזֵאוֹן בִּירוּשָׁלַיִם.	ба-шабáт бикáрти ба-музеóн би-рушалáим.	В субботу я посетил музей в Иерусалиме.	Глаголы	לְבַקֵּר
139	FEMALE	Нейтральные / Безличные	s_160366f4363c.mp3	אָסוּר לְעַשֵּׁן בַּמָּקוֹם הַצִּבּוּרִי הַזֶּה.	асӯ́р леашéн ба-макóм hа-цибурӣ́ hа-зэ.	Запрещено курить в этом общественном месте.	Глаголы	לְעַשֵּׁן
140	MALE	3-е лицо м.р. (הוא / דוד)	s_9303873956db.mp3	בֶּעָבָר הוּא עִשֵּׁן סִיגַרְיוֹת הַרְבֵּה.	ба-авáр hу ишéн сигарйóт hарбé.	В прошлом он курил много сигарет.	Глаголы	לְעַשֵּׁן
141	FEMALE	Нейтральные / Безличные	s_2fa362f76149.mp3	הַטֶּכְנַאי מְתַקֵּן אֶת הַמַּחְשֵׁב הַיּוֹם.	hа-технáй метакéн эт hа-махшéв hайóм.	Техник чинит компьютер сегодня.	Глаголы	לְתַקֵּן
142	FEMALE	Нейтральные / Безличные	s_459cea7c4b87.mp3	תִּקַּנְתִּי אֶת הַטָּעוּת בַּמִּכְתָּב.	тикáнти эт hа-таӯ́т ба-михтáв.	Я исправил ошибку в письме.	Глаголы	לְתַקֵּן
143	FEMALE	Нейтральные / Безличные	s_4470e4b2bf5a.mp3	אַבָּא מְבָרֵךְ עַל הַיַּיִן בְּשַׁבָּת.	áба меварéх аль hа-йáин бе-шабáт.	Папа благословляет вино в субботу.	Глаголы	לְבָרֵךְ
144	FEMALE	Нейтральные / Безличные	s_1a9c6f4063bc.mp3	בֵּרַכְתִּי אֶת הֶחָבֵר לְיוֹם-הוּלֶּדֶת.	берáхти эт hе-хавéр ле-йом-hулéдет.	Я поздравил друга с днём рождения.	Глаголы	לְבָרֵךְ
145	MALE	1-е лицо м.р. (אני רוצה)	s_cdae8f0dd8e0.mp3	אֲנִי מְחַכֶּה לָאוֹטוֹבּוּס בַּתַּחֲנָה הַמֶּרְכָּזִית.	анӣ мехакé ла-отóбус ба-таханá hа-мерказӣ́т.	Я жду автобус на центральной станции.	Глаголы	לְחַכּוֹת
146	FEMALE	Женская форма (адаптация 1/2 л.)	s_cdae8f0dd8e0_f.mp3	אֲנִי מְחַכָּה לָאוֹטוֹבּוּס בַּתַּחֲנָה הַמֶּרְכָּזִית.	анӣ мехака́ ла-отóбус ба-таханá hа-мерказӣ́т.	Я жду автобус на центральной станции.	Глаголы	לְחַכּוֹת
147	FEMALE	Нейтральные / Безличные	s_fa92d087f3ef.mp3	חִכִּיתִי לְךָ עֶשְׂרִים דַּקּוֹת שְׁלֵמוֹת.	хикӣ́ти лехá эсрӣ́м дакóт шлемóт.	Я ждал тебя целых двадцать минут.	Глаголы	לְחַכּוֹת
148	MALE	1-е лицо м.р. (אני רוצה)	s_9f8356494e8f.mp3	אֲנִי מְקַוֶּוה לְטוֹב תָּמִיד בַּחַיִּים.	анӣ мекавé ле-тов тамӣ́д ба-хайӣ́м.	Я всегда надеюсь на лучшее в жизни.	Глаголы	לְקַוּוֹת
149	FEMALE	Нейтральные / Безличные	s_3aeb3a6c5c0d.mp3	קִוִּיתִי לִפְגּוֹשׁ אוֹתְךָ הַיּוֹם כָּאן.	кивӣ́ти лифгóш отхá hайóм кан.	Я надеялся встретить тебя сегодня здесь.	Глаголы	לְקַוּוֹת
150	MALE	3-е лицо м.р. (הוא / דוד)	s_9a74f19b9395.mp3	הוּא מְשַׁנֶּה אֶת הַתּוֹכְנִית שֶׁלּוֹ.	hу мешанé эт hа-тохнӣ́т шелó.	Он меняет свой план.	Глаголы	לְשַׁנּוֹת
151	FEMALE	Нейтральные / Безличные	s_e3f2906b0aa2.mp3	שִׁנִּיתִי אֶת הַסִּסְמָה שֶׁלִּי בַּמַּחְשֵׁב.	шинӣ́ти эт hа-сисмá шелӣ́ ба-махшéв.	Я сменил свой пароль на компьютере.	Глаголы	לְשַׁנּוֹת
152	MALE	1-е лицо м.р. (אני רוצה)	s_6519d6e7a4d4.mp3	אֲנִי מְנַסֶּה לְדַבֵּר עִבְרִית.	анӣ менасé ледабéр иврӣ́т.	Я стараюсь говорить на иврите каждый день.	Глаголы	לְנַסּוֹת
153	FEMALE	Женская форма (адаптация 1/2 л.)	s_6519d6e7a4d4_f.mp3	אֲנִי מְנַסָּה לְדַבֵּר עִבְרִית.	анӣ менаса́ ледабéр иврӣ́т.	Я стараюсь говорить на иврите каждый день.	Глаголы	לְנַסּוֹת
154	FEMALE	Нейтральные / Безличные	s_be0d4a72c26d.mp3	אֶתְמוֹל נִסִּיתִי מָנָה חֲדָשָׁה בַּמִּסְעָדָה.	этмóль нисӣ́ти манá хадашá ба-мисадá.	Вчера я попробовал новое блюдо в ресторане.	Глаголы	לְנַסּוֹת
155	MALE	1-е лицо м.р. (אני רוצה)	s_6df14efe373d.mp3	אֲנִי מְאַחֵל לְךָ הַצְלָחָה רַבָּה.	анӣ меахéль лехá hацлахá рабá.	Я желаю тебе больших успехов.	Глаголы	לְאַחֵל
156	FEMALE	Женская форма (адаптация 1/2 л.)	s_6df14efe373d_f.mp3	אֲנִי מְאַחֶלֶת לְךָ הַצְלָחָה רַבָּה.	анӣ меахе́лет лехá hацлахá рабá.	Я желаю тебе больших успехов.	Глаголы	לְאַחֵל
157	FEMALE	Нейтральные / Безличные	s_992c7aaa31d1.mp3	אִחַלְנוּ חַג שָׂמֵחַ לְכָל הַמִּשְׁפָּחָה.	ихáльну хаг самéах ле-холь hа-мишпахá.	Мы пожелали весёлого праздника всей семье.	Глаголы	לְאַחֵל
158	FEMALE	3-е лицо ж.р. (היא / שרה)	s_b998a70d5bc1.mp3	הִיא מְסַיֶּמֶת אֶת הָעֲבוֹדָה בַּזְּמַן.	hи месаéмет эт hа-аводá ба-змáн.	Она вовремя заканчивает работу.	Глаголы	לְסַיֵּים
159	FEMALE	Нейтральные / Безличные	s_d072ef71634f.mp3	סִיַּמְתִּי אֶת הַקּוּרְס בְּהַצְלָחָה גְּדוֹלָה.	сийáмти эт hа-курс бе-hацлахá гдолá.	Я с большим успехом окончил курс.	Глаголы	לְסַיֵּים
160	MALE	3-е лицо м.р. (הוא / דוד)	s_0d2bd44599f0.mp3	דָּוִד מְאַרְגֵּן מְסִבָּה יָפָה בָּעֶרֶב.	давӣ́д меаргéн месибá яфá ба-э́рев.	Давид организует хорошую вечеринку вечером.	Глаголы	לְאַרְגֵּן
161	FEMALE	Нейтральные / Безличные	s_29656a26b9f5.mp3	אִרְגַּנְתִּי אֶת הַמִּסְמָכִים שֶׁלִּי הַיּוֹם.	иргáнти эт hа-мисмахӣ́м шелӣ́ hайóм.	Я привёл в порядок свои документы сегодня.	Глаголы	לְאַרְגֵּן
162	MALE	1-е лицо м.р. (אני רוצה)	s_baf43caddbc8.mp3	אֲנִי מַרְגִּישׁ מְצוּיָּן הַיּוֹם בַּבֹּקֶר.	анӣ маргӣ́ш мецуйáн hайóм ба-бóкер.	Я чувствую себя отлично сегодня утром.	Глаголы	לְהַרְגִּישׁ
163	FEMALE	Женская форма (адаптация 1/2 л.)	s_baf43caddbc8_f.mp3	אֲנִי מַרְגִּישָׁה מְצוּיָּן הַיּוֹם בַּבֹּקֶר.	анӣ маргиша́ мецуйáн hайóм ба-бóкер.	Я чувствую себя отлично сегодня утром.	Глаголы	לְהַרְגִּישׁ
164	FEMALE	Нейтральные / Безличные	s_24664f5f29c6.mp3	אֶתְמוֹל הִרְגַּשְׁתִּי עָיֵף מְאֹד בָּעֶרֶב.	этмóль hиргáшти айéф меóд ба-э́рев.	Вчера вечером я чувствовал себя очень уставшим.	Глаголы	לְהַרְגִּישׁ
165	MALE	1-е лицо м.р. (אני רוצה)	s_2c06af4aaf7d.mp3	אֲנִי מַזְמִין פִּיצָה חַמָּה לַבַּיִת.	анӣ мазмӣ́н пӣ́ца хамá ла-бáйит.	Я заказываю горячую пиццу на дом.	Глаголы	לְהַזְמִין
166	FEMALE	Женская форма (адаптация 1/2 л.)	s_2c06af4aaf7d_f.mp3	אֲנִי מַזְמִינָה פִּיצָה חַמָּה לַבַּיִת.	анӣ мазмина́ пӣ́ца хамá ла-бáйит.	Я заказываю горячую пиццу на дом.	Глаголы	לְהַזְמִין
167	FEMALE	Нейтральные / Безличные	s_ef0aed297da7.mp3	הִזְמַנְתִּי מָקוֹם טוֹב בַּמִּסְעָדָה מֵרֹאשׁ.	hизмáнти макóм тов ба-мисадá ме-рош.	Я заранее забронировал хорошее место в ресторане.	Глаголы	לְהַזְמִין
168	FEMALE	Нейтральные / Безличные	s_0f8f333d88cf.mp3	הַשִּׁעוּר שֶׁלָּנוּ מַתְחִיל בְּשָׁעָה תֵּשַׁע.	hа-шиӯ́р шелáну матхӣ́ль бе-шаá тéйша.	Наш урок начинается в девять часов.	Глаголы	לְהַתְחִיל
169	FEMALE	Нейтральные / Безличные	s_64402affcdc5.mp3	הִתְחַלְתִּי לַעֲבוֹד בַּמִּשְׂרָד הֶחָדָשׁ.	hитхáльти лаавóд ба-мисрáд hе-хадáш.	Я начал работать в новом офисе.	Глаголы	לְהַתְחִיל
170	FEMALE	Нейтральные / Безличные	s_1f2ef4a84153.mp3	הָרַכֶּבֶת מַגִּיעָה בִּזְמַן לַתַּחֲנָה עַכְשָׁיו.	hа-ракéвет магӣ́а бизмáн ла-таханá ахшáв.	Поезд сейчас прибывает вовремя на станцию.	Глаголы	לְהַגִּיעַ
171	FEMALE	Нейтральные / Безличные	s_b4ac3be8812e.mp3	הִגַּעְתִּי לָאוּלְפָּן בַּבֹּקֶר בְּשָׁלוֹם.	hигáъти ла-ульпáн ба-бóкер бе-шалóм.	Я благополучно добрался утром до ульпана.	Глаголы	לְהַגִּיעַ
172	MALE	1-е лицо м.р. (אני רוצה)	s_22036e84a524.mp3	אֲנִי מֵבִין אֶת הַשְּׁאֵלָה הֵיטֵב.	анӣ мевӣ́н эт hа-шеэлá hейтéв.	Я хорошо понимаю вопрос.	Глаголы	לְהָבִין
173	FEMALE	Женская форма (адаптация 1/2 л.)	s_22036e84a524_f.mp3	אֲנִי מְבַיֶּנֶת אֶת הַשְּׁאֵלָה הֵיטֵב.	анӣ мевӣ́н эт hа-шеэлá hейтéв.	Я хорошо понимаю вопрос.	Глаголы	לְהָבִין
174	FEMALE	Нейтральные / Безличные	s_7ff9e1b864e6.mp3	לֹא הֵבַנְתִּי אֶת הַמִּלָּה הַזֹּאת.	ло hевáнти эт hа-милá hа-зот.	Я не понял это слово.	Глаголы	לְהָבִין
175	MALE	1-е лицо м.р. (אני רוצה)	s_cd8af1314aab.mp3	אֲנִי מַכִּיר אֶת הָאִישׁ הַזֶּה.	анӣ макӣ́р эт hа-иш hа-зэ.	Я знаю этого человека.	Глаголы	לְהַכִּיר
176	FEMALE	Женская форма (адаптация 1/2 л.)	s_cd8af1314aab_f.mp3	אֲנִי מַכִּירָה אֶת הָאִישׁ הַזֶּה.	анӣ макира́ эт hа-иш hа-зэ.	Я знаю этого человека.	Глаголы	לְהַכִּיר
177	FEMALE	Нейтральные / Безличные	s_51bcc3ebb10e.mp3	הִכַּרְתִּי אוֹתוֹ בָּאוּלְפָּן בַּקַּיִץ.	hикáрти отó ба-ульпáн ба-кáиц.	Я познакомился с ним в ульпане летом.	Глаголы	לְהַכִּיר
178	FEMALE	3-е лицо ж.р. (היא / שרה)	s_efe87a9d3cc0.mp3	הַמּוֹרֶה מַסְבִּיר אֶת הַכְּלָל בְּבֵרוּר.	hа-морé масбӣ́р эт hа-клаль бе-вейрӯ́р.	Учитель ясно объясняет правило.	Глаголы	לְהַסְבִּיר
179	FEMALE	Нейтральные / Безличные	s_70f079ffed18.mp3	הִסְבַּרְתִּי לַחֲבֵר אֶת הַדֶּרֶךְ.	hисбáрти ла-хавéр эт hа-дéрех.	Я объяснил другу дорогу.	Глаголы	לְהַסְבִּיר
180	FEMALE	Нейтральные / Безличные	s_604d8f8a58c5.mp3	הַתַּלְמִיד מַקְשִׁיב לַמּוֹרֶה בַּכִּתָּה בְּקֶשֶׁב.	hа-тальмӣ́д макшӣ́в ла-морé ба-китá бе-кéшев.	Ученик внимательно слушает учителя в классе.	Глаголы	לְהַקְשִׁיב
181	FEMALE	Нейтральные / Безличные	s_4ecba55826fe.mp3	הִקְשַׁבְתִּי לַחֲדָשׁוֹת בָּרַדְיוֹ בַּבֹּקֶר.	hикшáвти ла-хадашóт ба-рáдио ба-бóкер.	Утром я послушал новости по радио.	Глаголы	לְהַקְשִׁיב
182	FEMALE	Нейтральные / Безличные	s_5bd945f81a61.mp3	אֲנַחְנוּ מַמְשִׁיכִים לִלְמוֹד עִבְרִית בְּשִׂמְחָה.	анáхну мамшихӣ́м лильмóд иврӣ́т бе-симхá.	Мы с радостью продолжаем учить иврит.	Глаголы	לְהַמְשִׁיךְ
183	FEMALE	Нейтральные / Безличные	s_bc2f74063648.mp3	הִמְשַׁכְתִּי יָשָׁר עַד הָרַמְזוֹר.	hимшáхти яшáр ад hа-рамзóр.	Я продолжил прямо до светофора.	Глаголы	לְהַמְשִׁיךְ
184	FEMALE	Нейтральные / Безличные	s_f5fc2ee8daec.mp3	הַמְּנַהֵל מַחְלִיט עַל הַתּוֹכְנִית הַיּוֹם.	hа-менаhéль махлӣ́т аль hа-тохнӣ́т hайóм.	Директор сегодня принимает решение по плану.	Глаголы	לְהַחְלִיט
185	FEMALE	Нейтральные / Безличные	s_d3be7938e7a2.mp3	הֶחְלַטְתִּי לִנְסוֹעַ לִירוּשָׁלַיִם מָחָר.	hехлáтти линсóа ли-рушалáим махáр.	Я решил завтра поехать в Иерусалим.	Глаголы	לְהַחְלִיט
186	MALE	3-е лицо м.р. (הוא / דוד)	s_0facc876fb93.mp3	דָּוִד מֵבִיא עוּגָה טְעִימָה לַמְּסִבָּה.	давӣ́д мевӣ́ угá теимá ла-месибá.	Давид приносит вкусный пирог на вечеринку.	Глаголы	לְהָבִיא
187	FEMALE	Нейтральные / Безличные	s_e3d22abd57e7.mp3	הֵבֵאתִי מַתָּנָה יָפָה מִפָּרִיז.	hевéти матáна яфá ми-парӣ́з.	Я привёз красивый подарок из Парижа.	Глаголы	לְהָבִיא
188	MALE	1-е лицо м.р. (אני רוצה)	s_b1b621344a82.mp3	אֲנִי מַדְלִיק אֶת הָאוֹר בַּחֶדֶר.	анӣ мадлӣ́к эт hа-ор ба-хéдер.	Я включаю свет в комнате.	Глаголы	לְהַדְלִיק
189	FEMALE	Женская форма (адаптация 1/2 л.)	s_b1b621344a82_f.mp3	אֲנִי מַדְלִיקָה אֶת הָאוֹר בַּחֶדֶר.	анӣ мадлика́ эт hа-ор ба-хéдер.	Я включаю свет в комнате.	Глаголы	לְהַדְלִיק
190	FEMALE	Нейтральные / Безличные	s_342c2e70fe9f.mp3	אֶתְמוֹל הִדְלַקְתִּי אֶת הַמַּזְגָן בַּבַּיִת.	этмóль hидлáкти эт hа-мазгáн ба-бáйит.	Вчера я включил дома кондиционер.	Глаголы	לְהַדְלִיק
191	FEMALE	3-е лицо ж.р. (היא / שרה)	s_61814061d761.mp3	הִיא מְכַבָּה אֶת הָאוֹר בַּלַּיְלָה.	hи мехабá эт hа-ор ба-лáйла.	Она выключает свет ночью.	Глаголы	לְכַבּוֹת
192	FEMALE	Нейтральные / Безличные	s_ad267bc41679.mp3	כִּבִּיתִי אֶת הַטֶּלֶוִיזְיָה לִפְנֵי הַשֵּׁנָה.	кибӣ́ти эт hа-телеви́зья лифнéй hа-шенá.	Я выключил телевизор перед сном.	Глаголы	לְכַבּוֹת
193	FEMALE	Нейтральные / Безличные	s_3e19c803660d.mp3	הַגֶּשֶׁם מַפְסִיק לָרֶדֶת בַּחוּץ עַכְשָׁיו.	hа-гéшем мафсӣ́к лáредет ба-хӯ́ц ахшáв.	Дождь на улице сейчас прекращается.	Глаголы	לְהַפְסִיק
194	FEMALE	Нейтральные / Безличные	s_d09c084199e1.mp3	הִפְסַקְתִּי לַעֲבוֹד מְאוּחָר בַּלַּיְלָה.	hифсáкти лаавóд меухáр ба-лáйла.	Я перестал работать поздно ночью.	Глаголы	לְהַפְסִיק
195	FEMALE	Нейтральные / Безличные	s_de451de9cf40.mp3	הַמֶּלְצַר מַמְלִיץ עַל הַדָּג הַטָּרִי.	hа-мельцáр мамлӣ́ц аль hа-даг hа-тарӣ́.	Официант рекомендует свежую рыбу.	Глаголы	לְהַמְלִיץ
196	FEMALE	Нейтральные / Безличные	s_2d0daf0b9dd6.mp3	הִמְלַצְתִּי עַל הַמָּלוֹן הַזֶּה לַחֲבֵרִים.	hимлáцти аль hа-малóн hа-зэ ла-хаверӣ́м.	Я порекомендовал этот отель друзьям.	Глаголы	לְהַמְלִיץ
197	FEMALE	Нейтральные / Безличные	s_776bc8099587.mp3	הַתַּלְמִיד מַצְלִיחַ בַּלִּמּוּדִים בָּאוּלְפָּן יָפֶה.	hа-тальмӣ́д мацлӣ́ах ба-лимудӣ́м ба-ульпáн яфé.	Ученик отлично успевает в учёбе в ульпане.	Глаголы	לְהַצְלִיחַ
198	FEMALE	Нейтральные / Безличные	s_51873e418b56.mp3	הִצְלַחְתִּי בַּמִּבְחָן הַקָּשֶׁה בְּעִבְרִית.	hицлáхти ба-мивхáн hа-кашé бе-иврӣ́т.	Я успешно справился с трудным тестом по ивриту.	Глаголы	לְהַצְלִיחַ
199	MALE	1-е лицо м.р. (אני רוצה)	s_7af48f922782.mp3	אֲנִי מַעֲדִיף תֵּה עַל קָפֶה.	анӣ маадӣ́ф тэ аль кáфэ.	Я предпочитаю чай кофе.	Глаголы	לְהַעֲדִיף
200	FEMALE	Женская форма (адаптация 1/2 л.)	s_7af48f922782_f.mp3	אֲנִי מַעֲדִיפָה תֵּה עַל קָפֶה.	анӣ маадифа́ тэ аль кáфэ.	Я предпочитаю чай кофе.	Глаголы	לְהַעֲדִיף
201	FEMALE	Нейтральные / Безличные	s_6720576f3784.mp3	הֶעֱדַפְתִּי לְהִשָּׁאֵר בַּבַּיִת בַּגֶּשֶׁם.	hеэдáфти леhишаэ́р ба-бáйит ба-гéшем.	В дождь я предпочёл остаться дома.	Глаголы	לְהַעֲדִיף
202	MALE	1-е лицо м.р. (אני רוצה)	s_9caef0e37c6e.mp3	אֲנִי מַסְכִּים עִם כָּל מִלָּה.	анӣ маскӣ́м им коль милá.	Я согласен с каждым словом.	Глаголы	לְהַסְכִּים
203	FEMALE	Женская форма (адаптация 1/2 л.)	s_9caef0e37c6e_f.mp3	אֲנִי מַסְכִּימָה עִם כָּל מִלָּה.	анӣ маскима́ им коль милá.	Я согласен с каждым словом.	Глаголы	לְהַסְכִּים
204	FEMALE	Нейтральные / Безличные	s_6b049e08cbca.mp3	הִסְכַּמְנוּ עַל הַמְּחִיר מִיָּד שָׁם.	hискáмну аль hа-мехӣ́р мийáд шам.	Мы сразу договорились о цене там.	Глаголы	לְהַסְכִּים
205	MALE	3-е лицо м.р. (הוא / דוד)	s_4bb2599119f6.mp3	דָּוִד מִתְרַחֵץ בַּמַּיִם חַמִּים בַּבֹּקֶר.	давӣ́д митрахéц ба-мáйим хамӣ́м ба-бóкер.	Давид моется тёплой водой утром.	Глаголы	לְהִתְרַחֵץ
206	FEMALE	Нейтральные / Безличные	s_c473163a70b1.mp3	הִתְרַחַצְתִּי בַּיָּם עִם כָּל הַחֲבֵרִים.	hитрахáцти ба-ям им коль hа-хаверӣ́м.	Я купался в море со всеми друзьями.	Глаголы	לְהִתְרַחֵץ
207	MALE	3-е лицо м.р. (הוא / דוד)	s_924c149a3046.mp3	הַיֶּלֶד מִתְלַבֵּשׁ לְבַד יָפֶה מְאֹד.	hа-йéлед митлабéш левáд яфé меóд.	Ребёнок очень хорошо одевается сам.	Глаголы	לְהִתְלַבֵּשׁ
208	FEMALE	Нейтральные / Безличные	s_528649f6f92e.mp3	הִתְלַבַּשְׁתִּי מַהֵר בַּבֹּקֶר לָעֲבוֹדָה.	hитлабáшти маhéр ба-бóкер ла-аводá.	Утром я быстро оделся на работу.	Глаголы	לְהִתְלַבֵּשׁ
209	MALE	1-е лицо м.р. (אני רוצה)	s_63c9d63f5dd0.mp3	אֲנִי מִתְרַגֵּשׁ מֵהַפְּגִישָׁה הַחֲדָשָׁה הַיּוֹם.	анӣ митрагéш ме-hа-пгишá hа-хадашá hайóм.	Я волнуюсь из-за новой встречи сегодня.	Глаголы	לְהִתְרַגֵּשׁ
210	FEMALE	Женская форма (адаптация 1/2 л.)	s_63c9d63f5dd0_f.mp3	אֲנִי מִתְרַגֶּשֶׁת מֵהַפְּגִישָׁה הַחֲדָשָׁה הַיּוֹם.	анӣ митраге́шет ме-hа-пгишá hа-хадашá hайóм.	Я волнуюсь из-за новой встречи сегодня.	Глаголы	לְהִתְרַגֵּשׁ
211	FEMALE	Нейтральные / Безличные	s_ab66af768a3a.mp3	מְאֹד הִתְרַגַּשְׁתִּי בַּחֲתוּנָּה שֶׁל אָחִי.	меóд hитрагáшти ба-хатунá шель ахӣ́.	Я очень растрогался на свадьбе брата.	Глаголы	לְהִתְרַגֵּשׁ
212	MALE	1-е лицо м.р. (אני רוצה)	s_49d9dd7f7512.mp3	אֲנִי מִשְׁתַּמֵּשׁ בַּמַּחְשֵׁב בָּעֲבוֹדָה תָּמִיד.	анӣ миштамéш ба-махшéв ба-аводá тамӣ́д.	Я всегда пользуюсь компьютером на работе.	Глаголы	לְהִשְׁתַּמֵּשׁ
213	FEMALE	Женская форма (адаптация 1/2 л.)	s_49d9dd7f7512_f.mp3	אֲנִי מִשְׁתַּמֶּשֶׁת בַּמַּחְשֵׁב בָּעֲבוֹדָה תָּמִיד.	анӣ миштаме́шет ба-махшéв ба-аводá тамӣ́д.	Я всегда пользуюсь компьютером на работе.	Глаголы	לְהִשְׁתַּמֵּשׁ
214	FEMALE	Нейтральные / Безличные	s_06e4a3659830.mp3	הִשְׁתַּמַּשְׁתִּי בַּמִּלּוֹן בַּשִּׁעוּר אֶתְמוֹל.	hиштамáшти ба-милóн ба-шиӯ́р этмóль.	Вчера на уроке я пользовался словарём.	Глаголы	לְהִשְׁתַּמֵּשׁ
215	FEMALE	Нейтральные / Безличные	s_e993fbd5c5a0.mp3	הֵם מִתְחַתְּנִים בַּקַּיִץ הַקָּרוֹב בְּיִשְׂרָאֵל.	hэм митхатнӣ́м ба-кáиц hа-карóв бе-исраэ́ль.	Они женятся ближайшим летом в Израиле.	Глаголы	לְהִתְחַתֵּן
216	MALE	3-е лицо м.р. (הוא / דוד)	s_adff542c8478.mp3	דָּוִד הִתְחַתֵּן עִם שָׂרָה.	давӣ́д hитхатéн им сарá.	Давид женился на Саре.	Глаголы	לְהִתְחַתֵּן
217	FEMALE	Нейтральные / Безличные	s_5d97ec69651d.mp3	הָאִישׁ מִתְפַּלֵּל בְּבֵית-הַכְּנֶסֶת בַּבֹּקֶר.	hа-иш митпалéль бе-вéйт-hа-кнéсет ба-бóкер.	Мужчина молится в синагоге утром.	Глаголы	לְהִתְפַּלֵּל
218	FEMALE	Нейтральные / Безличные	s_e2f68e5c7c7f.mp3	הִתְפַּלַּלְנוּ שָׁם בְּיוֹם כִּפּוּר בְּיַחַד.	hитпалáльну шам бе-йом кипӯ́р бé-яхад.	Мы молились там в Судный день вместе.	Глаголы	לְהִתְפַּלֵּל
219	MALE	1-е лицо м.р. (אני רוצה)	s_d90a52c46128.mp3	אֲנִי מִצְטַעֵר עַל הַטָּעוּת הַזֹּאת.	анӣ мицтаэ́р аль hа-таӯ́т hа-зот.	Я сожалею об этой ошибке.	Глаголы	לְהִצְטַעֵר
220	FEMALE	Женская форма (адаптация 1/2 л.)	s_d90a52c46128_f.mp3	אֲנִי מִצְטַעֶרֶת עַל הַטָּעוּת הַזֹּאת.	анӣ мицтаэ́рет аль hа-таӯ́т hа-зот.	Я сожалею об этой ошибке.	Глаголы	לְהִצְטַעֵר
221	FEMALE	Нейтральные / Безличные	s_34be2c25236f.mp3	מְאֹד הִצְטַעַרְתִּי עַל מָה שֶׁקָּרָה.	меóд hицтаáрти аль ма ше-карá.	Я очень сожалел о том, что произошло.	Глаголы	לְהִצְטַעֵר
222	MALE	1-е лицо м.р. (אני רוצה)	s_d9c35f2bbba9.mp3	אֲנִי מִתְקַשֵּׁר לְאִמָּא בָּעֶרֶב.	анӣ миткашéр ле-и́ма коль йом ба-э́рев.	Я звоню маме вечером.	Глаголы	לְהִתְקַשֵּׁר
223	FEMALE	Женская форма (адаптация 1/2 л.)	s_d9c35f2bbba9_f.mp3	אֲנִי מְתַקְשֶׁרֶת לְאִמָּא בָּעֶרֶב.	анӣ миткашéр ле-и́ма коль йом ба-э́рев.	Я звоню маме вечером.	Глаголы	לְהִתְקַשֵּׁר
224	FEMALE	Нейтральные / Безличные	s_34099899ef3d.mp3	אֶתְמוֹל הִתְקַשַּׁרְתִּי לָרוֹפֵא בַּבֹּקֶר.	этмóль hиткашáрти ла-рофé ба-бóкер.	Вчера утром я позвонил врачу.	Глаголы	לְהִתְקַשֵּׁר
225	FEMALE	Нейтральные / Безличные	s_5ce6d716d61e.mp3	אֲנַחְנוּ מִתְרָאִים שׁוּב בָּעֶרֶב בַּקָּפֶה.	анáхну митраӣ́м шув ба-э́рев ба-кáфэ.	Мы снова видимся вечером в кафе.	Глаголы	לְהִתְרָאוֹת
226	FEMALE	Нейтральные / Безличные	s_3a975ff92197.mp3	הִתְרָאֵינוּ בַּקָּפֶה בַּשָּׁבוּעַ שֶׁעָבַר.	hитраэ́йну ба-кáфэ ба-шавӯ́а ше-авáр.	Мы виделись в кафе на прошлой неделе.	Глаголы	לְהִתְרָאוֹת
227	FEMALE	3-е лицо ж.р. (היא / שרה)	s_d62f7db2bcdf.mp3	הִיא מִסְתַּכֶּלֶת עַל הַתְּמוּנָה הַיָּפָה.	hи мистакéлет аль hа-тмунá hа-яфá.	Она смотрит на красивую картину.	Глаголы	לְהִסְתַּכֵּל
228	FEMALE	Нейтральные / Безличные	s_b85b273acae0.mp3	הִסְתַּכַּלְתִּי בַּחַלּוֹן שָׁעָה אֲרוּכָּה הַיּוֹם.	hистакáльти ба-халóн шаá арукá hайóм.	Я долго смотрел сегодня в окно.	Глаголы	לְהִסְתַּכֵּל
229	FEMALE	Нейтральные / Безличные	s_d720e55d7aaa.mp3	הַתַּלְמִיד מִתְקַדֵּם יָפֶה בָּאוּלְפָּן הַשָּׁנָה.	hа-тальмӣ́д миткадéм яфé ба-ульпáн hа-шанá.	Ученик хорошо продвигается в ульпане в этом году.	Глаголы	לְהִתְקַדֵּם
230	FEMALE	Нейтральные / Безличные	s_3aab77ac9efd.mp3	הִתְקַדַּמְתִּי הַרְבֵּה בַּחֹדֶשׁ הָאַחֲרוֹן בָּעֲבוֹדָה.	hиткадáмти hарбé ба-хóдеш hа-ахарóн ба-аводá.	Я сильно продвинулся за последний месяц на работе.	Глаголы	לְהִתְקַדֵּם
231	MALE	1-е лицо м.р. (אני רוצה)	s_62b0d6f8bf88.mp3	אֲנִי מִתְרַגֵּל לַמֶּזֶג הָאֲוִיר בָּאָרֶץ.	анӣ митрагéль ла-мéзег hа-авӣ́р ба-áрец.	Я привыкаю к погоде в Израиле.	Глаголы	לְהִתְרַגֵּל
232	FEMALE	Женская форма (адаптация 1/2 л.)	s_62b0d6f8bf88_f.mp3	אֲנִי מִתְרַגֶּלֶת לַמֶּזֶג הָאֲוִיר בָּאָרֶץ.	анӣ митраге́лет ла-мéзег hа-авӣ́р ба-áрец.	Я привыкаю к погоде в Израиле.	Глаголы	לְהִתְרַגֵּל
233	FEMALE	Нейтральные / Безличные	s_d3537296714c.mp3	הִתְרַגַּלְתִּי מַהֵר לַחַיִּים בְּיִשְׂרָאֵל.	hитрагáльти маhéр ла-хайӣ́м бе-исраэ́ль.	Я быстро привык к жизни в Израиле.	Глаголы	לְהִתְרַגֵּל
234	FEMALE	Нейтральные / Безличные	s_4ec95d89fc20.mp3	הַתַּלְמִיד נִכְנָס לַכִּתָּה בְּשֶׁקֶט.	hа-тальмӣ́д нихнáс ла-китá бе-шéкет.	Ученик тихо входит в класс.	Глаголы	לְהִיכָּנֵס
235	FEMALE	Нейтральные / Безличные	s_c12650002d81.mp3	אֶתְמוֹל נִכְנַסְתִּי לַמִּשְׂרָד מוּקְדָּם בַּבֹּקֶר.	этмóль нихнáсти ла-мисрáд мукдáм ба-бóкер.	Вчера я рано утром зашёл в офис.	Глаголы	לְהִיכָּנֵס
236	MALE	1-е лицо м.р. (אני רוצה)	s_e3d9d081bfa7.mp3	אֲנִי נִשְׁאָר בַּבַּיִת הַיּוֹם בָּעֶרֶב.	анӣ ниш’áр ба-бáйит hайóм ба-э́рев.	Я остаюсь дома сегодня вечером.	Глаголы	לְהִישָּׁאֵר
237	FEMALE	Женская форма (адаптация 1/2 л.)	s_e3d9d081bfa7_f.mp3	אֲנִי נִשְׁאֶרֶת בַּבַּיִת הַיּוֹם בָּעֶרֶב.	анӣ ниш’áр ба-бáйит hайóм ба-э́рев.	Я остаюсь дома сегодня вечером.	Глаголы	לְהִישָּׁאֵר
238	FEMALE	Нейтральные / Безличные	s_56fa991842a2.mp3	אֶתְמוֹל נִשְׁאַרְתִּי בָּעֲבוֹדָה עַד מְאוּחָר.	этмóль ниш’áрти ба-аводá ад меухáр.	Вчера я задержался на работе допоздна.	Глаголы	לְהִישָּׁאֵר
239	FEMALE	Нейтральные / Безличные	s_06f9e3ce374b.mp3	אֲנַחְנוּ נִפְגָּשִׁים בַּקָּפֶה בָּעֶרֶב בְּיַחַד.	анáхну нипгашӣ́м ба-кáфэ ба-э́рев бé-яхад.	Мы встречаемся вечером в кафе вместе.	Глаголы	לְהִיפָּגֵשׁ
240	FEMALE	Нейтральные / Безличные	s_c2f282e1fbd6.mp3	אֶתְמוֹל נִפְגַּשְׁתִּי עִם הַמְּנַהֵל לְשִׂיחָה.	этмóль нипгáшти им hа-менаhéль ле-сихá.	Вчера я встретился с директором для беседы.	Глаголы	לְהִיפָּגֵשׁ
241	FEMALE	Нейтральные / Безличные	s_4112c097e57a.mp3	הַחֲנוּת נִסְגֶּרֶת בְּשָׁעָה שְׁמוֹנֶה בָּעֶרֶב.	hа-ханӯ́т нисгéрет бе-шаá шмóнэ ба-э́рев.	Магазин закрывается в восемь вечера.	Глаголы	לְהִיסָּגֵר
242	FEMALE	Нейтральные / Безличные	s_7d4505c2b021.mp3	הַדֶּלֶת נִסְגְּרָה לְפֶתַע פִּתְאוֹם בָּרוּחַ.	hа-дéлет нисгерá лефéта пит’óм ба-рӯ́ах.	Дверь внезапно захлопнулась от ветра.	Глаголы	לְהִיסָּגֵר
243	FEMALE	Нейтральные / Безличные	s_ccbcae6734aa.mp3	הַסִּפְרִיָּה נִפְתַּחַת בַּבֹּקֶר בְּשָׁעָה שְׁמוֹנֶה.	hа-сифрийá нифтáхат ба-бóкер бе-шаá шмóнэ.	Библиотека открывается утром в восемь часов.	Глаголы	לְהִיפָּתַח
244	FEMALE	Нейтральные / Безличные	s_b6ba54edab5d.mp3	הַקּוּרְס הֶחָדָשׁ נִפְתַּח אֶתְמוֹל בָּאוּלְפָּן.	hа-курс hе-хадáш нифтáх этмóль ба-ульпáн.	Вчера в ульпане открылся новый курс.	Глаголы	לְהִיפָּתַח
245	MALE	3-е лицо м.р. (הוא / דוד)	s_61b76af1a310.mp3	הוּא נִזְהָר מְאֹד בַּכְּבִישׁ הַסּוֹאֵן.	hу низháр меóд ба-квӣ́ш hа-соэ́н.	Он очень осторожен на оживлённой дороге.	Глаголы	לְהִיזָּהֵר
246	FEMALE	Нейтральные / Безличные	s_9c1a69d32055.mp3	נִזְהַרְתִּי מְאֹד בַּדֶּרֶךְ הַחֲלָקָה בַּגֶּשֶׁם.	низháрти меóд ба-дéрех hа-халакá ба-гéшем.	Я был очень осторожен на скользкой дороге в дождь.	Глаголы	לְהִיזָּהֵר
247	FEMALE	Нейтральные / Безличные	s_1a8aa8bf6b3e.mp3	תִּינוֹק חָדָשׁ נוֹלָד הַיּוֹם בַּמִּשְׁפָּחָה.	тинóк хадáш нолáд hайóм ба-мишпахá.	Сегодня в семье родился новый ребёнок.	Глаголы	לְהִיוָּולֵד
248	FEMALE	Нейтральные / Безличные	s_328e6cc674bf.mp3	נוֹלַדְתִּי בְּיִשְׂרָאֵל לִפְנֵי עֶשְׂרִים שָׁנָה.	нолáдти бе-исраэ́ль лифнéй эсрӣ́м шанá.	Я родился в Израиле двадцать лет назад.	Глаголы	לְהִיוָּולֵד
249	MALE	1-е лицо м.р. (אני רוצה)	s_910ff739814a.mp3	אֲנִי נִזְכָּר בַּסִּפּוּר הַיָּפֶה עַכְשָׁיו.	анӣ низкáр ба-сипӯ́р hа-яфé ахшáв.	Я сейчас вспоминаю красивую историю.	Глаголы	לְהִיזָּכֵר
250	FEMALE	Женская форма (адаптация 1/2 л.)	s_910ff739814a_f.mp3	אֲנִי נִזְכֶּרֶת בַּסִּפּוּר הַיָּפֶה עַכְשָׁיו.	анӣ низке́рет ба-сипӯ́р hа-яфé ахшáв.	Я сейчас вспоминаю красивую историю.	Глаголы	לְהִיזָּכֵר
251	FEMALE	Нейтральные / Безличные	s_9b3af73949c5.mp3	פִּתְאוֹם נִזְכַּרְתִּי בַּשֵּׁם שֶׁלּוֹ מִיָּד.	пит’óм низкáрти ба-шем шелó мийáд.	Вдруг я сразу вспомнил его имя.	Глаголы	לְהִיזָּכֵר
252	FEMALE	Нейтральные / Безличные	s_8d83dc8111c1.mp3	קָשֶׁה לְהִפָּרֵד מֵחֲבֵרִים טוֹבִים תָּמִיד.	кашé леhипарéд ме-хаверӣ́м товӣ́м тамӣ́д.	Всегда трудно расставаться с хорошими друзьями.	Глаголы	לְהִיפָּרֵד
253	FEMALE	Нейтральные / Безличные	s_71656bf91db1.mp3	אֶתְמוֹל נִפְרַדְנוּ בִּשְׂדֵה הַתְּעוּפָה בְּחִבּוּק.	этмóль нифрáдну би-сдé hа-теуфá бе-хибӯ́к.	Вчера мы тепло попрощались в аэропорту.	Глаголы	לְהִיפָּרֵד
254	FEMALE	Нейтральные / Безличные	s_36ff7b8e5621.mp3	הַשֶּׁמֶשׁ נֶעֱלֶמֶת מֵאֲחוֹרֵי הֶעָנָן לְאַט.	hа-шéмеш неэлéмет ме-ахорéй hе-анáн ле-áт.	Солнце медленно исчезает за тучей.	Глаголы	לְהֵיעָלֵם
255	FEMALE	Нейтральные / Безличные	s_9b12a7687ba3.mp3	הַמַּפְתֵּחַ שֶׁלִּי נֶעֱלַם בַּבֹּקֶר פִּתְאוֹם.	hа-мафтéах шелӣ́ неэлáм ба-бóкер пит’óм.	Мой ключ утром внезапно пропал.	Глаголы	לְהֵיעָלֵם
256	FEMALE	Нейтральные / Безличные	s_4bdf70e568c2.mp3	הַתִּינוֹק נִרְדָּם בָּעֶרֶשׂ בְּשֶׁקֶט עַכְשָׁיו.	hа-тинóк нирдáм ба-э́рес бе-шéкет ахшáв.	Ребёнок сейчас тихо засыпает в кроватке.	Глаголы	לְהֵירָדֵם
257	FEMALE	Нейтральные / Безличные	s_116843d97b18.mp3	נִרְדַּמְתִּי מַהֵר מוּל הַטֶּלֶוִיזְיָה אֶתְמוֹל.	нирдáмти маhéр муль hа-телеви́зья этмóль.	Вчера я быстро уснул перед телевизором.	Глаголы	לְהֵירָדֵם
258	FEMALE	Нейтральные / Безличные	s_e134ddb9c2dc.mp3	הַסֶּרֶט נִמְשָׁךְ שְׁעָתַיִם תְּמִימוֹת בַּקּוֹלְנוֹעַ.	hа-сéрет нимшáх шеатáим темӣмóт ба-кольнóа.	Фильм длится ровно два часа в кинотеатре.	Глаголы	לְהִימָּשֵׁךְ
259	FEMALE	Нейтральные / Безличные	s_512228f4319c.mp3	הַיְּשִׁיבָה נִמְשְׁכָה הַרְבֵּה זְמַן אֶתְמוֹל.	hа-йешивá нимшехá hарбé зман этмóль.	Вчера совещание длилось долго.	Глаголы	לְהִימָּשֵׁךְ
260	FEMALE	Нейтральные / Безличные	s_645163266178.mp3	אַף אֶחָד לֹא נִכְשָׁל כָּאן.	аф эхáд ло нихшáль кан.	Никто здесь не терпит неудачу.	Глаголы	לְהִיכָּשֵׁל
261	FEMALE	Нейтральные / Безличные	s_6914815ee912.mp3	נִכְשַׁלְתִּי בַּטֶּסְט הָרִאשׁוֹן שֶׁל נְהִיגָה.	нихшáльти ба-тест hа-ришóн шель неhигá.	Я завалил первый практический экзамен по вождению.	Глаголы	לְהִיכָּשֵׁל
262	MALE	1-е лицо м.р. (אני רוצה)	s_15c39e20757b.mp3	אֲנִי מַסְפִּיק לָרַכֶּבֶת בַּבֹּקֶר תָּמִיד.	анӣ маспӣ́к ла-ракéвет ба-бóкер тамӣ́д.	Я всегда утром успеваю на поезд.	Глаголы	לְהַסְפִּיק
263	FEMALE	Женская форма (адаптация 1/2 л.)	s_15c39e20757b_f.mp3	אֲנִי מַסְפִּיקָה לָרַכֶּבֶת בַּבֹּקֶר תָּמִיד.	анӣ маспика́ ла-ракéвет ба-бóкер тамӣ́д.	Я всегда утром успеваю на поезд.	Глаголы	לְהַסְפִּיק
264	FEMALE	Нейтральные / Безличные	s_3da9ca3a955d.mp3	הִסְפַּקְתִּי לְסַיֵּם אֶת הַדּוּ״חַ הַיּוֹם.	hиспáкти лесаéм эт hа-дӯ́ах hайóм.	Я успел закончить отчёт сегодня.	Глаголы	לְהַסְפִּיק
265	FEMALE	Нейтральные / Безличные	s_eadd85c3ff90.mp3	הַמַּצָּב הַכַּלְכָּלִי מַשְׁפִּיעַ עַל הַכֹּל.	hа-мацáв hа-калькалӣ́ машпӣ́а аль hа-коль.	Экономическая ситуация влияет на всё.	Глаголы	לְהַשְׁפִּיעַ
266	FEMALE	3-е лицо ж.р. (היא / שרה)	s_87117f2801ac.mp3	הַמּוֹרֶה הִשְׁפִּיעַ עָלַי מְאֹד לְטוֹבָה.	hа-морé hишпӣ́а алáй меóд ле-товá.	Учитель очень повлиял на меня в лучшую сторону.	Глаголы	לְהַשְׁפִּיעַ
267	MALE	3-е лицо м.р. (הוא / דוד)	s_417081c4b247.mp3	הוּא מַשְׁקִיעַ בַּעֲסָקִים חֲדָשִׁים בָּאָרֶץ.	hу машкӣ́а бе-асакӣ́м хадашӣ́м ба-áрец.	Он инвестирует в новые бизнесы в стране.	Глаголы	לְהַשְׁקִיעַ
268	FEMALE	Нейтральные / Безличные	s_9d9abe414ed1.mp3	הִשְׁקַעְתִּי הַרְבֵּה מַאֲמָץ בַּלִּמּוּדִים הָאֵלֶּה.	hишкáъти hарбé маамáц ба-лимудӣ́м hа-э́ле.	Я вложил много усилий в эту учёбу.	Глаголы	לְהַשְׁקִיעַ
269	MALE	1-е лицо м.р. (אני רוצה)	s_cee4a05fe8fb.mp3	אֲנִי מַצִּיעַ פִּתָּרוֹן חָכָם לַבְּעָיָה.	анӣ мацӣ́а питарóн хахáм ла-беайá.	Я предлагаю умное решение проблемы.	Глаголы	לְהַצִּיעַ
270	FEMALE	Женская форма (адаптация 1/2 л.)	s_cee4a05fe8fb_f.mp3	אֲנִי מַצִּיעָה פִּתָּרוֹן חָכָם לַבְּעָיָה.	анӣ мациа́ питарóн хахáм ла-беайá.	Я предлагаю умное решение проблемы.	Глаголы	לְהַצִּיעַ
271	FEMALE	Нейтральные / Безличные	s_50b4f942a6fd.mp3	הַמְּנַהֵל הִצִּיעַ לִי מִשְׂרָה מְעוּלָּה.	hа-менаhéль hицӣ́а ли мисрá меулá.	Руководитель предложил мне отличную должность.	Глаголы	לְהַצִּיעַ
272	FEMALE	Нейтральные / Безличные	s_6353a559767c.mp3	הַזַּמָּר מוֹפִיעַ בַּתֵּאַטְרוֹן הַיּוֹם בָּעֶרֶב.	hа-замáр мофӣ́а ба-театрóн hайóм ба-э́рев.	Певец выступает в театре сегодня вечером.	Глаголы	לְהוֹפִיעַ
273	FEMALE	3-е лицо ж.р. (היא / שרה)	s_510f5991a884.mp3	הִיא הוֹפִיעָה בַּטֶּלֶוִיזְיָה בַּחֲדָשׁוֹת אֶתְמוֹל.	hи hофӣ́а ба-телеви́зья ба-хадашóт этмóль.	Вчера она появилась на телевидении в новостях.	Глаголы	לְהוֹפִיעַ
274	MALE	1-е лицо м.р. (אני רוצה)	s_98662a60ad5a.mp3	אֲנִי מַבְטִיחַ לַעֲזוֹר לְךָ תָּמִיד.	анӣ мавтӣ́ах лаазóр лехá тамӣ́д.	Я обещаю всегда помогать тебе.	Глаголы	לְהַבְטִיחַ
275	FEMALE	Женская форма (адаптация 1/2 л.)	s_98662a60ad5a_f.mp3	אֲנִי מַבְטִיחָה לַעֲזוֹר לְךָ תָּמִיד.	анӣ мавтиха́ лаазóр лехá тамӣ́д.	Я обещаю всегда помогать тебе.	Глаголы	לְהַבְטִיחַ
276	FEMALE	Нейтральные / Безличные	s_206a624d2e2a.mp3	הִבְטַחְתִּי לָבוֹא בַּזְּמַן לַפְּגִישָׁה.	hивтáхти лавó ба-змáн ла-пгишá.	Я обещал вовремя прийти на встречу.	Глаголы	לְהַבְטִיחַ
277	FEMALE	Нейтральные / Безличные	s_626dadcee4a5.mp3	עוֹרֵךְ-הַדִּין מוֹכִיחַ אֶת הָאֱמֶת בַּמִּשְׁפָּט.	орéх-hа-дин мохӣ́ах эт hа-эмéт ба-мишпáт.	Адвокат доказывает правду на суде.	Глаголы	לְהוֹכִיחַ
278	FEMALE	Нейтральные / Безличные	s_12f5708c2c9c.mp3	הוֹכַחְתִּי אֶת הַטְּעָנָה שֶׁלִּי בְּבֵרוּר.	hохáхти эт hа-теанá шелӣ́ бе-вейрӯ́р.	Я ясно доказал своё утверждение.	Глаголы	לְהוֹכִיחַ
279	FEMALE	Нейтральные / Безличные	s_cfaa240b8cad.mp3	אֲנַחְנוּ מִתְמוֹדְדִים עִם הַקְּשָׁיִים בְּיַחַד.	анáхну митмодедӣ́м им hа-кшайӣ́м бé-яхад.	Мы вместе справляемся с трудностями.	Глаголы	לְהִתְמוֹדֵד
280	FEMALE	Нейтральные / Безличные	s_1fe9653d5d25.mp3	הִתְמוֹדַדְתִּי הֵיטֵב עִם כָּל הַלַּחַץ.	hитмодáдти hейтéв им коль hа-лáхац.	Я отлично справился со всем стрессом.	Глаголы	לְהִתְמוֹדֵד
281	MALE	3-е лицо м.р. (הוא / דוד)	s_d375e8d83026.mp3	הוּא מִתְנַדֵּב בְּמָדָ״א כָּל שָׁבוּעַ.	hу митнадéв бе-мадá коль шавӯ́а.	Он волонтёрит в скорой помощи каждую неделю.	Глаголы	לְהִתְנַדֵּב
282	FEMALE	Нейтральные / Безличные	s_0724049d7ace.mp3	הִתְנַדַּבְתִּי בַּקְּהִלָּה שָׁנָה שְׁלֵמָה בְּאַהֲבָה.	hитнадáвти ба-кеhилá шанá шлемá бе-аhавá.	Я целый год с любовью волонтёрил в общине.	Глаголы	לְהִתְנַדֵּב
283	MALE	3-е лицо м.р. (הוא / דוד)	s_d91c6335fd20.mp3	הַיֶּלֶד מִתְנַהֵג יָפֶה מְאֹד בַּכִּתָּה.	hа-йéлед митнаhéг яфé меóд ба-китá.	Ребёнок очень хорошо ведёт себя в классе.	Глаголы	לְהִתְנַהֵג
284	FEMALE	Нейтральные / Безличные	s_d2fc83062115.mp3	הִתְנַהַגְתָּ כְּמוֹ בֶּן-אָדָם אֲמִתִּי בַּמַּצָּב.	hитнаháгта кмо бен-адáм амитӣ́ ба-мацáв.	Ты повёл себя по-человечески в этой ситуации.	Глаголы	לְהִתְנַהֵג
285	FEMALE	Нейтральные / Безличные	s_a4efcef663ae.mp3	הָעִיר מִתְפַּתַּחַת בִּמְהִירוּת גְּדוֹלָה מְאֹד.	hа-ӣ́р митпатáхат би-меhирӯ́т гдолá меóд.	Город развивается с очень большой скоростью.	Глаголы	לְהִתְפַּתֵּחַ
286	FEMALE	Нейтральные / Безличные	s_68dadf373f83.mp3	הַחֶבְרָה הִתְפַּתְּחָה מְאֹד בַּשָּׁנִים הָאַחֲרוֹנוֹת.	hа-хеврá hитпатхá меóд ба-шанӣ́м hа-ахаронóт.	Компания сильно развилась за последние годы.	Глаголы	לְהִתְפַּתֵּחַ
287	FEMALE	Нейтральные / Безличные	s_f3c8cdc7eaab.mp3	אֲנָשִׁים מִתְלוֹנְנִים עַל הַמֶּזֶג-הָאֲוִיר בַּקַּיִץ.	анашӣ́м митлоннӣ́м аль hа-мéзег-hа-авӣ́р ба-кáиц.	Люди жалуются на погоду летом.	Глаголы	לְהִתְלוֹנֵן
288	FEMALE	Нейтральные / Безличные	s_3a7f84b9fe4d.mp3	הַלָּקוֹחַ הִתְלוֹנֵן עַל הַשֵּׁרוּת הָרַע.	hа-лакóах hитлонéн аль hа-шерӯ́т hа-ра.	Клиент пожаловался на плохое обслуживание.	Глаголы	לְהִתְלוֹנֵן
289	MALE	3-е лицо м.р. (הוא / דוד)	s_0e3abe883b9a.mp3	הוּא מְטַפֵּל בַּסָּבָא הַיּוֹם.	hу метапéль ба-сáба hайóм.	Он ухаживает за дедушкой сегодня.	Глаголы	לְטַפֵּל
290	FEMALE	Нейтральные / Безличные	s_2f9ad3d700da.mp3	טִפַּלְתִּי בַּחוֹלֶה כָּל הַיּוֹם.	типáльти ба-холé коль hа-йом.	Я ухаживал за больным весь день.	Глаголы	לְטַפֵּל
291	FEMALE	3-е лицо ж.р. (היא / שרה)	s_462b75ca8ecb.mp3	הִיא רוֹחֶצֶת אֶת הַיָּדַיִם בְּמַיִם.	hи рохéцет эт hа-ядáйим бэ-мáйим.	Она моет руки водой.	Глаголы	לִרְחֹץ
292	FEMALE	Нейтральные / Безличные	s_f37d2d4597a0.mp3	רָחַצְתִּי אֶת הַפָּנִים בַּבֹּקֶר.	рахáцти эт hа-панӣ́м ба-бóкер.	Я умыл лицо утром.	Глаголы	לִרְחֹץ
293	MALE	3-е лицо м.р. (הוא / דוד)	s_115a524a166b.mp3	הוּא שׁוֹטֵף אֶת הָרִצְפָּה כָּעֵת.	hу шотéф эт hа-рицпá ка-э́т.	Он моет пол сейчас.	Глаголы	לִשְׁטֹף
294	FEMALE	Нейтральные / Безличные	s_6d114ec04098.mp3	שָׁטַפְתִּי כֵּלִים אַחֲרֵי הָאֲרוּחָה.	шатáфти келӣ́м ахарéй hа-арухá.	Я вымыл посуду после еды.	Глаголы	לִשְׁטֹף
295	MALE	3-е лицо м.р. (הוא / דוד)	s_d21d6a89297b.mp3	הוּא מַלְבִּישׁ אֶת הַמְּטוּפָּל בִּזְהִירוּת.	hу мальбӣ́ш эт hа-метупáль бизhирӯ́т.	Он осторожно одевает подопечного.	Глаголы	לְהַלְבִּישׁ
296	FEMALE	Нейтральные / Безличные	s_d7ec0b60a3d3.mp3	הִלְבַּשְׁתִּי אֶת הַסָּבָא בְּחוּלְצָה.	hильбáшти эт hа-сáба бэ-хульцá.	Я одел дедушку в рубашку.	Глаголы	לְהַלְבִּישׁ
297	FEMALE	3-е лицо ж.р. (היא / שרה)	s_6ead7d52a7b0.mp3	הִיא מַפְשִׁיטָה אֶת הַמְּעִיל הַכָּבֵד.	hи мафшитá эт hа-меӣ́ль hа-кавéд.	Она снимает тяжёлое пальто.	Глаголы	לְהַפְשִׁיט
298	FEMALE	Нейтральные / Безличные	s_85139b26819a.mp3	הִפְשַׁטְתִּי אֶת הַסְּוֶודֶר הַחַם.	hифшáтти эт hа-свéдер hа-хам.	Я снял тёплый свитер.	Глаголы	לְהַפְשִׁיט
299	MALE	3-е лицо м.р. (הוא / דוד)	s_0b01f08e2289.mp3	הוּא מַאֲכִיל אֶת הַסָּבָא בְּמָרָק.	hу маахӣ́ль эт hа-сáба бэ-марáк.	Он кормит дедушку супом.	Глаголы	לְהַאֲכִיל
300	FEMALE	Нейтральные / Безличные	s_5632e9c76499.mp3	הֶאֱכַלְתִּי אֶת הַחוֹלֶה בַּצָּהֳרַיִם.	hээхáльти эт hа-холé ба-цоhорáим.	Я покормил больного в обед.	Глаголы	לְהַאֲכִיל
301	MALE	3-е лицо м.р. (הוא / דוד)	s_a275dad37b65.mp3	הוּא מַשְׁקֶה אוֹתוֹ בְּמַיִם קָרִים.	hу машкé отó бэ-мáйим карӣ́м.	Он поит его холодной водой.	Глаголы	לְהַשְׁקוֹת
302	FEMALE	Нейтральные / Безличные	s_392cbe7aaa39.mp3	הִשְׁקֵיתִי אֶת הַסָּבָא בְּתֵה.	hишкéйти эт hа-сáба бэ-те.	Я напоил дедушку чаем.	Глаголы	לְהַשְׁקוֹת
303	MALE	3-е лицо м.р. (הוא / דוד)	s_04cfe0981726.mp3	הוּא מַשְׁכִּיב אֶת הַחוֹלֶה בַּמִּטָּה.	hу машкӣ́в эт hа-холé ба-митá.	Он укладывает больного в постель.	Глаголы	לְהַשְׁכִּיב
304	FEMALE	Нейтральные / Безличные	s_51adae70abc6.mp3	הִשְׁכַּבְתִּי אוֹתוֹ לִישׁוֹן בָּעֶרֶב.	hишкáвти отó лишóн ба-э́рев.	Я уложил его спать вечером.	Глаголы	לְהַשְׁכִּיב
305	MALE	3-е лицо м.р. (הוא / דוד)	s_6956a2c93fd1.mp3	הוּא מַעֲמִיד אוֹתוֹ עַל הָרַגְלַיִם.	hу маамӣ́д отó аль hа-раглáим.	Он ставит его на ноги.	Глаголы	לְהַעֲמִיד
306	FEMALE	Нейтральные / Безличные	s_0ef90b4b03c7.mp3	הֶעֱמַדְתִּי אֶת הַכִּסֵּא לְיַד הַמִּטָּה.	hээмáдти эт hа-кисé ле-яд hа-митá.	Я поставил стул возле кровати.	Глаголы	לְהַעֲמִיד
307	FEMALE	Нейтральные / Безличные	s_bd1d9c4436d8.mp3	הַמְּטַפֵּל מְסַיֵּעַ לַקָּשִׁישׁ בַּהֲלִיכָה.	hа-метапéль месайéа ла-кашӣ́ш ба-hалихá.	Сиделка помогает пожилому человеку при ходьбе.	Глаголы	לְסַיֵּעַ
308	FEMALE	Нейтральные / Безличные	s_45922a679857.mp3	סִיַּעְתִּי לַמִּשְׁפָּחָה בְּכָל הַסִּדּוּרִים.	сийáъти ла-мишпахá бэ-холь hа-сидурӣ́м.	Я помог семье со всеми хлопотами.	Глаголы	לְסַיֵּעַ
309	MALE	3-е лицо м.р. (הוא / דוד)	s_67718614aafd.mp3	הוּא תּוֹמֵךְ בּוֹ בִּזְמַן הַהֲלִיכָה.	hу томéх бо бизмáн hа-hалихá.	Он поддерживает его во время ходьбы.	Глаголы	לִתְמֹךְ
310	FEMALE	Нейтральные / Безличные	s_562d3cd1bde7.mp3	תָּמַכְתִּי בַּסָּבָא עַד הַחֶדֶר.	тамáхти ба-сáба ад hа-хéдер.	Я поддерживал дедушку до комнаты.	Глаголы	לִתְמֹךְ
311	MALE	3-е лицо м.р. (הוא / דוד)	s_d8158e40996f.mp3	הוּא מְחַמֵּם אֶת הָאוֹכֶל בַּמִּיקְרוֹגַל.	hу мехамéм эт hа-óхель ба-микрогáль.	Он греет еду в микроволновке.	Глаголы	לְחַמֵּם
312	FEMALE	Нейтральные / Безличные	s_708fef9fd102.mp3	חִמַּמְתִּי מַיִם חַמִּים לַתֵּה.	химáмти мáйим хамӣ́м ла-те.	Я подогрел горячую воду для чая.	Глаголы	לְחַמֵּם
313	MALE	3-е лицо м.р. (הוא / דוד)	s_f5c303c4c772.mp3	הוּא מוֹדֵד לָהּ לַחַץ דָּם.	hу модéд ла лáхац дам.	Он измеряет ей давление.	Глаголы	לִמְדּוֹד
314	FEMALE	Нейтральные / Безличные	s_2946c01023fb.mp3	מָדַדְתִּי חֹם בַּבֹּקֶר בַּמִּרְפָּאָה.	мадáдти хом ба-бóкер ба-мирпаá.	Я измерил температуру утром в клинике.	Глаголы	לִמְדּוֹד
315	FEMALE	Нейтральные / Безличные	s_1d6fbeea410d.mp3	הַכַּדּוּר הַזֶּה מְשַׁכֵּךְ כְּאֵבִים מַהֵר.	hа-кадӯ́р hа-зé мешакéах кеэвӣ́м маhéр.	Эта таблетка быстро снимает боль.	Глаголы	לְשַׁכֵּךְ
316	FEMALE	Нейтральные / Безличные	s_80d4062ef847.mp3	שִׁכַּכְתִּי אֶת הַכְּאֵב בְּעֶזְרַת תְּרוּפָה.	шикáхти эт hа-кеэ́в бе-эзрáт труфá.	Я снял боль с помощью лекарства.	Глаголы	לְשַׁכֵּךְ
317	MALE	3-е лицо м.р. (הוא / דוד)	s_b054c4ef91da.mp3	הוּא מַרְגִּיעַ אֶת הַחוֹלֶה הַמְּבֹהָל.	hу маргӣ́а эт hа-холé hа-мевоháль.	Он успокаивает испуганного больного.	Глаголы	לְהַרְגִּיעַ
318	FEMALE	Нейтральные / Безличные	s_4baa5e205e81.mp3	הִרְגַּעְתִּי אוֹתוֹ בִּדְבָרִים טוֹבִים.	hиргáъти отó би-дварӣ́м товӣ́м.	Я успокоил его добрыми словами.	Глаголы	לְהַרְגִּיעַ
319	MALE	3-е лицо м.р. (הוא / דוד)	s_ff72a66854a5.mp3	הוּא מַחֲזִיר הַכֹּל לַמָּקוֹם.	hу махазӣ́р hа-коль ла-макóм.	Он возвращает всё на место.	Глаголы	לְהַחֲזִיר
320	FEMALE	Нейтральные / Безличные	s_914ba2dfbcac.mp3	הֶחֱזַרְתִּי אֶת הַסֵּפֶר לָאֲרוֹן.	hэхеза́рти эт hа-сéфер ла-арóн.	Я вернул книгу в шкаф.	Глаголы	לְהַחֲזִיר
321	MALE	3-е лицо м.р. (הוא / דוד)	s_28575072ec16.mp3	הוּא מְדַוֵּחַ עַל הַמַּצָּב לָאָחוֹת.	hу медавéах аль hа-мацáв ла-ахóт.	Он докладывает о состоянии медсестре.	Глаголы	לְדַוֵּחַ
322	FEMALE	Нейтральные / Безличные	s_eac40e89e214.mp3	דִּוַּחְתִּי לָרוֹפֵא עַל שִׁנּוּי.	дивáхти ла-рофé аль шинӯ́й.	Я сообщил врачу об изменении.	Глаголы	לְדַוֵּחַ
323	FEMALE	3-е лицо ж.р. (היא / שרה)	s_37f06f90956c.mp3	הִיא מַחֲלִיפָה אֶת הַמַּצָּעִים הַיּוֹם.	hи махалӣ́фа эт hа-мацаӣ́м hайóм.	Она меняет постельное бельё сегодня.	Глаголы	לְהַחֲלִיף
324	FEMALE	Нейтральные / Безличные	s_7ec288d308f6.mp3	הֶחֱלַפְתִּי אֶת הַתַּחְבּוֹשֶׁת בַּבֹּקֶר.	hэхелáфти эт hа-тахбóшет ба-бóкер.	Я сменил повязку утром.	Глаголы	לְהַחֲלִיף
325	MALE	3-е лицо м.р. (הוא / דוד)	s_3c7f1f9491cf.mp3	הוּא מְעוֹדֵד אֶת הַסָּבָא תָּמִיד.	hу меодéд эт hа-сáба тамӣ́д.	Он всегда подбадривает дедушку.	Глаголы	לְעוֹדֵד
326	FEMALE	Нейтральные / Безличные	s_75bc0717749f.mp3	עוֹדַדְתִּי אוֹתוֹ בְּחִיּוּךְ רָחָב.	одáдти отó бе-хийӯ́х рахáв.	Я подбодрил его широкой улыбкой.	Глаголы	לְעוֹדֵד
327	MALE	3-е лицо м.р. (הוא / דוד)	s_231976ccbdda.mp3	הוּא מְלַוֶּה אֶת הַקָּשִׁישׁ לַבַּנְק.	hу мелавé эт hа-кашӣ́ш ла-банк.	Он сопровождает пожилого человека в банк.	Глаголы	לְלַוּוֹת
328	FEMALE	Нейтральные / Безличные	s_44bf9dc574d8.mp3	לִוִּיתִי אוֹתוֹ לְקוּפַּת חוֹלִים.	ливӣ́ти отó ла-купáт холӣ́м.	Я сопроводил его в поликлинику.	Глаголы	לְלַוּוֹת
329	FEMALE	Нейтральные / Безличные	s_dad6a7db2346.mp3	הַגַּנֶּנֶת מַשְׁגִּיחָה עַל הַיְּלָדִים בֶּחָצֵר.	hа-ганéнет машгӣ́ха аль hа-еладӣ́м бэ-хацéр.	Воспитательница присматривает за детьми во дворе.	Глаголы	לְהַשְׁגִּיחַ
330	FEMALE	Нейтральные / Безличные	s_3ac4f3910505.mp3	הִשְׁגַּחְתִּי עֲלֵיהֶם כָּל הַיּוֹם.	hишгáхти алеhéм коль hа-йом.	Я следил за ними весь день.	Глаголы	לְהַשְׁגִּיחַ
331	FEMALE	3-е лицо ж.р. (היא / שרה)	s_6887436a45fb.mp3	אִמָּא מְחַבֶּקֶת אֶת הַיֶּלֶד בְּחֹם.	ӣ́ма мехабéкет эт hа-йéлед бэ-хом.	Мама тепло обнимает ребёнка.	Глаголы	לְחַבֵּק
332	FEMALE	Нейтральные / Безличные	s_f9d65f227f41.mp3	חִבַּקְתִּי אוֹתוֹ כְּשֶׁהוּא בָּכָה.	хибáкти отó кше-hу бахá.	Я обнял его, когда он заплакал.	Глаголы	לְחַבֵּק
333	MALE	3-е лицо м.р. (הוא / דוד)	s_e5afa2bf35b2.mp3	הוּא מְנַחֵם אֶת הַחָבֵר הֶעָצוּב.	hу менахéм эт hа-хавéр hе-ацӯ́в.	Он утешает грустного друга.	Глаголы	לְנַחֵם
334	FEMALE	Нейтральные / Безличные	s_2d58a4f66340.mp3	נִחַמְתִּי אֶת הַיַּלְדָּה בַּגַּן.	нихáмти эт hа-яльдá ба-ган.	Я утешил девочку в саду.	Глаголы	לְנַחֵם
335	FEMALE	Нейтральные / Безличные	s_5b60f9c02675.mp3	דָּנִי מְשַׁתֵּף אֶת כּוּלָּם בַּמִּשְׂחָק.	дáни мешатéф эт кулáм ба-мисхáк.	Дани вовлекает всех в игру.	Глаголы	לְשַׁתֵּף
336	FEMALE	Нейтральные / Безличные	s_f733603309ca.mp3	שִׁתַּפְתִּי אֶת הַחֲבֵרִים בַּצַּעֲצוּעִים.	шитáфти эт hа-хаверӣ́м ба-цаацуӣ́м.	Я поделился с друзьями игрушками.	Глаголы	לְשַׁתֵּף
337	MALE	3-е лицо м.р. (הוא / דוד)	s_db99b31e5d4f.mp3	הַיֶּלֶד גּוֹזֵר נְיָר בְּמִסְפָּרַיִם.	hа-йéлед гозéр нейáр бэ-миспарáим.	Ребёнок режет бумагу ножницами.	Глаголы	לִגְזֹר
338	FEMALE	Нейтральные / Безличные	s_6c61aeeb7900.mp3	גָּזַרְתִּי צוּרוֹת יָפוֹת מִבְּרִיסְטוֹל.	газáрти цурóт яфóт ми-бристóль.	Я вырезал красивые фигурки из картона.	Глаголы	לִגְזֹר
339	MALE	3-е лицо м.р. (הוא / דוד)	s_e737d4a0a4f2.mp3	יוֹסִי מַרְכִּיב פָּאזֶל גָּדוֹל הַיּוֹם.	йосӣ́ маркӣ́в пáзель гадóль hайóм.	Йоси собирает большой пазл сегодня.	Глаголы	לְהַרְכִּיב
340	FEMALE	Нейтральные / Безличные	s_300c3cb1e949.mp3	הִרְכַּבְתִּי מִגְדָּל גָּבוֹהַּ מִלֶּגוֹ.	hиркáвти мигдáль гавóах ми-лéго.	Я собрал высокую башню из лего.	Глаголы	לְהַרְכִּיב
341	FEMALE	Нейтральные / Безличные	s_bb71d9c8d0a7.mp3	הַגַּנֶּנֶת מַקְרִיאָה סִפּוּר לַיְּלָדִים.	hа-ганéнет макриá сипӯ́р ла-еладӣ́м.	Воспитательница читает сказку детям.	Глаголы	לְהַקְרִיא
342	FEMALE	Нейтральные / Безличные	s_b7e5675d9ac4.mp3	הִקְרֵאתִי שִׁיר יָפֶה לָהֶם.	hикрéти шир яфé лаhéм.	Я прочитал им красивое стихотворение.	Глаголы	לְהַקְרִיא
343	MALE	3-е лицо м.р. (הוא / דוד)	s_da3399175be3.mp3	הַיֶּלֶד שׁוֹכֵב עַל הַמִּזְרָן.	hа-йéлед шохéв аль hа-мизрáн.	Ребёнок лежит на матрасе.	Глаголы	לִשְׁכַּב
344	FEMALE	Нейтральные / Безличные	s_6f82afc34a10.mp3	שָׁכַבְתִּי לָנוּחַ בַּצָּהֳרַיִם הַיּוֹם.	шахáвти ланӯ́ах ба-цоhорáим hайóм.	Я прилёг отдохнуть днём сегодня.	Глаголы	לִשְׁכַּב
345	MALE	3-е лицо м.р. (הוא / דוד)	s_81cf2b3de226.mp3	הוּא נוֹעֵל נַעֲלַיִם לְבַד הַיּוֹם.	hу ноэ́ль наалáим левáд hайóм.	Он надевает обувь сам сегодня.	Глаголы	לִנְעֹל
346	FEMALE	Нейтральные / Безличные	s_900a25301742.mp3	נָעַלְתִּי סַנְדָּלִים נוֹחִים לַגַּן.	наáльти сандалӣ́м нохӣ́м ла-ган.	Я обул удобные сандалии в садик.	Глаголы	לִנְעֹל
347	FEMALE	Нейтральные / Безличные	s_2f7b3fb1b9d2.mp3	הַיְּלָדִים רוֹחֲצִים יָדַיִם בְּסַבּוֹן.	hа-еладӣ́м рохацӣ́м ядáим бэ-сабóн.	Дети моют руки с мылом.	Глаголы	לִרְחוֹץ
348	FEMALE	Нейтральные / Безличные	s_0457945acfde.mp3	רָחַצְנוּ יָדַיִם לִפְנֵי הָאוֹכֶל.	рахáцну ядáим лифнéй hа-óхель.	Мы помыли руки перед едой.	Глаголы	לִרְחוֹץ
349	FEMALE	Нейтральные / Безличные	s_a4ab1c671bdb.mp3	דָּנִי מְוַתֵּר עַל הַתּוֹר בִּנְדִיבוּת.	дáни меватéр аль hа-тор би-ндивӯ́т.	Дани великодушно уступает очередь.	Глаголы	לְוַתֵּר
350	FEMALE	Нейтральные / Безличные	s_96aed881ef50.mp3	וִתַּרְתִּי לַחֲבֵרָה שֶׁלִּי בַּמִּשְׂחָק.	витáрти ла-хаверá шелӣ́ ба-мисхáк.	Я уступил своей подруге в игре.	Глаголы	לְוַתֵּר
351	FEMALE	3-е лицо ж.р. (היא / שרה)	s_f0871e71a003.mp3	הִיא מְחַלֶּקֶת צְבָעִים לַיְּלָדִים.	hи мехалéкет цваӣ́м ла-еладӣ́м.	Она раздаёт карандаши детям.	Глаголы	לְחַלֵּק
352	FEMALE	Нейтральные / Безличные	s_73782af4503b.mp3	חִלַּקְתִּי אֶת הָעוּגָה שָׁוֶה.	хилáкти эт hа-угá шавé.	Я поровну разделил пирог.	Глаголы	לְחַלֵּק
353	FEMALE	Нейтральные / Безличные	s_73a5f87cc4f8.mp3	כָּל הַיְּלָדִים שָׁרִים בַּמַּעְגָּל.	коль hа-еладӣ́м шарӣ́м ба-маъгáль.	Все дети поют в хороводе.	Глаголы	לָשִׁיר
354	FEMALE	Нейтральные / Безличные	s_a7e6b3f79e85.mp3	שַׁרְנוּ שִׁיר שָׂמֵחַ בִּמְסִבָּה.	шáрну шир самéах би-мсибá.	Мы спели весёлую песню на празднике.	Глаголы	לָשִׁיר
355	FEMALE	Нейтральные / Безличные	s_09881b743407.mp3	הַיְּלָדִים רוֹקְדִים בְּשִׂמְחָה עַכְשָׁיו.	hа-еладӣ́м рокдӣ́м бэ-симхá ахшáв.	Дети с радостью танцуют сейчас.	Глаголы	לִרְקֹד
356	FEMALE	Нейтральные / Безличные	s_02b2794baff2.mp3	רָקַדְתִּי עִם הַחֲבֵרִים בַּגַּן.	ракáдти им hа-хаверӣ́м ба-ган.	Я танцевал с друзьями в саду.	Глаголы	לִרְקֹד
357	FEMALE	3-е лицо ж.р. (היא / שרה)	s_697c40a78cea.mp3	הִיא גּוֹמֶלֶת אוֹתוֹ מֵחִתּוּלִים עַכְשָׁיו.	hи гомéлет отó ме-хитулӣ́м ахшáв.	Она отучает его от подгузников сейчас.	Глаголы	לִגְמֹל
358	FEMALE	Нейтральные / Безличные	s_35cab1f36e98.mp3	גָּמַלְנוּ אֶת הַיֶּלֶד מִמּוֹצֵץ.	гамáльну эт hа-йéлед ми-моцéц.	Мы отучили ребёнка от соски.	Глаголы	לִגְמֹל
359	FEMALE	Нейтральные / Безличные	s_37e5fe6c21d7.mp3	הָרוֹפֵא מְאַבְחֵן אֶת הַמַּחֲלָה.	hа-рофé меавхéн эт hа-махалá.	Врач диагностирует болезнь.	Глаголы	לְאַבְחֵן
360	FEMALE	Нейтральные / Безличные	s_4a1204465999.mp3	אִבְחַנְתִּי דַּלֶּקֶת רֵאוֹת אֶתְמוֹל.	ивхáнти далéкет реóт этмóль.	Я диагностировал воспаление лёгких вчера.	Глаголы	לְאַבְחֵן
361	FEMALE	Нейтральные / Безличные	s_2a9ebe407d7e.mp3	הָרוֹפֵא רוֹשֵׁם מִרְשָׁם לַחוֹלֶה.	hа-рофé рошéм миршáм ла-холé.	Врач выписывает рецепт больному.	Глаголы	לִרְשֹׁם
362	FEMALE	Нейтральные / Безличные	s_5f3083c03b7c.mp3	רָשַׁמְתִּי תְּרוּפָה חֲדָשָׁה לַמְּטוּפָּל.	рашáмти труфá хадашá ла-метупáль.	Я выписал новое лекарство пациенту.	Глаголы	לִרְשֹׁם
363	MALE	3-е лицо м.р. (הוא / דוד)	s_584b8ab94a1b.mp3	הוּא מַפְנֶה אוֹתִי לִבְדִיקוֹת.	hу мафнé отӣ́ ли-вдикóт.	Он направляет меня на анализы.	Глаголы	לְהַפְנוֹת
364	FEMALE	Нейтральные / Безличные	s_07fd4190793a.mp3	הִפְנֵיתִי אֶת הַחוֹלֶה לְמוּמְחֶה.	hифнéйти эт hа-холé ле-мумхé.	Я направил больного к специалисту.	Глаголы	לְהַפְנוֹת
365	FEMALE	Нейтральные / Безличные	s_a5cd2458b892.mp3	הָאָחוֹת מְחַטֵּאת אֶת הַפֶּצַע.	hа-ахóт мехатéт эт hа-пéца.	Медсестра дезинфицирует рану.	Глаголы	לְחַטֵּא
366	FEMALE	Нейтральные / Безличные	s_3a647264524c.mp3	חִטֵּאתִי אֶת הַמָּקוֹם בְּאַלְכּוֹהוֹל.	хитéти эт hа-макóм бэ-алкоhóль.	Я продезинфицировал место спиртом.	Глаголы	לְחַטֵּא
367	MALE	3-е лицо м.р. (הוא / דוד)	s_611e9cbb4c35.mp3	הוּא חוֹבֵשׁ אֶת הַיָּד הַפְּצוּעָה.	hу ховéш эт hа-яд hа-пцуá.	Он перевязывает раненую руку.	Глаголы	לַחְבֹּשׁ
368	FEMALE	Нейтральные / Безличные	s_8466b758dbaa.mp3	חָבַשְׁתִּי אֶת הָרֶגֶל בְּתַחְבֹּשֶׁת.	хавáшти эт hа-рéгель бэ-тахбóшет.	Я перевязал ногу бинтом.	Глаголы	לַחְבֹּשׁ
369	FEMALE	Нейтральные / Безличные	s_3caf05bd1f95.mp3	הַכִירוּרְג מְנַתֵּחַ בְּבֵית הַחוֹלִים.	hа-хирӯ́рг менатéах бэ-вéйт hа-холӣ́м.	Хирург оперирует в больнице.	Глаголы	לְנַתֵּחַ
370	FEMALE	Нейтральные / Безличные	s_72516df2b718.mp3	נִתַּחְנוּ אֶת הַחוֹלֶה בְּהַצְלָחָה.	нитáхну эт hа-холé бэ-hацлахá.	Мы успешно прооперировали пациента.	Глаголы	לְנַתֵּחַ
371	FEMALE	3-е лицо ж.р. (היא / שרה)	s_e6ec7a962038.mp3	הִיא מַזְרִיקָה תְּרוּפָה לַשְּׁרִיר.	hи мазрикá труфá ла-шрӣ́р.	Она вводит лекарство в мышцу.	Глаголы	לְהַזְרִיק
372	FEMALE	Нейтральные / Безличные	s_85b902ac0f83.mp3	הִזְרַקְתִּי חִסּוּן נֶגֶד שַׁפַּעַת.	hизрáкти хисӯ́н нéгед шапáат.	Я сделал прививку от гриппа.	Глаголы	לְהַזְרִיק
373	MALE	3-е лицо м.р. (הוא / דוד)	s_ae03f281f077.mp3	הוּא מַרְדִּים לִפְנֵי הַנִּתּוּחַ.	hу мардӣ́м лифнéй hа-нитӯ́ах.	Он даёт наркоз перед операцией.	Глаголы	לְהַרְדִּים
374	FEMALE	Нейтральные / Безличные	s_bcf6c18858c2.mp3	הִרְדַּמְתִּי אֶת הַמְּטוּפָּל בְּבִטָּחוֹן.	hирдáмти эт hа-метупáль бэ-битахóн.	Я безопасно ввёл пациента в наркоз.	Глаголы	לְהַרְדִּים
375	MALE	3-е лицо м.р. (הוא / דוד)	s_481bc01c727b.mp3	הוּא מַחְלִים מֵהַמַּחֲלָה בְּקָרוֹב.	hу махлӣ́м ме-hа-махалá бэ-карóв.	Он скоро поправляется от болезни.	Глаголы	לְהַחְלִים
376	FEMALE	Нейтральные / Безличные	s_33947132136a.mp3	הֶחֱלַמְתִּי מֵהַשַּׁפַּעַת בְּמַהֲרוּת.	hэхелáмти ме-hа-шапáат би-мhирӯ́т.	Я быстро оправился от гриппа.	Глаголы	לְהַחְלִים
377	FEMALE	Нейтральные / Безличные	s_4636e510dc20.mp3	הַחוֹלֶה מִתְאוֹשֵׁשׁ בְּחֶדֶר הַתְאוֹשְׁשׁוּת.	hа-холé митошéш бэ-хéдер hитошешӯ́т.	Пациент приходит в себя в палате пробуждения.	Глаголы	לְהִתְאוֹשֵׁשׁ
378	FEMALE	Нейтральные / Безличные	s_f0c19d8ff04d.mp3	הִתְאוֹשַׁשְׁתִּי יָפֶה אַחֲרֵי הַטִּפּוּל.	hитошáшти яфé ахарéй hа-типӯ́ль.	Я хорошо восстановился после процедуры.	Глаголы	לְהִתְאוֹשֵׁשׁ
379	FEMALE	Нейтральные / Безличные	s_ccca38dfa0de.mp3	הַכַּדּוּר מֵקֵל עַל הַכְּאֵב.	hа-кадӯ́р мекéль аль hа-кеэ́в.	Таблетка облегчает боль.	Глаголы	לְהָקֵל
380	FEMALE	Нейтральные / Безличные	s_b4d206fec0f4.mp3	הֵקַלְתִּי עַל הַסֵּבֶל שֶׁלּוֹ.	hекáльти аль hа-сéвель шелó.	Я облегчил его страдания.	Глаголы	לְהָקֵל
381	FEMALE	Нейтральные / Безличные	s_3cccc8242235.mp3	הַמַּצָּב מַחְמִיר בַּלַּיְלָה תָּמִיד.	hа-мацáв махмӣ́р ба-лáйла тамӣ́д.	Состояние всегда ухудшается ночью.	Глаголы	לְהַחְמִיר
382	FEMALE	Нейтральные / Безличные	s_04487e955a9b.mp3	הַכְּאֵב הֶחְמִיר בַּיָּמִים הָאַחֲרוֹנִים.	hа-кеэ́в hэхмӣ́р ба-ямӣ́м hа-ахаронӣ́м.	Боль усилилась в последние дни.	Глаголы	לְהַחְמִיר
383	MALE	3-е лицо м.р. (הוא / דוד)	s_28004ff8cabe.mp3	הוּא מִשְׁתַּעֵל בְּלִי הַפְסָקָה הַיּוֹם.	hу миштаэ́ль бли hафсакá hайóм.	Он кашляет без перерыва сегодня.	Глаголы	לְהִשְׁתַּעֵל
384	FEMALE	Нейтральные / Безличные	s_b3885ceb99db.mp3	הִשְׁתַּעַלְתִּי כָּל הַלַּיְלָה בַּמִּטָּה.	hиштаáльти коль hа-лáйла ба-митá.	Я кашлял всю ночь в постели.	Глаголы	לְהִשְׁתַּעֵל
385	MALE	3-е лицо м.р. (הוא / דוד)	s_da365aa30b45.mp3	הַיֶּלֶד מֵקִיא מֵהַרְעָלַת קֵבָה.	hа-йéлед мекӣ́ ме-hаральáт кевá.	Ребёнка рвёт от отравления.	Глаголы	לְהָקִיא
386	FEMALE	Нейтральные / Безличные	s_267ecba7b383.mp3	הֵקֵאתִי אַחֲרֵי הָאוֹכֶל הַמְּקוּלְקָל.	hекéти ахарéй hа-óхель hа-мекулькáль.	Меня вырвало после испорченной еды.	Глаголы	לְהָקִיא
387	FEMALE	3-е лицо ж.р. (היא / שרה)	s_fab1047417ee.mp3	הִיא כִּמְעַט מִתְעַלֶּפֶת מֵחֹם.	hи кимъáт митальéфет ме-хом.	Она почти падает в обморок от жары.	Глаголы	לְהִתְעַלֵּף
388	FEMALE	Нейтральные / Безличные	s_38dc38af0e9b.mp3	הָאִישׁ הִתְעַלֵּף בָּרְחוֹב הַיּוֹם.	hа-ӣ́ш hитальéф ба-рехóв hайóм.	Мужчина упал в обморок на улице сегодня.	Глаголы	לְהִתְעַלֵּף
389	MALE	3-е лицо м.р. (הוא / דוד)	s_26318dd6ff20.mp3	הוּא נוֹשֵׁם עָמֹק בַּבְּדִיקָה.	hу ношéм амóк ба-бдикá.	Он глубоко дышит на осмотре.	Глаголы	לִנְשֹׁם
390	FEMALE	Нейтральные / Безличные	s_c8c74f76d95d.mp3	נָשַׁמְתִּי לִרְוָחָה אַחֲרֵי הַבְּשׂוֹרָה.	нашáмти ли-рвахá ахарéй hа-бсорá.	Я вздохнул с облегчением после вести.	Глаголы	לִנְשֹׁם
391	MALE	3-е лицо м.р. (הוא / דוד)	s_15542855ea12.mp3	הוּא בּוֹלֵעַ כַּדּוּר עִם מַיִם.	hу болéа кадӯ́р им мáйим.	Он глотает таблетку с водой.	Глаголы	לִבְלֹעַ
392	FEMALE	Нейтральные / Безличные	s_a23ee6134332.mp3	בָּלַעְתִּי אֶת הַתְּרוּפָה בַּבֹּקֶר.	балáъти эт hа-труфá ба-бóкер.	Я проглотил лекарство утром.	Глаголы	לִבְלֹעַ
393	FEMALE	Нейтральные / Безличные	s_3ecc38e7b497.mp3	מְאַשְׁפְּזִים אוֹתוֹ בְּבֵית חוֹלִים.	меашпезӣ́м отó бэ-вéйт холӣ́м.	Его госпитализируют в больницу.	Глаголы	לְאַשְׁפֵּז
394	FEMALE	Нейтральные / Безличные	s_61d22af7be67.mp3	אִשְׁפַּזְנוּ אֶת הַחוֹלֶה לְהַשְׁגָּחָה.	ишпáзну эт hа-холé ле-hашгахá.	Мы госпитализировали больного под наблюдение.	Глаголы	לְאַשְׁפֵּז
395	FEMALE	Нейтральные / Безличные	s_22f73d3a4d41.mp3	הָרוֹפֵא מְשַׁחְרֵר אוֹתִי הַבַּיְתָה.	hа-рофé мешахрéр отӣ́ hабáйта.	Врач выписывает меня домой.	Глаголы	לְשַׁחְרֵר
396	FEMALE	Нейтральные / Безличные	s_6d1c1583a0c9.mp3	שִׁחְרַרְנוּ אֶת הַחוֹלָה אֶתְמוֹל.	шихрáрну эт hа-холá этмóль.	Мы выписали пациентку вчера.	Глаголы	לְשַׁחְרֵר
397	MALE	3-е лицо м.р. (הוא / דוד)	s_2dc1ec53bcdf.mp3	הוּא מְמַשֵּׁשׁ אֶת הַבֶּטֶן.	hу мемашéш эт hа-бéтен.	Он пальпирует живот.	Глаголы	לְמַשֵּׁשׁ
398	FEMALE	Нейтральные / Безличные	s_2b4c79ea4531.mp3	מִשַּׁשְׁתִּי אֶת הַדּוֹפֶק שֶׁלּוֹ.	мишáшти эт hа-дóфек шелó.	Я прощупал его пульс.	Глаголы	לְמַשֵּׁשׁ
399	MALE	3-е лицо м.р. (הוא / דוד)	s_9727483ecf4a.mp3	הוּא סוֹבֵל מִכְּאֵב רֹאשׁ.	hу совéль ми-кеэ́в рош.	Он страдает от головной боли.	Глаголы	לִסְבֹּל
400	FEMALE	Нейтральные / Безличные	s_d1e0aa8cbba0.mp3	סָבַלְתִּי מֵחֹם גָּבוֹהַּ אֶתְמוֹל.	савáльти ме-хом гавóах этмóль.	Я страдал от высокой температуры вчера.	Глаголы	לִסְבֹּל
401	FEMALE	Нейтральные / Безличные	s_e53fa4e17394.mp3	נְגִיף שַׁפַּעַת מַדְבִּיק מַהֵר.	негӣ́ф шапáат мадбӣ́к маhéр.	Вирус гриппа быстро заражает.	Глаголы	לְהַדְבִּיק
402	FEMALE	Нейтральные / Безличные	s_39f96afa760b.mp3	לֹא הִדְבַּקְתִּי אַף אֶחָד בַּבַּיִת.	ло hидбáкти аф эхáд ба-бáит.	Я никого дома не заразил.	Глаголы	לְהַדְבִּיק
403	FEMALE	Нейтральные / Безличные	s_6a114836428d.mp3	רוֹאֵה חֶשְׁבּוֹן מְחַשֵּׁב מִסִּים.	роэ́ хешбóн мехашéв мисӣ́м.	Бухгалтер рассчитывает налоги.	Глаголы	לְחַשֵּׁב
404	FEMALE	Нейтральные / Безличные	s_3e36f43303d7.mp3	חִשַּׁבְתִּי אֶת הַהוֹצָאוֹת בַּדּוּ״חַ.	хишáвти эт hа-hоцаóт ба-дӯ́ах.	Я рассчитал расходы в отчёте.	Глаголы	לְחַשֵּׁב
405	FEMALE	Нейтральные / Безличные	s_1e774e41e2a1.mp3	הַבַּנְק מְחַיֵּב אֶת הַחֶשְׁבּוֹן.	hа-банк мехайéв эт hа-хешбóн.	Банк списывает средства со счёта.	Глаголы	לְחַיֵּב
406	FEMALE	Нейтральные / Безличные	s_f4820c6e1ddb.mp3	חִיַּבְתִּי אֶת כַּרְטִיס הָאַשְׁרַאי.	хийáвти эт картӣ́с hа-ашрáй.	Я снял оплату с кредитной карты.	Глаголы	לְחַיֵּב
407	FEMALE	Нейтральные / Безличные	s_f27ca0824ce9.mp3	הַסַּפָּק מְזַכֶּה אֶת הַלָּקוֹחַ.	hа-сапáк мезакé эт hа-лакóах.	Поставщик кредитует клиента.	Глаголы	לִזְכּוֹת
408	FEMALE	Нейтральные / Безличные	s_a14e72b51ddc.mp3	זִכִּיתִי אֶת חֶשְׁבּוֹן הַבַּנְק.	зикӣ́ти эт хешбóн hа-банк.	Я пополнил банковский счёт.	Глаголы	לִזְכּוֹת
409	MALE	3-е лицо м.р. (הוא / דוד)	s_2e126197c55e.mp3	הוּא מֵפִיק חֶשְׁבּוֹנִית מַס מְהִירָה.	hу мефӣ́к хешбонӣ́т мас меhирá.	Он генерирует налоговую квитанцию быстро.	Глаголы	לְהַפִּיק
410	FEMALE	Нейтральные / Безличные	s_6e944dc5c4af.mp3	הֵפַקְתִּי דּוּ״חַ שְׁנָתִי מְפֹרָט.	hефáкти дӯ́ах шнатӣ́ мефорáт.	Я выпустил подробный годовой отчёт.	Глаголы	לְהַפִּיק
411	MALE	3-е лицо м.р. (הוא / דוד)	s_4c872cb80394.mp3	הוּא מְקַזֵּז אֶת הַמַּס הַחֹדֶשׁ.	hу меказéз эт hа-мас hа-хóдеш.	Он делает взаимозачёт налога в этом месяце.	Глаголы	לְקַזֵּז
412	FEMALE	Нейтральные / Безличные	s_d7057150a142.mp3	קִזַּזְתִּי מַס תְּשׂוּמוֹת כָּרָאוּי.	кизáзти мас тсумóт ка-раӯ́й.	Я зачел входящий НДС как положено.	Глаголы	לְקַזֵּז
413	FEMALE	Нейтральные / Безличные	s_db17447e76b6.mp3	הַמַּעֲסִיק מְנַכֶּה מַס מֵהַשָּׂכָר.	hа-маасӣ́к менакé мас ме-hа-сахáр.	Работодатель удерживает налог из зарплаты.	Глаголы	לְנַכּוֹת
414	FEMALE	Нейтральные / Безличные	s_28d807f97918.mp3	נִכֵּיתִי מַס בַּמָּקוֹר כַּחֹק.	никéйти мас ба-макóр ка-хок.	Я удержал налог у источника по закону.	Глаголы	לְנַכּוֹת
415	FEMALE	Нейтральные / Безличные	s_edcb44aa2fb7.mp3	הָעֵסֶק גּוֹבֶה תַּשְׁלוּם מֵהַלָּקוֹחַ.	hа-э́сек говé ташлӯ́м ме-hа-лакóах.	Бизнес взимает платёж с клиента.	Глаголы	לִגְבּוֹת
416	FEMALE	Нейтральные / Безличные	s_882d68ecd57c.mp3	גָּבִיתִי אֶת כָּל הַחוֹבוֹת.	гавӣ́ти эт коль hа-ховóт.	Я собрал все задолженности.	Глаголы	לִגְבּוֹת
417	FEMALE	Нейтральные / Безличные	s_b3c57242fb00.mp3	רוֹאֵה חֶשְׁבּוֹן מְאַזֵּן מַאֲזָן.	роэ́ хешбóн меазéн маазáн.	Бухгалтер сводит баланс.	Глаголы	לְאַזֵּן
418	FEMALE	Нейтральные / Безличные	s_5122538d814e.mp3	אִזַּנְתִּי אֶת הַתַּקְצִיב שֶׁל הַחֶבְרָה.	изáнти эт hа-такцӣ́в шель hа-хеврá.	Я сбалансировал бюджет компании.	Глаголы	לְאַזֵּן
419	MALE	3-е лицо м.р. (הוא / דוד)	s_14058c4804a7.mp3	הוּא מַפְקִיד כֶּסֶף בַּבַּנְק כָּעֵת.	hу мафкӣ́д кéсеф ба-банк ка-э́т.	Он вносит деньги в банк сейчас.	Глаголы	לְהַפְקִיד
420	FEMALE	Нейтральные / Безличные	s_ac437633ba25.mp3	הִפְקַדְתִּי אֶת הַצֵּ׳ק בַּחֶשְׁבּוֹן.	hифкáдти эт hа-чек ба-хешбóн.	Я положил чек на счёт.	Глаголы	לְהַפְקִיד
421	MALE	3-е лицо м.р. (הוא / דוד)	s_85ac96a6c330.mp3	הוּא מוֹשֵׁךְ כֶּסֶף מֵהַכַּסְפּוֹמָט.	hу мошéх кéсеф ме-hа-каспомáт.	Он снимает деньги из банкомата.	Глаголы	לִמְשֹׁךְ
422	FEMALE	Нейтральные / Безличные	s_225df510c112.mp3	מָשַׁכְתִּי מָאתַיִם שְׁקָלִים בַּבֹּקֶר.	машáхти маатáим шкалӣ́м ба-бóкер.	Я снял двести шекелей утром.	Глаголы	לִמְשֹׁךְ
423	MALE	3-е лицо м.р. (הוא / דוד)	s_97ac2ad5c2dc.mp3	הוּא מַעֲבִיר כֶּסֶף לַסַּפָּק.	hу маавӣ́р кéсеф ла-сапáк.	Он переводит деньги поставщику.	Глаголы	לְהַעֲבִיר
424	FEMALE	Нейтральные / Безличные	s_247aeca979fd.mp3	הֶעֱבַרְתִּי אֶת הַתַּשְׁלוּם בְּאַפְּלִיקַצְיָה.	hээвáрти эт hа-ташлӯ́м бэ-апликáция.	Я перевёл платёж в приложении.	Глаголы	לְהַעֲבִיר
425	MALE	3-е лицо м.р. (הוא / דוד)	s_3f7e6b894048.mp3	הוּא מְנַהֵל סִפְרֵי חֶשְׁבּוֹנוֹת.	hу менаhéль сифрéй хешбонóт.	Он ведёт бухгалтерские книги.	Глаголы	לְנַהֵל
426	FEMALE	Нейтральные / Безличные	s_33275c7269a2.mp3	נִהַלְתִּי אֶת תַּקְצִיב הַפְּרוֹיֶקְט.	ниháльти эт такцӣ́в hа-проéкт.	Я управлял бюджетом проекта.	Глаголы	לְנַהֵל
427	MALE	3-е лицо м.р. (הוא / דוד)	s_3f49588ec823.mp3	הוּא עוֹקֵב אַחַר כָּל הוֹצָאָה.	hу окéв áхар коль hоцаá.	Он отслеживает каждый расход.	Глаголы	לַעֲקֹב
428	FEMALE	Нейтральные / Безличные	s_371bce283644.mp3	עָקַבְתִּי אַחֲרֵי תְּנוּעוֹת הַחֶשְׁבּוֹן.	акáвти ахарéй тнуóт hа-хешбóн.	Я отследил движения по счёту.	Глаголы	לַעֲקֹב
429	MALE	3-е лицо м.р. (הוא / דוד)	s_b93267e63ddb.mp3	הוּא פּוֹרֵס לְתַשְׁלוּמִים שְׁוִוים.	hу порéс ле-ташлумӣ́м шавӣ́м.	Он разбивает на равные платежи.	Глаголы	לִפְרֹס
430	FEMALE	Нейтральные / Безличные	s_1eb04f1c0852.mp3	פָּרַסְתִּי אֶת הַתַּשְׁלוּם לִשְׁלוֹשָׁה.	парáсти эт hа-ташлӯ́м ли-шлошá.	Я разбил платёж на три части.	Глаголы	לִפְרֹס
431	MALE	3-е лицо м.р. (הוא / דוד)	s_3e7a7fb53213.mp3	הוּא מְבַטֵּל חֶשְׁבּוֹנִית שְׁגוּיָה כָּעֵת.	hу меватéль хешбонӣ́т шгуйá ка-э́т.	Он аннулирует ошибочный счёт сейчас.	Глаголы	לְבַטֵּל
432	FEMALE	Нейтральные / Безличные	s_a4d0f1cb0b75.mp3	בִּטַּלְתִּי אֶת הַהוֹרָאָה בַּבַּנְק.	битáльти эт hа-hораá ба-банк.	Я отменил распоряжение в банке.	Глаголы	לְבַטֵּל
433	FEMALE	Нейтральные / Безличные	s_fd107bcec86f.mp3	הַמַּעֲסִיק מַפְרִישׁ לְקֶרֶן פֶּנְסְיָה.	hа-маасӣ́к мафрӣ́ш ле-кéрен пéнсия.	Работодатель отчисляет в пенсионный фонд.	Глаголы	לְהַפְרִישׁ
434	FEMALE	Нейтральные / Безличные	s_87c96065402e.mp3	הִפְרַשְׁנוּ אֶת הַכְּסָפִים כַּחֹק.	hифрáшну эт hа-ксафӣ́м ка-хок.	Мы перечислили отчисления по закону.	Глаголы	לְהַפְרִישׁ
435	MALE	3-е лицо м.р. (הוא / דוד)	s_33aa4f056c4a.mp3	הוּא מַפְחִית אֶת עֵרֶךְ הַצִיּוּד.	hу мафхӣ́т эт э́рех hа-цийӯ́д.	Он уменьшает стоимость оборудования.	Глаголы	לְהַפְחִית
436	FEMALE	Нейтральные / Безличные	s_7408c93b49ae.mp3	הִפְחַתְתִּי עֲלוּיוֹת בְּעֵסֶק הַשָּׁנָה.	hифхáтти алуйóт бэ-э́сек hа-шанá.	Я сократил расходы в бизнесе в этом году.	Глаголы	לְהַפְחִית
437	MALE	3-е лицо м.р. (הוא / דוד)	s_cf098f0564bb.mp3	הוּא מַגִּישׁ דּוּ״חַ לְמַס הַכְנָסָה.	hу магӣ́ш дӯ́ах ле-мас hахнасá.	Он подаёт отчёт в налоговую.	Глаголы	לְהַגִּישׁ
438	FEMALE	Нейтральные / Безличные	s_34297fbac9d2.mp3	הִגַּשְׁתִּי אֶת הַדּוּ״חַ בַּזְּמַן.	hигáшти эт hа-дӯ́ах ба-змáн.	Я подал отчёт вовремя.	Глаголы	לְהַגִּישׁ
439	MALE	3-е лицо м.р. (הוא / דוד)	s_0943c2cb37d4.mp3	הוּא מַסְדִּיר אֶת הַתַּשְׁלוּם הַיּוֹם.	hу масдӣ́р эт hа-ташлӯ́м hайóм.	Он урегулирует платёж сегодня.	Глаголы	לְהַסְדִּיר
440	FEMALE	Нейтральные / Безличные	s_0a3b856ec7c6.mp3	הִסְדַּרְתִּי אֶת הַחוֹב בָּרָשׁוּת.	hисдáрти эт hа-хов ба-рашӯ́т.	Я урегулировал долг в ведомстве.	Глаголы	לְהַסְדִּיר
441	FEMALE	Нейтральные / Безличные	s_0963212a6f6d.mp3	הַמְּכוֹנַאי מְפָרֵק אֶת הַגַּלְגַּל.	hа-мехонáй мефарéк эт hа-гальгáль.	Механик разбирает колесо.	Глаголы	לְפָרֵק
442	FEMALE	Нейтральные / Безличные	s_d8f05b364dda.mp3	פֵּרַקְתִּי אֶת הַמָּנוֹעַ הַיָּשָׁן.	перáкти эт hа-манóах hа-яшáн.	Я разобрал старый мотор.	Глаголы	לְפָרֵק
443	FEMALE	Нейтральные / Безличные	s_937731a7f3e3.mp3	הַנַּהָג בּוֹלֵם בִּמְהִירוּת רַבָּה.	hа-наháг болéм би-мhирӯ́т рабá.	Водитель резко тормозит.	Глаголы	לִבְלֹם
444	FEMALE	Нейтральные / Безличные	s_72cca5d2f6f0.mp3	בָּלַמְתִּי לִפְנֵי מַעֲבַר חֲצִיָּה.	балáмти лифнéй маавáр хацийá.	Я затормозил перед переходом.	Глаголы	לִבְלֹם
445	MALE	3-е лицо м.р. (הוא / דוד)	s_17f2e3a3a7b0.mp3	הוּא מֵנִיעַ אֶת הָרֶכֶב בַּבֹּקֶר.	hу менӣ́а эт hа-рéхев ба-бóкер.	Он заводит машину утром.	Глаголы	לְהָנִיעַ
446	FEMALE	Нейтральные / Безличные	s_832327d61460.mp3	הֵנַעְתִּי אֶת הַמָּנוֹעַ בְּקַלּוּת.	hенáъти эт hа-манóах бэ-калӯ́т.	Я завёл двигатель легко.	Глаголы	לְהָנִיעַ
447	FEMALE	Нейтральные / Безличные	s_df0b503e0d1e.mp3	הַגַּרְרָן גּוֹרֵר אֶת הַמְּכוֹנִית.	hа-гаррáн горéр эт hа-мехонӣ́т.	Эвакуатор буксирует автомобиль.	Глаголы	לִגְרֹר
448	FEMALE	Нейтральные / Безличные	s_63ad8b3b87b7.mp3	גָּרַרְנוּ אֶת הָרֶכֶב לַמּוּסָךְ.	гарáрну эт hа-рéхев ла-мусáх.	Мы отбуксировали машину в гараж.	Глаголы	לִגְרֹר
449	MALE	3-е лицо м.р. (הוא / דוד)	s_b424d8ce1825.mp3	הוּא מְשַׁמֵּן אֶת הַחֲלָקִים.	hу мешамéн эт hа-халакӣ́м.	Он смазывает детали.	Глаголы	לְשַׁמֵּן
450	FEMALE	Нейтральные / Безличные	s_977c26e31da0.mp3	שִׁמַּנְתִּי אֶת הַשַּׁרְשֶׁרֶת בְּשֶׁמֶן.	шимáнти эт hа-шаршéрет бэ-шéмен.	Я смазал цепь маслом.	Глаголы	לְשַׁמֵּן
451	MALE	3-е лицо м.р. (הוא / דוד)	s_2b10c10ef44d.mp3	הוּא מְכַוֵּן פָּרָמֶטְרִים בַּמַּחְשֵׁב.	hу мехавéн парамéтрим ба-махшéв.	Он настраивает параметры в компьютере.	Глаголы	לְכַוֵּן
452	FEMALE	Нейтральные / Безличные	s_2faf19a570d7.mp3	כִּוַּנְתִּי אֶת הַפָּנִים הַקִּדְמִיּוֹת.	кивáнти эт hа-панӣ́м hа-кидмийóт.	Я отрегулировал передние фары.	Глаголы	לְכַוֵּן
453	MALE	3-е лицо м.р. (הוא / דוד)	s_6eac59238ea1.mp3	הוּא מְנַקֵּז אֶת שֶׁמֶן הַבְּלָמִים.	hу менакéз эт шéмен hа-бламӣ́м.	Он сливает тормозную жидкость.	Глаголы	לְנַקֵּז
454	FEMALE	Нейтральные / Безличные	s_c8b05b7740ea.mp3	נִקַּזְתִּי אֶת הַמַּיִם מֵהָרַדְיָטוֹר.	никáзти эт hа-мáйим ме-hа-радьятóр.	Я слил воду из радиатора.	Глаголы	לְנַקֵּז
455	MALE	3-е лицо м.р. (הוא / דוד)	s_c4acec8ed2d3.mp3	הוּא מְמַלֵּא דֶּלֶק בַּתַּחֲנָה.	hу немалé дéлек ба-таханá.	Он заливает бензин на заправке.	Глаголы	לְמַלֵּא
456	FEMALE	Нейтральные / Безличные	s_fcf96c699281.mp3	מִלֵּאתִי אֶת הַמְּכָל בְּשֶׁמֶן.	милéти эт hа-мехáль бэ-шéмен.	Я наполнил бачок маслом.	Глаголы	לְמַלֵּא
457	FEMALE	Нейтральные / Безличные	s_969e2e4c4aa7.mp3	הָרֶכֶב מַחְלִיק עַל כְּבִישׁ רָטֹב.	hа-рéхев махлӣ́к аль квӣ́ш ратóв.	Машина скользит по мокрой дороге.	Глаголы	לְהַחְלִיק
458	FEMALE	Нейтральные / Безличные	s_1aae3212726c.mp3	הָאוֹטוֹ הֶחְלִיק בַּסִּבּוּב הַמְּסוּכָּן.	hа-óто hэхлӣ́к ба-сибӯ́в hа-месукáн.	Автомобиль занесло на опасном повороте.	Глаголы	לְהַחְלִיק
459	MALE	3-е лицо м.р. (הוא / דוד)	s_c1ba8e18510f.mp3	הוּא מַטְעִין אֶת הַמַּצְבֵּר.	hу матъӣ́н эт hа-мацбéр.	Он заряжает аккумулятор.	Глаголы	לְהַטְעִין
460	FEMALE	Нейтральные / Безличные	s_8c36575c3eba.mp3	הִטְעַנְתִּי אֶת הַבָּטֶרְיָה כָּל הַלַּיְלָה.	hитъáнти эт hа-батéрья коль hа-лáйла.	Я заряжал батарею всю ночь.	Глаголы	לְהַטְעִין
461	MALE	3-е лицо м.р. (הוא / דוד)	s_8266cbfaf881.mp3	הוּא מְחַבֵּר אֶת הַכְּבָלִים.	hу мехабéр эт hа-квалӣ́м.	Он подключает провода.	Глаголы	לְחַבֵּר
462	FEMALE	Нейтральные / Безличные	s_2635d1fbc67d.mp3	חִבַּרְתִּי אֶת הַסּוֹרֵק לָרֶכֶב.	хибáрти эт hа-сорéк ла-рéхев.	Я подключил сканер к машине.	Глаголы	לְחַבֵּר
463	MALE	3-е лицо м.р. (הוא / דוד)	s_248d8c07d750.mp3	הוּא מְנַתֵּק אֶת הַזֶּרֶם.	hу менатéк эт hа-зéрем.	Он отключает ток.	Глаголы	לְנַתֵּק
464	FEMALE	Нейтральные / Безличные	s_69690a234493.mp3	נִתַּקְתִּי אֶת הַמַּצְבֵּר לִפְנֵי הַתִּקּוּן.	нитáкти эт hа-мацбéр лифнéй hа-тикӯ́н.	Я отключил аккумулятор перед ремонтом.	Глаголы	לְנַתֵּק
465	MALE	3-е лицо м.р. (הוא / דוד)	s_f1f84c39a032.mp3	הוּא מַהְדֵּק אֶת הַבְּרָגִים.	hу маhдéк эт hа-брагӣ́м.	Он затягивает винты.	Глаголы	לְהַדֵּק
466	FEMALE	Нейтральные / Безличные	s_30534da555ab.mp3	הִדַּקְתִּי הֵיטֵב בְּמַפְתֵּחַ בְּרָגִים.	hидáкти hейтéв бэ-мафтéах брагӣ́м.	Я крепко затянул гаечным ключом.	Глаголы	לְהַדֵּק
467	FEMALE	Нейтральные / Безличные	s_ca6013b1e887.mp3	הַמָּנוֹעַ מִתְחַמֵּם בַּפְּקָקִים הַיּוֹם.	hа-манóах митхамéм ба-пкакӣ́м hайóм.	Двигатель перегревается в пробках сегодня.	Глаголы	לְהִתְחַמֵּם
468	FEMALE	Нейтральные / Безличные	s_c3c759403fbe.mp3	הָרֶכֶב הִתְחַמֵּם בָּעֲלִיָּה לִירוּשָׁלַיִם.	hа-рéхев hитхамéм ба-алийá ли-рушалáим.	Машина нагрелась на подъёме в Иерусалим.	Глаголы	לְהִתְחַמֵּם
469	FEMALE	Нейтральные / Безличные	s_e1f2df7a8192.mp3	שֶׁמֶן דּוֹלֵף מֵהַמָּנוֹעַ כָּעֵת.	шéмен долéф ме-hа-манóах ка-э́т.	Масло подтекает из двигателя сейчас.	Глаголы	לִדְלֹף
470	FEMALE	Нейтральные / Безличные	s_b5fef3e20f70.mp3	דֶּלֶק דָּלַף מֵהַצִּנּוֹר אֶתְמוֹל.	дéлек далáф ме-hа-цинóр этмóль.	Бензин капал из трубки вчера.	Глаголы	לִדְלֹף
471	MALE	3-е лицо м.р. (הוא / דוד)	s_d09c46330bcb.mp3	הוּא פּוֹנֶה יָמִינָה בָּרַמְזוֹר.	hу понé ямӣ́на ба-рамзóр.	Он поворачивает направо на светофоре.	Глаголы	לִפְנוֹת
472	FEMALE	Нейтральные / Безличные	s_c30713f12395.mp3	פָּנִיתִי שְׂמֹאלָה בַּכִּכָּר הַיּוֹם.	панӣ́ти смóла ба-кикáр hайóм.	Я повернул налево на кругу сегодня.	Глаголы	לִפְנוֹת
473	MALE	3-е лицо м.р. (הוא / דוד)	s_131ffe8c27b7.mp3	הוּא אוֹטֵם אֶת הַחִבּוּר בְּסִילִיקוֹן.	hу отéм эт hа-хибӯ́р бэ-силӣ́кон.	Он герметизирует стык силиконом.	Глаголы	לֶאֱטֹם
474	FEMALE	Нейтральные / Безличные	s_356f7660f68a.mp3	אָטַמְתִּי אֶת הַחַלּוֹן שֶׁל הָרֶכֶב.	атáмти эт hа-халóн шель hа-рéхев.	Я загерметизировал окно машины.	Глаголы	לֶאֱטֹם
475	FEMALE	Нейтральные / Безличные	s_1054a95b2eb1.mp3	הַסַּפְרָן מְקַטְלֵג סְפָרִים חֲדָשִׁים.	hа-сафрáн мекатлéг сфарӣ́м хадашӣ́м.	Библиотекарь каталогизирует новые книги.	Глаголы	לְקַטְלֵג
476	FEMALE	Нейтральные / Безличные	s_0af755e08497.mp3	קִטְלַגְתִּי אֶת הַחוֹבֶרֶת בַּמַּעֲרֶכֶת.	китлáгти эт hа-ховéрет ба-маарéхет.	Я внёс брошюру в систему каталога.	Глаголы	לְקַטְלֵג
477	MALE	3-е лицо м.р. (הוא / דוד)	s_46093e3b888e.mp3	הוּא מְפַתֵּחַ מַפְתֵּחַ עִנְיָנִים.	hу мефатéах мафтéах иньянӣ́м.	Он составляет предметный указатель.	Глаголы	לְפַתֵּחַ
478	FEMALE	Нейтральные / Безличные	s_bc28af7065eb.mp3	פִּתַּחְתִּי אֶת מַאֲגַר הַמֵּידָע.	питáхти эт маагáр hа-мейдá.	Я развил базу данных.	Глаголы	לְפַתֵּחַ
479	FEMALE	3-е лицо ж.р. (היא / שרה)	s_14cbc0514de1.mp3	הִיא מְמַיֶּנֶת סְפָרִים לְפִי נוֹשְׂאִים.	hи мемайéнет сфарӣ́м лефӣ́ носъӣ́м.	Она сортирует книги по темам.	Глаголы	לְמַיֵּן
480	FEMALE	Нейтральные / Безличные	s_ec1bcde3167c.mp3	מִיַּנְתִּי אֶת הַכְּרָכִים עַל הַמַּדָּף.	мийáнти эт hа-крахӣ́м аль hа-мадáф.	Я рассортировал тома на полке.	Глаголы	לְמַיֵּן
481	FEMALE	3-е лицо ж.р. (היא / שרה)	s_b6e874434e73.mp3	הִיא מַשְׁאִילָה סֵפֶר לַקּוֹרֵא.	hи машъилá сéфер ла-корé.	Она выдаёт книгу читателю.	Глаголы	לְהַשְׁאִיל
482	FEMALE	Нейтральные / Безличные	s_56f9aca0429a.mp3	הִשְׁאַלְתִּי מִלּוֹן עָבֶה לְחֹדֶשׁ.	hишъáльти милóн авé ле-хóдеш.	Я выдал толстый словарь на месяц.	Глаголы	לְהַשְׁאִיל
483	MALE	3-е лицо м.р. (הוא / דוד)	s_43526f0504d2.mp3	הוּא מַאֲרִיךְ אֶת הַהַשְׁאָלָה.	hу маарӣ́х эт hа-hашъалá.	Он продлевает выдачу.	Глаголы	לְהַאֲרִיךְ
484	FEMALE	Нейтральные / Безличные	s_082babe10431.mp3	הֶאֱרַכְתִּי אֶת הַזְּמַן בְּשָׁבוּעַ.	hээра́хти эт hа-змáн бэ-шавӯ́а.	Я продлил срок на неделю.	Глаголы	לְהַאֲרִיךְ
485	FEMALE	Нейтральные / Безличные	s_dafaadba37e0.mp3	הַסְְטוּדֶנְט מְעַיֵּן בְּכְּתַב-עֵת.	hа-студéнт меайéн бэ-хтав-э́т.	Студент просматривает журнал.	Глаголы	לְעַיֵּן
486	FEMALE	Нейтральные / Безличные	s_90d0d3b04ccb.mp3	עִיַּנְתִּי בַּמַּסְמָכִים הָעַתִּיקִים.	ийáнти ба-масмахӣ́м hа-атикӣ́м.	Я ознакомился с древними документами.	Глаголы	לְעַיֵּן
487	MALE	3-е лицо м.р. (הוא / דוד)	s_9415bdd375bb.mp3	הוּא מְאַתֵּר אֶת הַסֵּפֶר בַּמַּדָּף.	hу меатéр эт hа-сéфер ба-мадáф.	Он находит книгу на полке.	Глаголы	לְאַתֵּר
488	FEMALE	Нейтральные / Безличные	s_63d013b446d5.mp3	אִתַּרְתִּי אֶת הַכֶּרֶךְ לְפִי הַסִּימוּן.	итáрти эт hа-кéрех лефӣ́ hа-симӯ́н.	Я отыскал том по шифру.	Глаголы	לְאַתֵּר
489	FEMALE	Нейтральные / Безличные	s_e9553cbb16fa.mp3	מְשַׁמְּרִים סְפָרִים בִּתְנָאִים מְיוּחָדִים.	мешамрӣ́м сфарӣ́м би-тнаӣ́м меюхадӣ́м.	Книги сохраняют в особых условиях.	Глаголы	לְשַׁמֵּר
490	FEMALE	Нейтральные / Безличные	s_fd9ee2cb7247.mp3	שִׁמַּרְנוּ אֶת כִּתְבֵי הַיָּד הַנְּדִירִים.	шимáрну эт китвéй hа-яд hа-недирӣ́м.	Мы законсервировали редкие рукописи.	Глаголы	לְשַׁמֵּר
491	MALE	3-е лицо м.р. (הוא / דוד)	s_2e794cda478d.mp3	הוּא מְשַׁקֵּם דַּף קָרוּעַ בִּזְהִירוּת.	hу мешакéм даф карӯ́а бизhирӯ́т.	Он осторожно реставрирует порванную страницу.	Глаголы	לְשַׁקֵּם
492	FEMALE	Нейтральные / Безличные	s_bf622763b620.mp3	שִׁקַּמְתִּי אֶת הַכְּרִיכָה הַבְּלוּיָה.	шикáмти эт hа-крихá hа-блуйá.	Я отреставрировал ветхий переплёт.	Глаголы	לְשַׁקֵּם
493	MALE	3-е лицо м.р. (הוא / דוד)	s_2e908c91bdf4.mp3	הוּא סוֹרֵק תְּמוּנוֹת הִיסְטוֹרִיּוֹת.	hу сорéк тмунóт hисторӣ́ёт.	Он сканирует исторические фотографии.	Глаголы	לִסְרֹק
494	FEMALE	Нейтральные / Безличные	s_13588be93fed.mp3	סָרַקְתִּי אֶת כָּל הַחוֹזֶה.	сарáкти эт коль hа-хозé.	Я отсканировал весь договор.	Глаголы	לִסְרֹק
495	FEMALE	Нейтральные / Безличные	s_844426af460d.mp3	מְדַגְטְלִים אֶת כָּל הָאַרְכִיּוֹן.	медагтлӣ́м эт коль hа-архиóн.	Оцифровывают весь архив.	Глаголы	לְדַגְטֵל
496	FEMALE	Нейтральные / Безличные	s_7956f304e589.mp3	דִּגְטַלְנוּ אֶת הָעִתּוֹנִים הַיְּשָׁנִים.	дигтáльну эт hа-итонӣ́м hа-ешанӣ́м.	Мы оцифровали старые газеты.	Глаголы	לְדַגְטֵל
497	MALE	3-е лицо м.р. (הוא / דוד)	s_8fd4c41d8d10.mp3	הוּא גּוֹנֵז מִסְמָכִים בְּאַכְסַנְיָה.	hу гонéз мисмахӣ́м бэ-ахсаньйá.	Он архивирует документы в хранилище.	Глаголы	לִגְנֹז
498	FEMALE	Нейтральные / Безличные	s_6971af88036a.mp3	גָּנַזְנוּ אֶת הַתִּיק הַהִיסְטוֹרִי.	ганáзну эт hа-тик hа-hисторӣ́.	Мы сдали в спецхран историческое дело.	Глаголы	לִגְנֹז
499	MALE	3-е лицо м.р. (הוא / דוד)	s_f85ac7f996ef.mp3	הוּא כּוֹרֵךְ סֵפֶר בִּכְרִיכָה קָשָׁה.	hу корéх сéфер би-хрихá кашá.	Он переплетает книгу в твёрдый переплёт.	Глаголы	לִכְרֹך
500	FEMALE	Нейтральные / Безличные	s_daa7e5fcca85.mp3	כָּרַכְתִּי אֶת חוֹבְרוֹת הַלִּמּוּד.	карáхти эт ховрóт hа-лимӯ́д.	Я переплёл учебные тетради.	Глаголы	לִכְרֹךְ
501	MALE	3-е лицо м.р. (הוא / דוד)	s_35b9a809898b.mp3	הוּא מְתַעֵד כָּל תְּנוּעָה בָּאוֹסֶף.	hу метаэ́д коль тнуá ба-óсеф.	Он документирует каждое перемещение в фонде.	Глаголы	לְתַעֵד
502	FEMALE	Нейтральные / Безличные	s_2f8b25d0dae9.mp3	תִּעַדְתִּי אֶת הַתַּהֲלִיךְ כּוּלּוֹ בַּדּוּ״חַ.	тиáдти эт hа-таhалӣ́х кулó ба-дӯ́ах.	Я задокументировал весь процесс в отчёте.	Глаголы	לְתַעֵד
503	MALE	3-е лицо м.р. (הוא / דוד)	s_5f471f6302dc.mp3	הוּא שׁוֹלֵף תִּיק מֵהַמַּחְשֵׁב.	hу шолéф тик ме-hа-махшéв.	Он извлекает дело из компьютера.	Глаголы	לִשְׁלֹף
504	FEMALE	Нейтральные / Безличные	s_ba39fb30ff24.mp3	שָׁלַפְתִּי אֶת הַכַּרְטִיס מֵהַמְּגֵרָה.	шалáфти эт hа-картӣ́с ме-hа-мегерá.	Я достал карточку из ящика.	Глаголы	לִשְׁלֹף
505	MALE	3-е лицо м.р. (הוא / דוד)	s_bc5d8f95a363.mp3	הוּא מְסַוֵּג אֶת הַחוֹמֶר.	hу месавéг эт hа-хóмер.	Он классифицирует материал.	Глаголы	לְסַוֵּג
506	FEMALE	Нейтральные / Безличные	s_b8e8500d0d50.mp3	סִוַּגְנוּ אֶת הַמִּסְמָכִים הַסּוֹדִיִּים.	сивáгну эт hа-мисмахӣ́м hа-содийӣ́м.	Мы классифицировали секретные документы.	Глаголы	לְסַוֵּג
507	MALE	3-е лицо м.р. (הוא / דוד)	s_7da8b8f873e9.mp3	הוּא מַנְפִּיק כַּרְטִיס קוֹרֵא לַתַּלְמִיד.	hу манпӣ́к картӣ́с корé ла-тальмӣ́д.	Он оформляет читательский билет ученику.	Глаголы	לְהַנְפִּיק
508	FEMALE	Нейтральные / Безличные	s_ea2e16882a3b.mp3	הִנְפַּקְתִּי אֶת הַתְּעוּדָה בָּרֶגַע.	hинпáкти эт hа-теудá ба-рéга.	Я оформил удостоверение вмиг.	Глаголы	לְהַנְפִּיק
509	FEMALE	Нейтральные / Безличные	s_fd5007d5f596.mp3	הַסַּפְרָן גּוֹרֵעַ סְפָרִים מֵהַמְּלַאי.	hа-сафрáн горéа сфарӣ́м ме-hа-млай.	Библиотекарь списывает книги из инвентаря.	Глаголы	לִגְרֹעַ
510	FEMALE	Нейтральные / Безличные	s_7af6966c9775.mp3	גָּרַעְתִּי אֶת הַכְּרָכִים הַבְּלוּיִים.	гарáъти эт hа-крахӣ́м hа-блуйӣ́м.	Я списал обветшалые тома.	Глаголы	לִגְרֹעַ
511	FEMALE	Нейтральные / Безличные	s_2fe7e64cb329.mp3	מְבַעֲרִים דַּפִּים מְיוּתָּרִים בִּמְגְרָסָה.	меваарӣ́м дапӣ́м меютарӣ́м би-мграсá.	Утилизируют лишние листы в шредере.	Глаголы	לְבַעֵר
512	FEMALE	Нейтральные / Безличные	s_b04b150d69f9.mp3	בִּעַרְנוּ אֶת הָאַרְכִיּוֹן הַיָּשָׁן.	биáрну эт hа-архиóн hа-яшáн.	Мы утилизировали старый архив.	Глаголы	לְבַעֵר
513	MALE	3-е лицо м.р. (הוא / דוד)	s_b4a9b2e97f26.mp3	הוּא מַדְפִּיס דַּף בַּמַּדְפֶּסֶת.	hу мадпӣ́с даф ба-мадпéсет.	Он распечатывает лист на принтере.	Глаголы	לְהַדְפִּיס
514	FEMALE	Нейтральные / Безличные	s_e9578b2616b3.mp3	הִדְפַּסְתִּי אֶת הַטּוֹפֶס לַבַּקָּשָׁה.	hидпáсти эт hа-тóфес ла-бакашá.	Я распечатал бланк для заявления.	Глаголы	לְהַדְפִּיס
515	MALE	3-е лицо м.р. (הוא / דוד)	s_4960a3138199.mp3	הוּא מַקְצִיף אֶת כָּל הָרֶכֶב.	hу макцӣ́ф эт коль hа-рéхев.	Он покрывает пеной всю машину.	Глаголы	לְהַקְצִיף
516	FEMALE	Нейтральные / Безличные	s_6114995e136a.mp3	הִקְצַפְתִּי הֵיטֵב בְּקֶצֶף פָּעִיל.	hикцáфти hейтéв бэ-кéцеф паӣ́ль.	Я хорошо нанёс активную пену.	Глаголы	לְהַקְצִיף
517	MALE	3-е лицо м.р. (הוא / דוד)	s_b57d3738b79a.mp3	הוּא מְנַגֵּב חַלּוֹנוֹת בְּמַטְלִית.	hу менагéв халонóт бэ-матлӣ́т.	Он вытирает стёкла салфеткой.	Глаголы	לְנַגֵּב
518	FEMALE	Нейтральные / Безличные	s_870ca38054de.mp3	נִגַּבְתִּי אֶת הַגַּג עַד יֹבֶשׁ.	нигáвти эт hа-гаг ад йóвеш.	Я насухо вытер крышу.	Глаголы	לְנַגֵּב
519	MALE	3-е лицо м.р. (הוא / דוד)	s_5a4aecbd730b.mp3	הוּא שׁוֹאֵב אֶת הַשָּׁטִיחַ בָּרֶכֶב.	hу шоэ́в эт hа-шатӣ́ах ба-рéхев.	Он пылесосит коврик в машине.	Глаголы	לִשְׁאֹב
520	FEMALE	Нейтральные / Безличные	s_c95a23399b96.mp3	שָׁאַבְתִּי אֶת תָּא הַמִּטְעָן הַיּוֹם.	шаáвти эт та hа-митъáн hайóм.	Я пропылесосил багажник сегодня.	Глаголы	לִשְׁאֹב
521	MALE	3-е лицо м.р. (הוא / דוד)	s_669f15601640.mp3	הוּא מַבְרִיק אֶת הָרֶכֶב.	hу маврӣ́к эт hа-рéхев.	Он начищает до блеска машину.	Глаголы	לְהַבְרִיק
522	FEMALE	Нейтральные / Безличные	s_6e8942676439.mp3	הִבְרַקְתִּי אֶת הַשִּׁמְשָׁה לְגַמְרֵי.	hиврáкти эт hа-шимшá легамрéй.	Я до блеска отполировал лобовое стекло.	Глаголы	לְהַבְרִיק
523	MALE	3-е лицо м.р. (הוא / דוד)	s_1c254411d34a.mp3	הוּא מוֹרֵחַ וַקְס עַל הַמִּכְסֶה.	hу морéах вакс аль hа-михсé.	Он наносит воск на капот.	Глаголы	לִמְרֹחַ
524	FEMALE	Нейтральные / Безличные	s_cac8ab2f1e5d.mp3	מָרַחְתִּי שִׁכְבָה שֶׁל חוֹמֶר מָגֵן.	марáхти шихвá шель хóмер магéн.	Я нанёс слой защитного средства.	Глаголы	לִמְרֹחַ
525	MALE	3-е лицо м.р. (הוא / דוד)	s_9cf00fdff86f.mp3	הוּא מְיַבֵּשׁ אֶת הָרֶכֶב בַּאֲוִויר.	hу меябéш эт hа-рéхев ба-авӣ́р.	Он сушит машину воздухом.	Глаголы	לְיַבֵּשׁ
526	FEMALE	Нейтральные / Безличные	s_da9142bea5cb.mp3	יִבַּשְׁתִּי אֶת הַדְּלָתוֹת מִטִּפּוֹת מַיִם.	йибáшти эт hа-длатóт ми-типóт мáйим.	Я высушил двери от капель воды.	Глаголы	לְיַבֵּשׁ
527	MALE	3-е лицо м.р. (הוא / דוד)	s_58f47cb66c3f.mp3	הוּא מְרַסֵּס חוֹמֶר עַל הַגַּלְגַּלִּים.	hу мерасéс хóмер аль hа-гальгальӣ́м.	Он распыляет средство на колёса.	Глаголы	לְרַסֵּס
528	FEMALE	Нейтральные / Безличные	s_cb5cb64a33d3.mp3	רִסַּסְתִּי תַּרְסִיס נֶגֶד כְּתָמִים.	рисáсти тарсӣ́с нéгед ктамӣ́м.	Я побрызгал спреем от пятен.	Глаголы	לְרַסֵּס
529	MALE	3-е лицо м.р. (הוא / דוד)	s_e4d571df2a3b.mp3	הוּא מְקַרְצֵף אֶת הַלִּכְלוּךְ בְּמִבְרֶשֶׁת.	hу мекарцéф эт hа-лихлӯ́х бэ-миврéшет.	Он оттирает грязь щёткой.	Глаголы	לְקַרְצֵף
530	FEMALE	Нейтральные / Безличные	s_dd78669b0e52.mp3	קִרְצַפְתִּי אֶת הַחִשּׁוּקִים הֵיטֵב.	кирцáфти эт hа-хишукӣ́м hейтéв.	Я тщательно отдраил диски.	Глаголы	לְקַרְצֵף
531	MALE	3-е лицо м.р. (הוא / דוד)	s_4790bf491cd3.mp3	הוּא מַתִּיז מַיִם בְּלַחַץ גָּבוֹהַּ.	hу матӣ́з мáйим бэ-лáхац гавóах.	Он подаёт струю воды под высоким давлением.	Глаголы	לְהַתִּיז
532	FEMALE	Нейтральные / Безличные	s_50a86aa95701.mp3	הִתַּזְתִּי זֶרֶם מַיִם עַל הַבּוֹץ.	hитáзти зéрем мáйим аль hа-боц.	Я направил струю воды на грязь.	Глаголы	לְהַתִּיז
533	MALE	3-е лицо м.р. (הוא / דוד)	s_d6ed26b6d80c.mp3	הוּא מֵסִיר כְּתָמִים קָשִׁים מֵהָרִפּוּד.	hу месӣ́р ктамӣ́м кашӣ́м ме-hа-рипӯ́д.	Он выводит трудновыводимые пятна с обивки.	Глаголы	לְהָסִיר
534	FEMALE	Нейтральные / Безличные	s_0d05e0a56c82.mp3	הֵסַרְתִּי אֶת הַדֶּבֶק מֵהַחַלּוֹן.	hесáрти эт hа-дéвек ме-hа-халóн.	Я удалил клей со стекла.	Глаголы	לְהָסִיר
535	MALE	3-е лицо м.р. (הוא / דוד)	s_3cffda42ff4b.mp3	הוּא מַשְׁחִיר אֶת הַצְּמִיגִים בְּחוֹמֶר.	hу машхӣ́р эт hа-цмигӣ́м бэ-хóмер.	Он чернит покрышки средством.	Глаголы	לְהַשְׁחִיר
536	FEMALE	Нейтральные / Безличные	s_2b0730118c00.mp3	הִשְׁחַרְתִּי אֶת אַרְבַּעַת הַצְּמִיגִים.	hишхáрти эт арбáат hа-цмигӣ́м.	Я почернил все четыре колеса.	Глаголы	לְהַשְׁחִיר
537	MALE	3-е лицо м.р. (הוא / דוד)	s_c4418d92320e.mp3	הוּא מְבַשֵּׂם אֶת פְּנִים הָרֶכֶב.	hу мевасéм эт пним hа-рéхев.	Он ароматизирует салон автомобиля.	Глаголы	לְבַשֵּׂם
538	FEMALE	Нейтральные / Безличные	s_7ea0263f0ef6.mp3	בִּשַּׂמְתִּי בְּרֵיחַ וָנִיל נָעִים.	бисáмти бэ-рéах ванӣ́ль наӣ́м.	Я освежил салон приятным запахом ванили.	Глаголы	לְבַשֵּׂם
539	MALE	3-е лицо м.р. (הוא / דוד)	s_19bf715c5a45.mp3	הוּא מְרוֹקֵן אֶת פַּח הָאַשְׁפָּה.	hу мерокéн эт пах hа-ашпá.	Он опустошает мусорное ведро.	Глаголы	לְרוֹקֵן
540	FEMALE	Нейтральные / Безличные	s_92aabd71ae64.mp3	רוֹקַנְתִּי אֶת הַמַּאֲפֵרָה מֵאֵפֶר.	рокáнти эт hа-мааферá ме-э́фер.	Я вытряхнул пепельницу от пепла.	Глаголы	לְרוֹקֵן
541	MALE	3-е лицо м.р. (הוא / דוד)	s_a509fa07b5a9.mp3	הוּא מְנַעֵר אֶת שַׁטִיחֵי הָרֶכֶב.	hу менаэ́р эт шатихéй hа-рéхев.	Он встряхивает коврики машины.	Глаголы	לְנַעֵר
542	FEMALE	Нейтральные / Безличные	s_2b9b87b60718.mp3	נִעַרְתִּי אֶת הַשָּׁטִיחַ מֵאָבָק.	ниáрти эт hа-шатӣ́ах ме-авáк.	Я выбил коврик от пыли.	Глаголы	לְנַעֵר
543	MALE	3-е лицо м.р. (הוא / דוד)	s_6a67a9909689.mp3	הוּא מַכְנִיס אֶת הָרֶכֶב לַמִּנְהָרָה.	hу махнӣ́с эт hа-рéхев ла-минhарá.	Он заводит машину в туннель мойки.	Глаголы	לְהַכְנִיס
544	FEMALE	Нейтральные / Безличные	s_ad399bd129a0.mp3	הִכְנַסְתִּי אֶת הָאוֹטוֹ לַשְּׁטִיפָה.	hихнáсти эт hа-óто ла-штифá.	Я загнал авто на мойку.	Глаголы	לְהַכְנִיס
545	FEMALE	Нейтральные / Безличные	s_6de678f98357.mp3	הַנַּהָג מְקַפֵּל אֶת הַמַּרְאוֹת.	hа-наháг мекапéль эт hа-марóт.	Водитель складывает зеркала.	Глаголы	לְקַפֵּל
546	FEMALE	Нейтральные / Безличные	s_0d7cbd8ab126.mp3	קִפַּלְתִּי מַרְאָה לִפְנֵי הַשְּׁטִיפָה.	кипáльти маръá лифнéй hа-штифá.	Я сложил зеркало перед мойкой.	Глаголы	לְקַפֵּל
547	MALE	3-е лицо м.р. (הוא / דוד)	s_6e37efe02931.mp3	הוּא מוֹסֵר רֶכֶב נָקִי לַלָּקוֹחַ.	hу мосéр рéхев накӣ́ ла-лакóах.	Он сдаёт чистый автомобиль клиенту.	Глаголы	לִמְסֹר
548	FEMALE	Нейтральные / Безличные	s_bfd3b95c1da2.mp3	מָסַרְתִּי אֶת הַמַּפְתְּחוֹת בְּחִיּוּךְ.	масáрти эт hа-мафтехóт бе-хийӯ́х.	Я отдал ключи с улыбкой.	Глаголы	לִמְסֹר
549	MALE	1-е лицо м.р. (אני רוצה)	s_bfac96acdbdf.mp3	אֲנִי רוֹצֶה לִשְׁתּוֹת קָפֶה.	анӣ роцé лишто́т кафэ́.	Я хочу пить кофе.	Глаголы	לִרְצוֹת
550	FEMALE	Женская форма (адаптация 1/2 л.)	s_bfac96acdbdf_f.mp3	אֲנִי רוֹצָה לִשְׁתּוֹת קָפֶה.	анӣ роца́ лишто́т кафэ́.	Я хочу пить кофе.	Глаголы	לִרְצוֹת
551	MALE	3-е лицо м.р. (הוא / דוד)	s_125e36be0b21.mp3	הוּא שׁוֹתֶה מַיִם קָרִים.	hу шотé мáйим карӣ́м.	Он пьёт холодную воду.	Глаголы	לִשְׁתּוֹת
552	MALE	1-е лицо м.р. (אני רוצה)	s_8488faac758b.mp3	אֲנִי גָּר בְּתֵל אָבִיב.	анӣ гар бе-тель авӣ́в.	Я живу в Тель-Авиве.	Глаголы	לָגוּר
553	FEMALE	Женская форма (адаптация 1/2 л.)	s_8488faac758b_f.mp3	אֲנִי גָּרָה בְּתֵל אָבִיב.	анӣ гара́ бе-тель авӣ́в.	Я живу в Тель-Авиве.	Глаголы	לָגוּר
554	FEMALE	Нейтральные / Безличные	s_319f52857b2c.mp3	הַסֵּפֶר עוֹלֶה עֲשָׂרָה שְׁקָלִים.	hа-сéфер олé асарá шкальӣ́м.	Книга стоит десять шекелей.	Глаголы	לַעֲלוֹת
555	MALE	3-е лицо м.р. (הוא / דוד)	s_2a9576bf778b.mp3	הוּא לוֹמֵד בָּאוּלְפָּן הַיּוֹם.	hу ломéд ба-ульпáн hайóм.	Он учится в ульпане сегодня.	Глаголы	לִלְמֹד
556	MALE	1-е лицо м.р. (אני רוצה)	s_f75458bf4cff.mp3	אֲנִי כּוֹתֵב מִכְתָּב עַכְשָׁיו.	анӣ котéв михтáв ахшáв.	Я пишу письмо сейчас.	Глаголы	לִכְתֹּב
557	FEMALE	Женская форма (адаптация 1/2 л.)	s_f75458bf4cff_f.mp3	אֲנִי כּוֹתֶבֶת מִכְתָּב עַכְשָׁיו.	анӣ коте́вет михтáв ахшáв.	Я пишу письмо сейчас.	Глаголы	לִכְתֹּב
558	FEMALE	3-е лицо ж.р. (היא / שרה)	s_ca673f398719.mp3	הִיא קוֹרֵאת עִתּוֹן בַּבֹּקֶר.	hӣ корэ́т итóн ба-бóкер.	Она читает газету утром.	Глаголы	לִקְרֹא
559	MALE	1-е лицо м.р. (אני רוצה)	s_f76e781914c5.mp3	אֲנִי הוֹלֵךְ לַעֲבוֹדָה הַיּוֹם.	анӣ hолéх ла-аводá hайóм.	Я иду на работу сегодня.	Глаголы	לָלֶכֶת
560	FEMALE	Женская форма (адаптация 1/2 л.)	s_f76e781914c5_f.mp3	אֲנִי הוֹלֶכֶת לַעֲבוֹדָה הַיּוֹם.	анӣ hоле́хет ла-аводá hайóм.	Я иду на работу сегодня.	Глаголы	לָלֶכֶת
561	MALE	3-е лицо м.р. (הוא / דוד)	s_c3edae33d7a8.mp3	הוּא עוֹבֵד בְּמִשְׂרָד גָּדוֹל.	hу овéд бе-мисрáд гадóль.	Он работает в большом офисе.	Глаголы	לַעֲבֹד
562	MALE	1-е лицо м.р. (אני רוצה)	s_1c04ca7037ef.mp3	אֲנִי שׁוֹמֵעַ מוּזִיקָה טוֹבָה.	анӣ шомéа му́зика товá.	Я слушаю хорошую музыку.	Глаголы	לִשְׁמֹעַ
563	FEMALE	Женская форма (адаптация 1/2 л.)	s_1c04ca7037ef_f.mp3	אֲנִי שׁוֹמַעַת מוּזִיקָה טוֹבָה.	анӣ шома́ат му́зика товá.	Я слушаю хорошую музыку.	Глаголы	לִשְׁמֹעַ
564	MALE	3-е лицо м.р. (הוא / דוד)	s_2bc00328324f.mp3	הוּא פּוֹתֵחַ אֶת הַדֶּלֶת.	hу потéах эт hа-дéлет.	Он открывает дверь.	Глаголы	לִפְתֹּחַ
565	FEMALE	3-е лицо ж.р. (היא / שרה)	s_93230b480964.mp3	הִיא סוֹגֶרֶת אֶת הַחַלּוֹן.	hӣ согéрет эт hа-халóн.	Она закрывает окно.	Глаголы	לִסְגֹּר
566	MALE	1-е лицо м.р. (אני רוצה)	s_cc0cfd4ce033.mp3	אֲנִי קָם מוּקְדָּם בַּבֹּקֶר.	анӣ кам мукдáм ба-бóкер.	Я встаю рано утром.	Глаголы	לָקוּם
567	FEMALE	Женская форма (адаптация 1/2 л.)	s_cc0cfd4ce033_f.mp3	אֲנִי קָמָה מוּקְדָּם בַּבֹּקֶר.	анӣ кама́ мукдáм ба-бóкер.	Я встаю рано утром.	Глаголы	לָקוּם
568	FEMALE	Нейтральные / Безличные	s_f4f2c0ae0b65.mp3	כּוֹאֵב לִי הָרֹאשׁ הַיּוֹם.	коэ́в ли hа-рош hа-йом.	У меня сегодня болит голова.	Глаголы	לִכְאֹב
569	FEMALE	Нейтральные / Безличные	s_42af9c237e83.mp3	אַבָּא נָח עַל הַסַּפָּה.	áба нах аль hа-сапá.	Папа отдыхает на диване.	Глаголы	לָנוּחַ
570	MALE	1-е лицо м.р. (אני רוצה)	s_0428b89873f4.mp3	אֲנִי אוֹהֵב קָפֶה חַם.	анӣ́ оhэ́в кафэ́ хам.	Я люблю горячий кофе.	Глаголы	לֶאֱהֹב
571	FEMALE	Женская форма (адаптация 1/2 л.)	s_0428b89873f4_f.mp3	אֲנִי אוֹהֶבֶת קָפֶה חַם.	анӣ́ оhе́вет кафэ́ хам.	Я люблю горячий кофе.	Глаголы	לֶאֱהֹב
572	MALE	3-е лицо м.р. (הוא / דוד)	s_5b67cdc9441a.mp3	הוּא מְנַגֵּן בִּפְסַנְתֵּר מְצוּיָן.	hу менагэ́н би-фсантэ́р мецуя́н.	Он отлично играет на пианино.	Глаголы	לְנַגֵּן
573	MALE	1-е лицо м.р. (אני רוצה)	s_d2fca264cef5.mp3	אֲנִי מְשַׁלֵּם בְּכַרְטִיס אַשְׁרַאי.	анӣ́ мешалэ́м бе-хартӣ́с ашрáй.	Я плачу кредитной картой.	Глаголы	לְשַׁלֵּם
574	MALE	3-е лицо м.р. (הוא / דוד)	s_690331480c5f.mp3	הוּא שׁוֹלֵחַ הוֹדָעָה עַכְשָׁיו.	hу шолéах hодаá ахшáв.	Он отправляет сообщение сейчас.	Глаголы	לִשְׁלֹחַ
575	MALE	3-е лицо м.р. (הוא / דוד)	s_ec10e9951b0b.mp3	הוּא מְקַבֵּל מַתָּנָה יָפָה.	hу мекабэ́ль матанá яфá.	Он получает красивый подарок.	Глаголы	לְקַבֵּל
576	MALE	1-е лицо м.р. (אני רוצה)	s_28c0b79e96eb.mp3	אֲנִי חוֹתֵם עַל הַחוֹזֶה.	анӣ́ хотэ́м аль hа-хозэ́.	Я подписываю договор.	Глаголы	לַחְתֹּם
577	FEMALE	Женская форма (адаптация 1/2 л.)	s_28c0b79e96eb_f.mp3	אֲנִי חוֹתֶמֶת עַל הַחוֹזֶה.	анӣ́ хоте́мет аль hа-хозэ́.	Я подписываю договор.	Глаголы	לַחְתֹּם
578	MALE	3-е лицо м.р. (הוא / דוד)	s_2e9abb0368cf.mp3	הוּא מְבַקֵּשׁ כּוֹס מַיִם.	hу мевакэ́ш кос мáйим.	Он просит стакан воды.	Глаголы	לְבַקֵּשׁ
579	MALE	1-е лицо м.р. (אני רוצה)	s_386b87eda306.mp3	אֲנִי מְטַיֵּל עִם הַכֶּלֶב.	анӣ́ метайéль им hа-кéлев.	Я гуляю с собакой.	Глаголы	לְטַיֵּל
580	FEMALE	Женская форма (адаптация 1/2 л.)	s_386b87eda306_f.mp3	אֲנִי מַטִּילָה עִם הַכֶּלֶב.	анӣ́ метайéль им hа-кéлев.	Я гуляю с собакой.	Глаголы	לְטַיֵּל
581	MALE	3-е лицо м.р. (הוא / דוד)	s_3965ec51d355.mp3	הוּא מְחַפֵּשׂ אֶת הַמַּפְתֵּחַ.	hу мехапэ́с эт hа-мафтéах.	Он ищет ключ.	Глаголы	לְחַפֵּשׂ
582	FEMALE	3-е лицо ж.р. (היא / שרה)	s_f80ab423e8c9.mp3	הַמּוֹרֶה מְלַמֵּד עִבְרִית בָּאוּלְפָּן.	hа-морэ́ меламэ́д иврӣ́т ба-ульпáн.	Учитель преподает иврит в ульпане.	Глаголы	לְלַמֵּד
583	FEMALE	Нейтральные / Безличные	s_1742ea299089.mp3	הַסֶּרֶט מַתְחִיל עַכְשָׁיו בַּקּוֹלְנוֹעַ.	hа-сéрет матхӣ́ль ахшáв ба-кольнóа.	Фильм начинается сейчас в кинотеатре.	Глаголы	לְהַתְחִיל
584	MALE	3-е лицо м.р. (הוא / דוד)	s_f64c9c8c110f.mp3	הוּא מַזְמִין מָקוֹם בַּמִּסְעָדָה.	hу мазмӣ́н макóм ба-мисадá.	Он заказывает место в ресторане.	Глаголы	לְהַזְמִין
585	MALE	1-е лицо м.р. (אני רוצה)	s_45429c606b28.mp3	אֲנִי מַרְגִּישׁ מְצוּיָן הַיּוֹם.	анӣ́ маргӣ́ш мецуя́н hа-йом.	Я чувствую себя отлично сегодня.	Глаголы	לְהַרְגִּישׁ
586	FEMALE	Женская форма (адаптация 1/2 л.)	s_45429c606b28_f.mp3	אֲנִי מַרְגִּישָׁה מְצוּיָן הַיּוֹם.	анӣ́ маргиша́ мецуя́н hа-йом.	Я чувствую себя отлично сегодня.	Глаголы	לְהַרְגִּישׁ
587	MALE	1-е лицо м.р. (אני רוצה)	s_cb2c56eea678.mp3	אֲנִי מַכִּיר אֶת הָאִישׁ.	анӣ́ макӣ́р эт hа-ӣ́ш.	Я знаю этого человека.	Глаголы	לְהַכִּיר
588	FEMALE	Женская форма (адаптация 1/2 л.)	s_cb2c56eea678_f.mp3	אֲנִי מַכִּירָה אֶת הָאִישׁ.	анӣ́ макира́ эт hа-ӣ́ш.	Я знаю этого человека.	Глаголы	לְהַכִּיר
589	FEMALE	Нейтральные / Безличные	s_c6ae19c8bbc6.mp3	הָאוֹטוֹבּוּס מַגִּיעַ עַכְשָׁיו לַתַּחֲנָה.	hа-óтобус магӣ́а ахшáв ла-таханá.	Автобус прибывает сейчас на остановку.	Глаголы	לְהַגִּיעַ
590	MALE	1-е лицо м.р. (אני רוצה)	s_f29ff275c917.mp3	אֲנִי מַקְשִׁיב לְמוּזִיקָה טוֹבָה.	анӣ́ макшӣ́в ле-мýзика товá.	Я слушаю хорошую музыку.	Глаголы	לְהַקְשִׁיב
591	FEMALE	Женская форма (адаптация 1/2 л.)	s_f29ff275c917_f.mp3	אֲנִי מַקְשִׁיבָה לְמוּזִיקָה טוֹבָה.	анӣ́ макшива́ ле-мýзика товá.	Я слушаю хорошую музыку.	Глаголы	לְהַקְשִׁיב
592	FEMALE	3-е лицо ж.р. (היא / שרה)	s_b70cfeed8e90.mp3	הַמּוֹרֶה מַסְבִּיר אֶת הַשִּׁעוּר.	hа-морэ́ масбӣ́р эт hа-шиъýр.	Учитель объясняет урок.	Глаголы	לְהַסְבִּיר
593	MALE	3-е лицо м.р. (הוא / דוד)	s_2067169da26e.mp3	הוּא מִתְלַבֵּשׁ יָפֶה הַיּוֹם.	hу митлабэ́ш яфэ́ hа-йом.	Он одевается красиво сегодня.	Глаголы	לְהִתְלַבֵּשׁ
594	MALE	1-е лицо м.р. (אני רוצה)	s_73f7a5b87f0b.mp3	אֲנִי מִתְרַחֵץ בַּמִּקְלַחַת עַכְשָׁיו.	анӣ́ митрахэ́ц ба-миклáхат ахшáв.	Я моюсь в душе сейчас.	Глаголы	לְהִתְרַחֵץ
595	FEMALE	Женская форма (адаптация 1/2 л.)	s_73f7a5b87f0b_f.mp3	אֲנִי מִתְרַחֶצֶת בַּמִּקְלַחַת עַכְשָׁיו.	анӣ́ митрахе́цет ба-миклáхат ахшáв.	Я моюсь в душе сейчас.	Глаголы	לְהִתְרַחֵץ
596	MALE	1-е лицо м.р. (אני רוצה)	s_5fef53372d49.mp3	אֲנִי מִתְרַגֵּשׁ מְאוֹד הַיּוֹם.	анӣ́ митрагэ́ш меóд hа-йом.	Я очень волнуюсь сегодня.	Глаголы	לְהִתְרַגֵּשׁ
597	FEMALE	Женская форма (адаптация 1/2 л.)	s_5fef53372d49_f.mp3	אֲנִי מִתְרַגֶּשֶׁת מְאוֹד הַיּוֹם.	анӣ́ митраге́шет меóд hа-йом.	Я очень волнуюсь сегодня.	Глаголы	לְהִתְרַגֵּשׁ
598	MALE	1-е лицо м.р. (אני רוצה)	s_ee6caa2b285d.mp3	אֲנִי מִצְטַעֵר עַל הַטָּעוּת.	анӣ́ мицтаэ́р аль hа-таýт.	Я сожалею об ошибке.	Глаголы	לְהִצְטַעֵר
599	FEMALE	Женская форма (адаптация 1/2 л.)	s_ee6caa2b285d_f.mp3	אֲנִי מִצְטַעֶרֶת עַל הַטָּעוּת.	анӣ́ мицтаэ́рет аль hа-таýт.	Я сожалею об ошибке.	Глаголы	לְהִצְטַעֵר
600	MALE	3-е лицо м.р. (הוא / דוד)	s_d98fd7e8ac22.mp3	הוּא מִתְפַּלֵּל בְּבֵית הַכְּנֶסֶת.	hу митпалéль бе-вéйт hа-кнéсет.	Он молится в синагоге.	Глаголы	לְהִתְפַּלֵּל
601	MALE	3-е лицо м.р. (הוא / דוד)	s_cf28786c997d.mp3	הוּא מִתְחַתֵּן עִם שָׂרָה.	hу митхатэ́н им Сáра.	Он женится на Саре.	Глаголы	לְהִתְחַתֵּן
602	MALE	1-е лицо м.р. (אני רוצה)	s_bcdec44f16cf.mp3	אֲנִי מִתְנַצֵּל עַל הָאִחוּר.	анӣ́ митнацэ́ль аль hа-ихýр.	Я извиняюсь за опоздание.	Глаголы	לְהִתְנַצֵּל
603	FEMALE	Женская форма (адаптация 1/2 л.)	s_bcdec44f16cf_f.mp3	אֲנִי מִתְנַצֶּלֶת עַל הָאִחוּר.	анӣ́ митнаце́лет аль hа-ихýр.	Я извиняюсь за опоздание.	Глаголы	לְהִתְנַצֵּל
604	MALE	1-е лицо м.р. (אני רוצה)	s_0378a97bbdc2.mp3	אֲנִי רוֹאֶה אֶת הַיָּם.	анӣ́ роэ́ эт hа-ям.	Я вижу море.	Глаголы	לִרְאוֹת
605	FEMALE	Женская форма (адаптация 1/2 л.)	s_0378a97bbdc2_f.mp3	אֲנִי רוֹאָה אֶת הַיָּם.	анӣ́ роа́ эт hа-ям.	Я вижу море.	Глаголы	לִרְאוֹת
606	MALE	1-е лицо м.р. (אני רוצה)	s_4d6442d1d763.mp3	אֲנִי מֵבִין עִבְרִית הֵיטֵב.	анӣ́ мевӣ́н иврӣ́т hейтéв.	Я хорошо понимаю иврит.	Глаголы	לְהָבִין
607	FEMALE	Женская форма (адаптация 1/2 л.)	s_4d6442d1d763_f.mp3	אֲנִי מְבַיֶּנֶת עִבְרִית הֵיטֵב.	анӣ́ мевӣ́н иврӣ́т hейтéв.	Я хорошо понимаю иврит.	Глаголы	לְהָבִין
608	MALE	3-е лицо м.р. (הוא / דוד)	s_3871386a49de.mp3	הוּא נוֹתֵן לִי מַפְתֵּחַ.	hу нотэ́н ли мафтéах.	Он дает мне ключ.	Глаголы	לָתֵת
609	FEMALE	Нейтральные / Безличные	s_2ed37ef76f82.mp3	הַמְּחִיר כּוֹלֵל חַשְׁמָל וּמַיִם.	hа-мехӣ́р колéль хашмáль у-мáйим.	Цена включает электричество и воду.	Глаголы	לִכְלוֹל
610	FEMALE	Нейтральные / Безличные	s_d5c7307a3611.mp3	דָּנִי פּוֹגֵשׁ חָבֵר בַּקָּפֶה.	Дáни погéш хавéр ба-кафэ́.	Дани встречает друга в кафе.	Глаголы	לִפְגּוֹשׁ
611	MALE	1-е лицо м.р. (אני רוצה)	s_20b4b062d986.mp3	אֲנִי זוֹכֵר אֶת הַכֹּל.	анӣ зохéр эт hа-коль.	Я всё помню.	Глаголы	לִזְכּוֹר
612	FEMALE	Женская форма (адаптация 1/2 л.)	s_20b4b062d986_f.mp3	אֲנִי זוֹכֶרֶת אֶת הַכֹּל.	анӣ зохе́рет эт hа-коль.	Я всё помню.	Глаголы	לִזְכּוֹר
613	MALE	3-е лицо м.р. (הוא / דוד)	s_d55a4c17ad73.mp3	הוּא תָּמִיד שׁוֹכֵחַ מַפְתְּחוֹת.	hу тамӣ́д шохéах мафтехо́т.	Он всегда забывает ключи.	Глаголы	לִשְׁכּוֹחַ
614	MALE	3-е лицо м.р. (הוא / דוד)	s_b930c2d02d1a.mp3	הוּא מוֹצֵא עֲבוֹדָה טוֹבָה.	hу моцэ́ аводá товá.	Он находит хорошую работу.	Глаголы	לִמְצוֹא
615	MALE	1-е лицо м.р. (אני רוצה)	s_891732bac8a2.mp3	אֲנִי טוֹעֵן אֶת הַטֶּלֶפוֹן.	анӣ тоэ́н эт hа-тéлефон.	Я заряжаю телефон.	Глаголы	לִטְעוֹן
616	FEMALE	Женская форма (адаптация 1/2 л.)	s_891732bac8a2_f.mp3	אֲנִי טוֹעֶנֶת אֶת הַטֶּלֶפוֹן.	анӣ тоэ́нет эт hа-тéлефон.	Я заряжаю телефон.	Глаголы	לִטְעוֹן
617	MALE	3-е лицо м.р. (הוא / דוד)	s_5ed15a01f9e5.mp3	הוּא חוֹתֵךְ אֶת הַלֶּחֶם.	hу хотéх эт hа-лéхем.	Он режет хлеб.	Глаголы	לַחְתּוֹךְ
618	MALE	3-е лицо м.р. (הוא / דוד)	s_a4083ec03805.mp3	הוּא מְטַגֵּן אֶת הַבָּצָל.	hу метагéн эт hа-бацáль.	Он жарит лук.	Глаголы	לְטַגֵּן
619	MALE	3-е лицо м.р. (הוא / דוד)	s_7fb7b1b93c01.mp3	הוּא מוֹסִיף מֶלַח לַמָּרָק.	hу мосӣ́ф мéлах ла-марáк.	Он добавляет соль в суп.	Глаголы	לְהוֹסִיף
620	FEMALE	Нейтральные / Безличные	s_0ba5906e8cf8.mp3	דָּנִי כּוֹתֵב מִכְתָּב עַכְשָׁיו.	дáни котéв михтáв ахшáв.	Дани пишет письмо сейчас.	Глаголы	לִכְתּוֹב
621	MALE	3-е лицо м.р. (הוא / דוד)	s_b649b8fc818e.mp3	הוּא לוֹמֵד עִבְרִית בָּאוּלְפָּן.	hу ломéд иврӣ́т ба-ульпáн.	Он учит иврит в ульпане.	Глаголы	לִלְמוֹד
622	MALE	3-е лицо м.р. (הוא / דוד)	s_36f396f8bfa1.mp3	יוֹסִי עוֹבֵד בַּמִּשְׂרָד הַזֶּה.	йóси овéд ба-мисрáд hа-зэ́.	Йоси работает в этом офисе.	Глаголы	לַעֲבוֹד
623	FEMALE	Нейтральные / Безличные	s_ac8eae1715d7.mp3	דָּנִי אוֹכֵל תַּפּוּחַ טָעִים.	дáни охéль тапӯ́ах таӣ́м.	Дани ест вкусное яблоко.	Глаголы	לֶאֱכוֹל
624	MALE	3-е лицо м.р. (הוא / דוד)	s_de7ed20bb458.mp3	הוּא שׁוֹמֵעַ מוּזִיקָה עַכְשָׁיו.	hу шомéа му́зика ахшáв.	Он слушает музыку сейчас.	Глаголы	לִשְׁמוֹעַ
625	MALE	3-е лицо м.р. (הוא / דוד)	s_6c6f7723451d.mp3	הוּא סוֹגֵר אֶת הַדֶּלֶת.	hу согéр эт hа-дéлет.	Он закрывает дверь.	Глаголы	לִסְגּוֹר
626	MALE	3-е лицо м.р. (הוא / דוד)	s_4629d7147e42.mp3	הוּא פּוֹתֵחַ אֶת הַחַלּוֹן.	hу потéах эт hа-халóн.	Он открывает окно.	Глаголы	לִפְתּוֹחַ
627	FEMALE	Нейтральные / Безличные	s_060f14f87dda.mp3	הַתַּלְמִיד כּוֹתֵב מִכְתָּב עַכְשָׁיו.	hа-тальмӣ́д котéв михтáв ахшáв.	Ученик пишет письмо сейчас.	Глаголы	לִכְתֹּב
628	FEMALE	Нейтральные / Безличные	s_91e367e59eca.mp3	דָּנִי לוֹמֵד עִבְרִית בָּאוּלְפָּן.	дáни ломéд иврӣ́т ба-ульпáн.	Дани учит иврит в ульпане.	Глаголы	לִלְמֹד
629	MALE	1-е лицо м.р. (אני רוצה)	s_1c04ca7037ef.mp3	אֲנִי שׁוֹמֵעַ מוּזִיקָה טוֹבָה.	анӣ́ шомéа му́зика товá.	Я слушаю хорошую музыку.	Глаголы	לִשְׁמֹעַ
630	FEMALE	Женская форма (адаптация 1/2 л.)	s_1c04ca7037ef_f.mp3	אֲנִי שׁוֹמַעַת מוּזִיקָה טוֹבָה.	анӣ́ шома́ат му́зика товá.	Я слушаю хорошую музыку.	Глаголы	לִשְׁמֹעַ
631	MALE	3-е лицо м.р. (הוא / דוד)	s_eac573c83a5f.mp3	הוּא סוֹגֵר אֶת הַחַלּוֹן.	hу согéр эт hа-халóн.	Он закрывает окно.	Глаголы	לִסְגֹּר
632	MALE	3-е лицо м.р. (הוא / דוד)	s_381ab3c32573.mp3	הַיֶּלֶד אוֹכֵל תַּפּוּחַ מָתוֹק.	hа-йéлед охéль тапýах матóк.	Ребёнок ест сладкое яблоко.	Глаголы	לֶאֱכֹל
633	MALE	1-е лицо м.р. (אני רוצה)	s_fad409b16b53.mp3	אֲנִי פּוֹגֵשׁ חָבֵר בַּקָּפֶה.	анӣ́ погéш хавéр ба-кафé.	Я встречаю друга в кафе.	Глаголы	לִפְגֹּשׁ
634	FEMALE	Женская форма (адаптация 1/2 л.)	s_fad409b16b53_f.mp3	אֲנִי פּוֹגֶשֶׁת חָבֵר בַּקָּפֶה.	анӣ́ поге́шет хавéр ба-кафé.	Я встречаю друга в кафе.	Глаголы	לִפְגֹּשׁ
635	FEMALE	Нейтральные / Безличные	s_0734555c9b7a.mp3	הַכַּתָּב שׁוֹאֵל שְׁאֵלוֹת קָשׁוֹת.	hа-катáв шоэ́ль шеэлóт кашóт.	Репортер задает трудные вопросы.	Глаголы	כַּתָּב
636	FEMALE	Нейтральные / Безличные	s_83b79e0cb66e.mp3	הַכַּתָּב עוֹבֵד בָּעִתּוֹן הַזֶּה.	hа-катáв овéд ба-итóн hа-зэ.	Репортер работает в этой газете.	Глаголы	כַּתָּב
637	MALE	3-е лицо м.р. (הוא / דוד)	s_dab4eefd3870.mp3	הוּא לוֹמֵד רְפוּאָה בָּאוּנִיבֶרְסִיטָה.	hу ломéд рефуá ба-унивéрсита.	Он изучает медицину в университете.	Глаголы	לִלְמֹד
638	FEMALE	Нейтральные / Безличные	s_f4b329d2fc62.mp3	הַתַּלְמִידִים לוֹמְדִים כָּל יוֹם.	hа-тальмидӣ́м ломдӣ́м коль йом.	Ученики учатся каждый день.	Глаголы	לִלְמֹד
639	FEMALE	Нейтральные / Безличные	s_87eb2908b398.mp3	הָעֶבֶד רוֹצֶה לִהְיוֹת חוֹפְשִׁי.	hа-э́вед роцé лиhйóт хофшӣ́.	Раб хочет быть свободным.	Глаголы	עֶבֶד
640	FEMALE	Нейтральные / Безличные	s_3cb60dd4c1ee.mp3	הֵם עוֹבְדִים בַּמִּשְׂרָד הַזֶּה.	hэм овдӣ́м ба-мисрáд hа-зэ.	Они работают в этом офисе.	Глаголы	לַעֲבֹד
641	FEMALE	Нейтральные / Безличные	s_9c070d9a318a.mp3	יֵשׁ סֶגֶר בָּעִיר עַכְשָׁיו.	йеш сéгер ба-ӣ́р ахшáв.	В городе сейчас комендантский час.	Глаголы	סֶגֶר
642	MALE	1-е лицо м.р. (אני רוצה)	s_475512a5daed.mp3	אֲנִי עוֹמֵד לְיַד הַפֶּתַח.	анӣ́ омéд ле-йáд hа-пéтах.	Я стою возле входа.	Глаголы	פֶּתַח
643	FEMALE	Женская форма (адаптация 1/2 л.)	s_475512a5daed_f.mp3	אֲנִי עוֹמֶדֶת לְיַד הַפֶּתַח.	анӣ́ оме́дет ле-йáд hа-пéтах.	Я стою возле входа.	Глаголы	פֶּתַח
644	FEMALE	3-е лицо ж.р. (היא / שרה)	s_2eae7e80e267.mp3	הַמּוֹרֶה אוֹמֵר שָׁלוֹם לַכִּתָּה.	hа-морé омéр шалóм ла-китá.	Учитель говорит классу привет.	Глаголы	לוֹמַר
645	FEMALE	Нейтральные / Безличные	s_6d7ab92d0ec3.mp3	הֵם אוֹמְרִים אֶת הָאֱמֶת.	hэм омрӣ́м эт hа-эмéт.	Они говорят правду.	Глаголы	לוֹמַר
646	MALE	3-е лицо м.р. (הוא / דוד)	s_42ba63b2f3a3.mp3	הוּא הוֹלֵךְ לָעֲבוֹדָה בַּבּוֹקֶר.	hу hолéх ла-аводá ба-бóкер.	Он идёт на работу утром.	Глаголы	לָלֶכֶת
647	FEMALE	Нейтральные / Безличные	s_a5b4a1463d40.mp3	הַיְּלָדִים הוֹלְכִים לְבֵית הַסֵּפֶר.	hа-йеладӣ́м hольхӣ́м ле-вéйт hа-сéфер.	Дети идут в школу.	Глаголы	לָלֶכֶת
648	MALE	1-е лицо м.р. (אני רוצה)	s_db65c412092d.mp3	אֲנִי גָּר בִּירוּשָׁלַיִם עַכְשָׁיו.	анӣ́ гар би-рушалáим ахшáв.	Я живу в Иерусалиме сейчас.	Глаголы	לָגוּר
649	FEMALE	Женская форма (адаптация 1/2 л.)	s_db65c412092d_f.mp3	אֲנִי גָּרָה בִּירוּשָׁלַיִם עַכְשָׁיו.	анӣ́ гара́ би-рушалáим ахшáв.	Я живу в Иерусалиме сейчас.	Глаголы	לָגוּר
650	MALE	1-е лицо м.р. (אני רוצה)	s_5e31540d4fd7.mp3	אֲנִי קָם מוּקְדָּם בַּבּוֹקֶר.	анӣ́ кам мукдáм ба-бóкер.	Я встаю рано утром.	Глаголы	לָקוּם
651	FEMALE	Женская форма (адаптация 1/2 л.)	s_5e31540d4fd7_f.mp3	אֲנִי קָמָה מוּקְדָּם בַּבּוֹקֶר.	анӣ́ кама́ мукдáм ба-бóкер.	Я встаю рано утром.	Глаголы	לָקוּם
652	MALE	1-е лицо м.р. (אני רוצה)	s_a11185db9301.mp3	אֲנִי בָּא לַבַּיִת שֶׁלְּךָ.	анӣ́ ба ла-бáйт шельхá.	Я прихожу к тебе домой.	Глаголы	לָבוֹא
653	FEMALE	Женская форма (адаптация 1/2 л.)	s_a11185db9301_f.mp3	אֲנִי בָּאָה לַבַּיִת שֶׁלְּךָ.	анӣ́ баа́ ла-бáйт шельхá.	Я прихожу к тебе домой.	Глаголы	לָבוֹא
654	MALE	1-е лицо м.р. (אני רוצה)	s_0e1af1d242fa.mp3	אֲנִי בָּא בַּשָּׁבוּעַ הַבָּא.	анӣ́ ба ба-шавýа hа-бá.	Я приду на следующей неделе.	Глаголы	בא
655	FEMALE	Женская форма (адаптация 1/2 л.)	s_0e1af1d242fa_f.mp3	אֲנִי בָּאָה בַּשָּׁבוּעַ הַבָּא.	анӣ́ баа́ ба-шавýа hа-бá.	Я приду на следующей неделе.	Глаголы	בא
656	FEMALE	Нейтральные / Безличные	s_7ceea064ea25.mp3	הָאוֹרְחִים בָּאִים לַמְּסִיבָּה הָעֶרֶב.	hа-орхӣ́м баӣ́м ла-месибá hа-э́рев.	Гости приходят на вечеринку вечером.	Глаголы	לָבוֹא
657	FEMALE	Нейтральные / Безличные	s_ce763f18dd51.mp3	הַצֶּמַח הַזֶּה מֵת בַּחוֹרֶף.	hа-цéмах hа-зэ мет ба-хóреф.	Это растение погибает зимой.	Глаголы	לָמוּת
658	FEMALE	Нейтральные / Безличные	s_fb3aabb26459.mp3	הַנֶּחָת מְשָׁרֵת בַּצָּבָא הָאָמֶרִיקָאִי.	hа-нэхáт мешарéт ба-цавá hа-америкáи.	Морской пехотинец служит в американской армии.	Глаголы	נֶחָת
659	MALE	1-е лицо м.р. (אני רוצה)	s_5aa605626e9a.mp3	אֲנִי טָס לְיִשְׂרָאֵל מָחָר.	анӣ́ тас ле-исраэ́ль махáр.	Я лечу в Израиль завтра.	Глаголы	לָטוּס
660	FEMALE	Женская форма (адаптация 1/2 л.)	s_5aa605626e9a_f.mp3	אֲנִי טָסָה לְיִשְׂרָאֵל מָחָר.	анӣ́ таса́ ле-исраэ́ль махáр.	Я лечу в Израиль завтра.	Глаголы	לָטוּס
661	MALE	1-е лицо м.р. (אני רוצה)	s_8d61e5e48ae0.mp3	אֲנִי קוֹנֶה לֶחֶם בַּמַּכּוֹלֶת.	анӣ́ конé лéхем ба-макóлет.	Я покупаю хлеб в продуктовом магазине.	Глаголы	לִקְנוֹת
662	FEMALE	Женская форма (адаптация 1/2 л.)	s_8d61e5e48ae0_f.mp3	אֲנִי קוֹנָה לֶחֶם בַּמַּכּוֹלֶת.	анӣ́ кона́ лéхем ба-макóлет.	Я покупаю хлеб в продуктовом магазине.	Глаголы	לִקְנוֹת
663	MALE	1-е лицо м.р. (אני רוצה)	s_8aea433bf2b3.mp3	אֲנִי רוֹצֶה לִשְׁתּוֹת מַיִם.	анӣ́ роцé лишто́т мáйим.	Я хочу пить воду.	Глаголы	לִרְצוֹת
664	FEMALE	Женская форма (адаптация 1/2 л.)	s_8aea433bf2b3_f.mp3	אֲנִי רוֹצָה לִשְׁתּוֹת מַיִם.	анӣ́ роца́ лишто́т мáйим.	Я хочу пить воду.	Глаголы	לִרְצוֹת
665	MALE	1-е лицо м.р. (אני רוצה)	s_025677454b4c.mp3	אֲנִי שׁוֹתֶה קָפֶה חַם.	анӣ́ шотé кафé хам.	Я пью горячий кофе.	Глаголы	לִשְׁתּוֹת
666	FEMALE	Женская форма (адаптация 1/2 л.)	s_025677454b4c_f.mp3	אֲנִי שׁוֹתָה קָפֶה חַם.	анӣ́ шота́ кафé хам.	Я пью горячий кофе.	Глаголы	לִשְׁתּוֹת
667	MALE	2-е лицо м.р. (אתה יודע)	s_80bfc1049149.mp3	מָה אַתָּה עוֹשֶׂה עַכְשָׁיו?	ма атá осé ахшáв?	Что ты делаешь сейчас?	Глаголы	לַעֲשׂוֹת
668	FEMALE	Женская форма (адаптация 1/2 л.)	s_80bfc1049149_f.mp3	מָה אַתְּ עוֹשָׂה עַכְשָׁיו?	ма ат оса́ ахшáв?	Что ты делаешь сейчас?	Глаголы	לַעֲשׂוֹת
669	MALE	1-е лицо м.р. (אני רוצה)	s_1ae767c9d013.mp3	אֲנִי רוֹאֶה סֶרֶט טוֹב.	анӣ́ роэ́ сéрет тов.	Я смотрю хороший фильм.	Глаголы	לִרְאוֹת
670	FEMALE	Женская форма (адаптация 1/2 л.)	s_1ae767c9d013_f.mp3	אֲנִי רוֹאָה סֶרֶט טוֹב.	анӣ́ роа́ сéрет тов.	Я смотрю хороший фильм.	Глаголы	לִרְאוֹת
671	MALE	3-е лицо м.р. (הוא / דוד)	s_68ae9be4982b.mp3	הוּא קוֹנֶה סֵפֶר חָדָשׁ.	hу конé сéфер хадáш.	Он покупает новую книгу.	Глаголы	לִקְנוֹת
672	FEMALE	Нейтральные / Безличные	s_da2a749993b2.mp3	יֵשׁ עָשׁ בַּאֲרוֹן הַבְּגָדִים.	йеш аш ба-арóн hа-бгадӣ́м.	В шкафу для одежды есть моль.	Глаголы	עָשׁ
673	FEMALE	Нейтральные / Безличные	s_4e86122bf4a1.mp3	הֵם רוֹאִים אֶת הַיָּם.	hэм роӣ́м эт hа-йам.	Они видят море.	Глаголы	לִרְאוֹת
674	FEMALE	Нейтральные / Безличные	s_2a74be48a5d2.mp3	אֶתְמוֹל הָיִיתִי בְּתֵל אָבִיב.	этмóль hайӣ́ти бе-Тэль Авӣ́в.	Вчера я был в Тель-Авиве.	Глаголы	לִהְיוֹת
675	MALE	3-е лицо м.р. (הוא / דוד)	s_49695dfa10a1.mp3	הוּא הָיָה פֹּה אֶתְמוֹל.	hу hайá по этмóль.	Он был здесь вчера.	Глаголы	לִהְיוֹת
676	FEMALE	3-е лицо ж.р. (היא / שרה)	s_5fbfd35623e6.mp3	הִיא הָיְתָה בַּבַּיִת אֶתְמוֹל.	hи hайтá ба-бáйт этмóль.	Она была дома вчера.	Глаголы	לִהְיוֹת
677	FEMALE	Нейтральные / Безличные	s_af2dca31f494.mp3	הֵם הָיוּ שָׁם אֶתְמוֹל.	hэм hайу́ шам этмóль.	Они были там вчера.	Глаголы	לִהְיוֹת
678	MALE	3-е лицо м.р. (הוא / דוד)	s_b0f187010644.mp3	הוּא הֵבִין אֶת הַכֹּל.	hу hэвӣ́н эт hакóль.	Он всё понял.	Глаголы	לְהָבִין
679	MALE	1-е лицо м.р. (אני רוצה)	s_383c5aba98b3.mp3	אֲנִי מַמְשִׁיךְ לִלְמוֹד עִבְרִית.	анӣ́ мамшӣ́х лильмóд иврӣ́т.	Я продолжаю учить иврит.	Глаголы	לְהַמְשִׁיךְ
680	FEMALE	Женская форма (адаптация 1/2 л.)	s_383c5aba98b3_f.mp3	אֲנִי מַמְשִׁיכָה לִלְמוֹד עִבְרִית.	анӣ́ мамшиха́ лильмóд иврӣ́т.	Я продолжаю учить иврит.	Глаголы	לְהַמְשִׁיךְ
681	FEMALE	Нейтральные / Безличные	s_2b46ee2b031c.mp3	מָחָר אֶכְתּוֹב מִכְתָּב חָדָשׁ.	махáр эхтóв михтáв хадáш.	Завтра я напишу новое письмо.	Глаголы	לִכְתּוֹב
682	FEMALE	Нейтральные / Безличные	s_83169bc3f0f2.mp3	מָחָר אֶלְמַד מִילִּים חֲדָשׁוֹת.	махáр эльмáд милӣ́м хадашóт.	Завтра я буду учить новые слова.	Глаголы	לִלְמוֹד
683	FEMALE	Нейтральные / Безличные	s_de37f3cdb334.mp3	מָחָר אֶעֱבוֹד כָּל הַיּוֹם.	махáр ээвóд коль hа-йом.	Завтра я буду работать целый день.	Глаголы	לַעֲבוֹד
684	FEMALE	Нейтральные / Безличные	s_13e414f1480c.mp3	מָחָר נִכְתּוֹב אֶת הַמִּבְחָן.	махáр нихтóв эт hа-мивхáн.	Завтра мы напишем тест.	Глаголы	לִכְתּוֹב
685	FEMALE	Нейтральные / Безличные	s_7ee663b38488.mp3	בְּקָרוֹב נִפְגּוֹשׁ אֶת הַחֲבֵרִים.	бе-карóв нифгóш эт hа-хаверӣ́м.	Скоро мы встретим друзей.	Глаголы	לִפְגּוֹשׁ
686	FEMALE	Нейтральные / Безличные	s_daa7f226d228.mp3	דָּנִי כּוֹתֵב מִכְתָּב לַחֲבֵרָה.	дáни котéв михтáв ла-хаверá.	Дани пишет письмо подруге.	Глаголы	לִכְתֹּב
687	FEMALE	Нейтральные / Безличные	s_f6899d6215d6.mp3	הַתַּלְמִיד כּוֹתֵב שִׁיעוּרֵי בַּיִת.	hа-тальмӣ́д котéв шиурéй бáйт.	Ученик пишет домашнее задание.	Глаголы	לִכְתֹּב
688	FEMALE	Нейтральные / Безличные	s_b4d397938735.mp3	הַסּוֹפֵר כּוֹתֵב סֵפֶר חָדָשׁ.	hа-софéр котéв сéфер хадáш.	Писатель пишет новую книгу.	Глаголы	לִכְתֹּב
689	MALE	3-е лицо м.р. (הוא / דוד)	s_b649b8fc818e.mp3	הוּא לוֹמֵד עִבְרִית בָּאוּלְפָּן.	hу ломéд иврӣ́т ба-ульпáн.	Он учит иврит в ульпане.	Глаголы	לִלְמֹד
690	MALE	3-е лицо м.р. (הוא / דוד)	s_8726aadb5cbc.mp3	הוּא שׁוֹמֵעַ מוּזִיקָה בַּחֶדֶר.	hу шомéаъ мýзика ба-хéдер.	Он слушает музыку в комнате.	Глаголы	לִשְׁמֹעַ
691	MALE	3-е лицо м.р. (הוא / דוד)	s_005ac5390b22.mp3	הוּא עוֹבֵד בַּמִּשְׂרָד הַיּוֹם.	hу овéд ба-мисрáд hайóм.	Он работает в офисе сегодня.	Глаголы	לַעֲבֹד
692	FEMALE	Нейтральные / Безличные	s_d5c7307a3611.mp3	דָּנִי פּוֹגֵשׁ חָבֵר בַּקָּפֶה.	дáни погéш хавéр ба-кафé.	Дани встречает друга в кафе.	Глаголы	לִפְגֹּשׁ
693	MALE	3-е лицо м.р. (הוא / דוד)	s_6c6f7723451d.mp3	הוּא סוֹגֵר אֶת הַדֶּלֶת.	hу согéр эт hа-дéлет.	Он закрывает дверь.	Глаголы	לִסְגֹּר
694	MALE	3-е лицо м.р. (הוא / דוד)	s_664cbd95a1b3.mp3	הוּא רוֹאֶה סֶרֶט בַּטֶּלֶוִויזְיָה.	hу роэ́ сéрет ба-телеви́зия.	Он смотрит фильм по телевизору.	Глаголы	לִרְאוֹת
695	MALE	3-е лицо м.р. (הוא / דוד)	s_515615db4f9e.mp3	יוֹסִי כּוֹתֵב בַּמַּחְבֶּרֶת שֶׁלּוֹ.	йóси котéв ба-махбéрет шелó.	Йоси пишет в своей тетради.	Глаголы	לִכְתֹּב
696	FEMALE	Нейтральные / Безличные	s_b8aa62b083a8.mp3	אַבָּא כּוֹתֵב מִכְתָּב עַכְשָׁו.	áба котéв михтáв ахшáв.	Папа пишет письмо сейчас.	Глаголы	לִכְתֹּב
697	MALE	3-е лицо м.р. (הוא / דוד)	s_edffc963d586.mp3	הַיֶּלֶד לוֹמֵד בְּבֵית הַסֵּפֶר.	hа-йéлед ломéд бе-вéйт hа-сéфер.	Мальчик учится в школе.	Глаголы	לִלְמֹד
698	FEMALE	Нейтральные / Безличные	s_53716963def3.mp3	הַסְטוּדֶנְט לוֹמֵד הַרְבֵּה בַּלַּיְלָה.	hа-студéнт ломéд hарбé ба-лáйла.	Студент много учится ночью.	Глаголы	לִלְמֹד
699	FEMALE	Нейтральные / Безличные	s_fbbdbb9e3fdb.mp3	הָרוֹפֵא עוֹבֵד בְּבֵית חוֹלִים.	hа-рофé овéд бе-вéйт холӣ́м.	Врач работает в больнице.	Глаголы	לַעֲבֹד
700	FEMALE	Нейтральные / Безличные	s_4807c37a7d90.mp3	דָּנִי עוֹבֵד שָׁעוֹת רַבּוֹת.	дáни овéд шаóт рабóт.	Дани работает много часов.	Глаголы	לַעֲבֹד
701	MALE	3-е лицо м.р. (הוא / דוד)	s_eac573c83a5f.mp3	הוּא סוֹגֵר אֶת הַחַלּוֹן.	hу согéр эт hа-халóн.	Он закрывает окно.	Глаголы	לִסְגֹּר
702	MALE	3-е лицо м.р. (הוא / דוד)	s_d33e55c5b8a8.mp3	הוּא מְפַתֵּחַ תּוֹכְנִית חֲדָשָׁה.	hу мефатéах тохнӣ́т хадашá.	Он разрабатывает новую программу.	Глаголы	לְפַתֵּחַ
703	MALE	3-е лицо м.р. (הוא / דוד)	s_596bf14ed98b.mp3	הַיֶּלֶד שׁוֹמֵעַ אֶת הַקּוֹל.	hа-йéлед шомéаъ эт hа-коль.	Мальчик слышит этот голос.	Глаголы	לִשְׁמֹעַ
704	MALE	3-е лицо м.р. (הוא / דוד)	s_72106e3aa378.mp3	הוּא עוֹזֵר לְאִמָּא בַּבַּיִת.	hу озéр ле-ӣ́ма ба-бáйт.	Он помогает маме дома.	Глаголы	לַעֲזֹר
705	MALE	3-е лицо м.р. (הוא / דוד)	s_c48987406be3.mp3	הוּא גָּר בְּתֵל אָבִיב.	hу гар бе-тéль авӣ́в.	Он живёт в Тель-Авиве.	Глаголы	לָגוּר
706	MALE	3-е лицо м.р. (הוא / דוד)	s_de63402eb69f.mp3	הוּא קָם מוּקְדָּם בַּבּוֹקֶר.	hу кам мукдáм ба-бóкер.	Он встаёт рано утром.	Глаголы	לָקוּם
707	FEMALE	Нейтральные / Безличные	s_39a8943427f2.mp3	דָּנִי בָּא לַבַּיִת עַכְשָׁו.	дáни ба ла-бáйт ахшáв.	Дани идёт домой сейчас.	Глаголы	לָבוֹא
708	MALE	3-е лицо м.р. (הוא / דוד)	s_d165c0b50841.mp3	הוּא בָּא לְבַקֵּר אוֹתִי.	hу ба левакéр отӣ́.	Он приходит навестить меня.	Глаголы	לָבוֹא
709	FEMALE	Нейтральные / Безличные	s_8ec4a48b1ebe.mp3	הָאוֹרֵחַ בָּא בָּעֶרֶב תָּמִיד.	hа-орéах ба ба-э́рев тамӣ́д.	Гость всегда приходит вечером.	Глаголы	לָבוֹא
710	FEMALE	Нейтральные / Безличные	s_ac4199ac39c4.mp3	הַחָבֵר בָּא לַמְּסִיבָּה הַיּוֹם.	hа-хавéр ба ла-месибá hайóм.	Друг приходит на вечеринку сегодня.	Глаголы	לָבוֹא
711	MALE	3-е лицо м.р. (הוא / דוד)	s_1762ec655e8d.mp3	הוּא טָס לְאֵירוֹפָּה הַיּוֹם.	hу тас ле-эйрóпа hайóм.	Он летит в Европу сегодня.	Глаголы	לָטוּס
712	FEMALE	Нейтральные / Безличные	s_42af9c237e83.mp3	אַבָּא נָח עַל הַסַּפָּה.	áба нах аль hа-сапá.	Папа отдыхает на диване.	Глаголы	לָנוּחַ
713	MALE	3-е лицо м.р. (הוא / דוד)	s_3ef205858b51.mp3	הוּא רָץ בַּפַּארְק בַּבּוֹקֶר.	hу рац ба-парк ба-бóкер.	Он бегает в парке утром.	Глаголы	לָרוּץ
714	FEMALE	Нейтральные / Безличные	s_c0a4dd5f3036.mp3	יֵשׁ כָּאן אֵשׁ גְּדוֹלָה.	йеш кан эш гдолá.	Здесь есть большой огонь.	Глаголы	אֵשׁ
715	FEMALE	Нейтральные / Безличные	s_edb8b25a97ae.mp3	הַסֵּפֶר נִקְנֶה בַּחֲנוּת הַיּוֹם.	hа-сéфер никнé ба-ханýт hайóм.	Книга покупается в магазине сегодня.	Глаголы	לְהִקָּנוֹת
716	FEMALE	Нейтральные / Безличные	s_9085110393f9.mp3	דָּנִי רוֹצֶה כּוֹס קָפֶה.	дáни роцé кос кафé.	Дани хочет чашку кофе.	Глаголы	לִרְצוֹת
717	MALE	3-е лицо м.р. (הוא / דוד)	s_38d92fde52dd.mp3	הוּא עוֹשֶׂה עֲבוֹדָה טוֹבָה.	hу осé аводá товá.	Он делает хорошую работу.	Глаголы	לַעֲשׂוֹת
718	FEMALE	Нейтральные / Безличные	s_b68af73c5989.mp3	הַכֹּל נַעֲשֶׂה בְּבֵית הַסֵּפֶר.	hа-кóль наасé бе-вéйт hа-сéфер.	Всё делается в школе.	Глаголы	לְהֵעָשׂוֹת
719	FEMALE	Нейтральные / Безличные	s_8701e7490abc.mp3	הַתֵּה נִשְׁתֶּה בַּבּוֹקֶר תָּמִיד.	hа-тé ништé ба-бóкер тамӣ́д.	Чай выпивается утром всегда.	Глаголы	לְהִשָּׁתוֹת
720	FEMALE	Нейтральные / Безличные	s_f24133b87c36.mp3	דָּנִי רוֹאֶה תְּמוּנָה יָפָה.	дáни роэ́ тмунá яфá.	Дани видит красивую картину.	Глаголы	לִרְאוֹת
721	FEMALE	Нейтральные / Безличные	s_4dfe1cee7f53.mp3	הַפַּחַד מְאַבֵּן אֶת הָאִישׁ.	hа-пáхад меабéн эт hа-ӣ́ш.	Страх парализует этого человека.	Глаголы	לְאַבֵּן
722	MALE	3-е лицо м.р. (הוא / דוד)	s_54d1b8272816.mp3	הוּא נִדְבָּר עִם הַמּוֹרֶה.	hу нидбáр им hа-морé.	Он договаривается с учителем.	Глаголы	לְהִדָּבֵר
723	FEMALE	Нейтральные / Безличные	s_3810229721a9.mp3	זֶה עֵץ אֵשֶׁל גָּבוֹהַּ.	зэ эц э́шель гавóаh.	Это высокое дерево тамариск.	Глаголы	אֵשֶׁל
724	MALE	3-е лицо м.р. (הוא / דוד)	s_6d1a6278ff22.mp3	הוּא מְסַדֵּר אֶת הַחֶדֶר.	hу месадéр эт hа-хéдер.	Он наводит порядок в комнате.	Глаголы	לְסַדֵּר
725	MALE	1-е лицо м.р. (אני רוצה)	s_287de51a007a.mp3	אֲנִי מְבַקֵּשׁ כּוֹס מַיִם.	ани́ мевакéш кос мáйим.	Я прошу стакан воды.	Глаголы	לְבַקֵּשׁ
726	FEMALE	Женская форма (адаптация 1/2 л.)	s_287de51a007a_f.mp3	אֲנִי מְבַקֶּשֶׁת כּוֹס מַיִם.	ани́ меваке́шет кос мáйим.	Я прошу стакан воды.	Глаголы	לְבַקֵּשׁ
727	MALE	3-е лицо м.р. (הוא / דוד)	s_14fd679af553.mp3	הוּא מְחַפֵּשׂ עֲבוֹדָה חֲדָשָׁה.	hу мехапéс ъаводá хадашá.	Он ищет новую работу.	Глаголы	לְחַפֵּשׂ
728	MALE	3-е лицо м.р. (הוא / דוד)	s_c161be0e1736.mp3	הוּא מְקַבֵּל הוֹדָעָה חֲדָשָׁה.	hу мекабéль hодаá хадашá.	Он получает новое сообщение.	Глаголы	לְקַבֵּל
729	MALE	3-е лицо м.р. (הוא / דוד)	s_c7ab9b4a5ea1.mp3	הוּא מְבַקֵּר אֶת הַמִּשְׁפָּחָה.	hу мевакéр эт hамишпахá.	Он навещает семью.	Глаголы	לְבַקֵּר
730	MALE	3-е лицо м.р. (הוא / דוד)	s_7e2fb76e0e30.mp3	הוּא מְתַקֵּן אֶת הַמַּחְשֵׁב.	hу метакéн эт hамахшэ́в.	Он чинит компьютер.	Глаголы	לְתַקֵּן
731	MALE	3-е лицо м.р. (הוא / דוד)	s_72acd8966d3f.mp3	הוּא מַזְמִין שׁוּלְחָן בַּמִּסְעָדָה.	hу мазмíн шульхáн бамисъадá.	Он заказывает столик в ресторане.	Глаголы	לְהַזְמִין
732	FEMALE	Нейтральные / Безличные	s_5ea7ec7d4362.mp3	הַסֶּרֶט מַתְחִיל בְּשֶׁבַע בָּעֶרֶב.	hасéрет матхíль бешéва баъéрев.	Фильм начинается в семь вечера.	Глаголы	לְהַתְחִיל
733	MALE	1-е лицо м.р. (אני רוצה)	s_45429c606b28.mp3	אֲנִי מַרְגִּישׁ מְצוּיָן הַיּוֹם.	ани́ маргíш мецуйáн hайóм.	Я чувствую себя отлично сегодня.	Глаголы	לְהַרְגִּישׁ
734	FEMALE	Женская форма (адаптация 1/2 л.)	s_45429c606b28_f.mp3	אֲנִי מַרְגִּישָׁה מְצוּיָן הַיּוֹם.	ани́ маргиша́ мецуйáн hайóм.	Я чувствую себя отлично сегодня.	Глаголы	לְהַרְגִּישׁ
735	MALE	3-е лицо м.р. (הוא / דוד)	s_3285aded05b6.mp3	הוּא מַכִּיר אֶת הַמּוֹרֶה.	hу макíр эт hаморé.	Он знает учителя.	Глаголы	לְהַכִּיר
736	FEMALE	3-е лицо ж.р. (היא / שרה)	s_e56ad8af038b.mp3	הַמּוֹרֶה מַסְבִּיר אֶת הַחוֹמֶר.	hаморé масбíр эт hахóмер.	Учитель объясняет материал.	Глаголы	לְהַסְבִּיר
737	FEMALE	Нейтральные / Безличные	s_bdd5a0a630bb.mp3	יֵשׁ לָהּ נֶמֶשׁ קָטָן.	йеш лаh нéмеш катáн.	У неё есть маленькая веснушка.	Глаголы	נֶמֶשׁ
738	MALE	3-е лицо м.р. (הוא / דוד)	s_2bbabb18a4fd.mp3	הוּא מַגִּיעַ הַבַּיְתָה בָּעֶרֶב.	hу магíа hабáйта баъéрев.	Он приходит домой вечером.	Глаголы	לְהַגִּיעַ
739	MALE	3-е лицо м.р. (הוא / דוד)	s_4e6f8c549d5c.mp3	הוּא מַצְלִיחַ בַּמִּבְחָן הַקָּשֶׁה.	hу мацлíах бамивхáн hакашэ́.	Он успешно сдаёт трудный экзамен.	Глаголы	לְהַצְלִיחַ
740	MALE	3-е лицо м.р. (הוא / דוד)	s_dd9c38634ffd.mp3	הוּא מִתְרַגֵּשׁ לִפְנֵי הַמִּבְחָן.	hу митрагéш лифнéй hамивхáн.	Он волнуется перед экзаменом.	Глаголы	לְהִתְרַגֵּשׁ
741	FEMALE	Нейтральные / Безличные	s_ef2c09c80a8b.mp3	דָּנִי מִתְחַתֵּן עִם שָׂרָה.	дáни митхатéн им сарá.	Дани женится на Саре.	Глаголы	לְהִתְחַתֵּן
742	MALE	3-е лицо м.р. (הוא / דוד)	s_5a4d1b441a5b.mp3	הוּא מִשְׁתַּדֵּל לְהַגִּיעַ בִּזְמַן.	hу миштадéль леhагíа бизмáн.	Он старается приходить вовремя.	Глаголы	לְהִשְׁתַּדֵּל
743	MALE	3-е лицо м.р. (הוא / דוד)	s_55e469eed23b.mp3	הוּא מִצְטָרֵךְ לָלֶכֶת עַכְשָׁו.	hу митстарéх лалéхет ахшáв.	Он вынужден идти сейчас.	Глаголы	לְהִצְטָרֵךְ
744	MALE	3-е лицо м.р. (הוא / דוד)	s_f8c1bdc65e40.mp3	הוּא מְתַרְגֵּל עִבְרִית הַיּוֹם.	hу метаргéль иврíт hайóм.	Он тренирует иврит сегодня.	Глаголы	לְתַרְגֵּל
745	MALE	3-е лицо м.р. (הוא / דוד)	s_0ffd3c38fb38.mp3	הוּא מִשְׁתַּמֵּשׁ בַּמַּחְשֵׁב הַזֶּה.	hу миштамéш бамахшэ́в hазэ́.	Он пользуется этим компьютером.	Глаголы	לְהִשְׁתַּמֵּשׁ
746	MALE	3-е лицо м.р. (הוא / דוד)	s_e3c40c93be8a.mp3	הוּא מִתְרַעְנֵן בַּמַּיִם הַקָּרִים.	hу митраънéн ба-мáйим hакарíм.	Он освежается в холодной воде.	Глаголы	לְהִתְרַעְנֵן
747	MALE	3-е лицо м.р. (הוא / דוד)	s_3392d8b5eb94.mp3	הוּא חוֹסֵךְ כֶּסֶף לְדִירָה.	hу хосéх кéсеф ледирá.	Он копит деньги на квартиру.	Глаголы	לַחֲסֹךְ
748	FEMALE	Нейтральные / Безличные	s_82bed8b148ad.mp3	הַבַּנְק נִסְגָּר בְּאַרְבַּע הַיּוֹם.	hабáнк нисгáр беáрба hайóм.	Банк закрывается в четыре сегодня.	Глаголы	לְהִסָּגֵר
749	FEMALE	Нейтральные / Безличные	s_ea4d93e72af6.mp3	הַקַּנְיוֹן נִפְתָּח בְּתֵשַׁע בַּבּוֹקֶר.	hаканьóн нифтáх бетéша бабóкер.	Торговый центр открывается в девять утра.	Глаголы	לְהִפָּתֵחַ
750	FEMALE	Нейтральные / Безличные	s_c68add321d5c.mp3	הַמִּכְתָּב נִכְתָּב בְּעִבְרִית עַכְשָׁו.	hамихтáв нихтáв беиврíт ахшáв.	Письмо пишется на иврите сейчас.	Глаголы	לְהִכָּתֵב
751	FEMALE	Нейтральные / Безличные	s_8b1a52919bfa.mp3	הַחַלּוֹן נִשְׁבָּר מֵהָרוּחַ הַחֲזָקָה.	hахалóн нишбáр меhарýах hахазакá.	Окно разбивается от сильного ветра.	Глаголы	לְהִשָּׁבֵר
752	FEMALE	Нейтральные / Безличные	s_12ba197be536.mp3	הַסֵּפֶר נִמְצָא עַל הַשּׁוּלְחָן.	hасéфер нимцá аль hашульхáн.	Книга находится на столе.	Глаголы	לְהִמָּצֵא
753	MALE	3-е лицо м.р. (הוא / דוד)	s_011d5d94e7f8.mp3	הוּא נִשְׁאָר בַּבַּיִת הַיּוֹם.	hу нишъáр бабáит hайóм.	Он остаётся дома сегодня.	Глаголы	לְהִשָּׁאֵר
754	FEMALE	Нейтральные / Безличные	s_e21636eaf408.mp3	הַסֶּרֶט נִגְמָר בְּעוֹד שָׁעָה.	hасéрет нигмáр беъóд шаъá.	Фильм заканчивается через час.	Глаголы	לְהִגָּמֵר
755	FEMALE	Нейтральные / Безличные	s_91ae61c7cacb.mp3	הַבַּיִת נִמְכָּר בִּמְחִיר טוֹב.	hабáит нимкáр бимхíр тов.	Дом продаётся по хорошей цене.	Глаголы	לְהִמָּכֵר
756	MALE	3-е лицо м.р. (הוא / דוד)	s_ecdcbbbc498e.mp3	הוּא נִזְכָּר בַּשֵּׁם שֶׁלָּהּ.	hу низкáр ба-шем шелá.	Он вспоминает её имя.	Глаголы	לְהִזָּכֵר
757	MALE	1-е лицо м.р. (אני רוצה)	s_8b3640dedbca.mp3	אֲנִי נִזְהָר מֵהַכֶּלֶב הַזֶּה.	анӣ низháр ме-hа-кéлев hа-зэ́.	Я остерегаюсь этой собаки.	Глаголы	לְהִזָּהֵר
758	FEMALE	Женская форма (адаптация 1/2 л.)	s_8b3640dedbca_f.mp3	אֲנִי נִזְהֶרֶת מֵהַכֶּלֶב הַזֶּה.	анӣ низhе́рет ме-hа-кéлев hа-зэ́.	Я остерегаюсь этой собаки.	Глаголы	לְהִזָּהֵר
759	MALE	3-е лицо м.р. (הוא / דוד)	s_372ccc96f825.mp3	הוּא נִכְנָס לַחֶדֶר הַגָּדוֹל.	hу нихнáс ла-хéдер hа-гадóль.	Он входит в большую комнату.	Глаголы	לְהִכָּנֵס
760	FEMALE	Нейтральные / Безличные	s_384e459e77c6.mp3	הַכֶּסֶף נֶעֱלָם מֵהַשּׁוּלְחָן.	hа-кéсеф неълáм ме-hа-шульхáн.	Деньги исчезают со стола.	Глаголы	הֶעֱלֵם
761	MALE	3-е лицо м.р. (הוא / דוד)	s_ae2fd16513e1.mp3	דָּוִד נִרְגָּע מַהֵר מְאוֹד.	давӣ́д ниргá маhéр меóд.	Давид успокаивается очень быстро.	Глаголы	לְהֵרָגֵעַ
762	MALE	3-е лицо м.р. (הוא / דוד)	s_d141f7ca4704.mp3	דָּוִד מַחְלִיט לִקְנוֹת דִּירָה.	давӣ́д махлӣ́т ликнóт дирá.	Давид решает купить квартиру.	Глаголы	לְהַחְלִיט
763	MALE	1-е лицо м.р. (אני רוצה)	s_cc85f8a9a875.mp3	אֲנִי סוֹמֵךְ עָלֶיךָ תָּמִיד.	анӣ сомéх алéха тамӣ́д.	Я всегда полагаюсь на тебя.	Глаголы	לִסְמֹךְ
764	FEMALE	Женская форма (адаптация 1/2 л.)	s_cc85f8a9a875_f.mp3	אֲנִי סוֹמֶכֶת עָלֶיךָ תָּמִיד.	анӣ соме́хет алéха тамӣ́д.	Я всегда полагаюсь на тебя.	Глаголы	לִסְמֹךְ
765	FEMALE	Нейтральные / Безличные	s_1778a4654fe5.mp3	הָרֶכֶב מִתְקָרֵב אֶל הַתַּחֲנָה.	hа-рéхев миткарéв эль hа-таханá.	Машина приближается к остановке.	Глаголы	לְהִתְקָרֵב
766	MALE	3-е лицо м.р. (הוא / דוד)	s_4b19e1408314.mp3	הוּא מַשְׁוֶה אֶת הַמְּחִירִים.	hу машвэ́ эт hа-мехирúм.	Он сравнивает цены.	Глаголы	לְהַשְׁווֹת
767	MALE	3-е лицо м.р. (הוא / דוד)	s_93c4c995526e.mp3	הוּא מְמַחְזֵר בַּקְבּוּקֵי פְּלַסְטִיק.	hу мемахзéр бакбукéй плáстик.	Он перерабатывает пластиковые бутылки.	Глаголы	לְמַחְזֵר
768	MALE	3-е лицо м.р. (הוא / דוד)	s_5ee81be3c924.mp3	הוּא מַצְבִּיעַ בַּבְּחִירוֹת הַיּוֹם.	hу мацбúа ба-бхирóт hайóм.	Он голосует на выборах сегодня.	Глаголы	לְהַצְבִּיעַ
769	MALE	3-е лицо м.р. (הוא / דוד)	s_e0c629cbb226.mp3	הוּא מִתְגַּיֵּס לְצַהַ"ל מָחָר.	hу митгайéс ле-Цáхаль махáр.	Он призывается в ЦАХАЛ завтра.	Глаголы	לְהִתְגַּיֵּס
770	MALE	3-е лицо м.р. (הוא / דוד)	s_ec67ff5c2c2a.mp3	הוּא חוֹפֵר בּוֹר בַּגִּינָּה.	hу хофéр бор ба-гинá.	Он копает яму в саду.	Глаголы	לַחְפֹּר
771	MALE	3-е лицо м.р. (הוא / דוד)	s_9675a4513043.mp3	הוּא נִרְשָׁם לַקּוּרְס הַיּוֹם.	hу ниршáм ла-курс hайóм.	Он записывается на курс сегодня.	Глаголы	לְהֵרָשֵׁם
772	MALE	3-е лицо м.р. (הוא / דוד)	s_95ff99f54ea5.mp3	הוּא תּוֹרֵם כֶּסֶף לַקְּשִׁישִׁים.	hу торéм кэ́сеф ла-кешишúм.	Он жертвует деньги пожилым людям.	Глаголы	לִתְרֹם
773	MALE	3-е лицо м.р. (הוא / דוד)	s_1156731260e0.mp3	הוּא מְשַׁכְנֵעַ אֶת הַחֲבֵרִים.	hу мешахнэ́а эт hа-хаверúм.	Он убеждает друзей.	Глаголы	לְשַׁכְנֵעַ
774	MALE	3-е лицо м.р. (הוא / דוד)	s_d04ee39e2874.mp3	הוּא מַבִּיעַ דֵּעָה בַּדִּיּוּן.	hу мабúа дэá ба-дийýн.	Он высказывает мнение на обсуждении.	Глаголы	לְהַבִּיעַ
775	FEMALE	Нейтральные / Безличные	s_fcf7e65c280e.mp3	הַמִּפְעָל מַתְפִּיל מֵי יָם.	hа-мифъáль матпúль мэй ям.	Завод опресняет морскую воду.	Глаголы	לְהַתְפִּיל
776	FEMALE	Нейтральные / Безличные	s_68dd1e36d1d5.mp3	הַמַּדְּעָן חוֹקֵר אֶת הַנּוֹשֵׂא.	hа-мадъáн хокéр эт hа-носэ́.	Учёный исследует эту тему.	Глаголы	לַחְקֹר
777	MALE	3-е лицо м.р. (הוא / דוד)	s_fbf5a04bbdb8.mp3	הוּא חוֹלֵק עַל דַּעְתּוֹ.	hу холéк аль даатó.	Он оспаривает его мнение.	Глаголы	לַחֲלֹק
778	MALE	3-е лицо м.р. (הוא / דוד)	s_47594082abcc.mp3	הוּא מְפַעְנֵחַ אֶת הַקּוֹד.	hу мефаънéах эт hа-код.	Он расшифровывает код.	Глаголы	לְפַעְנֵחַ
779	MALE	3-е лицо м.р. (הוא / דוד)	s_5fa31d815d0b.mp3	הוּא מְסַכֵּם אֶת הַמַּאֲמָר.	hу месакéм эт hа-маамáр.	Он резюмирует статью.	Глаголы	לְסַכֵּם
780	FEMALE	Нейтральные / Безличные	s_3c30e85458b9.mp3	הָאוּלְפָּן קוֹלֵט עוֹלִים חֲדָשִׁים.	hа-ульпáн колéт олúм хадашúм.	Ульпан принимает новых репатриантов.	Глаголы	לִקְלֹט
781	FEMALE	Нейтральные / Безличные	s_720d077045ea.mp3	הַתַּלְמִיד מַטֶּה אֶת הַפּוֹעַל.	hа-тальмúд матэ́ эт hа-пóаль.	Ученик спрягает глагол.	Глаголы	לְהַטּוֹת
782	MALE	3-е лицо м.р. (הוא / דוד)	s_88411e74620b.mp3	הוּא רָץ כָּל בֹּקֶר.	hу рац коль бóкер.	Он бегает каждое утро.	Глаголы	לָרוּץ
783	MALE	1-е лицо м.р. (אני רוצה)	s_4af2c2d6f333.mp3	אֲנִי מְסַדֵּר אֶת הַחֶדֶר.	анӣ́ месадэ́р эт hа-хéдер.	Я навожу порядок в комнате.	Глаголы	לְסַדֵּר
784	FEMALE	Женская форма (адаптация 1/2 л.)	s_4af2c2d6f333_f.mp3	אֲנִי מְסַדֶּרֶת אֶת הַחֶדֶר.	анӣ́ месаде́рет эт hа-хéдер.	Я навожу порядок в комнате.	Глаголы	לְסַדֵּר
785	FEMALE	Нейтральные / Безличные	s_beab7fe85f6c.mp3	סַבָּא מְסַפֵּר סִפּוּר מְעַנְיֵן.	сáба месапэ́р сипýр меаньéн.	Дедушка рассказывает интересную историю.	Глаголы	לְסַפֵּר
786	FEMALE	Нейтральные / Безличные	s_1fbcca9afd4e.mp3	הַבַּנְק נִפְתָּח עַכְשָׁיו.	hа-банк нифтáх ахшáв.	Банк открывается сейчас.	Глаголы	לְהִפָּתֵחַ
787	FEMALE	Нейтральные / Безличные	s_0f16dc5a70ea.mp3	מָה הַשֵּׁם שֶׁלְּךָ?	ма hа-шем шельхá?	Как тебя зовут? (досл. Каково твоё имя?)	Существительные	שֵׁם
788	FEMALE	Нейтральные / Безличные	s_375a01d4f233.mp3	הַיּוֹם יוֹם יָפֶה מְאֹד.	hа-йом йом яфэ́ меóд.	Сегодня очень красивый день.	Существительные	יוֹם
789	MALE	1-е лицо м.р. (אני רוצה)	s_9ea05c72a19e.mp3	אֲנִי שׁוֹתֶה תֵּה בַּבֹּקֶר.	анӣ шотэ́ тэ ба-бóкер.	Я пью чай утром.	Существительные	בֹּקֶר
790	FEMALE	Женская форма (адаптация 1/2 л.)	s_9ea05c72a19e_f.mp3	אֲנִי שׁוֹתָה תֵּה בַּבֹּקֶר.	анӣ шота́ тэ ба-бóкер.	Я пью чай утром.	Существительные	בֹּקֶר
791	MALE	3-е лицо м.р. (הוא / דוד)	s_396bd5432b82.mp3	דָּוִד בַּבַּיִת בָּעֶרֶב.	Давӣд ба-бáит ба-э́рев.	Давид дома вечером.	Существительные	עֶרֶב
792	FEMALE	Нейтральные / Безличные	s_f4ed326a821f.mp3	לַיְלָה טוֹב לְכוּלָּם.	лáйла тов ле-хулáм.	Доброй ночи всем.	Существительные	לַיְלָה
793	MALE	1-е лицо м.р. (אני רוצה)	s_06c76a71e03c.mp3	אֲנִי רוֹצֶה קָפֶה חַם.	анӣ роцэ́ кафэ́ хам.	Я хочу горячий кофе.	Существительные	קָפֶה
794	FEMALE	Женская форма (адаптация 1/2 л.)	s_06c76a71e03c_f.mp3	אֲנִי רוֹצָה קָפֶה חַם.	анӣ роца́ кафэ́ хам.	Я хочу горячий кофе.	Существительные	קָפֶה
795	MALE	3-е лицо м.р. (הוא / דוד)	s_452c0ecb28cd.mp3	הוּא שׁוֹתֶה תֵּה בַּבֹּקֶר.	hу шотэ́ тэ ба-бóкер.	Он пьёт чай утром.	Существительные	תֵּה
796	FEMALE	Нейтральные / Безличные	s_c8f6720fa6a8.mp3	יֵשׁ פֹּה מַיִם קָרִים.	йеш по мáйим карӣ́м.	Здесь есть холодная вода.	Существительные	מַיִם
797	MALE	1-е лицо м.р. (אני רוצה)	s_e53a45a7c193.mp3	אֲנִי רוֹצֶה קָפֶה עִם חָלָב.	анӣ роцэ́ кафэ́ им халáв.	Я хочу кофе с молоком.	Существительные	חָלָב
798	FEMALE	Женская форма (адаптация 1/2 л.)	s_e53a45a7c193_f.mp3	אֲנִי רוֹצָה קָפֶה עִם חָלָב.	анӣ роца́ кафэ́ им халáв.	Я хочу кофе с молоком.	Существительные	חָלָב
799	MALE	2-е лицо м.р. (אתה יודע)	s_af01eacf41b6.mp3	אַתָּה רוֹצֶה סוּכָּר בַּתֵּה?	атá роцэ́ сукáр ба-тэ?	Ты хочешь сахар в чай?	Существительные	סוּכָּר
800	FEMALE	Женская форма (адаптация 1/2 л.)	s_af01eacf41b6_f.mp3	אַתְּ רוֹצָה סוֹכֶרֶת בַּתֵּה?	ат роца́ сукáр ба-тэ?	Ты хочешь сахар в чай?	Существительные	סוּכָּר
801	FEMALE	Нейтральные / Безличные	s_c5093355c7e5.mp3	זֹאת עוּגָה טְעִימָה מְאֹד.	зот угá теимá меóд.	Это очень вкусный пирог.	Существительные	עוּגָה
802	MALE	3-е лицо м.р. (הוא / דוד)	s_8f000e28feb2.mp3	דָּוִד אוֹכֵל קְרוּאָסוֹן בַּקָּפֶה.	Давӣд охéль круасóн ба-кафэ́.	Давид ест круассан в кафе.	Существительные	קְרוּאָסוֹן
803	FEMALE	Нейтральные / Безличные	s_2c1cb05678b7.mp3	אֶפְשָׁר חֶשְׁבּוֹן, בְּבַקָּשָׁה?	эфшáр хешбóн, бевакашá?	Можно счёт, пожалуйста?	Существительные	חֶשְׁבּוֹן
804	FEMALE	Нейтральные / Безличные	s_5c41ff550f25.mp3	תֵּל אָבִיב זֹאת עִיר יָפָה.	Тель Авӣв зот ир яфá.	Тель-Авив — это красивый город.	Существительные	עִיר
805	FEMALE	Нейтральные / Безличные	s_44fff0c3b0e0.mp3	יִשְׂרָאֵל מְדִינָה קְטַנָּה.	Исраэ́ль мединá ктанá.	Израиль — маленькая страна.	Существительные	מְדִינָה
806	MALE	1-е лицо м.р. (אני רוצה)	s_e7060303dbfa.mp3	אֲנִי גָּר בְּיִשְׂרָאֵל עַכְשָׁו.	анӣ гар бе-Исраэ́ль ахшáв.	Я живу в Израиле сейчас.	Существительные	יִשְׂרָאֵל
807	FEMALE	Женская форма (адаптация 1/2 л.)	s_e7060303dbfa_f.mp3	אֲנִי גָּרָה בְּיִשְׂרָאֵל עַכְשָׁו.	анӣ гара́ бе-Исраэ́ль ахшáв.	Я живу в Израиле сейчас.	Существительные	יִשְׂרָאֵל
808	MALE	1-е лицо м.р. (אני רוצה)	s_a53fd2f99df0.mp3	אֲנִי מְדַבֵּר עִבְרִית בָּאוּלְפָּן.	анӣ медабéр иврӣ́т ба-ульпáн.	Я говорю на иврите в ульпане.	Существительные	עִבְרִית
809	FEMALE	Женская форма (адаптация 1/2 л.)	s_a53fd2f99df0_f.mp3	אֲנִי מְדַבֶּרֶת עִבְרִית בָּאוּלְפָּן.	анӣ медабе́рет иврӣ́т ба-ульпáн.	Я говорю на иврите в ульпане.	Существительные	עִבְרִית
810	FEMALE	3-е лицо ж.р. (היא / שרה)	s_36074bc1dd4d.mp3	הִיא מְדַבֶּרֶת רוּסִית בַּבַּיִת.	hи медабéрет русӣ́т ба-бáит.	Она говорит по-русски дома.	Существительные	רוּסִית
811	MALE	2-е лицо м.р. (אתה יודע)	s_1e28d88d954a.mp3	אַתָּה מֵבִין אַנְגְּלִית טוֹב?	атá мевӣ́н англӣ́т тов?	Ты хорошо понимаешь по-английски?	Существительные	אַנְגְּלִית
812	FEMALE	Женская форма (адаптация 1/2 л.)	s_1e28d88d954a_f.mp3	אַתְּ מְבַיֶּנֶת אַנְגְּלִית טוֹבָה?	ат мевӣ́н англӣ́т това́?	Ты хорошо понимаешь по-английски?	Существительные	אַנְגְּלִית
813	MALE	1-е лицо м.р. (אני רוצה)	s_e9c7127bfb1b.mp3	אֲנִי קוֹרֵא סֵפֶר טוֹב.	анӣ корé сéфер тов.	Я читаю хорошую книгу.	Существительные	סֵפֶר
814	FEMALE	Женская форма (адаптация 1/2 л.)	s_e9c7127bfb1b_f.mp3	אֲנִי קוֹרֵאת סֵפֶר טוֹב.	анӣ ко́рет сéфер тов.	Я читаю хорошую книгу.	Существительные	סֵפֶר
815	FEMALE	Нейтральные / Безличные	s_4e324573ce8d.mp3	יֵשׁ לִי מַחְבֶּרֶת חֲדָשָׁה.	йеш ли махбéрет хадашá.	У меня есть новая тетрадь.	Существительные	מַחְבֶּרֶת
816	FEMALE	Нейтральные / Безличные	s_1f11f086a1b2.mp3	אֶפְשָׁר עֵט, בְּבַקָּשָׁה?	эфшáр эт, бевакашá?	Можно ручку, пожалуйста?	Существительные	עֵט
817	FEMALE	Нейтральные / Безличные	s_7be786e4ef9d.mp3	הַסֵּפֶר עַל הַשּׁוּלְחָן.	hа-сéфер аль hа-шульхáн.	Книга на столе.	Существительные	שׁוּלְחָן
818	FEMALE	Нейтральные / Безличные	s_775a25faf92b.mp3	זֶה כִּסֵּא נוֹחַ מְאֹד.	зэ кисэ́ нóах меóд.	Это очень удобный стул.	Существительные	כִּסֵּא
819	MALE	3-е лицо м.р. (הוא / דוד)	s_a31c08cff3d3.mp3	דָּוִד תַּלְמִיד טוֹב בָּאוּלְפָּן.	Давӣд тальмӣ́д тов ба-ульпáн.	Давид — хороший ученик в ульпане.	Существительные	תַּלְמִיד
820	FEMALE	3-е лицо ж.р. (היא / שרה)	s_dbc7ad25a0dc.mp3	הַמּוֹרֶה מְדַבֵּר לְאַט בַּשִּׁעוּר.	hа-морé медабéр леáт ба-шиў́р.	Учитель говорит медленно на уроке.	Существительные	מוֹרֶה
821	MALE	1-е лицо м.р. (אני רוצה)	s_b3d6badc4e78.mp3	אֲנִי קוֹנֶה הַכֹּל בַּסּוּפֶּרְמַרְקֶט.	анӣ конé hакóль ба-су́пермаркет.	Я покупаю всё в супермаркете.	Существительные	סוּפֶּרְמַרְקֶט
822	FEMALE	Женская форма (адаптация 1/2 л.)	s_b3d6badc4e78_f.mp3	אֲנִי קוֹנָה הַכֹּל בַּסּוּפֶּרְמַרְקֶט.	анӣ кона́ hакóль ба-су́пермаркет.	Я покупаю всё в супермаркете.	Существительные	סוּפֶּרְמַרְקֶט
823	FEMALE	Нейтральные / Безличные	s_c28369f89d27.mp3	אֲנַחְנוּ הוֹלְכִים לַשּׁוּק הַיּוֹם.	анáхну hольхӣ́м ла-шук hа-йом.	Мы идём на рынок сегодня.	Существительные	שׁוּק
824	FEMALE	Нейтральные / Безличные	s_cd1a84a00d0a.mp3	כַּמָּה עוֹלוֹת הָעַגְבָנִיּוֹת הָאֵלֶּה?	кáма олóт hа-агванийóт hа-э́ле?	Сколько стоят эти помидоры?	Существительные	עַגְבָנִיָּה
825	MALE	1-е лицо м.р. (אני רוצה)	s_61382e66d759.mp3	אֲנִי רוֹצֶה קִילוֹ מְלָפְפוֹנִים.	анӣ роцэ́ кӣ́ло мелафефонӣ́м.	Я хочу килограмм огурцов.	Существительные	מְלָפְפוֹן
826	FEMALE	Женская форма (адаптация 1/2 л.)	s_61382e66d759_f.mp3	אֲנִי רוֹצָה קִילוֹ מְלָפְפוֹנִים.	анӣ роца́ кӣ́ло мелафефонӣ́м.	Я хочу килограмм огурцов.	Существительные	מְלָפְפוֹן
827	FEMALE	Нейтральные / Безличные	s_d5cc4f9ff049.mp3	יֵשׁ פֹּה לֶחֶם טָרִי?	йеш по лéхем тарӣ́?	Здесь есть свежий хлеб?	Существительные	לֶחֶם
828	FEMALE	3-е лицо ж.р. (היא / שרה)	s_6b835caec639.mp3	הִיא אוֹהֶבֶת גְּבִינָה טְעִימָה.	hи оhéвет гвинá теимá.	Она любит вкусный сыр.	Существительные	גְּבִינָה
829	FEMALE	Нейтральные / Безличные	s_efe368fdef5c.mp3	זֶה עוֹלֶה עֲשָׂרָה שְׁקָלִים.	зэ олé асарá шкалӣ́м.	Это стоит десять шекелей.	Существительные	שֶׁקֶל
830	MALE	1-е лицо м.р. (אני רוצה)	s_133858d67656.mp3	אֲנִי רוֹצֶה שְׁנֵי קִילוֹ תַּפּוּזִים.	анӣ роцэ́ шней кӣ́ло тапузӣ́м.	Я хочу два килограмма апельсинов.	Существительные	קִילוֹ
831	FEMALE	Женская форма (адаптация 1/2 л.)	s_133858d67656_f.mp3	אֲנִי רוֹצָה שְׁנֵי קִילוֹ תַּפּוּזִים.	анӣ роца́ шней кӣ́ло тапузӣ́м.	Я хочу два килограмма апельсинов.	Существительные	קִילוֹ
832	MALE	2-е лицо м.р. (אתה יודע)	s_56cb65008f64.mp3	אַתָּה רוֹצֶה שַׂקִּית גְּדוֹלָה?	атá роцэ́ сакӣ́т гдолá?	Ты хочешь большой пакет?	Существительные	שַׂקִּית
833	FEMALE	Женская форма (адаптация 1/2 л.)	s_56cb65008f64_f.mp3	אַתְּ רוֹצָה שַׂקִּית גְּדוֹלָה?	ат роца́ сакӣ́т гдолá?	Ты хочешь большой пакет?	Существительные	שַׂקִּית
834	FEMALE	Нейтральные / Безличные	s_3d36ee820bef.mp3	הַמּוֹכֵר עוֹזֵר לִי בַּחֲנוּת.	hа-мохéр озéр ли ба-ханýт.	Продавец помогает мне в магазине.	Существительные	מוֹכֵר
835	FEMALE	Нейтральные / Безличные	s_371936a20e59.mp3	יֵשׁ לִי מִשְׁפָּחָה גְּדוֹלָה.	йеш ли мишпахá гдолá.	У меня большая семья.	Существительные	מִשְׁפָּחָה
836	FEMALE	Нейтральные / Безличные	s_fd98c8af4bb0.mp3	אַבָּא שֶׁלִּי עוֹבֵד פֹּה.	áба шелӣ́ овéд по.	Мой папа работает здесь.	Существительные	אַבָּא
837	FEMALE	3-е лицо ж.р. (היא / שרה)	s_f41b1b9e6c47.mp3	אִמָּא שֶׁלִּי בַּבַּיִת עַכְשָׁו.	ӣ́ма шелӣ́ ба-бáит ахшáв.	Моя мама дома сейчас.	Существительные	אִמָּא
838	FEMALE	Нейтральные / Безличные	s_2a81f4bf497c.mp3	יֵשׁ לִי אָח אֶחָד.	йеш ли ах эхáд.	У меня есть один брат.	Существительные	אָח
839	FEMALE	Нейтральные / Безличные	s_26f655f58ad7.mp3	אָחוֹת שֶׁלִּי לוֹמֶדֶת בָּאוּלְפָּן.	ахóт шелӣ́ ломéдет ба-ульпáн.	Моя сестра учится в ульпане.	Существительные	אָחוֹת
840	FEMALE	Нейтральные / Безличные	s_b858775e9297.mp3	הַבֵּן שֶׁלּוֹ לוֹמֵד בְּבֵית סֵפֶר.	hа-бен шелó ломéд бе-вейт сéфер.	Его сын учится в школе.	Существительные	בֵּן
841	FEMALE	Нейтральные / Безличные	s_102e49b0479e.mp3	יֵשׁ לָהֶם בַּת קְטַנָּה.	йеш лаhéм бат ктанá.	У них есть маленькая дочь.	Существительные	בַּת
842	FEMALE	Нейтральные / Безличные	s_8528e7513600.mp3	סַבָּא שֶׁלִּי גָּר בִּירוּשָׁלַיִם.	сáба шелӣ́ гар би-Йерушалáим.	Мой дедушка живёт в Иерусалиме.	Существительные	סַבָּא
843	FEMALE	Нейтральные / Безличные	s_7c97e0344627.mp3	סָבְתָא מְבַשֶּׁלֶת מָרָק טָעִים.	сáвта мевашéлет марáк таӣ́м.	Бабушка готовит вкусный суп.	Существительные	סָבְתָא
844	MALE	3-е лицо м.р. (הוא / דוד)	s_8a3fcccf7af0.mp3	הַיֶּלֶד מְשַׂחֵק בַּחֶדֶר.	hа-йéлед месахéк ба-хéдер.	Мальчик играет в комнате.	Существительные	יֶלֶד
845	FEMALE	Нейтральные / Безличные	s_e66821d45236.mp3	זֹאת תְּמוּנָה יָפָה מְאֹד.	зот тмунá яфá меóд.	Это очень красивая фотография.	Существительные	תְּמוּנָה
846	FEMALE	Нейтральные / Безличные	s_f91926100278.mp3	הַיְּלָדִים הוֹלְכִים לְבֵית סֵפֶר.	hа-еладӣ́м hольхӣ́м ле-вейт сéфер.	Дети идут в школу.	Существительные	בֵּית סֵפֶר
847	MALE	3-е лицо м.р. (הוא / דוד)	s_f200c6f70ee7.mp3	דָּוִד קוֹנֶה בַּיִת חָדָשׁ.	Давӣд конé бáит хадáш.	Давид покупает новый дом.	Существительные	בַּיִת
848	FEMALE	Нейтральные / Безличные	s_923b0bd294c9.mp3	זֹאת דִּירָה יָפָה וּגְדוֹלָה.	зот дирá яфá у-гдолá.	Это красивая и большая квартира.	Существительные	דִּירָה
849	FEMALE	Нейтральные / Безличные	s_6554186cede9.mp3	יֵשׁ לִי חֶדֶר גָּדוֹל.	йеш ли хéдер гадóль.	У меня большая комната.	Существительные	חֶדֶר
850	FEMALE	Нейтральные / Безличные	s_b3989ac6d5f6.mp3	אֲנַחְנוּ יוֹשְׁבִים בַּסָּלוֹן עַכְשָׁו.	анáхну йошвӣ́м ба-салóн ахшáв.	Мы сидим в гостиной сейчас.	Существительные	סָלוֹן
851	FEMALE	3-е лицо ж.р. (היא / שרה)	s_2907fb9b20df.mp3	אִמָּא מְבַשֶּׁלֶת בַּמִּטְבָּח עַכְשָׁו.	ӣ́ма мевашéлет ба-митбáх ахшáв.	Мама готовит на кухне сейчас.	Существительные	מִטְבָּח
852	FEMALE	Нейтральные / Безличные	s_f484cd5a8887.mp3	זֹאת מִיטָּה נוֹחָה מְאֹד.	зот митá нóха меóд.	Это очень удобная кровать.	Существительные	מִיטָּה
853	FEMALE	Нейтральные / Безличные	s_3ccf2df8e730.mp3	הַבְּגָדִים שֶׁלִּי בָּאָרוֹן.	hа-бгадӣ́м шелӣ́ ба-арóн.	Моя одежда в шкафу.	Существительные	אָרוֹן
854	FEMALE	Нейтральные / Безличные	s_429b9e74f35c.mp3	הֶחָלָב נִמְצָא בַּמְּקָרֵר.	hе-халáв нимцá ба-мекарéр.	Молоко находится в холодильнике.	Существительные	מְקָרֵר
855	FEMALE	Нейтральные / Безличные	s_e98eb56caaec.mp3	אֶפְשָׁר לִפְתֹּחַ אֶת הַחַלּוֹן?	эфшáр лифтóах эт hа-халóн?	Можно открыть окно?	Существительные	חַלּוֹן
856	MALE	1-е лицо м.р. (אני רוצה)	s_2bf79aa69c33.mp3	אֲנִי כּוֹתֵב מִכְתָּב לַחֲבֵר.	анӣ котéв михтáв ла-хавéр.	Я пишу письмо другу.	Существительные	מִכְתָּב
857	FEMALE	Женская форма (адаптация 1/2 л.)	s_2bf79aa69c33_f.mp3	אֲנִי כּוֹתֶבֶת מִכְתָּב לַחֲבֵר.	анӣ коте́вет михтáв ла-хавéр.	Я пишу письмо другу.	Существительные	מִכְתָּב
858	FEMALE	Нейтральные / Безличные	s_593913092614.mp3	יֵשׁ לִי עֲבוֹדָה מְעַנְיֶנֶת.	йеш ли аводá меаньéнет.	У меня интересная работа.	Существительные	עֲבוֹדָה
859	FEMALE	Нейтральные / Безличные	s_6c9ad7d79426.mp3	אֲנַחְנוּ לוֹמְדִים בָּאוּלְפָּן הַיּוֹם.	анáхну ломдӣ́м ба-ульпáн hа-йом.	Мы учимся в ульпане сегодня.	Существительные	אוּלְפָּן
860	MALE	3-е лицо м.р. (הוא / דוד)	s_d33862ef0749.mp3	הוּא שׁוֹמֵעַ מוּזִיקָה טוֹבָה.	hу шомéа му́зика товá.	Он слушает хорошую музыку.	Существительные	מוּזִיקָה
861	FEMALE	Нейтральные / Безличные	s_af2ae21c5b81.mp3	מָה הַשָּׁעָה עַכְשָׁו?	ма hа-шаá ахшáв?	Который сейчас час?	Существительные	שָׁעָה
862	FEMALE	Нейтральные / Безличные	s_bc245dcd8064.mp3	רַק דַּקָּה אַחַת, בְּבַקָּשָׁה.	рак дакá ахáт, бевакашá.	Только одну минуту, пожалуйста.	Существительные	דַּקָּה
863	MALE	1-е лицо м.р. (אני רוצה)	s_4ed13796d2e1.mp3	אֲנִי אוֹכֵל בַּצָּהֳרַיִּים.	анӣ охéль ба-цоhорáим.	Я ем в обеденное время.	Существительные	צָהֳרַיִּים
864	FEMALE	Женская форма (адаптация 1/2 л.)	s_4ed13796d2e1_f.mp3	אֲנִי אוֹכֶלֶת בַּצָּהֳרַיִּים.	анӣ охе́лет ба-цоhорáим.	Я ем в обеденное время.	Существительные	צָהֳרַיִּים
865	MALE	1-е лицо м.р. (אני רוצה)	s_ed31a8dc8bc8.mp3	אֲנִי אוֹכֵל אֲרוּחַת בֹּקֶר.	анӣ охéль арухáт бóкер.	Я ем завтрак.	Существительные	אֲרוּחַת בֹּקֶר
866	FEMALE	Женская форма (адаптация 1/2 л.)	s_ed31a8dc8bc8_f.mp3	אֲנִי אוֹכֶלֶת אֲרוּחַת בֹּקֶר.	анӣ охе́лет арухáт бóкер.	Я ем завтрак.	Существительные	אֲרוּחַת בֹּקֶר
867	FEMALE	Нейтральные / Безличные	s_92aaecc98331.mp3	זֹאת אֲרוּחַת עֶרֶב טְעִימָה.	зот арухáт э́рев теимá.	Это вкусный ужин.	Существительные	אֲרוּחַת עֶרֶב
868	MALE	1-е лицо м.р. (אני רוצה)	s_4c0e1866b168.mp3	אֲנִי נוֹסֵעַ בְּאוֹטוֹבּוּס לָעֲבוֹדָה.	анӣ носéа бе-óтобус ла-аводá.	Я еду на автобусе на работу.	Существительные	אוֹטוֹבּוּס
869	FEMALE	Женская форма (адаптация 1/2 л.)	s_4c0e1866b168_f.mp3	אֲנִי נוֹסַעַת בְּאוֹטוֹבּוּס לָעֲבוֹדָה.	анӣ носа́ат бе-óтобус ла-аводá.	Я еду на автобусе на работу.	Существительные	אוֹטוֹבּוּס
870	FEMALE	Нейтральные / Безличные	s_f3fb7fbba22f.mp3	הָרַכֶּבֶת מַגִּיעָה בַּזְּמַן.	hа-ракéвет магӣ́а ба-змáн.	Поезд прибывает вовремя.	Существительные	רַכֶּבֶת
871	FEMALE	Нейтральные / Безличные	s_d8137de61b95.mp3	אֲנַחְנוּ לוֹקְחִים מוֹנִית לַתַּחֲנָה.	анáхну локхӣ́м монӣ́т ла-таханá.	Мы берём такси до остановки.	Существительные	מוֹנִית
872	FEMALE	Нейтральные / Безличные	s_9b53105fb6ba.mp3	אֵיפֹה הַתַּחֲנָה שֶׁל הָאוֹטוֹבּוּס?	э́йфо hа-таханá шель hа-óтобус?	Где автобусная остановка?	Существительные	תַּחֲנָה
873	FEMALE	Нейтральные / Безличные	s_1c1c2107dff6.mp3	הָאוֹטוֹבּוּס נוֹסֵעַ לַתַּחֲנָה הַמֶּרְכָּזִית.	hа-óтобус носéа ла-таханá hа-мерказӣ́т.	Автобус едет на центральную автостанцию.	Существительные	תַּחֲנָה מֶרְכָּזִית
874	FEMALE	Нейтральные / Безличные	s_29a97b4243c3.mp3	זֶה רְחוֹב שָׁקֵט מְאֹד.	зэ рехóв шакéт меóд.	Это очень тихая улица.	Существительные	רְחוֹב
875	FEMALE	Нейтральные / Безличные	s_0c1f47f7c1c6.mp3	אֶפְשָׁר כַּרְטִיס אֶחָד, בְּבַקָּשָׁה?	эфшáр картӣ́с эхáд, бевакашá?	Можно один билет, пожалуйста?	Существительные	כַּרְטִיס
876	MALE	1-е лицо м.р. (אני רוצה)	s_e793e4f6682c.mp3	אֲנִי קוֹנֶה קִילוֹ בָּצָל.	анӣ конэ́ кӣло бацáль.	Я покупаю килограмм лука.	Существительные	בָּצָל
877	FEMALE	Женская форма (адаптация 1/2 л.)	s_e793e4f6682c_f.mp3	אֲנִי קוֹנָה קִילוֹ בָּצָל.	анӣ кона́ кӣло бацáль.	Я покупаю килограмм лука.	Существительные	בָּצָל
878	MALE	1-е лицо м.р. (אני רוצה)	s_e41ed3227772.mp3	אֲנִי רוֹצֶה שׁוּם טָרִי.	анӣ роцэ́ шум тарӣ́.	Я хочу свежий чеснок.	Существительные	שׁוּם
879	FEMALE	Женская форма (адаптация 1/2 л.)	s_e41ed3227772_f.mp3	אֲנִי רוֹצָה שׁוּם טָרִי.	анӣ роца́ шум тарӣ́.	Я хочу свежий чеснок.	Существительные	שׁוּם
880	FEMALE	Нейтральные / Безличные	s_9834dbd1f7c7.mp3	יֵשׁ פֹּה תַּפּוּחַ אֲדָמָה.	йеш по тапӯ́ах адамá.	Здесь есть картофель.	Существительные	תַּפּוּחַ אֲדָמָה
881	FEMALE	Нейтральные / Безличные	s_92c7aabba30d.mp3	הַתַּפּוּחַ הַזֶּה מָתוֹק מְאֹד.	hа-тапӯ́ах hа-зэ матóк меóд.	Это яблоко очень сладкое.	Существительные	תַּפּוּחַ
882	FEMALE	Нейтральные / Безличные	s_2bfb102e6b14.mp3	הַבַּנָּנָה הַזֹּאת מְתוּקָה מְאֹד.	hа-банáна hа-зот мэтукá меóд.	Этот банан очень сладкий.	Существительные	בַּנָּנָה
883	MALE	1-е лицо м.р. (אני רוצה)	s_2d369f8262fa.mp3	אֲנִי שׁוֹתֶה מִיץ תַּפּוּזִים.	анӣ шотэ́ миц тапузӣ́м.	Я пью апельсиновый сок.	Существительные	תַּפּוּז
884	FEMALE	Женская форма (адаптация 1/2 л.)	s_2d369f8262fa_f.mp3	אֲנִי שׁוֹתָה מִיץ תַּפּוּזִים.	анӣ шота́ миц тапузӣ́м.	Я пью апельсиновый сок.	Существительные	תַּפּוּז
885	FEMALE	Нейтральные / Безличные	s_0e727c0d550a.mp3	הָאַבַטִיחַ הַזֶּה מָתוֹק מְאֹד.	hа-аватӣ́ах hа-зэ матóк меóд.	Этот арбуз очень сладкий.	Существительные	אַבַטִיחַ
886	FEMALE	Нейтральные / Безличные	s_35a3b7a630c4.mp3	הָאַבוֹקָדוֹ בַּשּׁוּק טָרִי מְאֹד.	hа-авокáдо ба-шук тарӣ́ меóд.	Авокадо на рынке очень свежий.	Существительные	אַבוֹקָדוֹ
887	MALE	1-е лицо м.р. (אני רוצה)	s_917bae072f12.mp3	אֲנִי שָׂם גֶּזֶר בַּסָּלָט.	анӣ сам гéзер ба-салáт.	Я кладу морковь в салат.	Существительные	גֶּזֶר
888	FEMALE	Женская форма (адаптация 1/2 л.)	s_917bae072f12_f.mp3	אֲנִי שָׂמָה גֶּזֶר בַּסָּלָט.	анӣ сама́ гéзер ба-салáт.	Я кладу морковь в салат.	Существительные	גֶּזֶר
889	MALE	1-е лицо м.р. (אני רוצה)	s_0b859d18edc0.mp3	אֲנִי אוֹכֵל בֵּיצָה בַּבֹּקֶר.	анӣ охэ́ль бейцá ба-бóкер.	Я ем яйцо утром.	Существительные	בֵּיצָה
890	FEMALE	Женская форма (адаптация 1/2 л.)	s_0b859d18edc0_f.mp3	אֲנִי אוֹכֶלֶת בֵּיצָה בַּבֹּקֶר.	анӣ охе́лет бейцá ба-бóкер.	Я ем яйцо утром.	Существительные	בֵּיצָה
891	MALE	3-е лицо м.р. (הוא / דוד)	s_b6e9c78376eb.mp3	הוּא לֹא אוֹכֵל בָּשָׂר.	hу ло охэ́ль басáр.	Он не ест мясо.	Существительные	בָּשָׂר
892	MALE	1-е лицо м.р. (אני רוצה)	s_654283becd62.mp3	אֲנִי מַזְמִין מָרָק עוֹף.	анӣ мазмӣн марáк оф.	Я заказываю куриный суп.	Существительные	עוֹף
893	FEMALE	Женская форма (адаптация 1/2 л.)	s_654283becd62_f.mp3	אֲנִי מַזְמִינָה מָרָק עוֹף.	анӣ мазмина́ марáк оф.	Я заказываю куриный суп.	Существительные	עוֹף
894	FEMALE	Нейтральные / Безличные	s_4458a550d87d.mp3	יֵשׁ פֹּה דָּג טָרִי?	йеш по даг тарӣ́?	Здесь есть свежая рыба?	Существительные	דָּג
895	MALE	1-е лицо м.р. (אני רוצה)	s_e161d184c4d6.mp3	אֲנִי אוֹכֵל אוֹרֶז בַּצָּהֳרַיִם.	анӣ охэ́ль óрез ба-цоhорáйим.	Я ем рис в обед.	Существительные	אוֹרֶז
896	FEMALE	Женская форма (адаптация 1/2 л.)	s_e161d184c4d6_f.mp3	אֲנִי אוֹכֶלֶת אוֹרֶז בַּצָּהֳרַיִם.	анӣ охе́лет óрез ба-цоhорáйим.	Я ем рис в обед.	Существительные	אוֹרֶז
897	MALE	1-е лицо м.р. (אני רוצה)	s_844aa7aeffce.mp3	אֲנִי מַכִין סָלָט יִשְׂרְאֵלִי.	анӣ махӣн салáт исрээлӣ́.	Я готовлю израильский салат.	Существительные	סָלָט
898	FEMALE	Женская форма (адаптация 1/2 л.)	s_844aa7aeffce_f.mp3	אֲנִי מְכִינָה סָלָט יִשְׂרְאֵלִי.	анӣ махӣн салáт исрээлӣ́.	Я готовлю израильский салат.	Существительные	סָלָט
899	FEMALE	Нейтральные / Безличные	s_80dc8db8c74d.mp3	יֵשׁ פֹּה שֶׁמֶן זַיִת?	йеш по шéмен зáйит?	Здесь есть оливковое масло?	Существительные	שֶׁמֶן זַיִת
900	FEMALE	Нейтральные / Безличные	s_ea8ebe013182.mp3	אֶפְשָׁר קְצָת מֶלַח, בְּבַקָּשָׁה?	эфшáр кцат мéлах, бевакашá?	Можно немного соли, пожалуйста?	Существительные	מֶלַח
901	FEMALE	Нейтральные / Безличные	s_fea7c6275220.mp3	יֵשׁ פֹּה הֲנָחָה טוֹבָה.	йеш по hанахá товá.	Здесь есть хорошая скидка.	Существительные	הֲנָחָה
902	FEMALE	Нейтральные / Безличные	s_e663e46bfc50.mp3	יֵשׁ מִבְצָע גָּדוֹל בַּשּׁוּק.	йеш мивцá гадóль ба-шук.	На рынке большая акция.	Существительные	מִבְצָע
903	MALE	1-е лицо м.р. (אני רוצה)	s_99748ecc9bb6.mp3	אֲנִי רוֹצֶה קַבָּלָה, בְּבַקָּשָׁה.	анӣ роцэ́ кабалá, бевакашá.	Я хочу чек, пожалуйста.	Существительные	קַבָּלָה
904	FEMALE	Женская форма (адаптация 1/2 л.)	s_99748ecc9bb6_f.mp3	אֲנִי רוֹצָה קַבָּלָה, בְּבַקָּשָׁה.	анӣ роца́ кабалá, бевакашá.	Я хочу чек, пожалуйста.	Существительные	קַבָּלָה
905	FEMALE	Нейтральные / Безличные	s_ec5be1e166d3.mp3	סְלִיחָה, כַּמָּה זֶה עוֹלֶה?	слихá, кáма зэ олé?	Извините, сколько это стоит?	Существительные	כַּמָּה זֶה עוֹלֶה?
906	MALE	2-е лицо м.р. (אתה יודע)	s_df05644d3c37.mp3	אַתָּה רוֹצֶה עוֹד מַשֶּׁהוּ?	атá роцэ́ од мáшеhу?	Ты хочешь что-нибудь еще?	Существительные	עוֹד מַשֶּׁהוּ?
907	FEMALE	Женская форма (адаптация 1/2 л.)	s_df05644d3c37_f.mp3	אַתְּ רוֹצָה עוֹד מַשֶּׁהוּ?	ат роца́ од мáшеhу?	Ты хочешь что-нибудь еще?	Существительные	עוֹד מַשֶּׁהוּ?
908	FEMALE	Нейтральные / Безличные	s_57ed1e207ea9.mp3	זֹאת מִסְעָדָה טוֹבָה מְאוֹד.	зот мисадá товá меóд.	Это очень хороший ресторан.	Существительные	מִסְעָדָה
909	FEMALE	Нейтральные / Безличные	s_1682866f4630.mp3	הָאוֹכֶל כָּאן טָעִים מְאוֹד.	hа-óхель кан таӣм меóд.	Еда здесь очень вкусная.	Существительные	אוֹכֶל
910	FEMALE	Нейтральные / Безличные	s_38ab4bb56083.mp3	הַחוּמוּס הַזֶּה טָעִים מְאוֹד.	hа-хýмус hа-зэ таӣм меóд.	Этот хумус очень вкусный.	Существительные	חוּמוּס
911	FEMALE	Нейтральные / Безличные	s_5bd6702d45fc.mp3	הַפָלָאפֶל כָּאן טָעִים מְאוֹד.	hа-фалáфель кан таӣм меóд.	Фалафель здесь очень вкусный.	Существительные	פָלָאפֶל
912	FEMALE	Нейтральные / Безличные	s_dd9103e6910c.mp3	אֶפְשָׁר תַּפְרִיט, בְּבַקָּשָׁה?	эфшáр тафрӣт, бевакашá?	Можно меню, пожалуйста?	Существительные	תַּפְרִיט
913	FEMALE	Нейтральные / Безличные	s_77863838660e.mp3	הַיּוֹם מֶזֶג אֲוִויר נָעִים.	hа-йом мэ́зег авӣр наӣ́м.	Сегодня приятная погода.	Существительные	מֶזֶג אֲוִויר
914	FEMALE	Нейтральные / Безличные	s_a426802a7469.mp3	הַיּוֹם יוֹרֵד גֶּשֶׁם חָזָק.	hа-йом йорэ́д гэ́шем хазáк.	Сегодня идёт сильный дождь.	Существительные	גֶּשֶׁם
915	FEMALE	Нейтральные / Безличные	s_a3c2aa044022.mp3	הַשֶּׁמֶשׁ חַמָּה מְאוֹד הַיּוֹם.	hа-шэ́меш хамá меóд hа-йом.	Солнце сегодня очень жаркое.	Существительные	שֶׁמֶשׁ
916	FEMALE	Нейтральные / Безличные	s_cb5a9a3e52cd.mp3	הַיּוֹם יֵשׁ רוּחַ חֲזָקָה.	hа-йом йеш рýах хазакá.	Сегодня сильный ветер.	Существительные	רוּחַ
917	FEMALE	Нейтральные / Безличные	s_765eab54d372.mp3	הַקַּיִץ בְּיִשְׂרָאֵל חַם מְאוֹד.	hа-кáйиц бе-исраэ́ль хам меóд.	Лето в Израиле очень жаркое.	Существительные	קַיִץ
918	FEMALE	Нейтральные / Безличные	s_0f3bec44e780.mp3	הַחוֹרֶף פֹּה קַר מְאוֹד.	hа-хóреф по кар меóд.	Зима здесь очень холодная.	Существительные	חוֹרֶף
919	FEMALE	Нейтральные / Безличные	s_1beda241ec55.mp3	הָאָבִיב בְּיִשְׂרָאֵל יָפֶה מְאוֹד.	hа-авӣв бе-исраэ́ль яфэ́ меóд.	Весна в Израиле очень красивая.	Существительные	אָבִיב
920	FEMALE	Нейтральные / Безличные	s_0dd95d3b9348.mp3	הַסְּתָיו בְּיִשְׂרָאֵל נָעִים מְאוֹד.	hа-стáв бе-исраэ́ль наӣ́м меóд.	Осень в Израиле очень приятная.	Существительные	סְתָיו
921	FEMALE	Нейтральные / Безличные	s_8b5e09060b6d.mp3	זֶה בֶּגֶד יָפֶה מְאֹד.	зэ бэ́гед яфэ́ меóд.	Это очень красивая одежда.	Существительные	בֶּגֶד
922	FEMALE	Нейтральные / Безличные	s_0ac60fa1e249.mp3	הַחוּלְצָה הַזֹּאת יָפָה מְאֹד.	hа-хульцá hа-зот яфá меóд.	Эта рубашка очень красивая.	Существительные	חוּלְצָה
923	MALE	1-е лицо м.р. (אני רוצה)	s_1240f1c726de.mp3	אֲנִי לוֹבֵשׁ מִכְנָסַיִּים שְׁחוֹרִים.	анӣ ловэ́ш михнасáйим шхорӣ́м.	Я ношу чёрные брюки.	Существительные	מִכְנָסַיִּים
924	FEMALE	Женская форма (адаптация 1/2 л.)	s_1240f1c726de_f.mp3	אֲנִי לוֹבֶשֶׁת מִכְנָסַיִּים שְׁחוֹרִים.	анӣ лове́шет михнасáйим шхорӣ́м.	Я ношу чёрные брюки.	Существительные	מִכְנָסַיִּים
925	FEMALE	Нейтральные / Безличные	s_312978316e32.mp3	יֵשׁ לָהּ שִׂמְלָה אֲדוּמָּה.	йеш ла симлá адумá.	У неё есть красное платье.	Существительные	שִׂמְלָה
926	FEMALE	Нейтральные / Безличные	s_860236c3c0ba.mp3	הַנַּעֲלַיִּים הָאֵלֶּה נוֹחוֹת מְאֹד.	hа-наалáйим hа-э́ле нохóт меóд.	Эти туфли очень удобные.	Существительные	נַעֲלַיִּים
927	MALE	2-е лицо м.р. (אתה יודע)	s_c3e86164e1d2.mp3	אֵיזֶה צֶבַע אַתָּה אוֹהֵב?	э́йзе цэ́ва атá оhэ́в?	Какой цвет ты любишь?	Существительные	צֶבַע
928	FEMALE	Женская форма (адаптация 1/2 л.)	s_c3e86164e1d2_f.mp3	אֵיזֶה צֶבַע אַתְּ אוֹהֶבֶת?	э́йзе цэ́ва ат оhе́вет?	Какой цвет ты любишь?	Существительные	צֶבַע
929	FEMALE	2-е лицо ж.р. (את)	s_634d1fd87d9e.mp3	אֵיזוֹ מִידָּה אַתְּ צְרִיכָה?	э́йзо мидá ат цриха́?	Какой размер тебе нужен?	Существительные	מִידָּה
930	FEMALE	Нейтральные / Безличные	s_82ebeaa511c2.mp3	אֵיפֹה תָּא הַמְּדִידָה כָּאן?	э́йфо та hа-мэдидá кан?	Где здесь примерочная?	Существительные	תָּא מְדִידָה
931	MALE	1-е лицо м.р. (אני רוצה)	s_3bf3cafaed88.mp3	אֲנִי הוֹלֵךְ לָרוֹפֵא הַיּוֹם.	анӣ hолэ́х ла-рофэ́ hа-йом.	Я иду к врачу сегодня.	Существительные	רוֹפֵא
932	FEMALE	Женская форма (адаптация 1/2 л.)	s_3bf3cafaed88_f.mp3	אֲנִי הוֹלֶכֶת לָרוֹפֵא הַיּוֹם.	анӣ hоле́хет ла-рофэ́ hа-йом.	Я иду к врачу сегодня.	Существительные	רוֹפֵא
933	FEMALE	Нейтральные / Безличные	s_b3779971c23a.mp3	הַמִּרְפָּאָה פְּתוּחָה עַכְשָׁיו.	hа-мирпаá птухá ахшáв.	Поликлиника сейчас открыта.	Существительные	מִרְפָּאָה
934	FEMALE	Нейтральные / Безличные	s_c8abe189f0e3.mp3	אֵיפֹה קוּפַּת חוֹלִים שֶׁלְּךָ?	э́йфо купáт холӣ́м шельхá?	Где твоя больничная касса?	Существительные	קוּפַּת חוֹלִים
935	FEMALE	Нейтральные / Безличные	s_7fb3307d6dd9.mp3	כּוֹאֵב לִי הָרֹאשׁ מְאֹד.	коэ́в ли hа-рош меóд.	У меня очень болит голова.	Существительные	רֹאשׁ
936	FEMALE	Нейтральные / Безличные	s_88a60781ded9.mp3	כּוֹאֶבֶת לִי הַבֶּטֶן הַיּוֹם.	коэ́вет ли hа-бэ́тен hа-йом.	У меня сегодня болит живот.	Существительные	בֶּטֶן
937	FEMALE	Нейтральные / Безличные	s_2195c155909b.mp3	כּוֹאֵב לִי הַגָּרוֹן מְאֹד.	коэ́в ли hа-гарóн меóд.	У меня очень болит горло.	Существительные	גָּרוֹן
938	FEMALE	Нейтральные / Безличные	s_bdbc2e8aa361.mp3	יֵשׁ לִי חוֹם גָּבוֹהַּ.	йеш ли хом гавóаh.	У меня высокая температура.	Существительные	חוֹם
939	MALE	1-е лицо м.р. (אני רוצה)	s_efd4785025e3.mp3	אֲנִי לוֹקֵחַ תְּרוּפָה עַכְשָׁיו.	анӣ локéах труфá ахшáв.	Я принимаю лекарство сейчас.	Существительные	תְּרוּפָה
940	FEMALE	Женская форма (адаптация 1/2 л.)	s_efd4785025e3_f.mp3	אֲנִי לוֹקַחַת תְּרוּפָה עַכְשָׁיו.	анӣ лока́хат труфá ахшáв.	Я принимаю лекарство сейчас.	Существительные	תְּרוּפָה
941	FEMALE	Нейтральные / Безличные	s_b901700c59b4.mp3	אֵיפֹה יֵשׁ בֵּית מִרְקַחַת?	э́йфо йеш бэйт миркáхат?	Где есть аптека?	Существительные	בֵּית מִרְקַחַת
942	FEMALE	Нейтральные / Безличные	s_daafc344f5f9.mp3	זֶה הַיּוֹם-יוֹם שֶׁלָּנוּ פֹּה.	зэ hа-йом-йом шелáну по.	Это наша повседневная жизнь здесь.	Существительные	יוֹם-יוֹם
943	FEMALE	Нейтральные / Безличные	s_a80b66174424.mp3	זֶה הֶרְגֵּל טוֹב מְאֹד.	зэ hэргéль тов меóд.	Это очень хорошая привычка.	Существительные	הֶרְגֵּל
944	FEMALE	Нейтральные / Безличные	s_5a2c5e5c0212.mp3	זֶה סֵדֶר יוֹם טוֹב.	зэ сэ́дер йом тов.	Это хороший распорядок дня.	Существительные	סֵדֶר יוֹם
945	FEMALE	Нейтральные / Безличные	s_bd57d8b9587a.mp3	אֵין לִי זְמַן הַיּוֹם.	эйн ли зман hа-йом.	У меня нет времени сегодня.	Существительные	זְמַן
946	FEMALE	Нейтральные / Безличные	s_d5fa799f5976.mp3	יֵשׁ לִי הַרְבֵּה סַבְלָנוּת.	йеш ли hарбэ́ савланýт.	У меня много терпения.	Существительные	סַבְלָנוּת
947	FEMALE	Нейтральные / Безличные	s_e7241fa36f56.mp3	כַּמָּה כֶּסֶף יֵשׁ לְךָ?	кáма кэ́сеф йеш лехá?	Сколько денег у тебя есть?	Существительные	כֶּסֶף
948	FEMALE	Нейтральные / Безличные	s_b251c332eb12.mp3	יֵשׁ לָנוּ רֶכֶב חָדָשׁ.	йеш лáну рэ́хев хадáш.	У нас есть новая машина.	Существительные	רֶכֶב
949	FEMALE	Нейтральные / Безличные	s_78860c43fba6.mp3	יֵשׁ לְךָ דַּרְכּוֹן יִשְׂרְאֵלִי?	йеш лехá даркóн исрээлӣ́?	У тебя есть израильский загранпаспорт?	Существительные	דַּרְכּוֹן
950	FEMALE	Нейтральные / Безличные	s_387de6355d3c.mp3	יֵשׁ לִי תְּעוּדַת זֶהוּת.	йеш ли тэудáт зэhýт.	У меня есть удостоверение личности.	Существительные	תְּעוּדַת זֶהוּת
951	FEMALE	Нейтральные / Безличные	s_693b487aaa9f.mp3	יֵשׁ לִי שְׁאֵלָה טוֹבָה.	йеш ли шээлá товá.	У меня есть хороший вопрос.	Существительные	שְׁאֵלָה
952	FEMALE	Нейтральные / Безличные	s_dbdcc684fa73.mp3	זֹאת תְּשׁוּבָה נְכוֹנָה מְאֹד.	зот тшувá нэхонá меóд.	Это очень верный ответ.	Существительные	תְּשׁוּבָה
953	FEMALE	Нейтральные / Безличные	s_edd4dc764605.mp3	אֵין שׁוּם בְּעָיָה כָּאן.	эйн шум бэайá кан.	Здесь нет никакой проблемы.	Существительные	בְּעָיָה
954	FEMALE	Нейтральные / Безличные	s_0be941a5562a.mp3	זֶה מִקְצוֹעַ מְעַנְיֵן מְאֹד.	зэ микцóа меаньéн меóд.	Это очень интересная профессия.	Существительные	מִקְצוֹעַ
955	MALE	3-е лицо м.р. (הוא / דוד)	s_288bd4876b68.mp3	הוּא מְתַכְנֵת טוֹב מְאֹד.	hу мэтахнэ́т тов меóд.	Он очень хороший программист.	Существительные	מְתַכְנֵת
956	FEMALE	Нейтральные / Безличные	s_0d09448294f0.mp3	הַמְּנַהֵל יוֹשֵׁב בַּמִּשְׂרָד עַכְשָׁיו.	hа-мэнаhэ́ль йошэ́в ба-мисрáд ахшáв.	Директор сидит в офисе сейчас.	Существительные	מְנַהֵל
957	FEMALE	Нейтральные / Безличные	s_2c041de74e34.mp3	זֹאת חֶבְרָה גְּדוֹלָה מְאֹד.	зот хэврá гдолá меóд.	Это очень большая компания.	Существительные	חֶבְרָה
958	MALE	1-е лицо м.р. (אני רוצה)	s_c24bdc967515.mp3	אֲנִי עוֹבֵד בַּמִּשְׂרָד הַזֶּה.	анӣ овэ́д ба-мисрáд hа-зэ.	Я работаю в этом офисе.	Существительные	מִשְׂרָד
959	FEMALE	Женская форма (адаптация 1/2 л.)	s_c24bdc967515_f.mp3	אֲנִי עוֹבֶדֶת בַּמִּשְׂרָד הַזֶּה.	анӣ ове́дет ба-мисрáд hа-зэ.	Я работаю в этом офисе.	Существительные	מִשְׂרָד
960	FEMALE	Нейтральные / Безличные	s_69ca4dd8813b.mp3	יֵשׁ לִי רֵאָיוֹן עֲבוֹדָה.	йеш ли рэайóн аводá.	У меня собеседование.	Существительные	רֵאָיוֹן עֲבוֹדָה
961	MALE	1-е лицо м.р. (אני רוצה)	s_b929e648cfd1.mp3	אֲנִי שׁוֹלֵחַ קוֹרוֹת חַיִּים.	анӣ шолéах корóт хайӣ́м.	Я отправляю резюме.	Существительные	קוֹרוֹת חַיִּים
962	FEMALE	Женская форма (адаптация 1/2 л.)	s_b929e648cfd1_f.mp3	אֲנִי שׁוֹלַחַת קוֹרוֹת חַיִּים.	анӣ шола́хат корóт хайӣ́м.	Я отправляю резюме.	Существительные	קוֹרוֹת חַיִּים
963	FEMALE	Нейтральные / Безличные	s_0a5ea23de309.mp3	יֵשׁ כָּאן מַשְׂכּוֹרֶת טוֹבָה.	йеш кан маскóрет товá.	Здесь хорошая зарплата.	Существительные	מַשְׂכּוֹרֶת
964	FEMALE	Нейтральные / Безличные	s_78696495e8e4.mp3	יֵשׁ לִי הַרְבֵּה נִיסָּיוֹן.	йеш ли hарбэ́ нисайóн.	У меня много опыта.	Существительные	נִיסָּיוֹן
965	MALE	1-е лицо м.р. (אני רוצה)	s_3bf833ff696f.mp3	אֲנִי מְאַחֵל לְךָ הַצְלָחָה!	анӣ мэахэ́ль лехá hацлахá!	Я желаю тебе успеха!	Существительные	הַצְלָחָה
966	FEMALE	Женская форма (адаптация 1/2 л.)	s_3bf833ff696f_f.mp3	אֲנִי מְאַחֶלֶת לְךָ הַצְלָחָה!	анӣ меахе́лет лехá hацлахá!	Я желаю тебе успеха!	Существительные	הַצְלָחָה
967	FEMALE	Нейтральные / Безличные	s_1adec923b1b2.mp3	יֵשׁ לִי הוֹבִּי חָדָשׁ.	йеш ли hóби хадáш.	У меня есть новое хобби.	Существительные	הוֹבִּי
968	FEMALE	Нейтральные / Безличные	s_d6fcd8b91f3c.mp3	אֵין לִי שְׁעוֹת פְּנַאי.	эйн ли шъот пнай.	У меня нет свободного времени.	Существительные	שְׁעוֹת פְּנַאי
969	MALE	1-е лицо м.р. (אני רוצה)	s_c58e0fb2dec1.mp3	אֲנִי אוֹהֵב סְפּוֹרְט מְאוֹד.	анӣ оhэ́в спорт меóд.	Я очень люблю спорт.	Существительные	סְפּוֹרְט
970	FEMALE	Женская форма (адаптация 1/2 л.)	s_c58e0fb2dec1_f.mp3	אֲנִי אוֹהֶבֶת סְפּוֹרְט מְאוֹד.	анӣ оhе́вет спорт меóд.	Я очень люблю спорт.	Существительные	סְפּוֹרְט
971	FEMALE	Нейтральные / Безличные	s_1736a979d9db.mp3	זֶה סֶרֶט יָפֶה מְאוֹד.	зэ сэ́рет яфэ́ меóд.	Это очень красивый фильм.	Существительные	סֶרֶט
972	FEMALE	Нейтральные / Безличные	s_5f2d245a94a4.mp3	אֲנַחְנוּ הוֹלְכִים לַקּוֹלְנוֹעַ עַכְשָׁיו.	анáхну hольхӣм ла-кольнóа ахшáв.	Мы сейчас идём в кинотеатр.	Существительные	קוֹלְנוֹעַ
973	FEMALE	Нейтральные / Безличные	s_4d811a1e000a.mp3	יֵשׁ לָנוּ טִיּוּל מָחָר.	йеш лáну тию́ль махáр.	У нас завтра поездка.	Существительные	טִיּוּל
974	MALE	1-е лицо м.р. (אני רוצה)	s_4389c174eee3.mp3	אֲנִי אוֹהֵב שְׂחִיָּה בַּיָּם.	анӣ оhэ́в схийá ба-ям.	Я люблю плавание в море.	Существительные	שְׂחִיָּה
975	FEMALE	Женская форма (адаптация 1/2 л.)	s_4389c174eee3_f.mp3	אֲנִי אוֹהֶבֶת שְׂחִיָּה בַּיָּם.	анӣ оhе́вет схийá ба-ям.	Я люблю плавание в море.	Существительные	שְׂחִיָּה
976	FEMALE	Нейтральные / Безличные	s_4021aae52411.mp3	יֵשׁ בְּרֵיכָה גְּדוֹלָה בַּמָּלוֹן.	йеш брейхá гдолá ба-малóн.	В гостинице есть большой бассейн.	Существительные	בְּרֵיכָה
977	FEMALE	Нейтральные / Безличные	s_5e67409194de.mp3	אֲנַחְנוּ הוֹלְכִים לַיָּם הַיּוֹם.	анáхну hольхӣм ла-ям hа-йом.	Мы сегодня идём на море.	Существительные	יָם
978	MALE	3-е лицо м.р. (הוא / דוד)	s_05a05d53534d.mp3	הוּא מְנַגֵּן בַּגִּיטָרָה עַכְשָׁיו.	hу мэнагэ́н ба-гитáра ахшáв.	Он сейчас играет на гитаре.	Существительные	גִּיטָרָה
979	FEMALE	Нейтральные / Безличные	s_2af14c24bcc8.mp3	הַבַּנְק פָּתוּחַ עַד אַרְבַּע.	hа-банк патýах ад áрба.	Банк открыт до четырёх.	Существительные	בַּנְק
980	MALE	1-е лицо м.р. (אני רוצה)	s_d9adae4128e4.mp3	אֲנִי הוֹלֵךְ לַדּוֹאַר הַיּוֹם.	анӣ hолéх ла-дóар hа-йом.	Я иду на почту сегодня.	Существительные	דּוֹאַר
981	FEMALE	Женская форма (адаптация 1/2 л.)	s_d9adae4128e4_f.mp3	אֲנִי הוֹלֶכֶת לַדּוֹאַר הַיּוֹם.	анӣ hоле́хет ла-дóар hа-йом.	Я иду на почту сегодня.	Существительные	דּוֹאַר
982	MALE	1-е лицо м.р. (אני רוצה)	s_499051c4cebc.mp3	אֲנִי פּוֹתֵחַ חֶשְׁבּוֹן בַּנְק.	анӣ потéах хешбóн банк.	Я открываю банковский счёт.	Существительные	חֶשְׁבּוֹן בַּנְק
983	FEMALE	Женская форма (адаптация 1/2 л.)	s_499051c4cebc_f.mp3	אֲנִי פּוֹתַחַת חֶשְׁבּוֹן בַּנְק.	анӣ пота́хат хешбóн банк.	Я открываю банковский счёт.	Существительные	חֶשְׁבּוֹן בַּנְק
984	MALE	1-е лицо м.р. (אני רוצה)	s_d2fca264cef5.mp3	אֲנִי מְשַׁלֵּם בְּכַרְטִיס אַשְׁרַאי.	анӣ мэшалэ́м бэ-хартӣс ашрáй.	Я расплачиваюсь кредитной картой.	Существительные	כַּרְטִיס אַשְׁרַאי
985	FEMALE	Нейтральные / Безличные	s_d5158cc0fa44.mp3	יֵשׁ כַּסְפּוֹמָט לְיַד הַבַּנְק.	йеш каспомáт ле-яд hа-банк.	Возле банка есть банкомат.	Существительные	כַּסְפּוֹמָט
986	MALE	1-е лицо м.р. (אני רוצה)	s_633443cdc2ba.mp3	אֲנִי רוֹצֶה לְשַׁלֵּם בִּמְזוּמָּן.	анӣ роцэ́ лэшалэ́м би-мзумáн.	Я хочу заплатить наличными.	Существительные	מְזוּמָּן
987	FEMALE	Женская форма (адаптация 1/2 л.)	s_633443cdc2ba_f.mp3	אֲנִי רוֹצָה לְשַׁלֵּם בִּמְזוּמָּן.	анӣ роца́ лэшалэ́м би-мзумáн.	Я хочу заплатить наличными.	Существительные	מְזוּמָּן
988	FEMALE	Нейтральные / Безличные	s_d6b7f55b4f64.mp3	יֵשׁ לְךָ חֲבִילָה בַּדּוֹאַר.	йеш лехá хавилá ба-дóар.	Для тебя есть посылка на почте.	Существительные	חֲבִילָה
989	FEMALE	Нейтральные / Безличные	s_3ca334bffe83.mp3	יֵשׁ תּוֹר אָרוֹךְ בַּדּוֹאַר.	йеш тор арóх ба-дóар.	На почте длинная очередь.	Существительные	תּוֹר
990	MALE	3-е лицо м.р. (הוא / דוד)	s_abd0a7cf53cf.mp3	הוּא מְסַפֵּר סִיפּוּר מְעַנְיֵן.	hу мэсапэ́р сипýр меаньéн.	Он рассказывает интересный рассказ.	Существительные	סִיפּוּר
991	FEMALE	Нейтральные / Безличные	s_cbf30f159529.mp3	יֵשׁ לִי הַזְמָנָה לַמְּסִיבָּה.	йеш ли hазманá ла-мэсибá.	У меня есть приглашение на вечеринку.	Существительные	הַזְמָנָה
992	FEMALE	3-е лицо ж.р. (היא / שרה)	s_2650ac81935a.mp3	כָּל הַתְחָלָה הִיא קָשָׁה.	коль hатхалá hи кашá.	Всякое начало трудно.	Существительные	הַתְחָלָה
993	FEMALE	Нейтральные / Безличные	s_3a2a8e439728.mp3	יֵשׁ לִי הַרְגָּשָׁה טוֹבָה.	йеш ли hаргашá товá.	У меня хорошее самочувствие.	Существительные	הַרְגָּשָׁה
994	FEMALE	Нейтральные / Безличные	s_26ce4f46cc38.mp3	יֵשׁ לָנוּ חֲתוּנָּה הַיּוֹם.	йеш лáну хатунá hа-йом.	У нас сегодня свадьба.	Существительные	חֲתוּנָּה
995	MALE	3-е лицо м.р. (הוא / דוד)	s_55026da6327a.mp3	הוּא עוֹשֶׂה מִקְלַחַת בַּבֹּקֶר.	hу осэ́ миклáхат ба-бóкер.	Он принимает душ утром.	Существительные	מִקְלַחַת
996	FEMALE	Нейтральные / Безличные	s_183d54fcb37f.mp3	זֹאת מַתָּנָה יָפָה מְאוֹד.	зот матанá яфá меóд.	Это очень красивый подарок.	Существительные	מַתָּנָה
997	FEMALE	Нейтральные / Безличные	s_a1df80f2afcb.mp3	יוֹם הוּלֶּדֶת שָׂמֵחַ לְךָ!	йом hулэ́дет самэ́ах лехá!	С днём рождения тебя!	Существительные	יוֹם הוּלֶּדֶת
998	FEMALE	Нейтральные / Безличные	s_5bd31b09e57d.mp3	יֵשׁ מְסִיבָּה גְּדוֹלָה הָעֶרֶב.	йеш мэсибá гдолá hа-э́рев.	Сегодня вечером большая вечеринка.	Существительные	מְסִיבָּה
999	MALE	1-е лицо м.р. (אני רוצה)	s_b32de411ada6.mp3	אֲנִי כּוֹתֵב בְּרָכָה לַחֲתוּנָּה.	анӣ котéв брахá ла-хатунá.	Я пишу поздравление на свадьбу.	Существительные	בְּרָכָה
1000	FEMALE	Женская форма (адаптация 1/2 л.)	s_b32de411ada6_f.mp3	אֲנִי כּוֹתֶבֶת בְּרָכָה לַחֲתוּנָּה.	анӣ коте́вет брахá ла-хатунá.	Я пишу поздравление на свадьбу.	Существительные	בְּרָכָה
1001	FEMALE	Нейтральные / Безличные	s_cb2eb84ac91d.mp3	קָנִיתִי פְּרָחִים יָפִים לְשַׁבָּת.	канӣти прахӣм яфӣм ле-шабáт.	Я купил красивые цветы на Шаббат.	Существительные	פְּרָחִים
1002	FEMALE	Нейтральные / Безличные	s_59e870f2e4ea.mp3	יֵשׁ לָנוּ אוֹרֵחַ חָשׁוּב.	йеш лáну орэ́ах хашýв.	У нас важный гость.	Существительные	אוֹרֵחַ
1003	FEMALE	Нейтральные / Безличные	s_86b9d278e5e4.mp3	אֲנַחְנוּ שׁוֹתִים יַיִן אָדוֹם.	анáхну шотӣм я́йин адóм.	Мы пьём красное вино.	Существительные	יַיִן
1004	FEMALE	Нейтральные / Безличные	s_a7a014fcd3bc.mp3	שַׁבָּת שָׁלוֹם לְכָל הַמִּשְׁפָּחָה!	шабáт шалóм ле-холь hа-мишпахá!	Мирного Шаббата всей семье!	Существительные	שַׁבָּת
1005	FEMALE	Нейтральные / Безличные	s_a28934e0a7a0.mp3	חַג שָׂמֵחַ לְכָל הַחֲבֵרִים!	хаг самэ́ах ле-холь hа-хаверӣм!	Весёлого праздника всем друзьям!	Существительные	חַג
1006	FEMALE	3-е лицо ж.р. (היא / שרה)	s_acd9ea268304.mp3	אִמָּא אוֹפָה חַלָּה לְשַׁבָּת.	ӣма офá халá ле-шабáт.	Мама печёт халу на Шаббат.	Существительные	חַלָּה
1007	FEMALE	3-е лицо ж.р. (היא / שרה)	s_335ffeb7ce03.mp3	הִיא מַדְלִיקָה נֵרוֹת שַׁבָּת.	hи мадликá нерóт шабáт.	Она зажигает шаббатние свечи.	Существительные	נֵרוֹת שַׁבָּת
1008	FEMALE	Нейтральные / Безличные	s_d90aef62322c.mp3	אַבָּא עוֹשֶׂה קִידּוּשׁ בָּעֶרֶב.	áба осэ́ кидýш ба-э́рев.	Папа делает кидуш вечером.	Существительные	קִידּוּשׁ
1009	MALE	3-е лицо м.р. (הוא / דוד)	s_610b46d77dcb.mp3	פֶּסַח הוּא חַג הָאָבִיב.	Пэ́сах hу хаг hа-авӣв.	Песах — это праздник весны.	Существительные	פֶּסַח
1010	FEMALE	Нейтральные / Безличные	s_084b8f971f56.mp3	אֲנַחְנוּ אוֹכְלִים מַצָּה בְּפֶסַח.	анáхну охлӣм мацá бэ-Фэ́сах.	Мы едим мацу на Песах.	Существительные	מַצָּה
1011	FEMALE	Нейтральные / Безличные	s_2f9a719fe7da.mp3	חַג רֹאשׁ הַשָּׁנָה שָׂמֵחַ!	хаг Рош hа-Шанá самэ́ах!	Счастливого праздника Рош а-Шана!	Существительные	רֹאשׁ הַשָּׁנָה
1012	FEMALE	Нейтральные / Безличные	s_c7f415602cda.mp3	חַג חֲנוּכָּה שָׂמֵחַ לְכוּלָּם!	хаг Ханукá самэ́ах ле-хулáм!	Счастливой Хануки всем!	Существительные	חֲנוּכָּה
1013	FEMALE	Нейтральные / Безличные	s_e087e47dac27.mp3	בְּתֵיאָבוֹן לְכָל הַמִּשְׁפָּחָה!	бетеавóн ле-холь hа-мишпахá!	Приятного аппетита всей семье!	Существительные	בְּתֵיאָבוֹן
1014	FEMALE	Нейтральные / Безличные	s_9d44f535ff34.mp3	הַיּוֹם קַר מְאֹד בַּחוּץ.	hа-йом кар меóд ба-хýц.	Сегодня очень холодно на улице.	Существительные	בַּחוּץ
1015	MALE	3-е лицо м.р. (הוא / דוד)	s_a98b3f000182.mp3	הוּא תָּמִיד קָם מוּקְדָם.	hу тамӣ́д кам мукдáм.	Он всегда встаёт рано.	Существительные	תָּמִיד
1016	FEMALE	Нейтральные / Безличные	s_b29df919615f.mp3	בְּדֶרֶךְ כְּלָל אֲנַחְנוּ לוֹמְדִים.	бе-дéрех клаль анáхну ломдӣ́м.	Обычно мы учимся.	Существительные	בְּדֶרֶךְ כְּלָל
1017	FEMALE	Нейтральные / Безличные	s_caba5b5c241a.mp3	לִפְעָמִים אֲנַחְנוּ הוֹלְכִים לַיָּם.	лиф’амӣ́м анáхну hолхӣ́м ла-ям.	Иногда мы ходим на море.	Существительные	לִפְעָמִים
1018	FEMALE	Нейтральные / Безличные	s_b5507d8a6fe9.mp3	אַף פַּעַם לֹא מְאוּחָר!	аф пáам ло мэухáр!	Никогда не поздно!	Существительные	אַף פַּעַם לֹא
1019	MALE	1-е лицо м.р. (אני רוצה)	s_cc0cfd4ce033.mp3	אֲנִי קָם מוּקְדָם בַּבֹּקֶר.	анӣ кам мукдáм ба-бóкер.	Я встаю рано утром.	Существительные	מוּקְדָם
1020	FEMALE	Женская форма (адаптация 1/2 л.)	s_cc0cfd4ce033_f.mp3	אֲנִי קָמָה מוּקְדָם בַּבֹּקֶר.	анӣ кама́ мукдáм ба-бóкер.	Я встаю рано утром.	Существительные	מוּקְדָם
1021	MALE	3-е лицо м.р. (הוא / דוד)	s_1f4dd25e290b.mp3	הוּא בָּא הַבַּיְתָה מְאוּחָר.	hу ба hабáйта меухáр.	Он приходит домой поздно.	Существительные	מְאוּחָר
1022	MALE	1-е лицо м.р. (אני רוצה)	s_ee194e557f58.mp3	אֲנִי לוֹמֵד כָּל יוֹם.	анӣ ломéд коль йом.	Я учусь каждый день.	Существительные	כָּל יוֹם
1023	FEMALE	Женская форма (адаптация 1/2 л.)	s_ee194e557f58_f.mp3	אֲנִי לוֹמֶדֶת כָּל יוֹם.	анӣ ломе́дет коль йом.	Я учусь каждый день.	Существительные	כָּל יוֹם
1024	FEMALE	Нейтральные / Безличные	s_1522784e7a59.mp3	יֵשׁ לִי שְׁאֵלָה אַחַת.	йеш ли шеэлá ахáт.	У меня есть один вопрос.	Существительные	יֵשׁ לִי
1025	FEMALE	Нейтральные / Безличные	s_bd57d8b9587a.mp3	אֵין לִי זְמַן הַיּוֹם.	эйн ли зман hайóм.	У меня нет времени сегодня.	Существительные	אֵין לִי
1026	FEMALE	Нейтральные / Безличные	s_d6279ccece69.mp3	אֵין בְּעָיָה, נְדַבֵּר מָחָר.	эйн беайá, недабéр махáр.	Нет проблем, поговорим завтра.	Существительные	אֵין בְּעָיָה
1027	MALE	1-е лицо м.р. (אני רוצה)	s_074af231820d.mp3	אֲנִי מְחַפֵּשׂ עֲבוֹדָה טוֹבָה.	анӣ мехапéс аводá товá.	Я ищу хорошую работу.	Существительные	מְחַפֵּשׂ עֲבוֹדָה
1028	FEMALE	Женская форма (адаптация 1/2 л.)	s_074af231820d_f.mp3	אֲנִי מְחַפֶּשֶׂת עֲבוֹדָה טוֹבָה.	анӣ мехапе́сет аводá товá.	Я ищу хорошую работу.	Существительные	מְחַפֵּשׂ עֲבוֹדָה
1029	FEMALE	Нейтральные / Безличные	s_4172a71f5fc1.mp3	בְּהַצְלָחָה רַבָּה בַּעֲבוֹדָה הַחֲדָשָׁה!	беhацлахá рабá ба-аводá hа-хадашá!	Большой удачи на новой работе!	Существительные	בְּהַצְלָחָה
1030	MALE	3-е лицо м.р. (הוא / דוד)	s_76150304c6b0.mp3	הוּא מְדַבֵּר לְאַט מְאֹד.	hу медабéр леáт меóд.	Он говорит очень медленно.	Существительные	לְאַט
1031	FEMALE	Нейтральные / Безличные	s_c1058b4fbd92.mp3	הָרַכֶּבֶת נוֹסַעַת מַהֵר מְאֹד.	hа-ракéвет носáат маhéр меóд.	Поезд едет очень быстро.	Существительные	מַהֵר
1032	FEMALE	Нейтральные / Безличные	s_890446588547.mp3	אֶפְשָׁר בְּבַקָּשָׁה לְדַבֵּר לְאַט?	эфшáр бевакашá ледабéр леáт?	Можно, пожалуйста, говорить медленнее?	Существительные	בְּבַקָּשָׁה לְדַבֵּר לְאַט
1033	MALE	1-е лицо м.р. (אני רוצה)	s_45429c606b28.mp3	אֲנִי מַרְגִּישׁ מְצוּיָן הַיּוֹם.	анӣ маргӣ́ш мецуйáн hайóм.	Я чувствую себя отлично сегодня.	Существительные	מְצוּיָן
1034	FEMALE	Женская форма (адаптация 1/2 л.)	s_45429c606b28_f.mp3	אֲנִי מַרְגִּישָׁה מְצוּיָן הַיּוֹם.	анӣ маргиша́ мецуйáн hайóм.	Я чувствую себя отлично сегодня.	Существительные	מְצוּיָן
1035	FEMALE	Нейтральные / Безличные	s_41d8c9ac2bf2.mp3	שָׁלוֹם, מְאֹד נָעִים לְהַכִּיר!	шалóм, меóд наӣ́м леhакӣ́р!	Привет, очень приятно познакомиться!	Существительные	נָעִים לְהַכִּיר
1036	MALE	1-е лицо м.р. (אני רוצה)	s_614855052fc9.mp3	סְלִיחָה, אֲנִי מִצְטַעֵר מְאֹד.	слихá, анӣ́ мицтаэ́р меóд.	Извините, мне очень жаль.	Существительные	אֲנִי מִצְטַעֵר
1037	FEMALE	Женская форма (адаптация 1/2 л.)	s_614855052fc9_f.mp3	סְלִיחָה, אֲנִי מִצְטַעֶרֶת מְאֹד.	слихá, анӣ́ мицтаэ́рет меóд.	Извините, мне очень жаль.	Существительные	אֲנִי מִצְטַעֵר
1038	MALE	1-е лицо м.р. (אני רוצה)	s_614855052fc9.mp3	סְלִיחָה, אֲנִי מִצְטַעֶרֶת מְאֹד.	слихá, анӣ́ мицтаэ́рет меóд.	Извините, мне очень жаль.	Существительные	אֲנִי מִצְטַעֶרֶת
1039	MALE	1-е лицо м.р. (אני רוצה)	s_d246e493d450.mp3	אֲנִי רוֹצֶה לְדַבֵּר אִיתְּךָ.	анӣ роцэ́ ледабéр итхá.	Я хочу поговорить с тобой.	Существительные	אִיתְּךָ
1040	FEMALE	Женская форма (адаптация 1/2 л.)	s_d246e493d450_f.mp3	אֲנִי רוֹצָה לְדַבֵּר אִיתְּךָ.	анӣ роца́ ледабéр итхá.	Я хочу поговорить с тобой.	Существительные	אִיתְּךָ
1041	FEMALE	Нейтральные / Безличные	s_87afc21da3ec.mp3	דָּנָה לוֹמֶדֶת עִבְרִית אִיתּוֹ.	Дáна ломéдет иврӣ́т итó.	Дана учит иврит с ним.	Существительные	אִיתּוֹ
1042	MALE	2-е лицо м.р. (אתה יודע)	s_24b127ef5388.mp3	אַתָּה רוֹצֶה לָבוֹא אִיתָּנוּ?	атá роцэ́ лавó итáну?	Ты хочешь пойти с нами?	Существительные	אִיתָּנוּ
1043	FEMALE	Женская форма (адаптация 1/2 л.)	s_24b127ef5388_f.mp3	אַתְּ רוֹצָה לָבוֹא אִיתָּנוּ?	ат роца́ лавó итáну?	Ты хочешь пойти с нами?	Существительные	אִיתָּנוּ
1044	MALE	1-е лицо м.р. (אני רוצה)	s_554e5b65da80.mp3	אֲנִי שׁוֹמֵעַ אוֹתְךָ מְצוּיָן.	анӣ шомéа отхá мецуйáн.	Я слышу тебя отлично.	Существительные	אוֹתְךָ
1045	FEMALE	Женская форма (адаптация 1/2 л.)	s_554e5b65da80_f.mp3	אֲנִי שׁוֹמַעַת אוֹתְךָ מְצוּיָן.	анӣ шома́ат отхá мецуйáн.	Я слышу тебя отлично.	Существительные	אוֹתְךָ
1046	MALE	1-е лицо м.р. (אני רוצה)	s_924a57d3138f.mp3	אֲנִי מַכִּיר אוֹתוֹ טוֹב.	анӣ макӣ́р отó тов.	Я хорошо его знаю.	Существительные	אוֹתוֹ
1047	FEMALE	Женская форма (адаптация 1/2 л.)	s_924a57d3138f_f.mp3	אֲנִי מַכִּירָה אוֹתוֹ טוֹב.	анӣ макира́ отó тов.	Я хорошо его знаю.	Существительные	אוֹתוֹ
1048	FEMALE	3-е лицо ж.р. (היא / שרה)	s_e3f6224a28c9.mp3	הַמּוֹרֶה רוֹאֶה אוֹתָנוּ כָּאן.	hа-морé ро’é отáну кан.	Учитель видит нас здесь.	Существительные	אוֹתָנוּ
1049	FEMALE	Нейтральные / Безличные	s_aa5e1c6c8f6b.mp3	אֲנַחְנוּ לוֹמְדִים יַחַד בָּאוּלְפָּן.	анáхну ломдӣ́м я́хад ба-ульпáн.	Мы учимся вместе в ульпане.	Существительные	יַחַד
1050	MALE	1-е лицо м.р. (אני רוצה)	s_a36df10773f3.mp3	בֶּטַח, אֲנִי בָּא מָחָר!	бéтах, анӣ ба махáр!	Конечно, я приду завтра!	Существительные	בֶּטַח
1051	FEMALE	Женская форма (адаптация 1/2 л.)	s_a36df10773f3_f.mp3	בֶּטַח, אֲנִי בָּאָה מָחָר!	бéтах, анӣ баа́ махáр!	Конечно, я приду завтра!	Существительные	בֶּטַח
1052	FEMALE	Нейтральные / Безличные	s_3c20bcafaefb.mp3	מַזָּל טוֹב לְיוֹם הַהוּלֶּדֶת!	мазáль тов ле-йом hа-hулéдет!	Поздравляю с днём рождения!	Существительные	מַזָּל טוֹב
1053	FEMALE	Нейтральные / Безличные	s_e4d7ad7c4509.mp3	לְחַיִּים, חֲבֵרִים, כּוּלָּם יַחַד!	ле-хайӣ́м, хаверӣ́м, кулям я́хад!	За жизнь, друзья, все вместе!	Существительные	לְחַיִּים
1054	FEMALE	Нейтральные / Безличные	s_c932cd1b59ff.mp3	עַד מֵאָה וְעֶשְׂרִים שָׁנָה!	ад мéа ве-эсрӣ́м шанá!	До ста двадцати лет!	Существительные	עַד מֵאָה וְעֶשְׂרִים
1055	FEMALE	Нейтральные / Безличные	s_a7a014fcd3bc.mp3	שַׁבָּת שָׁלוֹם לְכָל הַמִּשְׁפָּחָה!	шабáт шалóм ле-холь hа-мишпахá!	Шаббат шалом всей семье!	Существительные	שַׁבָּת שָׁלוֹם
1056	FEMALE	Нейтральные / Безличные	s_825e2d3096a9.mp3	חַג שָׂמֵחַ לְכוּלָּם הַיּוֹם!	хаг самéах ле-хулáм hайóм!	Весёлого праздника всем сегодня!	Существительные	חַג שָׂמֵחַ
1057	FEMALE	Нейтральные / Безличные	s_a4e56b84221b.mp3	שָׁבוּעַ טוֹב לְכָל הַחֲבֵרִים!	шавýа тов ле-холь hа-хаверӣ́м!	Хорошей недели всем друзьям!	Существительные	שָׁבוּעַ טוֹב
1058	FEMALE	Нейтральные / Безличные	s_4d09cd565892.mp3	אֲנַחְנוּ גָּרִים בְּבֵית מָלוֹן.	Анáхну гарӣм бэ-вейт малóн.	Мы живём в гостинице.	Существительные	בֵּית מָלוֹן
1059	MALE	3-е лицо м.р. (הוא / דוד)	s_b530bf1cabf5.mp3	הוּא עוֹבֵד בְּבֵית חוֹלִים.	Ху овэ́д бэ-вейт холӣм.	Он работает в больнице.	Существительные	בֵּית חוֹלִים
1060	MALE	1-е лицо м.р. (אני רוצה)	s_2d369f8262fa.mp3	אֲנִי שׁוֹתֶה מִיץ תַּפּוּזִים.	Анӣ шотэ́ миц тапузӣм.	Я пью апельсиновый сок.	Существительные	מִיץ
1061	FEMALE	Женская форма (адаптация 1/2 л.)	s_2d369f8262fa_f.mp3	אֲנִי שׁוֹתָה מִיץ תַּפּוּזִים.	Анӣ шота́ миц тапузӣм.	Я пью апельсиновый сок.	Существительные	מִיץ
1062	FEMALE	Нейтральные / Безличные	s_a51f32b77efa.mp3	יֵשׁ לִי שׁוֹקוֹלָד טוֹב.	Еш лӣ шоколáд тов.	У меня есть хороший шоколад.	Существительные	שׁוֹקוֹלָד
1063	FEMALE	Нейтральные / Безличные	s_73101bef5583.mp3	בַּעַל הַדִּירָה טוֹב מְאוֹד.	Бáаль hа-дирá тов меóд.	Хозяин квартиры очень хороший.	Существительные	בַּעַל הַדִּירָה
1064	FEMALE	Нейтральные / Безличные	s_45aa84fa13a4.mp3	הַשּׁוּתָף שֶׁלִּי נֶחְמָד.	hа-шутáф шэлӣ нэхмáд.	Мой сосед по квартире приятный.	Существительные	שׁוּתָף
1065	FEMALE	Нейтральные / Безличные	s_b94dae5dbc80.mp3	שִׁלַּמְתִּי בְּהַמְחָאָה.	Шиламти бэ-hамхаá.	Я заплатил чеком.	Существительные	הַמְחָאָה
1066	FEMALE	Нейтральные / Безличные	s_d27cb4118cfe.mp3	הַמַּזְגָּן לֹא עוֹבֵד.	hа-мазгáн ло овэ́д.	Кондиционер не работает.	Существительные	מַזְגָּן
1067	FEMALE	Нейтральные / Безличные	s_1e568150fc55.mp3	הַשֵּׂיעָר שֶׁלָּהּ יָפֶה.	hа-сэ'áр шэлá яфэ́.	У неё красивые волосы.	Существительные	שֵׂיעָר
1068	FEMALE	Нейтральные / Безличные	s_227357b5f7bf.mp3	הָעֵינַיִּים שֶׁלּוֹ כְּחוּלוֹת.	hа-эйнáйим шэló кхулóт.	Его глаза голубые.	Существительные	עַיִן
1069	FEMALE	Нейтральные / Безличные	s_5ac33ba39cc1.mp3	יֵשׁ לָהּ אוֹפִי חָזָק.	Еш лáh óфи хазáк.	У неё сильный характер.	Существительные	אוֹפִי
1070	FEMALE	Нейтральные / Безличные	s_ccdb4c67ae0b.mp3	אֵיפֹה הַמַּפְתֵּחַ שֶׁלִּי?	Эйфó hа-мафтэ́ах шэлӣ?	Где мой ключ?	Существительные	מַפְתֵּחַ
1071	FEMALE	Нейтральные / Безличные	s_488f29c0dd9a.mp3	הַנּוֹף פֹּה יָפֶה מְאוֹד.	hа-ноф по яфэ́ меóд.	Вид здесь очень красивый.	Существительные	נוֹף
1072	FEMALE	Нейтральные / Безличные	s_948adb042b11.mp3	הַמִּזְוָודָה שֶׁלִּי כְּבֵדָה.	hа-мизвадá шэлӣ квэдá.	Мой чемодан тяжёлый.	Существительные	מִזְוָודָה
1073	FEMALE	Нейтральные / Безличные	s_ca65ca3923c2.mp3	אֵין לִי מַגֶּבֶת בַּחֶדֶר.	Эйн лӣ магэ́вет ба-хэ́дер.	В номере нет полотенца.	Существительные	מַגֶּבֶת
1074	FEMALE	Нейтральные / Безличные	s_233bb552c124.mp3	הַמַּעֲלִית לֹא עוֹבֶדֶת.	hа-маалӣт ло овэ́дет.	Лифт не работает.	Существительные	מַעֲלִית
1075	MALE	1-е лицо м.р. (אני רוצה)	s_97d3be934480.mp3	אֲנִי גָּר בַּקּוֹמָה הַשְּׁלִישִׁית.	Анӣ гар ба-комá hа-шлишӣт.	Я живу на третьем этаже.	Существительные	קוֹמָה
1076	FEMALE	Женская форма (адаптация 1/2 л.)	s_97d3be934480_f.mp3	אֲנִי גָּרָה בַּקּוֹמָה הַשְּׁלִישִׁית.	Анӣ гара́ ба-комá hа-шлишӣт.	Я живу на третьем этаже.	Существительные	קוֹמָה
1077	FEMALE	Нейтральные / Безличные	s_768402d1952f.mp3	קָרָאתִי עִיתּוֹן הַיּוֹם.	Карáти итóн hа-йóм.	Я читал газету сегодня.	Существительные	עִיתּוֹן
1078	FEMALE	Нейтральные / Безличные	s_e5ec58f5beed.mp3	קִיבַּלְתִּי הוֹדָעָה חֲדָשָׁה.	Кибáлти hодаá хадашá.	Я получил новое сообщение.	Существительные	הוֹדָעָה
1079	FEMALE	Нейтральные / Безличные	s_d1120e6c813d.mp3	סִגְרִי אֶת הַדֶּלֶת בְּבַקָּשָׁה.	Сигрӣ эт hа-дэ́лет бэвакашá.	Закрой дверь, пожалуйста.	Существительные	דֶּלֶת
1080	FEMALE	Нейтральные / Безличные	s_0471432e375e.mp3	הָרוֹקֵחַ נָתַן לִי תְּרוּפָה.	hа-рокэ́ах натáн лӣ труфá.	Фармацевт дал мне лекарство.	Существительные	רוֹקֵחַ
1081	FEMALE	Нейтральные / Безличные	s_bd5a68f75669.mp3	יֵשׁ לִי מִרְשָׁם מֵהָרוֹפֵא.	Еш лӣ миршáм мэ-hа-рофэ́.	У меня есть рецепт от врача.	Существительные	מִרְשָׁם
1082	FEMALE	Нейтральные / Безличные	s_b5192f68490c.mp3	קָחִי שְׁנֵי כַּדּוּרִים בַּיּוֹם.	Кахӣ шнэй кадурӣм ба-йóм.	Принимай две таблетки в день.	Существительные	כַּדּוּר
1083	FEMALE	Нейтральные / Безличные	s_9e3b8f78a816.mp3	הַטִּיפּוֹת הֵן לָעֵינַיִּים.	hа-типóт hен ла-эйнáйим.	Эти капли для глаз.	Существительные	טִיפָּה
1084	FEMALE	Нейтральные / Безличные	s_fb64da41a8d9.mp3	שִׂימִי מִשְׁחָה עַל הַיָּד.	Сӣми мишхá аль hа-яд.	Намажь мазь на руку.	Существительные	מִשְׁחָה
1085	FEMALE	Нейтральные / Безличные	s_c550a5244e82.mp3	צָרִיךְ פְּלַסְטֶר לָאֶצְבַּע.	Царӣх плáстер ла-эцбá.	Нужен пластырь на палец.	Существительные	פְּלַסְטֶר
1086	MALE	1-е лицо м.р. (אני רוצה)	s_6a1334d34414.mp3	אֲנִי צָרִיךְ מְשַׁכֵּךְ כְּאֵבִים.	Анӣ царӣх мэшакэ́х кээвӣм.	Мне нужно обезболивающее.	Существительные	מְשַׁכֵּךְ כְּאֵבִים
1087	FEMALE	Женская форма (адаптация 1/2 л.)	s_6a1334d34414_f.mp3	אֲנִי צָרִיךְ מְשַׁכֶּכֶת כְּאֵבִים.	Анӣ царӣх мешаке́хет кээвӣм.	Мне нужно обезболивающее.	Существительные	מְשַׁכֵּךְ כְּאֵבִים
1088	FEMALE	Нейтральные / Безличные	s_512b2a4c666a.mp3	הָלַכְנוּ לַקַּנְיוֹן הַיּוֹם.	hалáхну ла-каньóн hа-йóм.	Мы пошли в торговый центр сегодня.	Существительные	קַנְיוֹן
1089	FEMALE	Нейтральные / Безличные	s_294ea1390fa0.mp3	הַמּוּצָר הַזֶּה זוֹל.	hа-муцáр hа-зэ золь.	Этот товар дешёвый.	Существительные	מוּצָר
1090	FEMALE	Нейтральные / Безличные	s_c9d5ed544268.mp3	עָמַדְתִּי בְּתוֹר לַקּוּפָּה.	Амáдти бэ-тор ла-купá.	Я стоял в очереди к кассе.	Существительные	קוּפָּה
1091	FEMALE	Нейтральные / Безличные	s_0fc7baae6e27.mp3	הַקּוֹנֶה שָׁאַל שְׁאֵלָה.	hа-конэ́ шааль шээлá.	Покупатель задал вопрос.	Существительные	קוֹנֶה
1092	FEMALE	Нейтральные / Безличные	s_1fc827a1bd94.mp3	קִיבַּלְתִּי זִיכּוּי מֵהַחֲנוּת.	Кибáлти зикýй мэ-hа-ханýт.	Я получил возврат средств из магазина.	Существительные	זִיכּוּי
1093	FEMALE	Нейтральные / Безличные	s_0c7a963baab1.mp3	יֵשׁ לִי רַב קָו.	Йеш ли рав-кóв.	У меня есть Рав-Кав.	Существительные	רַב קָו
1094	FEMALE	Нейтральные / Безличные	s_e607bd74dda8.mp3	הָרַכֶּבֶת בָּאָה לָרָצִיף.	hа-ракэ́вет баá ла-рацӣф.	Поезд прибывает на перрон.	Существительные	רָצִיף
1095	FEMALE	Нейтральные / Безличные	s_8b8b0ebd6565.mp3	רָאִיתִי אֶת לוּחַ הַזְּמַנִּים.	Раи́ти эт лýах hа-змани́м.	Я посмотрел расписание.	Существительные	לוּחַ זְמַנִּים
1096	FEMALE	Нейтральные / Безличные	s_d0683cd050f1.mp3	הַנְּסִיעָה הָיְתָה נְעִימָה.	hа-нэсиá hайта нэимá.	Поездка была приятной.	Существительные	נְסִיעָה
1097	FEMALE	Нейтральные / Безличные	s_a1f71d1fb6dc.mp3	הַנּוֹסֵעַ יָשַׁב בָּאוֹטוֹבּוּס.	hа-носэ́а яшáв ба-отобýс.	Пассажир сидел в автобусе.	Существительные	נוֹסֵעַ
1098	FEMALE	Нейтральные / Безличные	s_5fe948d7fbe3.mp3	הַנְּהָג נָסַע מַהֵר.	hа-нэháг насáв маhэ́р.	Водитель ехал быстро.	Существительные	נְהָג
1099	FEMALE	Нейтральные / Безличные	s_a66ca9bc510b.mp3	הַחֲנוּת בַּפִּנָּה.	hа-ханýт ба-пинá.	Магазин на углу.	Существительные	פִּנָּה
1100	FEMALE	Нейтральные / Безличные	s_2f5f040d2ceb.mp3	עֲצוֹר בַּצּוֹמֶת.	Ацóр ба-цóмет.	Остановись на перекрёстке.	Существительные	צוֹמֶת
1101	FEMALE	Нейтральные / Безличные	s_6c8336c24478.mp3	הָרַמְזוֹר אָדֹם.	hа-рамзóр адóм.	Светофор красный.	Существительные	רַמְזוֹר
1102	FEMALE	Нейтральные / Безличные	s_fdeb952c6a90.mp3	הַגֶּשֶׁר גָּדוֹל וְיָפֶה.	hа-гэ́шер гадóль вэ-яфэ́.	Мост большой и красивый.	Существительные	גֶּשֶׁר
1103	FEMALE	Нейтральные / Безличные	s_0a5424389e0d.mp3	הָלַכְנוּ לַמֶּרְכָּז קְנִיּוֹת.	hалáхну ла-мэркáз книйóт.	Мы пошли в торговый центр.	Существительные	מֶרְכָּז קְנִיּוֹת
1104	FEMALE	Нейтральные / Безличные	s_38dd812d5171.mp3	עָלִיתִי בַּמַּדְרֵגוֹת.	Али́ти ба-мадрэгóт.	Я поднялся по лестнице.	Существительные	מַדְרֵגָה
1105	FEMALE	Нейтральные / Безличные	s_d384d237030c.mp3	הַכְּנִיסָה פְּתוּחָה.	hа-книсá птухá.	Вход открыт.	Существительные	כְּנִיסָה
1106	FEMALE	Нейтральные / Безличные	s_d931fc248be6.mp3	אֵיפֹה הַיְּצִיאָה?	Эйфо hа-йэциá?	Где выход?	Существительные	יְצִיאָה
1107	FEMALE	Нейтральные / Безличные	s_7ce04d4948d8.mp3	הָלַכְנוּ לַתֵּאַטְרוֹן אֶמֶשׁ.	hалáхну ла-тэатрóн э́меш.	Вчера вечером мы ходили в театр.	Существительные	תֵּאַטְרוֹן
1108	FEMALE	Нейтральные / Безличные	s_9ecb598279de.mp3	הָאָמָּן צָיַר תְּמוּנָה יָפָה.	hа-омáн цайáр тмунá яфá.	Художник нарисовал красивую картину.	Существительные	אָמָּן
1109	FEMALE	Нейтральные / Безличные	s_9c2104d05223.mp3	קָנִינוּ כַּרְטִיסֵי כְּנִיסָה לַמּוּזֵיאוֹן.	Кани́ну картисэ́й книсá ла-музэóн.	Мы купили входные билеты в музей.	Существительные	כַּרְטִיס כְּנִיסָה
1110	FEMALE	Нейтральные / Безличные	s_f0d59819aef1.mp3	הַמַּדְרִיךְ הִסְבִּיר הַרְבֵּה.	hа-мадрӣх hисби́р харбэ́.	Гид объяснил многое.	Существительные	מַדְרִיךְ
1111	FEMALE	Нейтральные / Безличные	s_f00c87afdf5f.mp3	יֵשׁ לִי מַתְכּוֹן טוֹב.	Йеш ли маткóн тов.	У меня есть хороший рецепт.	Существительные	מַתְכּוֹן
1112	MALE	1-е лицо м.р. (אני רוצה)	s_e6b55c892298.mp3	אֲנִי אוֹהֶבֶת שַׁקְשׁוּקָה.	Ани охэ́вет шакшýка.	Я люблю шакшуку.	Существительные	שַׁקְשׁוּקָה
1113	FEMALE	Нейтральные / Безличные	s_2f60f2ab6529.mp3	הוֹסַפְתִּי פִּלְפֵּל לַמָּרָק.	hосáфти пильпэ́ль ла-марáк.	Я добавил перец в суп.	Существительные	פִּלְפֵּל
1114	FEMALE	Нейтральные / Безличные	s_d3fb44a54dda.mp3	הַמַּחֲבַת חַמָּה.	hа-махавáт хамá.	Сковорода горячая.	Существительные	מַחֲבַת
1115	FEMALE	Нейтральные / Безличные	s_53249ca4a027.mp3	הַסִּיר עַל הָאֵשׁ.	hа-сир аль hа-эш.	Кастрюля на огне.	Существительные	סִיר
1116	MALE	3-е лицо м.р. (הוא / דוד)	s_7df023605e0f.mp3	הַיֶּלֶד הוֹלֵךְ לְגַן יְלָדִים.	hа-йэ́лед hолэ́х лэ-ган йэладӣм.	Ребёнок идёт в детский сад.	Существительные	גַּן יְלָדִים
1117	FEMALE	Нейтральные / Безличные	s_b36d56761e1e.mp3	יֵשׁ לִי מִבְחָן מָחָר.	Йеш ли мивхáн махáр.	У меня завтра экзамен.	Существительные	מִבְחָן
1118	FEMALE	Нейтральные / Безличные	s_e390e5f7fbc3.mp3	קִבַּלְתִּי צִיּוּן טוֹב.	Кибáльти цию́н тов.	Я получил хорошую оценку.	Существительные	צִיּוּן
1119	FEMALE	Нейтральные / Безличные	s_6db875f697bd.mp3	קִבַּלְתִּי תְּעוּדָה מֵהָאוּלְפָּן.	Кибáльти тэудá мэ-hа-ульпáн.	Я получил удостоверение из ульпана.	Существительные	תְּעוּדָה
1120	FEMALE	Нейтральные / Безличные	s_be59cafafacb.mp3	יֵשׁ הַפְסָקָה קְצָרָה עַכְשָׁיו.	Йеш hафсакá кцарá ахшáв.	Сейчас короткий перерыв.	Существительные	הַפְסָקָה
1121	FEMALE	3-е лицо ж.р. (היא / שרה)	s_082cc3aba05e.mp3	הַמּוֹרֶה כָּתַב עַל הַלּוּחַ.	hа-морэ́ катáв аль hа-лýах.	Учитель написал на доске.	Существительные	לוּחַ
1122	FEMALE	Нейтральные / Безличные	s_c84419bd568c.mp3	הַכֶּלֶב שֶׁלִּי גָּדוֹל.	hа-кэ́лев шели гадóль.	Моя собака большая.	Существительные	כֶּלֶב
1123	FEMALE	Нейтральные / Безличные	s_e2291ccd367c.mp3	הַחָתוּל יָשֵׁן עַל הַסַּפָּה.	hа-хатýль яшэ́н аль hа-сапá.	Кот спит на диване.	Существительные	חָתוּל
1124	FEMALE	Нейтральные / Безличные	s_578e567e3a1c.mp3	הַצִּיפּוֹר שָׁרָה בַּבֹּקֶר.	hа-ципóр шарá ба-бóкер.	Птица поёт утром.	Существительные	צִיפּוֹר
1125	MALE	1-е лицо м.р. (אני רוצה)	s_7f4c60274cd7.mp3	אֲנִי אוֹהֵב אֶת הַטֶּבַע.	Ани охэ́в эт hа-тэ́ва.	Я люблю природу.	Существительные	טֶבַע
1126	FEMALE	Женская форма (адаптация 1/2 л.)	s_7f4c60274cd7_f.mp3	אֲנִי אוֹהֶבֶת אֶת הַטֶּבַע.	Ани охэ́в эт hа-тэ́ва.	Я люблю природу.	Существительные	טֶבַע
1127	FEMALE	Нейтральные / Безличные	s_9a6b96afecb9.mp3	הָעֵץ גָּבוֹהַּ מְאֹד.	hа-эц гавóах мэод.	Дерево очень высокое.	Существительные	עֵץ
1128	FEMALE	Нейтральные / Безличные	s_24f697dabab4.mp3	הַכֶּלֶב הוֹלֵךְ עִם רְצוּעָה.	hа-кэ́лев hолэ́х им рэцуá.	Собака идёт на поводке.	Существительные	רְצוּעָה
1129	FEMALE	Нейтральные / Безличные	s_bbd9606a5863.mp3	הֶעָבָר לֹא חוֹזֵר.	hе-авáр ло хозэ́р.	Прошлое не возвращается.	Существительные	עָבָר
1130	FEMALE	Нейтральные / Безличные	s_203671df03e6.mp3	עָבַר זְמַן רַב מֵאָז.	авáр змáн рав мэáз.	С тех пор прошло долгое время.	Существительные	זְמַן רַב
1131	FEMALE	3-е лицо ж.р. (היא / שרה)	s_2b0613ccaf05.mp3	הִיא אוֹהֶבֶת לַעֲשׂוֹת קְנִיּוֹת.	hи охéвет лаасóт книйóт.	Она любит ходить за покупками.	Существительные	קְנִיָּה
1132	FEMALE	Нейтральные / Безличные	s_6b8186cda507.mp3	יֵשׁ לִי פְּגִישָׁה מָחָר.	йеш лӣ пгишá махáр.	У меня завтра встреча.	Существительные	פְּגִישָׁה
1133	FEMALE	Нейтральные / Безличные	s_cefcaec9b6cc.mp3	מָה הַנְדּוֹן שֶׁל הַמַּיְל?	мá hа-ндóн шэль hа-мэйль?	Какова тема письма?	Существительные	הַנְדּוֹן
1134	FEMALE	Нейтральные / Безличные	s_f153d4536c9a.mp3	שָׁלַחְתִּי קוֹבֶץ מְצוּרָף בַּמַּיְל.	шалáхти кóвец мэцурáф ба-мэйль.	Я отправил прикреплённый файл по почте.	Существительные	קוֹבֶץ מְצוּרָף
1135	FEMALE	Нейтральные / Безличные	s_987c3f30444a.mp3	צָרִיךְ לַחְתּוֹם עַל הַמִּסְמָךְ.	царӣх лахтóм аль hа-мисмáх.	Нужно подписать документ.	Существительные	מִסְמָךְ
1136	FEMALE	Нейтральные / Безличные	s_a01b7ae39fa3.mp3	מָה הַכְּתוֹבֶת שֶׁלְּךָ?	мá hа-ктóвет шэльхá?	Какой твой адрес?	Существительные	כְּתוֹבֶת
1137	FEMALE	Нейтральные / Безличные	s_ddff25b8247b.mp3	הָיְתָה לָנוּ שִׂיחָה נֶהֱדֶרֶת.	hайтá лáну сихá нэhэдéрет.	У нас был прекрасный разговор.	Существительные	שִׂיחָה
1138	FEMALE	Нейтральные / Безличные	s_8794cd98d7a0.mp3	הִשְׁאַרְתִּי הוֹדָעָה קוֹלִית.	hишáрти hодаá колӣт.	Я оставил голосовое сообщение.	Существительные	הוֹדָעָה קוֹלִית
1139	FEMALE	Нейтральные / Безличные	s_4f7a59acc565.mp3	הַסּוֹלְלָה שֶׁלִּי נִגְמְרָה.	hа-солэлá шэлӣ нигмэрá.	У меня разрядился аккумулятор.	Существительные	סוֹלְלָה
1140	FEMALE	Нейтральные / Безличные	s_0ec7a5ae518a.mp3	רָאִיתָ אֶת הַמִּטְעָן שֶׁלִּי?	раитá эт hа-мит'áн шэлӣ?	Ты видел моё зарядное устройство?	Существительные	מִטְעָן
1141	FEMALE	Нейтральные / Безличные	s_ccee1c74c2b4.mp3	צָרִיךְ לְמַלֵּא אֶת הַטּוֹפֶס.	царӣх лэмалэ эт hа-тóфес.	Нужно заполнить бланк.	Существительные	טוֹפֶס
1142	FEMALE	Нейтральные / Безличные	s_8a0ebd295ec3.mp3	הַפָּקִיד עָזַר לִי הַרְבֵּה.	hа-пакӣд азáр лӣ харбэ́.	Клерк мне очень помог.	Существительные	פָּקִיד
1143	FEMALE	Нейтральные / Безличные	s_48a5c7146d79.mp3	שָׁכַחְתִּי אֶת רִישָּׁיוֹן הַנְּהִיגָה.	шахáхти эт ришйóн hа-нэhигá.	Я забыл водительское удостоверение.	Существительные	רִישָּׁיוֹן נְהִיגָה
1144	FEMALE	Нейтральные / Безличные	s_b3ceca3a8fce.mp3	יֵשׁ לְךָ זְכוּת לָדַעַת.	йеш лэхá зхут ладáат.	У тебя есть право знать.	Существительные	זְכוּת
1145	FEMALE	Нейтральные / Безличные	s_de42f98b43ef.mp3	צָרִיךְ חֲתִימָה שֶׁלְּךָ פֹּה.	царӣх хатимá шэльхá пó.	Здесь нужна твоя подпись.	Существительные	חֲתִימָה
1146	FEMALE	Нейтральные / Безличные	s_22359586e7e7.mp3	קִיבַּלְתִּי אֶזְרָחוּת יִשְׂרְאֵלִית.	кибáлти эзрахут исраэлӣт.	Я получил израильское гражданство.	Существительные	אֶזְרָחוּת
1147	FEMALE	Нейтральные / Безличные	s_b958f7fe7f08.mp3	קָרָאנוּ טֶקְסְט קָצָר הַיּוֹם.	карáну тéкст кацáр hа-йóм.	Сегодня мы читали короткий текст.	Существительные	טֶקְסְט
1148	FEMALE	Нейтральные / Безличные	s_6bbb42304b49.mp3	הַקְּרִיאָה עוֹזֶרֶת לְהֵבִין עִבְרִית.	hа-криá озéрет лэhавӣн иврӣт.	Чтение помогает понять иврит.	Существительные	קְרִיאָה
1149	FEMALE	Нейтральные / Безличные	s_40c1e01d0fb3.mp3	עָשִׂיתִי אֶת הַתַּרְגִּיל בְּבַיִת.	асӣти эт hа-таргӣль бэ-байт.	Я сделал упражнение дома.	Существительные	תַּרְגִּיל
1150	FEMALE	Нейтральные / Безличные	s_5a6fa020b034.mp3	הַסִּיּוּם הָיָה טוֹב.	hа-сийу́м hайá тов.	Завершение прошло хорошо.	Существительные	סִיּוּם
1151	FEMALE	Нейтральные / Безличные	s_5e518909489e.mp3	חֲזָרָה עַל הַחוֹמֶר חֲשׁוּבָה.	хазарá аль hа-хóмер хашувá.	Повторение материала важно.	Существительные	חֲזָרָה
1152	FEMALE	Нейтральные / Безличные	s_5bbc8087c8e3.mp3	הָרָמָה שֶׁלּוֹ גְּבוֹהָה מְאוֹד.	hа-рамá шэло гвоhá меод.	Его уровень очень высокий.	Существительные	רָמָה
1153	FEMALE	Нейтральные / Безличные	s_c72541ec49b9.mp3	זֶה הֶישֵּׂג גָּדוֹל בִּשְׁבִילְךָ.	зэ hэйсэ́г гадóль бишвильхá.	Это большое достижение для тебя.	Существительные	הֶישֵּׂג
1154	FEMALE	Нейтральные / Безличные	s_3fc43b3aa949.mp3	הַיֶּדַע שֶׁלָּהּ מַרְשִׁים מְאוֹד.	hа-йэ́да шэлáh маршӣм меод.	Её знания очень впечатляют.	Существительные	יֶדַע
1155	FEMALE	Нейтральные / Безличные	s_95993f16dcb3.mp3	יֵשׁ לוֹ בִּיטָּחוֹן עַצְמִי גָּדוֹל.	йеш лó битахóн ацмӣ гадóль.	У него большая уверенность в себе.	Существительные	בִּיטָּחוֹן
1156	MALE	1-е лицо м.р. (אני רוצה)	s_b18399224ad1.mp3	אֲנִי גָּר פֹּה.	ани́ гар по.	Я живу здесь.	Существительные	פֹּה
1157	FEMALE	Женская форма (адаптация 1/2 л.)	s_b18399224ad1_f.mp3	אֲנִי גָּרָה פֹּה.	ани́ гара́ по.	Я живу здесь.	Существительные	פֹּה
1158	FEMALE	Нейтральные / Безличные	s_04e544f64689.mp3	אֵיפֹה הַתַּחֲנָה?	эйфо́ hа-тахана́?	Где станция?	Существительные	אֵיפֹה
1159	MALE	2-е лицо м.р. (אתה יודע)	s_c699ce40dede.mp3	לְאָן אַתָּה הוֹלֵךְ?	леáн атá hолэ́х?	Куда ты идёшь?	Существительные	לְאָן
1160	FEMALE	Женская форма (адаптация 1/2 л.)	s_c699ce40dede_f.mp3	לְאָן אַתְּ הוֹלֶכֶת?	леáн ат hоле́хет?	Куда ты идёшь?	Существительные	לְאָן
1161	FEMALE	2-е лицо ж.р. (את)	s_1571c53bf8ed.mp3	מָתַי אַתְּ בָּאָה?	матáй ат баá?	Когда ты придёшь?	Существительные	מָתַי
1162	MALE	2-е лицо м.р. (אתה יודע)	s_9e87f9a16346.mp3	לָמָּה אַתָּה עָצוּב?	ламá атá ъацу́в?	Почему ты грустный?	Существительные	לָמָּה
1163	FEMALE	Женская форма (адаптация 1/2 л.)	s_9e87f9a16346_f.mp3	לָמָּה אַתְּ עָצוּב?	ламá ат ъацу́в?	Почему ты грустный?	Существительные	לָמָּה
1164	FEMALE	Нейтральные / Безличные	s_454171c3bfa6.mp3	בָּרוּךְ הַבָּא לְיִשְׂרָאֵל!	бару́х hаба́ лейисраэ́ль!	Добро пожаловать в Израиль!	Существительные	בָּרוּךְ הַבָּא
1165	FEMALE	Нейтральные / Безличные	s_965068cfae75.mp3	כָּל הַכָּבוֹד, עָשִׂיתָ נִפְלָא!	коль hакавóд, ъаси́та нифла́!	Молодец, ты сделал отлично!	Существительные	כָּל הַכָּבוֹד
1166	FEMALE	Нейтральные / Безличные	s_ff261d0d8866.mp3	שָׁלוֹם רַב לְכוּלָּם.	шало́м рав, мехуба́д.	Здравствуйте, уважаемый.	Существительные	שָׁלוֹם רַב
1167	FEMALE	Нейтральные / Безличные	s_1c6d327d203b.mp3	בִּבְרָכָה, דָּנִיאֵל.	бивраха́, даниэ́ль.	С уважением, Даниэль.	Существительные	בִּבְרָכָה
1168	FEMALE	Нейтральные / Безличные	s_e1b16888b919.mp3	בְּתוֹדָה מֵרֹאשׁ עַל עֶזְרַתְכֶם.	бетода́ меро́ш ъаль ъэзратхэ́м.	Заранее благодарен за вашу помощь.	Существительные	בְּתוֹדָה מֵרֹאשׁ
1169	FEMALE	Нейтральные / Безличные	s_bbe6b36c1975.mp3	הָיָה כֵּיף אֶתְמוֹל!	hайá кэйф этмо́ль!	Вчера было здорово!	Существительные	הָיָה כֵּיף
1170	FEMALE	Нейтральные / Безличные	s_d518f43f74ee.mp3	מָה הָיָה שָׁם?	ма hайá шам?	Что там случилось?	Существительные	מָה הָיָה?
1171	MALE	1-е лицо м.р. (אני רוצה)	s_2539f439f11b.mp3	אֲנִי רוֹצֶה דִּיבּוּר שׁוֹטֵף.	ани́ роцэ́ дибу́р шотэ́ф.	Я хочу говорить бегло.	Существительные	דִּיבּוּר שׁוֹטֵף
1172	FEMALE	Женская форма (адаптация 1/2 л.)	s_2539f439f11b_f.mp3	אֲנִי רוֹצָה דִּיבּוּר שׁוֹטֵף.	ани́ роца́ дибу́р шотэ́ф.	Я хочу говорить бегло.	Существительные	דִּיבּוּר שׁוֹטֵף
1173	MALE	1-е лицо м.р. (אני רוצה)	s_b0cddfa64af7.mp3	אֲנִי חוֹשֵׁב עַל הֶעָתִיד.	ани́ хошэ́в аль hэ-атӣ́д.	Я думаю о будущем.	Существительные	עָתִיד
1174	FEMALE	Женская форма (адаптация 1/2 л.)	s_b0cddfa64af7_f.mp3	אֲנִי חוֹשֶׁבֶת עַל הֶעָתִיד.	ани́ хоше́вет аль hэ-атӣ́д.	Я думаю о будущем.	Существительные	עָתִיד
1175	FEMALE	3-е лицо ж.р. (היא / שרה)	s_df1b4eb1b37f.mp3	הַמּוֹרֶה מַסְבִּיר אֶת הַצִּיוּוּי.	hа-морэ́ масбӣ́р эт hа-цивýй.	Учитель объясняет повелительное наклонение.	Существительные	צִיוּוּי
1176	FEMALE	Нейтральные / Безличные	s_ce51e5623487.mp3	יֵשׁ לִי בַּקָּשָׁה קְטַנָּה.	йеш ли бакашá ктанá.	У меня есть маленькая просьба.	Существительные	בַּקָּשָׁה
1177	MALE	1-е лицо м.р. (אני רוצה)	s_d242f5aed6f1.mp3	אֲנִי צָרִיךְ חוּפְשָׁה עַכְשָׁו.	ани́ царӣ́х хуфшá ахшáв.	Мне нужен отпуск сейчас.	Существительные	חוּפְשָׁה
1178	FEMALE	Нейтральные / Безличные	s_df200532f5a5.mp3	אֲנַחְנוּ יוֹצְאִים לְנוֹפֶשׁ נָעִים.	анáхну йоцъӣ́м лэ-нóфеш наӣ́м.	Мы выезжаем на приятный отдых.	Существительные	נוֹפֶשׁ
1179	FEMALE	Нейтральные / Безличные	tzimer_tzafon.mp3	שָׂכַרְנוּ צִימֶר יָפֶה בַּצָּפוֹן.	сахáрну цӣ́мер яфэ́ ба-цафóн.	Мы сняли красивый циммер на севере.	Существительные	צִימֶר
1180	FEMALE	Нейтральные / Безличные	s_c5185648ff76.mp3	נָסַעְנוּ לְטַיֵּל בַּגָּלִיל.	насáну лэтайе́ль ба-галӣ́ль.	Мы поехали путешествовать по Галилее.	Существительные	הַגָּלִיל
1181	FEMALE	Нейтральные / Безличные	s_5546b257eade.mp3	יֵשׁ גַּ'קוּזִי בַּצִימֶר שֶׁלָּנוּ.	йеш джакýзи ба-цӣ́мер шелáну.	В нашем циммере есть джакузи.	Существительные	גַּ'קוּזִי
1182	FEMALE	Нейтральные / Безличные	s_e0e0272c6e85.mp3	יֵשׁ פֹּה מַסְלוּל הֲלִיכָה.	йеш по маслýль hалихá.	Здесь есть пешеходный маршрут.	Существительные	מַסְלוּל הֲלִיכָה
1183	FEMALE	Нейтральные / Безличные	s_a2f9dc851c29.mp3	הַמְּרַאְיֵן שָׁאַל שְׁאֵלוֹת קָשׁוֹת.	hа-мэрайе́н шаъáль шеэлóт кашóт.	Интервьюер задал сложные вопросы.	Существительные	מְרַאְיֵן
1184	FEMALE	Нейтральные / Безличные	s_73df2c355f3c.mp3	זֶה תַּפְקִיד מְעַנְיֵן מְאֹד.	зэ тафкӣ́д меаньéн меóд.	Это очень интересная должность.	Существительные	תַּפְקִיד
1185	FEMALE	Нейтральные / Безличные	s_2e13fe76c0d4.mp3	הַשָּׂכָר בְּרוּטוֹ שֶׁלִּי גָּבוֹהַּ.	hа-схар брýто шелӣ́ гавóах.	Моя зарплата брутто высокая.	Существительные	שָׂכָר בְּרוּטוֹ
1186	FEMALE	Нейтральные / Безличные	s_fc2e4bf021e7.mp3	מָה הַשָּׂכָר נֶטוֹ שֶׁלְּךָ?	ма hа-схар нэ́то шельхá?	Какая у тебя зарплата нетто?	Существительные	שָׂכָר נֶטוֹ
1187	FEMALE	Нейтральные / Безличные	s_f2b941c13be8.mp3	הֵם מַצִּיעִים תְּנָאִים סוֹצְיָאלִיִּים.	hем мациъӣ́м тнаӣ́м соцйáлийим.	Они предлагают социальный пакет.	Существительные	תְּנַאי סוֹצְיָאלִי
1188	FEMALE	Нейтральные / Безличные	s_9cf21a003324.mp3	יֵשׁ לִי קֶרֶן הִשְׁתַּלְמוּת.	йеш ли кэ́рен hиштальмýт.	У меня есть фонд повышения квалификации.	Существительные	קֶרֶן הִשְׁתַּלְמוּת
1189	FEMALE	Нейтральные / Безличные	s_9eba568e5a3e.mp3	זֶה יִתְרוֹן גָּדוֹל מְאֹד.	зэ йитрóн гадóль меóд.	Это очень большое преимущество.	Существительные	יִתְרוֹן
1190	FEMALE	3-е лицо ж.р. (היא / שרה)	s_a0d8dba1e9f8.mp3	הִיא עוֹבֶדֶת בְּחֶבְרַת הַיְיטֶק.	hи овéдэт бэ-хэврáт hа́йтек.	Она работает в хайтек-компании.	Существительные	חֶבְרַת הַיְיטֶק
1191	FEMALE	Нейтральные / Безличные	s_234d9f6ef0bf.mp3	מָה צִיפִּיּוֹת הַשָּׂכָר שֶׁלְּךָ?	ма ципийóт hа-схар шельхá?	Каковы твои зарплатные ожидания?	Существительные	צִיפִּיַּת שָׂכָר
1192	FEMALE	Нейтральные / Безличные	s_53dbd8ea4987.mp3	סָגַרְנוּ הַשְׂכָּרַת רֶכֶב מֵרֹאשׁ.	сагáрну hаскарáт рéхев ме-рóш.	Мы оформили прокат автомобиля заранее.	Существительные	הַשְׂכָּרַת רֶכֶב
1193	FEMALE	Нейтральные / Безличные	s_30febbb07a34.mp3	קָשֶׁה לִמְצֹא חֲנָיָה פֹּה.	кашэ́ лимцó ханайá по.	Здесь трудно найти парковку.	Существительные	חֲנָיָה
1194	FEMALE	Нейтральные / Безличные	s_1509a60341af.mp3	קִיבַּלְתִּי דּוּ"חַ עַל מְהִירוּת.	кибáлти дýах аль мэhирýт.	Я получил штраф за скорость.	Существительные	דּוּ"חַ
1195	FEMALE	Нейтральные / Безличные	s_0337da8c1eff.mp3	יֵשׁ לִי פַּנְצֶ'ר בַּגַּלְגַּל.	йеш ли пáнчер ба-гальгáль.	У меня прокол в колесе.	Существительные	פַּנְצֶ'ר
1196	FEMALE	Нейтральные / Безличные	s_809543dd9403.mp3	אֲנַחְנוּ עוֹצְרִים בְּתַחֲנַת דֶּלֶק.	анáхну оцрӣ́м бэ-таханáт дэ́лек.	Мы останавливаемся на автозаправке.	Существительные	תַּחֲנַת דֶּלֶק
1197	FEMALE	Нейтральные / Безличные	s_4eeb9a8a463a.mp3	תִּדְלוּק עַצְמִי זוֹל יוֹתֵר.	тидлýк ацмӣ́ золь йотэ́р.	Самообслуживание на АЗС дешевле.	Существительные	תִּדְלוּק עַצְמִי
1198	FEMALE	Нейтральные / Безличные	s_f914d15d2c09.mp3	עָשִׂיתִי בִּיטּוּחַ מַקִּיף לָרֶכֶב.	асӣ́ти битýах макӣ́ф ла-рéхев.	Я сделал полную страховку на автомобиль.	Существительные	בִּיטּוּחַ מַקִּיף
1199	FEMALE	Нейтральные / Безличные	s_4a0734489378.mp3	יֵשׁ פְּקָק תְּנוּעָה כָּבֵד.	йеш пкак тнуá кавэ́д.	Стоит тяжёлая автомобильная пробка.	Существительные	פְּקָק תְּנוּעָה
1200	FEMALE	Нейтральные / Безличные	s_ebbb615eaaa4.mp3	הִזְמַנְתִּי בַּעַל מִקְצוֹעַ הַבַּיְתָה.	hизмáнти бáаль микцóа hабáйта.	Я вызвал мастера домой.	Существительные	בַּעַל מִקְצוֹעַ
1201	FEMALE	Нейтральные / Безличные	s_3655a1c55cc8.mp3	הָאִינְסְטָלָטוֹר תִּיקֵּן אֶת הַבֶּרֶז.	hа-инсталáтор тикéн эт hа-бéрез.	Сантехник починил кран.	Существительные	אִינְסְטָלָטוֹר
1202	FEMALE	Нейтральные / Безличные	s_561bc29b8a3b.mp3	הַחַשְׁמַלַּאי בָּדַק אֶת הָאוֹר.	hа-хашмалáй бадáк эт hа-óр.	Электрик проверил свет.	Существительные	חַשְׁמַלַּאי
1203	FEMALE	Нейтральные / Безличные	s_faa12c514f3b.mp3	יֵשׁ תַּקָּלָה בַּמַּזְגָן שֶׁלָּנוּ.	йеш такалá ба-мазгáн шелáну.	В нашем кондиционере поломка.	Существительные	תַּקָּלָה
1204	FEMALE	Нейтральные / Безличные	s_52fc6c3698b9.mp3	יֵשׁ נְזִילָה בַּמִּטְבָּח שֶׁלָּנוּ.	йеш нэзилá ба-митбáх шелáну.	На нашей кухне протечка.	Существительные	נְזִילָה
1205	FEMALE	Нейтральные / Безличные	s_6c4f166c4089.mp3	הָיָה פֹּה קֶצֶר חַשְׁמַלִי.	hайá по кэ́цер хашмалӣ́.	Здесь было короткое замыкание.	Существительные	קֶצֶר
1206	FEMALE	Нейтральные / Безличные	s_902560ecaaa2.mp3	הַדּוּד שֶׁמֶשׁ לֹא עוֹבֵד.	hа-дуд шэ́меш ло овэ́д.	Солнечный бойлер не работает.	Существительные	דּוּד שֶׁמֶשׁ
1207	FEMALE	Нейтральные / Безличные	s_fde7aab1e59e.mp3	הִדְלַקְתִּי אֶת דּוּד הַחַשְׁמַל.	hидлáкти эт дуд hа-хашмáль.	Я включил электрический бойлер.	Существительные	דּוּד חַשְׁמַל
1208	FEMALE	Нейтральные / Безличные	s_91713835b656.mp3	קִיבַּלְתִּי הַצָּעַת מְחִיר חֲדָשָׁה.	кибáлти hацаáт мэхӣ́р хадашá.	Я получил новое ценовое предложение.	Существительные	הַצָּעַת מְחִיר
1209	FEMALE	Нейтральные / Безличные	s_6610bd6acea6.mp3	הַמַּנְעוּלָן פָּתַח אֶת הַדֶּלֶת.	hа-ман’улáн патáх эт hа-дéлет.	Слесарь открыл дверь.	Существительные	מַנְעוּלָן
1210	FEMALE	Нейтральные / Безличные	s_e9276ea402cd.mp3	כַּמָּה עוֹלִים דְּמֵי בִּיקּוּר?	кáма олӣ́м дмэй бикýр?	Сколько стоит вызов мастера?	Существительные	דְּמֵי בִּיקּוּר
1211	FEMALE	Нейтральные / Безличные	s_318c6b00d987.mp3	יֵשׁ לָנוּ מַשְׁכַּנְתָּא גְּדוֹלָה.	йеш лáну машкáнта гдолá.	У нас большая ипотека.	Существительные	מַשְׁכַּנְתָּא
1212	FEMALE	Нейтральные / Безличные	s_5d63733d0835.mp3	צָרִיךְ הוֹן עַצְמִי גָּבוֹהַּ.	царӣ́х hон ацмӣ́ гавóах.	Нужен высокий собственный капитал.	Существительные	הוֹן עַצְמִי
1213	FEMALE	Нейтральные / Безличные	tabu_dira.mp3	הַדִּירָה כְּבָר רְשׁוּמָה בַּטַּאבּוּ.	hа-дирá квар рэшумá ба-тáбу.	Квартира уже зарегистрирована в Табу.	Существительные	טַאבּוּ
1214	FEMALE	Нейтральные / Безличные	s_a728d8b3cc92.mp3	הָרִיבִּית בַּבַּנְק עָלְתָה הַיּוֹם.	hа-рибӣ́т ба-банк алтá hа-йом.	Процентная ставка в банке сегодня выросла.	Существительные	רִיבִּית
1215	FEMALE	Нейтральные / Безличные	s_e24ddcc3c713.mp3	פָּגַשְׁנוּ יוֹעֵץ מַשְׁכַּנְתָּאוֹת מְצוּיָּן.	пагáшну йоэ́ц машкантаóт мэцуйáн.	Мы встретили отличного ипотечного консультанта.	Существительные	יוֹעֵץ מַשְׁכַּנְתָּאוֹת
1216	FEMALE	Нейтральные / Безличные	s_827b49546339.mp3	דִּיבַּרְתִּי עִם עוֹרֵךְ דִּין.	дибáрти им орéх дин.	Я поговорил с адвокатом.	Существительные	עוֹרֵךְ דִּין
1217	FEMALE	Нейтральные / Безличные	s_43088efb13c4.mp3	שִׁילַּמְנוּ מַס רְכִישָׁה גָּבוֹהַּ.	шилáмну мас рэхишá гавóах.	Мы заплатили высокий налог на покупку.	Существительные	מַס רְכִישָׁה
1218	MALE	3-е лицо м.р. (הוא / דוד)	s_e990ca0b3c30.mp3	הוּא קָנָה נֶכֶס יָקָר.	hу канá нэ́хес якáр.	Он купил дорогую недвижимость.	Существительные	נֶכֶס
1219	FEMALE	Нейтральные / Безличные	s_d59055a2b097.mp3	דִּיבַּרְתִּי עִם מְתַוּוֵךְ נַדְלָ"ן.	дибáрти им мэтавéх надлáн.	Я поговорил с риелтором.	Существительные	מְתַוּוֵךְ נַדְלָ"ן
1220	MALE	3-е лицо м.р. (הוא / דוד)	s_e0e17ca2e7ad.mp3	הוּא מַשְׁקִיעַ כֶּסֶף בְּנַדְלָ"ן.	hу машкӣ́а кéсеф бэ-надлáн.	Он инвестирует деньги в недвижимость.	Существительные	נַדְלָ"ן
1221	FEMALE	Нейтральные / Безличные	s_496d97241acd.mp3	הַהֶחְזֵר הַחוֹדְשִׁי מַתְאִים לָנוּ.	hа-hэхзэ́р hа-ходшӣ́ мат’ӣ́м лáну.	Ежемесячный платёж нам подходит.	Существительные	הֶחְזֵר חוֹדְשִׁי
1222	FEMALE	Нейтральные / Безличные	s_b0c0d9a0b1f3.mp3	זֹאת הַשְׁקָעָה טוֹבָה מְאֹד.	зот hашкаá товá мэóд.	Это очень хорошая инвестиция.	Существительные	הַשְׁקָעָה
1223	FEMALE	Нейтральные / Безличные	s_8613ba6c0499.mp3	פָּתַחְתִּי פִּיקָּדוֹן חָדָשׁ בַּבַּנְק.	патáхти пикадóн хадáш ба-банк.	Я открыл новый депозит в банке.	Существительные	פִּיקָּדוֹן
1224	FEMALE	Нейтральные / Безличные	s_67a24ae47564.mp3	יֵשׁ לִי חִיסָּכוֹן בַּבַּנְק.	йеш ли хисахóн ба-банк.	У меня есть сбережения в банке.	Существительные	חִיסָּכוֹן
1225	MALE	1-е лицо м.р. (אני רוצה)	s_85f7757be026.mp3	אֲנִי מְשַׁלֵּם מַס הַכְנָסָה.	анӣ мэшалéм мас hахнасá.	Я плачу подоходный налог.	Существительные	מַס הַכְנָסָה
1226	FEMALE	Нейтральные / Безличные	s_053a81525fef.mp3	קִיבַּלְתִּי עוֹד נְקוּדַּת זִיכּוּי.	кибáлти од נэкудáт зикýй.	Я получил ещё один налоговый балл.	Существительные	נְקוּדַּת זִיכּוּי
1227	FEMALE	Нейтральные / Безличные	s_a622c3b578eb.mp3	עָשִׂיתִי תֵּיאוּם מַס בָּאִינְטֶרְנֶט.	ъасӣ́ти тэýм мас ба-интернéт.	Я сделал согласование налогов в интернете.	Существительные	תֵּיאוּם מַס
1228	FEMALE	Нейтральные / Безличные	s_383026b43384.mp3	הָעֵסֶק הֵבִיא רֶוַוח יָפֶה.	hа-э́сек hэвӣ́ рéвах яфэ́.	Бизнес принёс хорошую прибыль.	Существительные	רֶוַוח
1229	FEMALE	Нейтральные / Безличные	s_d7a2496083cb.mp3	לַחֶבְרָה יֵשׁ הֶפְסֵד כַּסְפִּי.	ла-хэврá йеш hэфсéд каспӣ́.	У компании финансовый убыток.	Существительные	הֶפְסֵד
1230	FEMALE	Нейтральные / Безличные	s_c4f18b13acfe.mp3	דִּיבַּרְתִּי עִם יוֹעֵץ הַשְׁקָעוֹת.	дибáрти им йоэ́ц hашкаóт.	Я поговорил с инвестиционным советником.	Существительные	יוֹעֵץ הַשְׁקָעוֹת
1231	FEMALE	Нейтральные / Безличные	s_bcafea572474.mp3	בָּדַקְתִּי אֶת הָעוֹבֵר וָשָׁב.	бадáкти эт hа-овэ́р ва-шав.	Я проверил текущий счёт.	Существительные	עוֹבֵר וָשָׁב
1232	FEMALE	Нейтральные / Безличные	s_d064db682ebc.mp3	יֵשׁ לִי פְּגִישָׁה עִסְקִית.	йеш ли пгишá искӣ́т.	У меня деловая встреча.	Существительные	פְּגִישָׁה עִסְקִית
1233	FEMALE	Нейтральные / Безличные	s_08a043e9f5ba.mp3	זֶה תְּנַאי חָשׁוּב מְאֹד.	зэ тнай хашýв мэóд.	Это очень важное условие.	Существительные	תְּנַאי
1234	FEMALE	Нейтральные / Безличные	s_deb04c32c8f4.mp3	עָשִׂינוּ הַשְׁוָואָה בֵּין הַמְּחִירִים.	ъасӣ́ну hашваá бэйн hа-мэхирӣ́м.	Мы сделали сравнение цен.	Существительные	הַשְׁוָואָה
1235	FEMALE	Нейтральные / Безличные	s_2a9eb1268c25.mp3	לָמַדְנוּ שֵׁם פְּעוּלָּה בַּכִּיתָּה.	ламáдну шем пэулá ба-китá.	Мы учили отглагольное существительное в классе.	Существительные	שֵׁם פְּעוּלָּה
1236	FEMALE	Нейтральные / Безличные	s_70ba907efb79.mp3	הַכְּתִיבָה שֶׁלּוֹ בְּרוּרָה מְאֹד.	hа-ктивá шэлó брурá мэóд.	Его почерк (письмо) очень понятный.	Существительные	כְּתִיבָה
1237	FEMALE	Нейтральные / Безличные	s_322ed807fb1b.mp3	הַלְּמִידָה הַזֹּאת חֲשׁוּבָה מְאֹד.	hа-лэмидá hа-зот хашувá мэóд.	Это обучение очень важное.	Существительные	לְמִידָה
1238	FEMALE	Нейтральные / Безличные	s_095a40a1f806.mp3	הַתַּשְׁלוּם עָבַר בְּהַצְלָחָה הַיּוֹם.	hа-ташлýм авáр бэ-hацлахá hа-йом.	Платёж сегодня прошёл успешно.	Существительные	תַּשְׁלוּם
1239	FEMALE	Нейтральные / Безличные	s_d0d2c1cc30c2.mp3	הַתִּיקּוּן שֶׁל הַמַּזְגָן הִצְלִיחַ.	hа-тикýн шэль hа-мазгáн hицлӣ́ах.	Ремонт кондиционера удался.	Существительные	תִּיקּוּן
1240	FEMALE	Нейтральные / Безличные	s_1be00e0afbc0.mp3	הָיְיתָה הִתְרַגְּשׁוּת גְּדוֹלָה מְאֹד.	hайтá hитрагшýт гдолá мэóд.	Было очень большое волнение.	Существительные	הִתְרַגְּשׁוּת
1241	FEMALE	Нейтральные / Безличные	s_3df342a3badb.mp3	תּוֹדָה עַל הַהִשְׁתַּתְּפוּת שֶׁלָּכֶם.	тодá аль hа-hиштатфýт шэлахéм.	Спасибо за ваше участие.	Существительные	הִשְׁתַּתְּפוּת
1242	FEMALE	Нейтральные / Безличные	s_84cd9aadfbf5.mp3	יֵשׁ לוֹ הִתְנַהֲגוּת טוֹבָה.	йеш ло hитнаhагýт товá.	У него хорошее поведение.	Существительные	הִתְנַהֲגוּת
1243	MALE	3-е лицо м.р. (הוא / דוד)	s_408fd51d4280.mp3	הוּא מְתַכְנֵן פְּתִיחַת עֵסֶק.	hу мэтахнэ́н птихáт э́сек.	Он планирует открытие бизнеса.	Существительные	פְּתִיחַת עֵסֶק
1244	FEMALE	Нейтральные / Безличные	s_49e96049747f.mp3	נִפָּגֵשׁ מָחָר בַּבּוֹקֶר.	нипагéш махáр ба-бóкер.	Встретимся завтра утром.	Существительные	מָחָר
1245	FEMALE	Нейтральные / Безличные	s_c3766d550d65.mp3	הַשִּׁיעוּר יִהְיֶה מָחֳרָתַיִּים.	hа-шиýр йиhйé мохоратáйим.	Урок будет послезавтра.	Существительные	מָחֳרָתַיִּים
1246	FEMALE	Нейтральные / Безличные	s_0b9a3b77cb2f.mp3	הֵם יַגִּיעוּ בַּשָּׁבוּעַ הַבָּא.	hем ягӣу ба-шавýа hа-ба.	Они приедут на следующей неделе.	Существительные	בַּשָּׁבוּעַ הַבָּא
1247	FEMALE	Нейтральные / Безличные	s_1bc56fa0621e.mp3	נַתְחִיל לַעֲבוֹד בַּחוֹדֶשׁ הַבָּא.	натхӣль лаавóд ба-хóдеш hа-ба.	Мы начнём работать в следующем месяце.	Существительные	בַּחוֹדֶשׁ הַבָּא
1248	MALE	3-е лицо м.р. (הוא / דוד)	s_23c6b418d460.mp3	הוּא יַחֲזוֹר בְּקָרוֹב הַבַּיְתָה.	hу яхазóр бэ-карóв hабáйта.	Он скоро вернётся домой.	Существительные	בְּקָרוֹב
1249	FEMALE	Нейтральные / Безличные	s_29ec7af3a5ff.mp3	שָׁלוֹם, נִרְאֶה בְּקָרוֹב שׁוּב!	шалóм, ниръэ́ бэ-карóв шув!	Пока, скоро увидимся снова!	Существительные	נִרְאֶה בְּקָרוֹב
1250	FEMALE	Нейтральные / Безличные	s_84fb8fb88be0.mp3	דָּוִד, מָתַי תָּבוֹא הַיּוֹם?	давӣд, матáй тавó hайóм?	Давид, когда ты придёшь сегодня?	Существительные	מָתַי תָּבוֹא?
1251	FEMALE	Нейтральные / Безличные	s_dd8f7906b655.mp3	אִם תִּרְצֶה, נָבוֹא אֵלֶיךָ.	им тирцэ́, навó элéйха.	Если захочешь, мы придём к тебе.	Существительные	אִם תִּרְצֶה
1252	FEMALE	Нейтральные / Безличные	s_df1c47e3dc57.mp3	תַּחְשׁוֹב עַל זֶה הֵיטֵב.	тахшóв аль зэ hэйтéв.	Подумай об этом хорошенько.	Существительные	תַּחְשׁוֹב עַל זֶה
1253	FEMALE	Нейтральные / Безличные	s_4f1033cd4631.mp3	הַחֲבֵרִים יַעַזְרוּ לָנוּ תָּמִיד.	hа-хаверӣм яазрý лáну тамӣд.	Друзья всегда нам помогут.	Существительные	יַעַזְרוּ לָנוּ
1254	FEMALE	Нейтральные / Безличные	s_a06d360ecf98.mp3	הַכֹּל יִהְיֶה בְּסֵדֶר, חָבֵר!	hакóль йиhйé бэсэ́דэр, хавéр!	Всё будет хорошо, друг!	Существительные	הַכֹּל יִהְיֶה בְּסֵדֶר
1255	FEMALE	Нейтральные / Безличные	s_e118b1d76a07.mp3	בַּקַּיִץ נָטוּס לְחוּ"ל יַחַד.	ба-кáйиц натýс лэ-хуль я́хад.	Летом мы полетим за границу вместе.	Существительные	נָטוּס לְחוּ"ל
1256	FEMALE	Нейтральные / Безличные	s_05aa98b25a89.mp3	בְּשָׁעָה טוֹבָה עַל הַדִּירָה!	бэ-шаá товá аль hа-дирá!	В добрый час с покупкой квартиры!	Существительные	בְּשָׁעָה טוֹבָה
1257	FEMALE	Нейтральные / Безличные	s_8522da46483a.mp3	נִשְׁתֶּה קָפֶה בַּבַּיִת שֶׁלִּי.	ништэ́ кафэ́ ба-бáйит шелӣ.	Мы выпьем кофе у меня дома.	Существительные	נִשְׁתֶּה קָפֶה
1258	FEMALE	Нейтральные / Безличные	s_544d7e1d3a39.mp3	נִרְאֶה מָה יִהְיֶה מָחָר.	ниръэ́ ма йиhйé махáр.	Посмотрим, что будет завтра.	Существительные	נִרְאֶה
1259	FEMALE	Нейтральные / Безличные	s_a3e57a29ae5a.mp3	תַּעֲשׂוּ חַיִּים בַּטִיּוּל הַיּוֹם!	таасý хайӣм ба-тийýль hайóм!	Хорошо вам провести время в поездке сегодня!	Существительные	תַּעֲשׂוּ חַיִּים
1260	FEMALE	Нейтральные / Безличные	s_ca7137fb4eed.mp3	אֶעֱנֶה לְךָ עוֹד מְעַט.	ээнэ́ лехá од меáт.	Я отвечу тебе чуть позже.	Существительные	אֶעֱנֶה לְךָ
1261	FEMALE	Нейтральные / Безличные	s_abe196f27e3d.mp3	מָה שֶׁיִּהְיֶה יִהְיֶה, חֲבֵרִים.	ма шэ-йиhйé йиhйé, хаверӣм.	Будь что будет, друзья.	Существительные	מָה שֶׁיִּהְיֶה יִהְיֶה
1262	FEMALE	Нейтральные / Безличные	s_f927a7c43e57.mp3	נְדַבֵּר מָחָר בַּטֶּלֶפוֹן, טוֹב?	нэдабэ́р махáр ба-тéлефон, тов?	Поговорим завтра по телефону, хорошо?	Существительные	נְדַבֵּר מָחָר
1263	MALE	3-е лицо м.р. (הוא / דוד)	s_bed1f0677752.mp3	הוּא יְסַדֵּר אֶת הָעִנְיָין.	hу йэсадéр эт hа-иньян.	Он уладит этот вопрос.	Существительные	יְסַדֵּר אֶת הָעִנְיָין
1264	FEMALE	Нейтральные / Безличные	s_cbae09c84736.mp3	יִהְיֶה בְּסֵדֶר, אֲסַדֵּר הַכֹּל!	йиhйé бэсэ́דэр, асадéр hакóль!	Всё будет хорошо, я всё улажу!	Существительные	יִהְיֶה בְּסֵדֶר, אֲסַדֵּר הַכֹּל
1265	FEMALE	Нейтральные / Безличные	s_76e540c9e1e8.mp3	אַגִּיד לְךָ אֶת הָאֱמֶת.	агӣд лехá эт hа-эмéт.	Я скажу тебе правду.	Существительные	אַגִּיד לְךָ
1266	FEMALE	Нейтральные / Безличные	s_6eb742b8deaa.mp3	תַּגִּיד לִי אֵיפֹה אַתָּה.	тагӣд ли эйфó атá.	Скажи мне, где ты.	Существительные	תַּגִּיד לִי
1267	MALE	1-е лицо м.р. (אני רוצה)	s_5185f01b5953.mp3	אֲנִי מַבְטִיחַ לְךָ לַעֲזוֹר.	анӣ мавтӣах лехá лаазóр.	Я обещаю тебе помочь.	Существительные	אֲנִי מַבְטִיחַ לְךָ
1268	FEMALE	Женская форма (адаптация 1/2 л.)	s_5185f01b5953_f.mp3	אֲנִי מַבְטִיחָה לְךָ לַעֲזוֹר.	анӣ мавтиха́ лехá лаазóр.	Я обещаю тебе помочь.	Существительные	אֲנִי מַבְטִיחַ לְךָ
1269	FEMALE	Нейтральные / Безличные	s_1ab0e8ccf3cd.mp3	נִתְרָאֶה בַּקָּפֶה בְּקָרוֹב!	нитраэ́ ба-кафэ́ бэ-карóв!	Увидимся в кафе скоро!	Существительные	נִתְרָאֶה
1270	FEMALE	Нейтральные / Безличные	s_c1866ef47f16.mp3	שָׁלוֹם, נִתְרָאֶה מָחָר בַּעֲבוֹדָה!	шалóм, нитраэ́ махáр ба-аводá!	До свидания, увидимся завтра на работе!	Существительные	נִתְרָאֶה מָחָר
1271	FEMALE	Нейтральные / Безличные	s_0f76e9dfcd6d.mp3	אֶתְקַשֵּׁר אֵלֶיךָ עוֹד שָׁעָה.	эткашэ́р элéйха од шаá.	Я позвоню тебе через час.	Существительные	אֶתְקַשֵּׁר אֵלֶיךָ
1272	FEMALE	Нейтральные / Безличные	s_2704390fa0a2.mp3	אַל תִּתְרַגֵּשׁ, יִהְיֶה טוֹב!	аль титрагэ́ш, йиhйé тов!	Не волнуйся, всё будет хорошо!	Существительные	אַל תִּתְרַגֵּשׁ
1273	FEMALE	Нейтральные / Безличные	s_bd0e9511b099.mp3	תִּתְלַבְּשׁוּ יָפֶה לַמְּסִבָּה הַיּוֹם.	титлабшý яфэ́ ла-мэсибá hайóм.	Оденьтесь красиво на вечеринку сегодня.	Существительные	תִּתְלַבְּשׁוּ יָפֶה
1274	FEMALE	Нейтральные / Безличные	s_c130dcdcbe32.mp3	תּוֹדָה רַבָּה, נִשְׁתַּמֵּעַ בְּקָרוֹב!	тодá рабá, ништамá бэ-карóв!	Большое спасибо, созвонимся скоро!	Существительные	נִשְׁתַּמֵּעַ
1275	MALE	1-е лицо м.р. (אני רוצה)	s_f46061f9bdc4.mp3	אַל תִּדְאַג, אֲנִי עוֹזֵר.	аль тид’áг, анӣ озéр.	Не волнуйся, я помогаю.	Существительные	אַל תִּדְאַג
1276	FEMALE	Женская форма (адаптация 1/2 л.)	s_f46061f9bdc4_f.mp3	אַל תִּדְאַג, אֲנִי עוֹזֶרֶת.	аль тид’áг, анӣ озе́рет.	Не волнуйся, я помогаю.	Существительные	אַל תִּדְאַג
1277	FEMALE	Нейтральные / Безличные	s_60ec89e5e65c.mp3	אַל תִּשְׁכַּח אֶת הַמַּפְתֵּחַ!	аль тишкáх эт hа-мафтéах!	Не забудь ключ!	Существительные	אַל תִּשְׁכַּח
1278	FEMALE	Нейтральные / Безличные	s_5c8ae3510141.mp3	תַּמְתִּין רֶגַע עַל הַקַּו.	тамтӣн рéга аль hа-кав.	Подождите минутку на линии.	Существительные	תַּמְתִּין רֶגַע
1279	FEMALE	Нейтральные / Безличные	s_12549230bd18.mp3	תִּיכָּנֵס בְּבַקָּשָׁה לַחֶדֶר שֶׁלִּי.	тиканéс бэвакашá ла-хéдер шелӣ.	Заходи, пожалуйста, в мою комнату.	Существительные	תִּיכָּנֵס בְּבַקָּשָׁה
1280	FEMALE	Нейтральные / Безличные	s_0784df5d5214.mp3	בְּבַקָּשָׁה, תֵּשֵׁב עַל הַכִּסֵּא.	бэвакашá, тэшэ́в аль hа-кисэ́.	Пожалуйста, присаживайся на стул.	Существительные	תֵּשֵׁב
1281	FEMALE	Нейтральные / Безличные	s_5bbbbc65d9c9.mp3	תַּקְשִׁיב לִי בְּבַקָּשָׁה עַכְשָׁיו.	такшӣв ли бэвакашá ахшáв.	Послушай меня, пожалуйста, сейчас.	Существительные	תַּקְשִׁיב לִי
1282	FEMALE	Нейтральные / Безличные	s_f237f8bf39ff.mp3	תִּיזָּהֵר כְּשֶׁאַתָּה חוֹצֶה כְּבִישׁ!	тизаhэ́р кшэ-атá хоцэ́ квиш!	Будь осторожен, когда переходишь дорогу!	Существительные	תִּיזָּהֵר
1283	FEMALE	Нейтральные / Безличные	s_7999642ca26e.mp3	שִׂים לֵב לַתַּמְרוּר הַזֶּה!	сим лев ла-тамрýр hазэ́!	Обрати внимание на этот дорожный знак!	Существительные	שִׂים לֵב
1284	FEMALE	Нейтральные / Безличные	s_1a3841a92f84.mp3	תִּרְגַּע, יֵשׁ לָנוּ זְמַן.	тиргá, йеш лáну зман.	Успокойся, у нас есть время.	Существительные	תִּרְגַּע
1285	FEMALE	Нейтральные / Безличные	s_8a69e1119808.mp3	אֲרוּחַת בּוֹקֶר כְּלוּלָה בַּמְּחִיר.	арухáт бóкер клулá ба-мэхӣр.	Завтрак включён в стоимость.	Существительные	אֲרוּחַת בּוֹקֶר כְּלוּלָה
1286	FEMALE	Нейтральные / Безличные	s_6001678be27a.mp3	חוּפְשָׁה נְעִימָה לְכָל הַמִּשְׁפָּחָה!	хуфшá неимá ле-холь hа-мишпахá!	Приятного отпуска всей семье!	Существительные	חוּפְשָׁה נְעִימָה
1287	FEMALE	Нейтральные / Безличные	s_3d5039fcb742.mp3	תַּהֲנוּ מְאוֹד בַּמְּלוֹן הַיּוֹם!	тэhанý меóд ба-малóн hайóм!	Хорошо вам провести время в гостинице сегодня!	Существительные	תַּהֲנוּ
1288	FEMALE	Нейтральные / Безличные	s_6451d86db9cd.mp3	בְּהַצְלָחָה בָּרֵאָיוֹן לָעֲבוֹדָה הַיּוֹם!	бэhацлахá ба-рэайóн ла-аводá hайóм!	Удачи на собеседовании на работу сегодня!	Существительные	בְּהַצְלָחָה בָּרֵאָיוֹן
1289	FEMALE	Нейтральные / Безличные	s_ffac75a20c47.mp3	מוּתָּר לַחְנוֹת פֹּה בְּכָחוֹל-לָבָן.	мутáр лахнóт по бэ-кахóль-лавáн.	Здесь разрешено парковаться на сине-белой разметке.	Существительные	כָּחוֹל-לָבָן
1290	FEMALE	Нейтральные / Безличные	s_0477362dd1cd.mp3	אָסוּר לַחְנוֹת פֹּה בְּאָדוֹם-לָבָן.	асýр лахнóт по бэ-адóм-лавáн.	Здесь запрещено парковаться на красно-белой разметке.	Существительные	אָדוֹם-לָבָן
1291	FEMALE	Нейтральные / Безличные	s_951bf07223e1.mp3	צָרִיךְ לְהַפְעִיל פַּנְגּוֹ עַכְשָׁיו.	царӣ́х лэhафъӣль пáнго ахшáв.	Нужно активировать Pango сейчас.	Существительные	לְהַפְעִיל פַּנְגּוֹ
1292	FEMALE	Нейтральные / Безличные	s_63007bfea284.mp3	שֶׁתִּהְיֶה לְךָ נְהִיגָה בְּטוּחָה!	шэ-тиhйé лэхá нэhигá бтухá!	Безопасного тебе вождения!	Существительные	נְהִיגָה בְּטוּחָה
1293	FEMALE	Нейтральные / Безличные	s_23ad19807e0f.mp3	שֶׁיִּהְיֶה בְּשָׁעָה טוֹבָה וּמוּצְלַחַת!	шэ-йиhйé бэ-шаá товá вэ-муцлáхат!	Пусть всё пройдёт в добрый и успешный час!	Существительные	בְּשָׁעָה טוֹבָה וּמוּצְלַחַת
1294	FEMALE	Нейтральные / Безличные	s_cd63bb7021a1.mp3	נִמְאַס לִי מֵהַמַּצָּב הַזֶּה.	ним’áс ли мэ-hа-мацáв hа-зэ.	Мне надоела эта ситуация.	Существительные	נִמְאַס לִי
1295	FEMALE	Нейтральные / Безличные	s_b961b3dd0117.mp3	הָרַעְיוֹן שֶׁלְּךָ נִשְׁמָע מְצוּיָן.	hа-раайóн шельхá нишмá мэцуян.	Твоя идея звучит отлично.	Существительные	נִשְׁמָע מְצוּיָן
1296	FEMALE	Нейтральные / Безличные	s_2c99921a7497.mp3	אָז נִפָּגֵשׁ מָחָר בַּבּוֹקֶר.	аз нипагéш махáр ба-бóкер.	Тогда встретимся завтра утром.	Существительные	נִפָּגֵשׁ מָחָר
1297	FEMALE	Нейтральные / Безличные	s_f400c9218a0c.mp3	הַיּוֹם אֶשָּׁאֵר בַּבַּיִת לָנוּחַ.	hа-йом эшаэ́р ба-бáйит ланýах.	Сегодня я останусь дома отдохнуть.	Существительные	אֶשָּׁאֵר בַּבַּיִת
1298	FEMALE	Нейтральные / Безличные	s_d190bba9852c.mp3	מְדוּבָּר בִּבְעָיָה קָשָׁה מְאֹד.	мэдубáр би-въая́ кашá меóд.	Речь идёт об очень трудной проблеме.	Существительные	מְדוּבָּר בְּ-
1299	MALE	2-е лицо м.р. (אתה יודע)	s_ebcea952488a.mp3	אַתָּה מוּזְמָן לֶאֱכוֹל אִתָּנוּ.	атá музмáн лээхóль итáну.	Ты приглашён пообедать с нами.	Существительные	אַתָּה מוּזְמָן
1300	FEMALE	Женская форма (адаптация 1/2 л.)	s_ebcea952488a_f.mp3	אַתְּ מוּזְמָן לֶאֱכוֹל אִתָּנוּ.	ат музмáн лээхóль итáну.	Ты приглашён пообедать с нами.	Существительные	אַתָּה מוּזְמָן
1301	FEMALE	Нейтральные / Безличные	s_c24b7c6316b7.mp3	הַכֹּל מוּסְכָּם וּבָרוּר עַכְשָׁיו.	hакóль мускáм у-варýр ахшáв.	Всё согласовано и понятно сейчас.	Существительные	מוּסְכָּם
1302	FEMALE	Нейтральные / Безличные	s_26265147efe9.mp3	הַמָּקוֹם הוּזְמַן מֵרֹאשׁ עֲבוּרֵנוּ.	hа-макóм hузмáн мэ-рош авурéну.	Место было забронировано заранее для нас.	Существительные	הוּזְמַן מֵרֹאשׁ
1303	FEMALE	Нейтральные / Безличные	s_069a8aca4902.mp3	אַל תִּדְאַג, הַכֹּל מְסוּדָּר.	аль тидъáг, hакóль мэсудáр.	Не волнуйся, всё устроено.	Существительные	הַכֹּל מְסוּדָּר
1304	FEMALE	Нейтральные / Безличные	s_960436507da1.mp3	הַקָּפֶה הַיּוֹם זֶה עָלַי!	hа-кафэ́ hа-йом зэ алáй!	Кофе сегодня за мой счёт!	Существительные	זֶה עָלַי!
1305	MALE	1-е лицо м.р. (אני רוצה)	s_cc85f8a9a875.mp3	אֲנִי סוֹמֵךְ עָלֶיךָ תָּמִיד.	анӣ сомéх алéйха тамӣ́д.	Я всегда полагаюсь на тебя.	Существительные	אֲנִי סוֹמֵךְ עָלֶיךָ
1306	FEMALE	Женская форма (адаптация 1/2 л.)	s_cc85f8a9a875_f.mp3	אֲנִי סוֹמֶכֶת עָלֶיךָ תָּמִיד.	анӣ соме́хет алéйха тамӣ́д.	Я всегда полагаюсь на тебя.	Существительные	אֲנִי סוֹמֵךְ עָלֶיךָ
1307	FEMALE	Нейтральные / Безличные	s_0931813d8d69.mp3	תַּגִּיד, מַה עוֹבֵר עָלֶיךָ?	тагӣ́д, ма овэ́р алéйха?	Скажи, что с тобой происходит?	Существительные	מַה עוֹבֵר עָלֶיךָ?
1308	FEMALE	Нейтральные / Безличные	s_7e0afda2d53b.mp3	בְּבַקָּשָׁה תַּחֲזוֹר אֵלַי מָחָר.	бэвакашá тахзóр элáй махáр.	Пожалуйста, перезвони мне завтра.	Существительные	תַּחֲזוֹר אֵלַי
1309	FEMALE	Нейтральные / Безличные	s_2548986e1429.mp3	בּוֹא אֵלֵינוּ בְּיוֹם שִׁשִּׁי.	бо элéйну бэ-йом шишӣ́.	Приходи к нам в пятницу.	Существительные	בּוֹא אֵלֵינוּ
1310	FEMALE	Нейтральные / Безличные	s_9061941dc953.mp3	פָּנִיתִי אֵלָיו בִּשְׁאֵלָה חֲשׁוּבָה.	панӣ́ти элáв би-шъэлá хашувá.	Я обратился к нему с важным вопросом.	Существительные	פָּנִיתִי אֵלָיו
1311	FEMALE	Нейтральные / Безличные	s_1b340fc7d2e8.mp3	שָׁלַחְתִּי אֵלֶיךָ מִכְתָּב חָשׁוּב.	шалáхти элéйха михтáв хашýв.	Я отправил тебе важное письмо.	Существительные	שָׁלַחְתִּי אֵלֶיךָ מִכְתָּב
1312	FEMALE	Нейтральные / Безличные	s_124dcf1dc473.mp3	בּוֹאוּ אַחֲרַי לַחֶדֶר הַזֶּה.	бóу ахарáй ла-хéдер hа-зэ.	Идите за мной в эту комнату.	Существительные	אַחֲרַי!
1313	FEMALE	Нейтральные / Безличные	s_3e7e18868d02.mp3	אִי אֶפְשָׁר בִּלְעָדֶיךָ כָּאן.	и эфшáр бильадéйха кан.	Без тебя здесь никак нельзя.	Существительные	אִי אֶפְשָׁר בִּלְעָדֶיךָ
1314	MALE	3-е лицо м.р. (הוא / דוד)	s_fb9dfd1d716a.mp3	הוּא עָמַד לְפָנַי בַּתּוֹר.	hу амáд лэфанáй ба-тор.	Он стоял передо мной в очереди.	Существительные	עָמַד לְפָנַי
1315	FEMALE	Нейтральные / Безличные	s_7d7865050cb4.mp3	בָּאוּ כּוּלָּם מִלְּבַדּוֹ הַיּוֹם.	бáу кулáм мильвадó hа-йом.	Пришли все, кроме него сегодня.	Существительные	כּוּלָּם מִלְּבַדּוֹ
1316	FEMALE	Нейтральные / Безличные	s_3a3bde88978a.mp3	הִתְקַשַּׁרְתִּי כַּאֲשֶׁר הִגַּעְתִּי הַבַּיְתָה.	hиткашáрти каашэ́р hигáти hабáйта.	Я позвонил, когда пришёл домой.	Существительные	כַּאֲשֶׁר
1317	FEMALE	Нейтральные / Безличные	s_d6a82a2ad51b.mp3	אֵחַרְתִּי מִפְּנֵי שֶׁהָיָה פְּקָק.	эхáрти мипнэ́й шэ-hайá пкак.	Я опоздал, потому что была пробка.	Существительные	מִפְּנֵי שֶׁ-
1318	FEMALE	Нейтральные / Безличные	s_9dd23e583e97.mp3	נִשְׁאַרְתִּי מִכֵּיוְוָן שֶׁיָּרַד גֶּשֶׁם.	нишъáрти микейвáн шэ-ярáд гéшем.	Я остался, так как шёл дождь.	Существительные	מִכֵּיוְוָן שֶׁ-
1319	FEMALE	Нейтральные / Безличные	s_abf045c96d20.mp3	בָּאתִי לַמְרוֹת שֶׁהָיִיתִי עָיֵף.	бáти ламрóт шэ-hайӣ́ти айéф.	Я пришёл, несмотря на то что устал.	Существительные	לַמְרוֹת שֶׁ-
1320	FEMALE	Нейтральные / Безличные	s_7d112b2b7d00.mp3	בָּאתִי, אַף-עַל-פִּי שֶׁהָיִיתִי עָיֵף.	бáти, аф-аль-пи́ шэ-hайӣ́ти айéф.	Я пришёл, даже несмотря на то что устал.	Существительные	אַף עַל פִּי שֶׁ-
1321	FEMALE	Нейтральные / Безличные	s_00a2fd9c2169.mp3	הִסְבַּרְתִּי כְּדֵי שֶׁתָּבִין הֵיטֵב.	hисбáрти кдэй шэ-тавӣ́н hэйтéв.	Я объяснил, чтобы ты хорошо понял.	Существительные	כְּדֵי שֶׁ-
1322	FEMALE	Нейтральные / Безличные	s_44930e0e9984.mp3	הַכֹּל קָרָה כְּפִי שֶׁאָמַרְתָּ.	hакóль карá кэфӣ шэ-амáрта.	Всё произошло так, как ты сказал.	Существительные	כְּפִי שֶׁ-
1323	FEMALE	Нейтральные / Безличные	s_f84814ce4148.mp3	הִקְשַׁבְתִּי בִּזְמַן שֶׁהוּא דִּבֵּר.	hикшáвти би-змáн шэ-hу дибéр.	Я слушал, пока он говорил.	Существительные	בִּזְמַן שֶׁ-
1324	FEMALE	Нейтральные / Безличные	s_fadfd2f7c6c9.mp3	חִכִּיתִי עַד שֶׁהוּא הִגִּיעַ.	хикӣ́ти ад шэ-hу hигӣ́а.	Я ждал, пока он не пришёл.	Существительные	עַד שֶׁ-
1325	MALE	2-е лицо м.р. (אתה יודע)	s_4ea678c41194.mp3	מָה בְּעֶצֶם אַתָּה רוֹצֶה?	ма бээ́цем атá роцэ́?	Что, собственно говоря, ты хочешь?	Существительные	בְּעֶצֶם
1326	FEMALE	Женская форма (адаптация 1/2 л.)	s_4ea678c41194_f.mp3	מָה בְּעֶצֶם אַתְּ רוֹצָה?	ма бээ́цем ат роца́?	Что, собственно говоря, ты хочешь?	Существительные	בְּעֶצֶם
1327	MALE	2-е лицо м.р. (אתה יודע)	s_7c9179eecfea.mp3	כְּלוֹמַר, אַתָּה לֹא מַסְכִּים?	кломáр, атá ло маскӣ́м?	То есть, ты не согласен?	Существительные	כְּלוֹמַר
1328	FEMALE	Женская форма (адаптация 1/2 л.)	s_7c9179eecfea_f.mp3	כְּלוֹמַר, אַתְּ לֹא מַסְכִּימָה?	кломáр, ат ло маскима́?	То есть, ты не согласен?	Существительные	כְּלוֹמַר
1329	FEMALE	Нейтральные / Безличные	s_6da0b3400b80.mp3	לְפִי דַּעְתִּי זֶה מְצוּיָן.	лэфӣ датӣ зэ мэцуян.	По моему мнению, это отлично.	Существительные	לְפִי דַּעְתִּי
1330	FEMALE	Нейтральные / Безличные	s_9614fda43b42.mp3	תִּתְקַשֵּׁר אֵלַי אִם תּוּכַל.	титкашéр элáй им тухáль.	Позвони мне, если сможешь.	Существительные	אִם
1331	FEMALE	Нейтральные / Безличные	s_00bfa671c075.mp3	אִילּוּ יָכוֹלְתִּי, הָיִיתִי בָּא.	илý яхóльти, hайӣ́ти ба.	Если бы я мог, я бы пришёл.	Существительные	אִילּוּ
1332	FEMALE	Нейтральные / Безличные	s_96f3241fb4cd.mp3	לוּ רַק הָיִיתִי יוֹדֵעַ.	лу рак hайӣ́ти йодéа.	Если бы только я знал.	Существительные	לוּ
1333	FEMALE	Нейтральные / Безличные	s_ed38bc94ba89.mp3	אָבוֹא בִּתְנַאי שֶׁתַּעֲזוֹר לִי.	авó би-тнáй шэ-таазóр ли.	Я приду при условии, что ты мне поможешь.	Существительные	בִּתְנַאי שֶׁ-
1334	FEMALE	Нейтральные / Безличные	s_1be1ea5a7338.mp3	אָז מָה נַעֲשֶׂה הַיּוֹם?	аз ма наасэ́ hа-йом?	Тогда что мы будем делать сегодня?	Существительные	אָז
1335	FEMALE	Нейтральные / Безличные	s_8aa46a83861e.mp3	אִילּוּ יָדַעְתִּי, הָיִיתִי עוֹזֵר.	илý ядáти, hайӣ́ти озéр.	Если бы я знал, я бы помог.	Существительные	אִילּוּ יָדַעְתִּי
1336	FEMALE	Нейтральные / Безличные	s_feb791f62063.mp3	הָיִיתִי עוֹשֶׂה אֶת זֶה.	hайӣ́ти осэ́ эт зэ.	Я бы сделал это.	Существительные	הָיִיתִי עוֹשֶׂה
1337	FEMALE	Нейтральные / Безличные	s_f36fbca661e9.mp3	תַּעֲזוֹר לִי אִם אֶפְשָׁר.	таазóр ли им эфшáр.	Помоги мне, если можно.	Существительные	אִם אֶפְשָׁר
1338	FEMALE	Нейтральные / Безличные	s_744e5e53c09a.mp3	אִם כָּךְ, נֵלֵךְ עַכְשָׁיו.	им ках, нэлéх ахшáв.	Если так, пойдём сейчас.	Существительные	אִם כָּךְ
1339	FEMALE	Нейтральные / Безличные	s_b803385e8aba.mp3	תִּתְקַשֵּׁר בְּמִקְרֶה שֶׁתִּצְטָרֵךְ עֶזְרָה.	титкашéр бэ-микрé шэ-тицтарéх эзрá.	Позвони в случае, если тебе понадобится помощь.	Существительные	בְּמִקְרֶה שֶׁ-
1340	FEMALE	Нейтральные / Безличные	s_6d4b80ceab21.mp3	אֵין בְּרֵירָה, צָרִיךְ לָלֶכֶת.	эйн брерá, царӣ́х лалéхет.	Нет выбора, нужно идти.	Существительные	אֵין בְּרֵירָה
1341	MALE	1-е лицо м.р. (אני רוצה)	s_4507b7dbe501.mp3	אֲנִי רוֹצֶה יוֹתֵר זְמַן.	анӣ роцэ́ йотэ́р зман.	Я хочу больше времени.	Существительные	יוֹתֵר
1342	FEMALE	Женская форма (адаптация 1/2 л.)	s_4507b7dbe501_f.mp3	אֲנִי רוֹצָה יוֹתֵר זְמַן.	анӣ роца́ йотэ́р зман.	Я хочу больше времени.	Существительные	יוֹתֵר
1343	FEMALE	Нейтральные / Безличные	s_66d8d5771fdf.mp3	יֵשׁ לָנוּ פָּחוֹת זְמַן.	йеш лáну пахóт зман.	У нас меньше времени.	Существительные	פָּחוֹת
1344	FEMALE	Нейтральные / Безличные	s_db8c4e3a4a4b.mp3	זֶה הַמָּקוֹם הֲכִי יָפֶה.	зэ hа-макóм hахӣ яфэ́.	Это самое красивое место.	Существительные	הֲכִי
1345	FEMALE	Нейтральные / Безличные	s_a3ed932048ab.mp3	זֶה הַסֵּפֶר הַטּוֹב בְּיוֹתֵר.	зэ hа-сéфер hа-тов бэйотэ́р.	Это самая лучшая книга.	Существительные	בְּיוֹתֵר
1346	FEMALE	Нейтральные / Безличные	s_160b8b6a632d.mp3	הֲכִי טוֹב לִנְסוֹעַ בְּרַכֶּבֶת.	hахӣ тов линсóа бэ-ракéвет.	Лучше всего ехать на поезде.	Существительные	הֲכִי טוֹב
1347	FEMALE	Нейтральные / Безличные	s_a334af7a7ab6.mp3	זֶה הַפִּתְרוֹן הַטּוֹב בְּיוֹתֵר.	зэ hа-питрóн hа-тов бэйотэ́р.	Это наилучшее решение.	Существительные	הַטּוֹב בְּיוֹתֵר
1348	MALE	1-е лицо м.р. (אני רוצה)	s_8499eb43f8c0.mp3	אֲנִי כָּל כָּךְ עָיֵף.	анӣ коль ках айéф.	Я так устал.	Существительные	כָּל כָּךְ
1349	FEMALE	Женская форма (адаптация 1/2 л.)	s_8499eb43f8c0_f.mp3	אֲנִי כָּל כָּךְ עֲיֵפָה.	анӣ коль ках айефа́.	Я так устал.	Существительные	כָּל כָּךְ
1350	FEMALE	Нейтральные / Безличные	s_969ae9b0686b.mp3	זֶה זוֹל בְּהַשְׁוָואָה לְאֶתְמוֹל.	зэ золь бэ-hашваá лэ-этмóль.	Это дёшево по сравнению со вчерашним днем.	Существительные	בְּהַשְׁוָואָה לְ-
1351	FEMALE	Нейтральные / Безличные	s_488f38036263.mp3	הֵבַנְתִּי פָּחוֹת אוֹ יוֹתֵר.	hэвáнти пахóт о йотэ́р.	Я приблизительно понял.	Существительные	פָּחוֹת אוֹ יוֹתֵר
1352	FEMALE	Нейтральные / Безличные	s_b441a16b5393.mp3	זֶה נַעֲשָׂה בְּהֶסְכֵּם מָלֵא.	зэ наасá бэ-hэскéм малé.	Это было сделано при полном согласии.	Существительные	בְּהֶסְכֵּם מָלֵא
1353	FEMALE	Нейтральные / Безличные	s_4bef7557ed45.mp3	קָרָאתִי כּוֹתֶרֶת מְעַנְיֶנֶת בָּעִתּוֹן.	карáти котéрет меаньéнет ба-итóн.	Я прочитал интересный заголовок в газете.	Существительные	כּוֹתֶרֶת
1354	FEMALE	Нейтральные / Безличные	s_3b5d3ca2d7fd.mp3	שָׁמַעְתִּי מִבְזַק חֲדָשׁוֹת קָצָר.	шамáъти мивзáк хадашóт кацáр.	Я услышал короткий выпуск новостей.	Существительные	מִבְזַק חֲדָשׁוֹת
1355	FEMALE	Нейтральные / Безличные	s_11f6484eb232.mp3	זֹאת כַּתָּבָה חֲשׁוּבָה מְאוֹד.	зот катавá хашувá меóд.	Это очень важная статья.	Существительные	כַּתָּבָה
1356	FEMALE	Нейтральные / Безличные	s_5150b163f4b1.mp3	הָעִיתּוֹנַאי שׁוֹאֵל שְׁאֵלוֹת קָשׁוֹת.	hа-итонаӣ шоэ́ль шеэлóт кашóт.	Журналист задаёт трудные вопросы.	Существительные	עִיתּוֹנַאי
1357	MALE	3-е лицо м.р. (הוא / דוד)	s_fb114eb76fc7.mp3	הוּא עָרַךְ רֵאָיוֹן בִּלְעָדִי.	hу арáх рэайóн бильадӣ.	Он провёл эксклюзивное интервью.	Существительные	רֵאָיוֹן בִּלְעָדִי
1358	FEMALE	Нейтральные / Безличные	s_03f60d04eed0.mp3	צָפִינוּ בַּמַּהֲדוּרָה הַמֶּרְכָּזִית בָּעֶרֶב.	цафӣ́ну ба-маhадурá hа-мерказӣт ба-э́рев.	Мы смотрели главный выпуск новостей вечером.	Существительные	מַהֲדוּרָה מֶרְכָּזִית
1359	FEMALE	Нейтральные / Безличные	s_c0080789aac4.mp3	זֶה שִׁידּוּר חַי מִיְּרוּשָׁלַיִם.	зэ шидýр хай ми-йерушалáим.	Это прямой эфир из Иерусалима.	Существительные	שִׁידּוּר חַי
1360	FEMALE	Нейтральные / Безличные	s_da0972c38dc4.mp3	יֵשׁ לָזֶה הַשְׁפָּעָה גְּדוֹלָה.	йеш ла-зэ́ hашпаá гдолá.	Это оказывает большое влияние.	Существительные	הַשְׁפָּעָה
1361	FEMALE	Нейтральные / Безличные	s_1db5a0ee39fd.mp3	הַסֶּרֶט קִבֵּל בִּיקּוֹרֶת מְצוּיֶּנֶת.	hа-сэ́рет кибéль бикóрет мецуйéнет.	Фильм получил отличную критику.	Существительные	בִּיקּוֹרֶת
1362	MALE	3-е лицо м.р. (הוא / דוד)	s_4c3720ebb735.mp3	הוּא יָזָם מַצְלִיחַ מְאוֹד.	hу язáм мацлӣ́ах меóд.	Он очень успешный предприниматель.	Существительные	יָזָם
1363	FEMALE	3-е лицо ж.р. (היא / שרה)	s_f5376154fca1.mp3	הִיא לוֹמֶדֶת יַזָּמוּת בָּאוּנִיבֶרְסִיטָה.	hи ломéдет язамýт ба-унивéрсита.	Она изучает предпринимательство в университете.	Существительные	יַזָּמוּת
1364	FEMALE	Нейтральные / Безличные	s_a9edf32186f5.mp3	הַקֶּרֶן מַשְׁקִיעָה בְּהוֹן סִיכּוּן.	hа-кéрен машкӣ́а бэ-hон сикýн.	Фонд инвестирует в венчурный капитал.	Существительные	הוֹן סִיכּוּן
1365	FEMALE	Нейтральные / Безличные	s_b0b3bd38a67a.mp3	הַחֶבְרָה סִיְּימָה גִּיּוּס כְּסָפִים.	hа-хэврá сиймá гию́с ксафӣм.	Компания завершила привлечение средств.	Существительные	גִּיּוּס כְּסָפִים
1366	FEMALE	Нейтральные / Безличные	s_0f80d5147899.mp3	זֹאת פְּרִיצַת דֶּרֶךְ מַדָּעִית.	зот прицáт дэ́рех мадаӣ́т.	Это научный прорыв.	Существительные	פְּרִיצַת דֶּרֶךְ
1367	FEMALE	Нейтральные / Безличные	s_7a4cfabf21fb.mp3	הֵם מַתְחִילִים פִּיתּוּחַ חָדָשׁ.	hэм матхилӣ́м питýах хадáш.	Они начинают новую разработку.	Существительные	פִּיתּוּחַ
1368	MALE	3-е лицо м.р. (הוא / דוד)	s_606b0d94e531.mp3	הוּא מְנַהֵל מֶחְקָר וּפִיתּוּחַ.	hу менаhéль мэхкáр у-фитýах.	Он руководит исследованиями и разработками.	Существительные	מֶחְקָר וּפִיתּוּחַ
1369	FEMALE	3-е лицо ж.р. (היא / שרה)	s_5b46d3ec8510.mp3	הִיא הֵקִימָה חֶבְרַת הֶזְנֵק.	hи hэки́ма хэврáт hэзнéк.	Она основала стартап-компанию.	Существительные	חֶבְרַת הֶזְנֵק
1370	FEMALE	Нейтральные / Безличные	s_658a0aa06eb0.mp3	אֲנַחְנוּ מִשְׁתַּמְּשִׁים בְּטֶכְנוֹלוֹגְיָה מִתְקַדֶּמֶת.	анáхну миштамшӣ́м бэ-тэхнолóгия миткадéмет.	Мы используем передовую технологию.	Существительные	טֶכְנוֹלוֹגְיָה מִתְקַדֶּמֶת
1371	MALE	3-е лицо м.р. (הוא / דוד)	s_735c84e32b4b.mp3	הוּא לוֹמֵד בִּינָה מְלָאכוּתִית.	hу ломéд бинá мэлахутӣ́т.	Он изучает искусственный интеллект.	Существительные	בִּינָה מְלָאכוּתִית
1372	FEMALE	Нейтральные / Безличные	s_14ec41fbde38.mp3	נִשְׁמוֹר עַל אִיכוּת הַסְּבִיבָה.	нишмóр аль ихýт hа-свивá.	Мы сохраним окружающую среду.	Существительные	אִיכוּת הַסְּבִיבָה
1373	FEMALE	Нейтральные / Безличные	s_ee3259dc748f.mp3	מִיחְזוּר חָשׁוּב מְאוֹד לַסְּבִיבָה.	михзýр хашýв меóд ла-свивá.	Переработка очень важна для окружающей среды.	Существительные	מִיחְזוּר
1374	FEMALE	Нейтральные / Безличные	s_c20d7280472c.mp3	יֵשׁ פַּח כָּתוֹם בָּרְחוֹב.	йеш пах катóм ба-рэхóв.	На улице есть оранжевый бак.	Существительные	פַּח כָּתוֹם
1375	FEMALE	Нейтральные / Безличные	s_870aa6e0b31d.mp3	הַבַּיִת מִשְׁתַּמֵּשׁ בְּאֶנֶרְגְּיָה סוֹלָארִית.	hа-бáит миштамéш бэ-энэ́רгия солáрит.	Дом использует солнечную энергию.	Существительные	אֶנֶרְגְּיָה סוֹלָארִית
1376	FEMALE	Нейтральные / Безличные	s_3b04819e775b.mp3	הִתְחַמְּמוּת גְּלוֹבָּלִית מַשְׁפִּיעָה עָלֵינוּ.	hитхамэмýт глобáлит машпӣ́а алéйну.	Глобальное потепление влияет на нас.	Существительные	הִתְחַמְּמוּת גְּלוֹבָּלִית
1377	FEMALE	Нейтральные / Безличные	s_ef046d2549c4.mp3	טִיַּלְנוּ בִּשְׁמוּרַת טֶבַע יָפָה.	тия́льну би-шмурáт тэ́ва яфá.	Мы гуляли в красивом заповеднике.	Существительные	שְׁמוּרַת טֶבַע
1378	FEMALE	Нейтральные / Безличные	s_d80046c4512c.mp3	יֵשׁ זִיהוּם אֲוִויר בָּעִיר.	йеш зиhýм авӣр ба-ӣр.	В городе есть загрязнение воздуха.	Существительные	זִיהוּם אֲוִויר
1379	FEMALE	Нейтральные / Безличные	s_99e51f6f329c.mp3	פְּלַסְטִיק חַד פַּעֲמִי מַזִּיק.	плáстик хад паамӣ́ мазӣ́к.	Одноразовый пластик вреден.	Существительные	פְּלַסְטִיק חַד פַּעֲמִי
1380	MALE	3-е лицо м.р. (הוא / דוד)	s_3b542925f1d9.mp3	הוּא קָנָה רֶכֶב חַשְׁמַלִּי.	hу канá рéхев хашмалӣ.	Он купил электромобиль.	Существительные	רֶכֶב חַשְׁמַלִּי
1381	FEMALE	Нейтральные / Безличные	s_1fe927aad5f3.mp3	קַיָּימוּת חֲשׁוּבָה לָעוֹלָם שֶׁלָּנוּ.	каямýт хашувá ла-олáм шелáну.	Устойчивое развитие важно для нашего мира.	Существительные	קַיָּימוּת
1382	FEMALE	Нейтральные / Безличные	s_b779743dd5a6.mp3	קִבַּלְתִּי טוֹפֶס 17 בַּמִּרְפָּאָה.	кибáльти тóфес шва-эсрé ба-мирпаá.	Я получил форму 17 в поликлинике.	Существительные	טוֹפֶס 17
1383	FEMALE	Нейтральные / Безличные	s_be78885a6060.mp3	הִגַּעְנוּ לַחֲדַר מִיּוּן בַּלַּיְלָה.	hигáъну ла-хадáр мию́н ба-лáйла.	Мы прибыли в приёмный покой ночью.	Существительные	חֲדַר מִיּוּן
1384	MALE	1-е лицо м.р. (אני רוצה)	s_5a08fb838c61.mp3	אֲנִי צָרִיךְ רוֹפֵא מוּמְחֶה.	анӣ царӣ́х рофэ́ мумхэ́.	Мне нужен врач-специалист.	Существительные	רוֹפֵא מוּמְחֶה
1385	FEMALE	Женская форма (адаптация 1/2 л.)	s_5a08fb838c61_f.mp3	אֲנִי צָרִיךְ רוֹפֵאת מוּמְחֶה.	анӣ царӣ́х ро́фет мумхэ́.	Мне нужен врач-специалист.	Существительные	רוֹפֵא מוּמְחֶה
1386	FEMALE	Нейтральные / Безличные	s_9b52922f9b5d.mp3	הָרוֹפֵא נָתַן לִי הַפְנָיָה.	hа-рофэ́ натáн ли hафная́.	Врач дал мне направление.	Существительные	הַפְנָיָה
1387	FEMALE	Нейтральные / Безличные	s_35574ec95a49.mp3	עָשִׂיתִי בְּדִיקַת דָּם הַבֹּקֶר.	асӣ́ти бдикáт дам hа-бóкер.	Я сделал анализ крови этим утром.	Существительные	בְּדִיקַת דָּם
1388	FEMALE	Нейтральные / Безличные	s_39bb8ace8244.mp3	עָשׂוּ לוֹ צִילוּם רֶנְטְגֶּן.	асý ло цилýм рéнтген.	Ему сделали рентгеновский снимок.	Существительные	צִילוּם רֶנְטְגֶּן
1389	MALE	3-е лицо м.р. (הוא / דוד)	s_9a6e186afd08.mp3	הוּא הִשְׁתַּחְרֵר מֵאִשְׁפּוּז הַיּוֹם.	hу hиштахарéр мэ-ишпýз hа-йом.	Он выписался из больницы сегодня.	Существительные	אִשְׁפּוּז
1390	FEMALE	Нейтральные / Безличные	s_c295ce79c08b.mp3	הַנִּיתּוּחַ עָבַר בְּהַצְלָחָה רַבָּה.	hа-нитýах авáр бэ-hацлахá рабá.	Операция прошла с большим успехом.	Существительные	נִיתּוּחַ
1391	FEMALE	Нейтральные / Безличные	s_cd233d26d4eb.mp3	צָרִיךְ הִתְחַיְּיבוּת כַּסְפִּית לַטִּיפּוּל.	царӣ́х hитхайэвýт каспӣ́т ла-типýль.	Требуется финансовое обязательство на лечение.	Существительные	הִתְחַיְּיבוּת כַּסְפִּית
1392	FEMALE	Нейтральные / Безличные	s_e5c403cf67a2.mp3	קִבַּלְתִּי אֶת תּוֹצָאוֹת הַבְּדִיקָה.	кибáльти эт тоцаóт hа-бдикá.	Я получил результаты обследования.	Существительные	תוֹצָאַת הַבְּדִיקָה
1393	FEMALE	Нейтральные / Безличные	s_ef753cd8a3cb.mp3	הַכְּנֶסֶת נִמְצֵאת בִּירוּשָׁלַיִם.	hа-Кнéсет нимцéт би-йерушалáим.	Кнессет находится в Иерусалиме.	Существительные	הַכְּנֶסֶת
1394	FEMALE	Нейтральные / Безличные	s_09b578077920.mp3	בְּקָרוֹב יִהְיוּ בְּחִירוֹת חֲדָשׁוֹת.	бэ-карóв йиhйý бхирóт хадашóт.	Скоро будут новые выборы.	Существительные	בְּחִירָה
1395	FEMALE	Нейтральные / Безличные	s_295de4026bf1.mp3	הַמֶּמְשָׁלָה הֶחְלִיטָה עַל כָּך.	hа-мэмшалá hэхлӣ́та аль ках.	Правительство решило об этом.	Существительные	מֶמְשָׁלָה
1396	FEMALE	Нейтральные / Безличные	s_a846bf734170.mp3	רֹאשׁ הַמֶּמְשָׁלָה נָאַם אֶתְמוֹל.	рош hа-мэмшалá наáм этмóль.	Премьер-министр выступил вчера с речью.	Существительные	רֹאשׁ הַמֶּמְשָׁלָה
1397	FEMALE	Нейтральные / Безличные	s_624ceae90f89.mp3	נְשִׂיא הַמְּדִינָה בִּקֵּר בְּחֵיפָה.	нэсӣ hа-мэдинá бикéр бэ-Хэйфá.	Президент страны посетил Хайфу.	Существительные	נְשִׂיא הַמְּדִינָה
1398	FEMALE	Нейтральные / Безличные	s_786dd80dcb6e.mp3	הַקּוֹאָלִיצְיָה חֲזָקָה מְאוֹד הַיּוֹם.	hа-коалӣ́ция хазакá мэóд hайóм.	Коалиция сегодня очень сильна.	Существительные	קוֹאָלִיצְיָה
1399	FEMALE	Нейтральные / Безличные	s_b25a88a0f57e.mp3	הָאוֹפּוֹזִיצְיָה מִתְנַגֶּדֶת לַחוֹק הַזֶּה.	hа-опозӣ́ция митнагéдэт ла-хок hа-зэ.	Оппозиция выступает против этого закона.	Существительные	אוֹפּוֹזִיצְיָה
1400	MALE	3-е лицо м.р. (הוא / דוד)	s_6bb1ec738e39.mp3	הוּא חֲבַר כְּנֶסֶת חָדָשׁ.	hу хавáр кнéсет хадáш.	Он новый депутат Кнессета.	Существительные	חָבֵר כְּנֶסֶת
1401	FEMALE	Нейтральные / Безличные	s_0979822dff60.mp3	הַכְּנֶסֶת אִשְּׁרָה חוֹק חָדָשׁ.	hа-кнéсет ишрá хок хадáш.	Кнессет утвердил новый закон.	Существительные	חוֹק
1402	FEMALE	Нейтральные / Безличные	s_8f7e208d6b95.mp3	הָאֲנָשִׁים הוֹלְכִים לַקַּלְפִּי הַיּוֹם.	hа-анашӣ́м hольхӣ́м ла-кáльпи hайóм.	Люди идут на избирательный участок сегодня.	Существительные	קַלְפִּי
1403	FEMALE	3-е лицо ж.р. (היא / שרה)	s_a7eb3610e2a9.mp3	יִשְׂרָאֵל הִיא דֵּמוֹקְרַטְיָה חֲזָקָה.	Исраэ́ль hи демокрáтия хазакá.	Израиль — сильная демократия.	Существительные	דֵּמוֹקְרַטְיָה
1404	FEMALE	Нейтральные / Безличные	s_086129f624b0.mp3	חַיָּלִים מְשָׁרְתִים בְּצַהַ"ל.	хайялӣ́м мэшартӣ́м бэ-Цáхаль.	Солдаты служат в ЦАХАЛе.	Существительные	צַהַ"ל
1405	FEMALE	Нейтральные / Безличные	s_7d7eddbc9540.mp3	יוֹם הַגִּיּוּס שֶׁלּוֹ הִגִּיעַ.	йом hа-гию́с шелó hигӣ́а.	День его призыва настал.	Существительные	גִּיּוּס
1406	FEMALE	Нейтральные / Безличные	s_2eedadb6d299.mp3	דָּנִי עוֹשֶׂה מִילוּאִים כָּעֵת.	Дáни осэ́ милуӣ́м каэ́т.	Дани сейчас на армейских сборах.	Существительные	מִילוּאִים
1407	FEMALE	Нейтральные / Безличные	s_e60a21441fb5.mp3	הַקָּצִין מְדַבֵּר עִם הַחַיָּלִים.	hа-кацӣ́н мэдаבэ́ר им hа-хайялӣ́м.	Офицер говорит с солдатами.	Существительные	קָצִין
1408	FEMALE	Нейтральные / Безличные	s_b8a9743988b9.mp3	פִּיקּוּד הָעוֹרֶף פִּרְסֵם הוֹדָעָה.	пикýд hа-óреф пирсéм hодаá.	Командование тыла опубликовало сообщение.	Существительные	פִּיקּוּד הָעוֹרֶף
1409	FEMALE	Нейтральные / Безличные	s_80f4c6313612.mp3	יֵשׁ לָנוּ מָמָ"ד בַּדִּירָה.	йеш лáну мамáд ба-дирá.	У нас в квартире есть защищенная комната.	Существительные	מָמָ"ד
1410	FEMALE	Нейтральные / Безличные	s_a179d0b6914d.mp3	חַיָּבִים לִשְׁמוֹר עַל הַהַנְחָיוֹת.	хайявӣ́м лишмóр аль hа-hанхайóт.	Необходимо соблюдать инструкции.	Существительные	הַנְחָיָה
1411	FEMALE	Нейтральные / Безличные	s_b55f825433ee.mp3	חִפַּשְׂנוּ מֶרְחָב מוּגָן קָרוֹב.	хипáсну мерхáв мугáн карóв.	Мы искали ближайшее защищенное пространство.	Существительные	מֶרְחָב מוּגָן
1412	MALE	3-е лицо м.р. (הוא / דוד)	s_364ea099d7b1.mp3	הוּא רוֹצֶה שֵׁירוּת קְרָבִי.	hу роцэ́ шерýт кравӣ́.	Он хочет боевую службу.	Существительные	שֵׁירוּת קְרָבִי
1413	FEMALE	Нейтральные / Безличные	s_5744ca85f69d.mp3	חָזַרְנוּ לַשִּׁגְרָה אַחֲרֵי הַמִּלְחָמָה.	хазáрну ла-шигрá ахарéй hа-мильхамá.	Мы вернулись к рутине после войны.	Существительные	שִׁגְרָה
1414	FEMALE	Нейтральные / Безличные	s_c9c3387914a5.mp3	חָגַגְנוּ אֶת יוֹם הָעַצְמָאוּת.	хагáгну эт йом hа-ацмаýт.	Мы праздновали День независимости.	Существительные	יוֹם הָעַצְמָאוּת
1415	FEMALE	Нейтральные / Безличные	s_b4a3284a826e.mp3	יוֹם הַזִּיכָּרוֹן מְאוֹד עָצוּב.	йом hа-зикарóн мэóд ацýв.	День памяти очень грустный.	Существительные	יוֹם הַזִּיכָּרוֹן
1416	FEMALE	Нейтральные / Безличные	s_783912520159.mp3	עָמַדְנוּ בְּשֶׁקֶט בִּזְמַן הַצְּפִירָה.	амáдну бэ-шéкет бизмáн hа-цфирá.	Мы стояли в тишине во время сирены.	Существительные	צְפִירָה
1417	FEMALE	Нейтральные / Безличные	s_543bcaf6e2b5.mp3	הִשְׁתַּתַּפְנוּ בְּטֶקֶס יָפֶה מְאוֹד.	hиштатáфну бэ-тéкес яфэ́ мэóд.	Мы участвовали в очень красивой церемонии.	Существительные	טֶקֶס
1418	FEMALE	3-е лицо ж.р. (היא / שרה)	s_334c939eae1d.mp3	הִיא הִדְלִיקָה מַשּׂוּאָה בַּטֶּקֶס.	hи hидлӣ́ка масуá ба-тéкес.	Она зажгла факел на церемонии.	Существительные	מַשּׂוּאָה
1419	FEMALE	Нейтральные / Безличные	s_136e194ee2bb.mp3	עָשִׂינוּ מַנְגָּל בַּפַּארְק הַיּוֹם.	асӣ́ну мангáль ба-парк hайóм.	Мы делали шашлыки в парке сегодня.	Существительные	מַנְגָּל
1420	FEMALE	Нейтральные / Безличные	s_b6858e7a7b71.mp3	רָאִינוּ מַטָּס מַרְשִׁים בַּשָּׁמַיִם.	раӣ́ну матáс маршӣ́м ба-шамáйим.	Мы видели впечатляющий воздушный парад в небе.	Существительные	מַטָּס
1421	FEMALE	Нейтральные / Безличные	s_6394baa6ac8f.mp3	הָיוּ זִיקּוּקֵי דִּינוּר יָפִים.	hайý зикукéй динýр яфӣ́м.	Был красивый фейерверк.	Существительные	זִיקּוּקֵי דִּינוּר
1422	FEMALE	Нейтральные / Безличные	s_1581f9f11d4a.mp3	הֵם נִלְחֲמוּ עַל עַצְמָאוּת.	hэм нильхамý аль ацмаýт.	Они сражались за независимость.	Существительные	עַצְמָאוּת
1423	FEMALE	Нейтральные / Безличные	s_b0483c0c6e45.mp3	תָּלִינוּ אֶת דֶּגֶל הַמְּדִינָה.	талӣ́נו эт дéгель hа-мэдинá.	Мы повесили государственный флаг.	Существительные	דֶּגֶל הַמְּדִינָה
1424	FEMALE	Нейтральные / Безличные	lo_fraier.mp3	אַף אֶחָד לֹא פְרָאיֶיר.	аф эхáд ло фрáер.	Никто не лох (никто не позволит себя обмануть).	Существительные	פְרָאיֶיר
1425	MALE	3-е лицо м.р. (הוא / דוד)	sahbak_amiti.mp3	הוּא סַחְבָּק אֲמִתִּי שֶׁלָּנוּ.	hу сáхбак амитӣ́ шелáну.	Он наш настоящий свой парень.	Существительные	סַחְבָּק
1426	FEMALE	Нейтральные / Безличные	s_a2ab461316d7.mp3	מָה נִשְׁמַע אִתְּךָ, כַּפָּרָה?	ма нишмá итхá, капáра?	Как дела у тебя, душа моя?	Существительные	כַּפָּרָה
1427	FEMALE	Нейтральные / Безличные	s_0789ed5c6f13.mp3	יֵשׁ כָּאן בָּלָגָן שָׁלֵם.	йеш кан балагáн шалéм.	Здесь полный бардак.	Существительные	בָּלָגָן
1428	FEMALE	Нейтральные / Безличные	s_220eb29148fa.mp3	אֲנַחְנוּ לוֹמְדִים גֵּאוֹגְרַפְיָה הַיּוֹם.	анáхну ломдӣ́м геогрáфия hайóм.	Мы изучаем географию сегодня.	Существительные	גֵּאוֹגְרַפְיָה
1429	FEMALE	Нейтральные / Безличные	s_248ae4c30f7e.mp3	הַמִּדְבָּר חַם מְאוֹד בַּקַּיִץ.	hа-мидбáр хам мэóד ба-кáйиц.	В пустыне очень жарко летом.	Существительные	מִדְבָּר
1430	FEMALE	Нейтральные / Безличные	s_97f7920575f7.mp3	שָׂחִינוּ בְּיַם הַמֶּלַח הַיּוֹם.	сахӣ́נו бэ-ям hа-Мéлах hайóм.	Мы купались в Мертвом море сегодня.	Существительные	יַם הַמֶּלַח
1431	FEMALE	Нейтральные / Безличные	s_88dff5288553.mp3	יַם כִּנֶּרֶת יָפֶה מְאוֹד.	ям Кинéрет яфэ́ мэóד.	Озеро Кинерет очень красивое.	Существительные	יַם כִּנֶּרֶת
1432	FEMALE	Нейтральные / Безличные	s_74275749e46b.mp3	זֶה מַכְתֵּשׁ עֲנָק בַּנֶּגֶב.	зэ махтéш анáк ба-Нéгев.	Это гигантский кратер в Негеве.	Существительные	מַכְתֵּשׁ
1433	FEMALE	Нейтральные / Безличные	s_834bd08484e4.mp3	נָסַעְנוּ לְרָמַת הַגּוֹלָן הַשָּׁבוּעַ.	насáъну лэ-рамáт hа-Голáн hа-шавýа.	Мы поехали на Голанские высоты на этой неделе.	Существительные	רָמַת הַגּוֹלָן
1434	FEMALE	Нейтральные / Безличные	s_2f53afd9eb75.mp3	הַר הַחֶרְמוֹן גָּבוֹהַּ מְאוֹד.	hар hа-Хермóн гавóаh мэóד.	Гора Хермон очень высокая.	Существительные	הַר הַחֶרְמוֹן
1435	FEMALE	Нейтральные / Безличные	s_be58a10d6a9f.mp3	הָלַכְנוּ לְיַד הַנַּחַל הַיָּפֶה.	hалáхну лэ-йáд hа-нáхаль hа-яфэ́.	Мы гуляли около красивого ручья.	Существительные	נַחַל
1436	FEMALE	Нейтральные / Безличные	s_b74d6752eb33.mp3	רָאִינוּ מַפָּל מַיִם מַרְשִׁים.	раӣ́נו мапáль мáйим маршӣ́м.	Мы увидели впечатляющий водопад.	Существительные	מַפָּל
1437	FEMALE	Нейтральные / Безличные	s_7d0bf51deab3.mp3	הֵם צוֹעֲדִים בִּשְׁבִיל יִשְׂרָאֵל.	hэм цоадӣ́м би-швӣ́ль Исраэ́ль.	Они идут в поход по Тропе Израиля.	Существительные	שְׁבִיל יִשְׂרָאֵל
1438	FEMALE	Нейтральные / Безличные	s_cc9dd88540ab.mp3	הַתֵּיאַטְרוֹן הַזֶּה מְפוּרְסָם מְאֹד.	hа-тэáтрон hа-зэ мефурсáм меóд.	Этот театр очень знаменит.	Существительные	תֵּיאַטְרוֹן
1439	FEMALE	Нейтральные / Безличные	s_17e49db7a821.mp3	רָאִינוּ הַצָּגָה מְצוּיֶּנֶת בָּעֶרֶב.	раӣ́ну hацагá мецуе́нет ба-э́рев.	Мы посмотрели отличный спектакль вечером.	Существительные	הַצָּגָה
1440	MALE	3-е лицо м.р. (הוא / דוד)	s_f900c9f2e168.mp3	הוּא שַׂחְקָן כִּשְׁרוֹנִי מְאֹד.	hу сахкáн кишронӣ́ меóд.	Он очень талантливый актёр.	Существительные	שַׂחְקָן
1441	FEMALE	Нейтральные / Безличные	s_f0a37ae13ea9.mp3	הַבַּמַּאי מְבַקֵּשׁ שֶׁקֶט עַכְשָׁיו.	hа-бамаӣ́ мевакéш шéкет ахшáв.	Режиссёр просит тишины сейчас.	Существительные	בַּמַּאי
1442	FEMALE	Нейтральные / Безличные	s_d9ffebb13e4b.mp3	קָרָאתִי אֶת הַתַּסְרִיט הֶחָדָשׁ.	карáти эт hа-тасрӣ́т hэ-хадáш.	Я прочитал новый киносценарий.	Существительные	תַּסְרִיט
1443	MALE	1-е лицо м.р. (אני רוצה)	s_c46381e1ce63.mp3	אֲנִי לוֹמֵד סִפְרוּת עִבְרִית.	анӣ́ ломéд сифрýт иврӣ́т.	Я изучаю ивритскую литературу.	Существительные	סִפְרוּת
1444	FEMALE	Женская форма (адаптация 1/2 л.)	s_c46381e1ce63_f.mp3	אֲנִי לוֹמֶדֶת סִפְרוּת עִבְרִית.	анӣ́ ломе́дет сифрýт иврӣ́т.	Я изучаю ивритскую литературу.	Существительные	סִפְרוּת
1445	FEMALE	Нейтральные / Безличные	s_4d0d397b2827.mp3	הַסּוֹפֵר כָּתַב סֵפֶר מְעַנְיֵן.	hа-софэ́р катáв сэ́фер меаньéн.	Писатель написал интересную книгу.	Существительные	סוֹפֵר
1446	FEMALE	Нейтральные / Безличные	s_3744f608913c.mp3	הָיוּ מְחִיאוֹת כַּפַּיִּים סוֹעֲרוֹת.	hаю́ мехиóт капáйим соарóт.	Были бурные аплодисменты.	Существительные	מְחִיאוֹת כַּפַּיִּים
1447	FEMALE	Нейтральные / Безличные	s_84df502eb4f3.mp3	יֵשׁ פֶּסְטִיבָל קוֹלְנוֹעַ בְּחֵיפָה.	йеш фэстивáль кольнóа бе-Хейфá.	В Хайфе проходит кинофестиваль.	Существительные	פֶּסְטִיבָל קוֹלְנוֹעַ
1448	FEMALE	Нейтральные / Безличные	s_762a0405d614.mp3	זוֹ סִדְרַת טֶלֶוִויזְיָה מְצוּיֶּנֶת.	зо сидрáт тэлэвӣ́зия мецуе́нет.	Это отличный сериал.	Существительные	סִדְרַת טֶלֶוִויזְיָה
1449	FEMALE	Нейтральные / Безличные	s_a9cbeaec6a69.mp3	חוֹק הֲגָנַת הַצַּרְכָן חָשׁוּב.	хок hаганáт hа-цархáн хашýв.	Закон о защите прав потребителей важен.	Существительные	הֲגָנַת הַצַּרְכָן
1450	FEMALE	Нейтральные / Безличные	s_fc532b85b13f.mp3	בִּקַּשְׁתִּי בִּיטּוּל עִסְקָה בַּחֲנוּת.	бикáшти битýль искá ба-ханýт.	Я попросил об отмене сделки в магазине.	Существительные	בִּיטּוּל עִסְקָה
1451	FEMALE	Нейтральные / Безличные	s_dfb6dd98074e.mp3	קִבַּלְתִּי הֶחְזֵר כַּסְפִּי מֵהַחֲנוּת.	кибáльти hэхзэ́р каспӣ́ ме-hа-ханýт.	Я получил денежный возврат из магазина.	Существительные	הֶחְזֵר כַּסְפִּי
1452	FEMALE	Нейтральные / Безличные	s_0f23ea5df4a5.mp3	אֵיפֹה תְּעוּדַת אַחֲרָיוּת שֶׁלִּי?	э́йфо тэудáт ахраю́т шелӣ́?	Где мой гарантийный талон?	Существительные	תְּעוּדַת אַחֲרָיוּת
1453	FEMALE	Нейтральные / Безличные	s_a0d227f51236.mp3	שִׁילַּמְתִּי דְּמֵי בִּיטּוּל קְטַנִּים.	шилáмти дмэй битýль ктанӣ́м.	Я заплатил небольшую комиссию за отмену.	Существительные	דְּמֵי בִּיטּוּל
1454	FEMALE	Нейтральные / Безличные	s_96f98ad375b0.mp3	הִתְקַשַּׁרְתִּי לְשֵׁירוּת לָקוֹחוֹת הַיּוֹם.	hиткашáрти ле-шерýт лакохóт hа-йом.	Я позвонил в службу поддержки сегодня.	Существительные	שֵׁירוּת לָקוֹחוֹת
1455	MALE	3-е лицо м.р. (הוא / דוד)	s_2ba023054af4.mp3	הוּא כָּתַב תְּלוּנָה רִשְׁמִית.	hу катáв тлунá ришмӣ́т.	Он написал официальную жалобу.	Существительные	תְּלוּנָה
1456	FEMALE	Нейтральные / Безличные	s_1d11333c0874.mp3	חָתַמְנוּ עַל חוֹזֶה שְׂכִירוּת.	хатáмну аль хозэ́ схирýт.	Мы подписали договор аренды.	Существительные	חוֹזֶה
1457	FEMALE	Нейтральные / Безличные	s_a00dbf71348f.mp3	קְרָא אֶת הַסְּעִיף הַזֶּה.	кра эт hа-сеъӣ́ф hа-зэ.	Прочитай этот пункт.	Существительные	סְעִיף
1458	FEMALE	Нейтральные / Безличные	s_9f890eaaa847.mp3	הֵם הִגִּישׁוּ תְּבִיעָה מִשְׁפָּטִית.	hэм hигӣ́шу твиá мишпатӣ́т.	Они подали судебный иск.	Существительные	תְּבִיעָה
1459	FEMALE	Нейтральные / Безличные	s_d9db6107b991.mp3	הָלַכְנוּ לְבֵית מִשְׁפָּט הַיּוֹם.	hалáхну ле-вéйт мишпáт hа-йом.	Мы пошли в суд сегодня.	Существительные	בֵּית מִשְׁפָּט
1460	FEMALE	Нейтральные / Безличные	s_b5bfaa19dc8e.mp3	הַשּׁוֹפֵט הִקְשִׁיב לְכָל עֵד.	hа-шофэ́т hикшӣ́в ле-холь эд.	Судья выслушал каждого свидетеля.	Существительные	שׁוֹפֵט
1461	FEMALE	Нейтральные / Безличные	s_b920518aa351.mp3	זוֹ הֲפָרַת חוֹזֶה חֲמוּרָה.	зо hафарáт хозэ́ хамурá.	Это грубое нарушение контракта.	Существительные	הֲפָרַת חוֹזֶה
1462	FEMALE	Нейтральные / Безличные	s_0801e2b9ca78.mp3	הִגַּשְׁתִּי תְּבִיעָה לִתְבִיעוֹת קְטַנּוֹת.	hигáшти твиá ли-твиóт ктанóт.	Я подал иск в суд мелких тяжб.	Существительные	תְּבִיעוֹת קְטַנּוֹת
1463	FEMALE	Нейтральные / Безличные	s_f738bcdbf386.mp3	חָתַמְתִּי עַל יִיפּוּי כּוֹחַ.	хатáмти аль йипýй кóах.	Я подписал доверенность.	Существительные	יִיפּוּי כּוֹחַ
1464	FEMALE	3-е лицо ж.р. (היא / שרה)	s_d2a687a51b82.mp3	הִיא לוֹמֶדֶת בָּאוּנִיבֶרְסִיטָה עַכְשָׁיו.	hи ломéдэт ба-унивэ́рсита ахшáв.	Она учится в университете сейчас.	Существительные	אוּנִיבֶרְסִיטָה
1465	FEMALE	Нейтральные / Безличные	s_31cfa8985c54.mp3	סִיַּמְתִּי תּוֹאַר רִאשׁוֹן בְּהַצְלָחָה.	сийáмти тóар ришóн бе-hацлахá.	Я успешно окончил бакалавриат.	Существительные	תּוֹאַר רִאשׁוֹן
1466	MALE	3-е лицо м.р. (הוא / דוד)	s_6b081c08b1af.mp3	הוּא מַתְחִיל תּוֹאַר שֵׁנִי.	hу матхӣ́ль тóар шенӣ́.	Он начинает учебу на вторую степень (магистратуру).	Существительные	תּוֹאַר שֵׁנִי
1467	FEMALE	3-е лицо ж.р. (היא / שרה)	s_1d5bb3cf8c63.mp3	הִיא קִבְּלָה מִלְגָּה לַלִּימּוּדִים.	hи кибельá мильгá ла-лимудӣ́м.	Она получила стипендию на учебу.	Существительные	מִלְגָּה
1468	FEMALE	Нейтральные / Безличные	syllabus_mevorat.mp3	הַסִּילָבּוּס מְפוֹרָט מְאֹד הַשָּׁנָה.	hа-силáбус мефорáт меóд hа-шанá.	Программа курса очень подробная в этом году.	Существительные	סִילָבּוּס
1469	MALE	3-е лицо м.р. (הוא / דוד)	s_f1bff064b25f.mp3	הוּא לוֹמֵד בְּמִכְלָלָה טוֹבָה.	hу ломéд бе-михлалá товá.	Он учится в хорошем колледже.	Существительные	מִכְלָלָה
1470	FEMALE	Нейтральные / Безличные	s_13df16f1b51c.mp3	הַמַּרְצֶה מַסְבִּיר אֶת הַחוֹמֶר.	hа-марцэ́ масбӣ́р эт hа-хóмер.	Преподаватель объясняет материал.	Существительные	מַרְצֶה
1471	FEMALE	Нейтральные / Безличные	s_edb1ae7e6bb8.mp3	תְּקוּפַת מִבְחָנִים קָשָׁה עַכְשָׁיו.	ткуфáт мивханӣ́м кашá ахшáв.	Экзаменационная сессия сейчас трудная.	Существительные	תְּקוּפַת מִבְחָנִים
1472	FEMALE	3-е лицо ж.р. (היא / שרה)	s_c8dd4f8fb0ec.mp3	הִיא כּוֹתֶבֶת עֲבוֹדַת גְּמָר.	hи котéвет аводáт гмар.	Она пишет дипломную работу.	Существительные	עֲבוֹדַת גְּמָר
1473	FEMALE	Нейтральные / Безличные	s_d760ea3b239f.mp3	שִׁילַּמְתִּי שְׂכַר לִימּוּד אֶתְמוֹל.	шилáмти схар лимýд этмóль.	Я оплатил учебу вчера.	Существительные	שְׂכַר לִימּוּד
1474	FEMALE	Нейтральные / Безличные	s_6d2ed8802821.mp3	זֶה מֶחְקָר מַדָּעִי חָשׁוּב.	зэ мэхкáр мадаӣ́ хашýв.	Это важное научное исследование.	Существительные	מֶחְקָר מַדָּעִי
1475	FEMALE	Нейтральные / Безличные	s_4fa40bf1330f.mp3	הִתְנַדְּבוּת תּוֹרֶמֶת לַחֶבְרָה מְאֹד.	hитнадвýт торéмет ла-хеврá меóд.	Волонтёрство очень помогает обществу.	Существительные	הִתְנַדְּבוּת
1476	MALE	3-е лицо м.р. (הוא / דוד)	s_1782c9bd3fdc.mp3	הוּא מְנַהֵל עֲמוּתָּה גְּדוֹלָה.	hу менаhéль амутá гдолá.	Он руководит большой некоммерческой организацией.	Существительные	עֲמוּתָּה
1477	FEMALE	Нейтральные / Безличные	s_3367a2ca4614.mp3	נָתַנּוּ תְּרוּמָה יָפָה לָעֲמוּתָּה.	натáнну трумá яфá ла-амутá.	Мы сделали хорошее пожертвование фонду.	Существительные	תְּרוּמָה
1478	MALE	3-е лицо м.р. (הוא / דוד)	s_04462deb7f3b.mp3	הוּא מִתְנַדֵּב בְּבֵית חוֹלִים.	hу митнадэ́в бе-вéйт холӣ́м.	Он волонтёр в больнице.	Существительные	מִתְנַדֵּב
1479	FEMALE	Нейтральные / Безличные	s_e9db20ebcf49.mp3	עֶזְרָה הֲדָדִית חֲשׁוּבָה לְכוּלָּנוּ.	эзрá hададӣ́т хашувá ле-хулáну.	Взаимопомощь важна для всех нас.	Существительные	עֶזְרָה הֲדָדִית
1480	FEMALE	Нейтральные / Безличные	s_90b54de0cda9.mp3	יֵשׁ חֲלוּקַּת מָזוֹן הַיּוֹם.	йеш халукáт мазóн hа-йом.	Сегодня проходит раздача продуктов.	Существительные	חֲלוּקַּת מָזוֹן
1481	FEMALE	Нейтральные / Безличные	s_48f41a5cb171.mp3	הַמִּתְנַדֵּב עוֹזֵר לְהַרְבֵּה קְשִׁישִׁים.	hа-митнадэ́в озэ́р лэ-hарбэ́ кшишӣ́м.	Волонтёр помогает многим пожилым людям.	Существительные	קָשִׁישׁ
1482	FEMALE	Нейтральные / Безличные	s_2fb877a5c005.mp3	הַנּוֹעַר אוֹהֵב מוּזִיקָה חֲדָשָׁה.	hа-нóар оhэ́в мýзика хадашá.	Молодёжь любит новую музыку.	Существительные	נוֹעַר
1483	FEMALE	Нейтральные / Безличные	s_c0e3e29b5879.mp3	הֵכַנְתִּי מַצֶּגֶת מְצוּיֶּנֶת לַפְּגִישָׁה.	hэха́нти мацéгет мэцуйéнет ла-пгишá.	Я подготовил отличную презентацию к встрече.	Существительные	מַצֶּגֶת
1484	MALE	3-е лицо м.р. (הוא / דוד)	s_00acd2480a5c.mp3	הוּא נָשָׂא נְאוּם מַרְשִׁים.	hу насá нэýм маршӣ́м.	Он произнёс впечатляющую речь.	Существительные	נְאוּם
1485	FEMALE	Нейтральные / Безличные	s_ea8f453492ce.mp3	הַקָּהָל מָחָא כַּפַּיִם בְּהִתְלַהֲבוּת.	hа-каháль махá капáйим бэ-hитлаhавýт.	Публика с восторгом аплодировала.	Существительные	קָהָל
1486	FEMALE	Нейтральные / Безличные	s_a46b936e477d.mp3	יֵשׁ לוֹ כּוֹחַ שִׁכְנוּעַ.	йеш ло кóах шихнýа.	У него есть сила убеждения.	Существительные	שִׁכְנוּעַ
1487	FEMALE	Нейтральные / Безличные	s_8bc5783dd3f9.mp3	זֶה טִיעוּן הֶגְיוֹנִי וְחָזָק.	зэ тиýн hэгьёни́ вэ-хазáк.	Это логичный и сильный аргумент.	Существительные	טִיעוּן
1488	FEMALE	Нейтральные / Безличные	s_32cc4bb7256c.mp3	הִגַּעְנוּ לְמַסְקָנָה חֲשׁוּבָה מְאוֹד.	hигáъну лэ-масканá хашувá мэóд.	Мы пришли к очень важному выводу.	Существительные	מַסְקָנָה
1489	FEMALE	Нейтральные / Безличные	s_32dc3c868d12.mp3	שְׂפַת גּוּף חֲשׁוּבָה מְאוֹד.	сфат гуф хашувá мэóд.	Язык тела очень важен.	Существительные	שְׂפַת גּוּף
1490	FEMALE	Нейтральные / Безличные	s_28cfa39871c7.mp3	יֵשׁ לוֹ בִּיטָּחוֹן עַצְמִי.	йеш ло битахóн ацмӣ́.	У него есть уверенность в себе.	Существительные	בִּיטָּחוֹן עַצְמִי
1491	FEMALE	Нейтральные / Безличные	s_9fa89fea32d9.mp3	קָרָאתִי מַאֲמַר דֵּעָה מְעַנְיֵן.	карáти маамáр дэá мэаньéн.	Я прочитал интересную авторскую колонку.	Существительные	מַאֲמַר דֵּעָה
1492	FEMALE	Нейтральные / Безличные	s_93778ba5ebbb.mp3	שָׁמַעְנוּ פַּרְשָׁנוּת מְעוּלָּה בַּחֲדָשׁוֹת.	шамáъну паршанýт мэулá ба-хадашóт.	Мы услышали отличную аналитику в новостях.	Существительные	פַּרְשָׁנוּת
1493	FEMALE	3-е лицо ж.р. (היא / שרה)	s_5a6f6613eff8.mp3	הִיא הִבִּיעָה עֶמְדָּה בְּרוּרָה.	hи hибӣ́а эмдá брурá.	Она выразила ясную позицию.	Существительные	עֶמְדָּה
1494	FEMALE	Нейтральные / Безличные	s_43ac450ed8e5.mp3	הַפַּרְשָׁן מַסְבִּיר אֶת הַמַּצָּב.	hа-паршáн масбӣ́р эт hа-мацáв.	Обозреватель объясняет ситуацию.	Существительные	פַּרְשָׁן
1495	FEMALE	Нейтральные / Безличные	s_9d5f84746ab6.mp3	זֹאת הַעֲרָכָה מְדוּיֶּקֶת מְאוֹד.	зот hаарахá мэдуйéкет мэóд.	Это очень точная оценка.	Существительные	הַעֲרָכָה
1496	FEMALE	Нейтральные / Безличные	s_fd2cc5d3bd08.mp3	יֵשׁ לַהַחְלָטָה הַשְׁלָכוֹת רַבּוֹת.	йеш ла-hахлатá hашлахóт рабóт.	У решения есть много последствий.	Существительные	הַשְׁלָכָה
1497	FEMALE	Нейтральные / Безличные	s_d4950a44b167.mp3	כָּתַבְתִּי תְּגוּבָה לַמַּאֲמָר הַזֶּה.	катáвти тгувá ла-маамáр hа-зэ.	Я написал комментарий к этой статье.	Существительные	תְּגוּבָה
1498	FEMALE	Нейтральные / Безличные	s_253145f6a260.mp3	זֹאת נְקוּדַּת מַבָּט מְעַנְיֶנֶת.	зот нэкудáт мабáт мэаньéнет.	Это интересная точка зрения.	Существительные	נְקוּדַּת מַבָּט
1499	FEMALE	Нейтральные / Безличные	s_61c2d87103f8.mp3	הַחַקְלַאי מִשְׁתַּמֵּשׁ בְּהַשְׁקָיָה בְּטִפְטוּף.	hа-хаклаӣ́ миштамéш бэ-hашкая́ бэ-тифтýф.	Фермер использует капельное орошение.	Существительные	הַשְׁקָיָה בְּטִפְטוּף
1500	FEMALE	Нейтральные / Безличные	s_de1b8731382b.mp3	הַתְפָּלַת מַיִם פּוֹתֶרֶת בְּעָיוֹת.	hатпалáт мáйим потéрет бэайóт.	Опреснение воды решает проблемы.	Существительные	הַתְפָּלַת מַיִם
1501	FEMALE	Нейтральные / Безличные	s_ee325ec5e8ba.mp3	רָאִינוּ מִתְקַן הַתְפָּלָה חָדָשׁ.	раӣ́ну миткáн hатпалá хадáш.	Мы увидели новую опреснительную установку.	Существительные	מִתְקַן הַתְפָּלָה
1502	FEMALE	Нейтральные / Безличные	s_69c451222c5b.mp3	יִשְׂרָאֵל מְפַתַּחַת חַקְלָאוּת מִתְקַדֶּמֶת.	Исраэ́ль мэпатáхат хаклаýт миткадéмет.	Израиль развивает передовое сельское хозяйство.	Существительные	חַקְלָאוּת
1503	FEMALE	Нейтральные / Безличные	s_f55995af7ceb.mp3	הַחַקְלַאי עוֹבֵד בַּשָּׂדֶה הַיּוֹם.	hа-хаклаӣ́ овэ́д ба-садэ́ hайóм.	Фермер работает сегодня в поле.	Существительные	חַקְלַאי
1504	FEMALE	Нейтральные / Безличные	s_46d3293c98e3.mp3	הַשָּׁנָה יֵשׁ יְבוּל מְצוּיָּן.	hа-шанá йеш йэвýль мэцуя́н.	В этом году отличный урожай.	Существительные	יְבוּל
1505	FEMALE	Нейтральные / Безличные	s_8511f650f4db.mp3	הֵם בָּנוּ חֲמָמָה גְּדוֹלָה.	hэм банý хамамá гдолá.	Они построили большую теплицу.	Существительные	חֲמָמָה
1506	FEMALE	Нейтральные / Безличные	s_d37d6cc438d2.mp3	חִיסָּכוֹן בְּמַיִם חָשׁוּב לְכוּלָּנוּ.	хисахóн бэ-мáйим хашýв лэ-хулáну.	Экономия воды важна для всех нас.	Существительные	חִיסָּכוֹן בְּמַיִם
1507	FEMALE	Нейтральные / Безличные	s_f43ddaa1d7cb.mp3	מֵי תְּהוֹם מְשַׁמְּשִׁים לְהַשְׁקָיָה.	мэй тэhóм мэшамшӣ́м лэ-hашкая́.	Грунтовые воды служат для орошения.	Существительные	מֵי תְּהוֹם
1508	FEMALE	Нейтральные / Безличные	s_ea5a73601d02.mp3	הַחֶבְרָה מְפַתַּחַת טֶכְנוֹלוֹגְיָה יְרוּקָּה.	hа-хэврá мэпатáхат тэхнолóгия йэрукá.	Компания разрабатывает зелёные технологии.	Существительные	טֶכְנוֹלוֹגְיָה יְרוּקָּה
1509	MALE	3-е лицо м.р. (הוא / דוד)	s_1d962719d3af.mp3	הוּא עוֹבֵד בִּמְכוֹן מֶחְקָר.	hу овэ́д би-мэхóн мэхкáр.	Он работает в научно-исследовательском институте.	Существительные	מְכוֹן מֶחְקָר
1510	FEMALE	Нейтральные / Безличные	s_2005df1204fb.mp3	פָּגַשְׁנוּ חֲתַן פְּרַס נוֹבֶּל.	пагáшну хатáн прас Нóбель.	Мы встретили лауреата Нобелевской премии.	Существительные	חֲתַן פְּרַס נוֹבֶּל
1511	FEMALE	Нейтральные / Безличные	s_fc8fc46951e0.mp3	זֹאת תַּגְלִית מַדָּעִית חֲשׁוּבָה.	зот таглӣ́т мадаӣ́т хашувá.	Это важное научное открытие.	Существительные	תַּגְלִית
1512	FEMALE	Нейтральные / Безличные	s_7fe9fb5a916b.mp3	הַחוֹקְרִים עוֹבְדִים בַּמַּעְבָּדָה הַחֲדָשָׁה.	hа-хокрӣ́м овдӣ́м ба-маабадá hа-хадашá.	Исследователи работают в новой лаборатории.	Существительные	מַעְבָּדָה
1513	FEMALE	Нейтральные / Безличные	s_87988999dcc1.mp3	הַנִּיסּוּי הִצְלִיחַ מְאוֹד אֶתְמוֹל.	hа-нисýй hицлӣ́ах мэóд этмóль.	Эксперимент вчера очень удался.	Существительные	נִיסּוּי
1514	FEMALE	Нейтральные / Безличные	s_0a125e166fa6.mp3	הַחוֹקֵר כּוֹתֵב מַאֲמָר חָדָשׁ.	hа-хокэ́р котэ́в маамáр хадáш.	Исследователь пишет новую статью.	Существительные	חוֹקֵר
1515	FEMALE	3-е лицо ж.р. (היא / שרה)	s_b07ef1def700.mp3	הִיא לוֹמֶדֶת בִּיּוֹטֶכְנוֹלוֹגְיָה בָּאוּנִיבֶרְסִיטָה.	hи ломéдэт биотэхнолóгия ба-унивэ́рсита.	Она изучает биотехнологии в университете.	Существительные	בִּיּוֹטֶכְנוֹלוֹגְיָה
1516	FEMALE	Нейтральные / Безличные	s_d500b3832995.mp3	זֹאת רְפוּאָה מוּתְאֶמֶת אִישִׁית.	зот рэфуá мут’э́мет ишӣ́т.	Это персонализированная медицина.	Существительные	רְפוּאָה מוּתְאֶמֶת אִישִׁית
1517	MALE	3-е лицо м.р. (הוא / דוד)	s_cf03111b155c.mp3	הוּא חוֹקֵר אֶת הַגֵּנֵטִיקָה.	hу хокэ́р эт hа-генэ́тика.	Он исследует генетику.	Существительные	גֵּנֵטִיקָה
1518	FEMALE	Нейтральные / Безличные	s_bde4b161b9f2.mp3	הָיָה לָנוּ דִּיּוּן מְעַנְיֵן.	hая́ лáну дию́н мэаньéн.	У нас было интересное обсуждение.	Существительные	דִּיּוּן
1519	FEMALE	Нейтральные / Безличные	s_35441e3550d5.mp3	הִתְחִיל וִיכּוּחַ סוֹעֵר בַּחֶדֶר.	hитхӣ́ль викýах соэ́р ба-хéдэр.	В комнате начался бурный спор.	Существительные	וִיכּוּחַ
1520	FEMALE	Нейтральные / Безличные	s_e61b0a9bcadf.mp3	הַצְּדָדִים הִגִּיעוּ לִפְשָׁרָה הוֹגֶנֶת.	hа-цдадӣ́м hигӣ́у ли-пшарá hогéнет.	Стороны пришли к справедливому компромиссу.	Существительные	פְּשָׁרָה
1521	FEMALE	Нейтральные / Безличные	s_92567191364f.mp3	יֵשׁ בֵּינֵיהֶם חִילּוּקֵי דֵּעוֹת.	йеш бэнэhéм хилукéй дэóт.	Между ними есть разногласия.	Существительные	חִילּוּקֵי דֵּעוֹת
1522	MALE	3-е лицо м.р. (הוא / דוד)	s_d8314e718677.mp3	הוּא נָתַן נִימּוּק מְשַׁכְנֵעַ.	hу натáн нимýк мэшахнéа.	Он привёл убедительный довод.	Существительные	נִימּוּק
1523	FEMALE	Нейтральные / Безличные	s_52932d101713.mp3	זוֹ עוּבְדָּה חֲשׁוּבָה מְאוֹד.	зо увдá хашувá мэóд.	Это очень важный факт.	Существительные	עוּבְדָּה
1524	FEMALE	Нейтральные / Безличные	s_b8cf59ebff8d.mp3	אֲנַחְנוּ כּוֹתְבִים בִּכְתִיב מָלֵא.	анáхну котвӣ́м би-ктӣ́в малé.	Мы пишем полным написанием.	Существительные	כְּתִיב מָלֵא
1525	FEMALE	Нейтральные / Безличные	s_923081802188.mp3	אֵלֶּה אִימוֹת קְרִיאָה בָּעִבְרִית.	э́ле имóт криá ба-иврӣ́т.	Это буквы — матери чтения на иврите.	Существительные	אִימוֹת קְרִיאָה
1526	FEMALE	Нейтральные / Безличные	s_38c5fde6a4f7.mp3	הַכֹּל תָּלוּי בַּהֶקְשֵׁר הַזֶּה.	hакóль талýй ба-hэ́кшер hа-зэ́.	Всё зависит от этого контекста.	Существительные	הֶקְשֵׁר
1527	FEMALE	Нейтральные / Безличные	s_6eba43055161.mp3	הַתַּחְבִּיר בַּמִּשְׁפָּט מְאוֹד בָּרוּר.	hа-тахбӣ́р ба-мишпáт мэóд барýр.	Синтаксис в предложении очень понятен.	Существительные	תַּחְבִּיר
1528	FEMALE	Нейтральные / Безличные	s_387fb95821cb.mp3	יֵשׁ לוֹ שְׁטִיפוּת קְרִיאָה.	йеш ло штифýт криá.	У него есть беглость чтения.	Существительные	שְׁטִיפוּת קְרִיאָה
1529	FEMALE	Нейтральные / Безличные	s_551154ac9403.mp3	מַהִי מַשְׁמָעוּת הַמִּילָּה הַזֹּאת?	мáhи машмаýт hа-милá hа-зóт?	Каково значение этого слова?	Существительные	מַשְׁמָעוּת הַמִּילָּה
1530	FEMALE	Нейтральные / Безличные	s_687f2a67fe34.mp3	לָמַדְנוּ אֶת תַּבְנִית הַבִּנְיָיין.	ламáдну эт тавнӣ́т hа-биньян.	Мы выучили модель биньяна.	Существительные	תַּבְנִית הַבִּנְיָיין
1531	FEMALE	Нейтральные / Безличные	s_a0433cff232e.mp3	זֹאת קְרִיאָה עִיוֶּורֶת מְצוּיֶּנֶת.	зот криá ивéрет мэцуе́нет.	Это отличное чтение без огласовок.	Существительные	קְרִיאָה עִיוֶּורֶת
1532	FEMALE	Нейтральные / Безличные	s_0a447c849a43.mp3	זֶה שִׁינּוּי מַשְׁמָעוּת חָשׁוּב.	зэ шину́й машмаýт хашу́в.	Это важное изменение значения.	Существительные	שִׁינּוּי מַשְׁמָעוּת
1533	FEMALE	Нейтральные / Безличные	s_8809852551d6.mp3	קָרָאנוּ טֶקְסְט אוֹתֶנְטִי מֵהָעִיתּוֹן.	карáну текст отэ́нти мэ-hа-итóн.	Мы прочитали аутентичный текст из газеты.	Существительные	טֶקְסְט אוֹתֶנְטִי
1534	FEMALE	Нейтральные / Безличные	s_b8ab353d905e.mp3	עָשִׂינוּ סְרִיקָה מְהִירָה בַּסֵּפֶר.	асӣ́ну срикá мэhирá ба-сéфер.	Мы сделали беглый просмотр в книге.	Существительные	סְרִיקָה
1535	FEMALE	Нейтральные / Безличные	s_33083ee68889.mp3	זֶה נִיתּוּחַ טֶקְסְט מְעַנְיֵין.	зэ нитýах текст мэаньéн.	Это интересный анализ текста.	Существительные	נִיתּוּחַ טֶקְסְט
1536	FEMALE	Нейтральные / Безличные	s_ab1f02fbda4e.mp3	מָה הָרַעְיוֹן הַמֶּרְכָּזִי כָּאן?	ма hа-раайóн hа-мерказӣ́ кан?	В чём главная мысль здесь?	Существительные	רַעְיוֹן מֶרְכָּזִי
1537	FEMALE	Нейтральные / Безличные	s_6d9656e51426.mp3	קְרָא אֶת הַפִּסְקָה הָרִאשׁוֹנָה.	кра эт hа-пискá hа-ришонá.	Прочитай первый абзац.	Существительные	פִּסְקָה
1538	FEMALE	Нейтральные / Безличные	s_3c4ef9ce721a.mp3	זֶה אוֹצַר מִילִּים עָשִׁיר.	зэ оцáр милӣ́м ашӣ́р.	Это богатый словарный запас.	Существительные	אוֹצַר מִילִּים עָשִׁיר
1539	FEMALE	Нейтральные / Безличные	s_d7b17ec2b8a8.mp3	תִּרְגַּלְנוּ הֲבָנַת הַנִּקְרָא הַיּוֹם.	тиргáльну hаванáт hа-никрá hайóм.	Мы практиковали понимание прочитанного сегодня.	Существительные	הֲבָנַת הַנִּקְרָא
1540	FEMALE	Нейтральные / Безличные	s_3832f5c3905f.mp3	יֵשׁ לוֹ מוּמְחִיּוּת רַבָּה.	йеш ло мумхию́т рабá.	У него большой профессионализм.	Существительные	מוּמְחִיּוּת
1541	FEMALE	Нейтральные / Безличные	s_31d9a1eb9d5f.mp3	תִּרְגַּלְנוּ הֲבָנַת הַנִּשְׁמָע בַּשִּׁיעוּר.	тиргáльну hаванáт hа-нишмá ба-шиу́р.	Мы практиковали аудирование на уроке.	Существительные	הֲבָנַת הַנִּשְׁמָע
1542	FEMALE	Нейтральные / Безличные	s_41b4d67e5141.mp3	שָׁמַעְתִּי הֶסְכֵּת מְעַנְיֵין הַיּוֹם.	шамáти hэскéт мэаньéн hайóм.	Я послушал интересный подкаст сегодня.	Существительные	הֶסְכֵּת
1543	FEMALE	Нейтральные / Безличные	s_2ce2af161145.mp3	יֵשׁ לָהּ מִבְטָא יָפֶה.	йеш ла мивтá яфé.	У неё красивое произношение.	Существительные	מִבְטָא
1544	FEMALE	Нейтральные / Безличные	s_2640f3e12496.mp3	קָשֶׁה לְהָבִין דִּיבּוּר מָהִיר.	кашé лэhавӣ́н дибýр маhӣ́р.	Трудно понимать быструю речь.	Существительные	דִּיבּוּר מָהִיר
1545	FEMALE	Нейтральные / Безличные	s_b5d2af9ac030.mp3	שָׁמַעְנוּ דִּיוּוּחֵי תְּנוּעָה בָּרַדְיוֹ.	шамáну дивухéй тнуá ба-рáдио.	Мы услышали сводку о пробках по радио.	Существительные	דִּיוּוּחֵי תְּנוּעָה
1546	FEMALE	Нейтральные / Безличные	s_c574f9efc0c5.mp3	הַשַּׁדְּרָן מְדַבֵּר בָּרַדְיוֹ כָּעֵת.	hа-шадрáн мэдабéр ба-рáдио каэ́т.	Радиоведущий говорит по радио сейчас.	Существительные	שַׁדְּרָן
1547	FEMALE	Нейтральные / Безличные	s_b46d8f146186.mp3	זֶה קֶצֶב דִּיבּוּר מָהִיר.	зэ кэ́цев дибýр маhӣ́р.	Это быстрый темп речи.	Существительные	קֶצֶב דִּיבּוּר
1548	FEMALE	Нейтральные / Безличные	s_0e89b9aa88e4.mp3	אֲנַחְנוּ לוֹמְדִים עִבְרִית מְדוּבֶּרֶת.	анáхну ломдӣ́м иврӣ́т мэдубéрет.	Мы учим разговорный иврит.	Существительные	עִבְרִית מְדוּבֶּרֶת
1549	FEMALE	Нейтральные / Безличные	s_e461f85dd1b5.mp3	קִבַּלְתִּי אִישּׁוּר קַבָּלָה רִשְׁמִי.	кибáльти ишу́р кабалá ришмӣ́.	Я получил официальное подтверждение получения.	Существительные	אִישּׁוּר קַבָּלָה
1550	FEMALE	Нейтральные / Безличные	s_ecbd9256dca2.mp3	שָׁלַחְתִּי פְּנִיָּה רִשְׁמִית לָעִירִיָּה.	шалáхти пнийя́ ришмӣ́т ла-ирийя́.	Я отправил официальное обращение в мэрию.	Существительные	פְּנִיָּה רִשְׁמִית
1551	FEMALE	Нейтральные / Безличные	s_a6b0aca02448.mp3	זֶה מוֹסָד צִיבּוּרִי חָשׁוּב.	зэ мосáд цибурӣ́ хашу́в.	Это важное общественное учреждение.	Существительные	מוֹסָד צִיבּוּרִי
1552	FEMALE	Нейтральные / Безличные	s_5113ac781220.mp3	לָמַדְנוּ אֶת שִׁבְעַת הַבִּנְיָינִים.	ламáдну эт шив’áт hа-биньяни́м.	Мы выучили все семь биньянов.	Существительные	שִׁבְעַת הַבִּנְיָינִים
1553	FEMALE	Нейтральные / Безличные	s_980c43d0aabb.mp3	זֶה שׁוֹרֶשׁ תְּלַת אוֹתִיּוֹת.	зэ шóреш тлат отиё́т.	Это трехбуквенный корень.	Существительные	שׁוֹרֶשׁ תְּלַת אוֹתִיּוֹת
1554	FEMALE	Нейтральные / Безличные	s_8678b07783b0.mp3	הִכַּרְנוּ פָּעִיל וְסָבִיל הַיּוֹם.	hикáрну паӣ́ль вэ-савӣ́ль hайóм.	Мы познакомились с активным и пассивным залогом сегодня.	Существительные	פָּעִיל וְסָבִיל
1555	FEMALE	Нейтральные / Безличные	s_829ec20369dd.mp3	הֵבַנּוּ אֶת חוֹזֶק הַשָּׂפָה.	hэвáну эт хóзек hа-сафá.	Мы поняли мощь языка.	Существительные	חוֹזֶק הַשָּׂפָה
1556	FEMALE	Нейтральные / Безличные	s_63fd7e06a2ea.mp3	יֵשׁ לָהּ שְׁלִיטָה מְלֵאָה.	йеш ла шлитá млэá.	У неё полное владение языком.	Существительные	שְׁלִיטָה מְלֵאָה
1557	FEMALE	Нейтральные / Безличные	s_e314d290a7ab.mp3	נִדְרָשׁ כָּאן דִּיּוּק דִּקְדּוּקִי.	нидрáш кан дию́к дикдукӣ́.	Здесь требуется грамматическая точность.	Существительные	דִּיּוּק דִּקְדּוּקִי
1558	FEMALE	Нейтральные / Безличные	s_4e013ccec32a.mp3	עָשִׂינוּ חֲזָרָה כְּלָלִית הַיּוֹם.	асӣ́ну хазарá клалӣ́т hайóм.	Мы провели генеральное повторение сегодня.	Существительные	חֲזָרָה כְּלָלִית
1559	FEMALE	Нейтральные / Безличные	s_cb81c245fc72.mp3	יֵשׁ לָנוּ מוּכָנוּת לַמִּבְחָן.	йеш лáну муханýт ла-мивхáн.	У нас есть готовность к экзамену.	Существительные	מוּכָנוּת לַמִּבְחָן
1560	FEMALE	Нейтральные / Безличные	s_522bbb05be31.mp3	קִבַּלְתִּי תְּעוּדַת סִיּוּם הַיּוֹם.	кибáльти тэудáт сию́м hайóм.	Я получил сертификат об окончании сегодня.	Существительные	תְּעוּדַת סִיּוּם
1561	MALE	3-е лицо м.р. (הוא / דוד)	s_b553b0921b07.mp3	הוּא בּוֹגֵר הָאוּלְפָּן הַזֶּה.	hу богэ́р hа-ульпáн hа-зэ́.	Он выпускник этого ульпана.	Существительные	בּוֹגֵר
1562	FEMALE	Нейтральные / Безличные	s_15dadc1edfc7.mp3	זֶה הֶישֵּׂג עֲנָק בִּשְׁבִילֵנוּ.	зэ hэсэ́г анáк бишвилéну.	Это грандиозное достижение для нас.	Существительные	הֶישֵּׂג עֲנָק
1563	FEMALE	3-е лицо ж.р. (היא / שרה)	s_4024adfd2705.mp3	עִבְרִית הִיא שָׂפָה חַיָּה.	иврӣ́т hи сафá хая́.	Иврит — это живой язык.	Существительные	שָׂפָה חַיָּה
1564	FEMALE	Нейтральные / Безличные	s_414314fd62d2.mp3	נִהַלְנוּ שִׂיחָה חוֹפְשִׁית בָּעִבְרִית.	ниháльну сихá хофшӣ́т ба-иврӣ́т.	Мы вели свободную беседу на иврите.	Существительные	שִׂיחָה חוֹפְשִׁית
1565	FEMALE	Нейтральные / Безличные	s_eb68dc046683.mp3	יֵשׁ לוֹ בִּיטָּחוֹן שְׂפָתִי.	йеш ло битахóн сфатӣ́.	У него есть языковая уверенность.	Существительные	בִּיטָּחוֹן שְׂפָתִי
1566	FEMALE	Нейтральные / Безличные	s_a448255dc5a3.mp3	נִמְסַר כִּי הַנָּשִׂיא הִגִּיעַ.	нимсáр ки hа-насӣ́ hигӣ́а.	Сообщается, что президент прибыл.	Существительные	נִמְסַר כִּי
1567	FEMALE	Нейтральные / Безличные	s_e4e1431f4ab5.mp3	לְפִי מְקוֹרוֹת הַמַּצָּב יִשְׁתַּפֵּר.	лэфӣ́ мэкорóт hа-мацáв йиштапéр.	Согласно источникам, ситуация улучшится.	Существительные	לְפִי מְקוֹרוֹת
1568	FEMALE	Нейтральные / Безличные	s_cba7e7f664fd.mp3	יֵשׁ לַחֶבְרָה הַצְלָחָה בֵּינְלְאוּמִּית.	йеш ла-хэврá hацлахá бейнлэумӣ́т.	У компании международный успех.	Существительные	הַצְלָחָה בֵּינְלְאוּמִּית
1569	FEMALE	Нейтральные / Безличные	s_50c1a8441255.mp3	חָשׁוּב לִשְׁמוֹר עַל הַטֶּבַע.	хашýв лишмóр аль hа-тэ́ва.	Важно беречь природу.	Существительные	לִשְׁמוֹר עַל הַטֶּבַע
1570	MALE	3-е лицо м.р. (הוא / דוד)	s_634050c3c792.mp3	הוּא צָרִיךְ לַעֲבוֹר נִיתּוּחַ.	hу царӣ́х лаавóр нитýах.	Ему нужно перенести операцию.	Существительные	לַעֲבוֹר נִיתּוּחַ
1571	MALE	1-е лицо м.р. (אני רוצה)	s_ff680f707df2.mp3	אֲנִי מְאַחֵל בְּרִיאוּת אֵיתָנָה!	анӣ́ мэахéль бриýт эйтанá!	Я желаю крепкого здоровья!	Существительные	בְּרִיאוּת אֵיתָנָה
1572	FEMALE	Женская форма (адаптация 1/2 л.)	s_ff680f707df2_f.mp3	אֲנִי מְאַחֶלֶת בְּרִיאוּת אֵיתָנָה!	анӣ́ меахе́лет бриýт эйтанá!	Я желаю крепкого здоровья!	Существительные	בְּרִיאוּת אֵיתָנָה
1573	FEMALE	Нейтральные / Безличные	s_2780566da173.mp3	יֵשׁ כְּבָר חֲזָרָה לַשִּׁגְרָה.	йеш квар хазарá ла-шигрá.	Уже есть возвращение к привычному ритму жизни.	Существительные	חֲזָרָה לַשִּׁגְרָה
1574	FEMALE	Нейтральные / Безличные	s_62c23c0cd263.mp3	לְתִפְאֶרֶת מְדִינַת יִשְׂרָאֵל!	лэ-тиф’э́рет мэдинáт Исраэ́ль!	Во славу Государства Израиль!	Существительные	לְתִפְאֶרֶת מְדִינַת יִשְׂרָאֵל
1575	FEMALE	Нейтральные / Безличные	s_3094dca86141.mp3	חַג עַצְמָאוּת שָׂמֵחַ לְכוּלָּם!	хаг ацмаýт самéах лэ-хулáм!	С Днем независимости всех!	Существительные	חַג עַצְמָאוּת שָׂמֵחַ
1576	FEMALE	Нейтральные / Безличные	s_bc0f3678b8f6.mp3	זֶה חֲבָל עַל הַזְּמַן!	зэ хавáль аль hа-змáн!	Это просто потрясающе!	Существительные	חֲבָל עַל הַזְּמַן
1577	FEMALE	Нейтральные / Безличные	s_672331b25db7.mp3	הָאוֹכֶל כָּאן סוֹף הַדֶּרֶךְ!	hа-óхель кан соф hа-дéрех!	Еда здесь просто отпад!	Существительные	סוֹף הַדֶּרֶךְ
1578	MALE	2-е лицо м.р. (אתה יודע)	tachles_tsodek.mp3	תַּכְלֶס, אַתָּה מַמָּשׁ צוֹדֵק.	тáхлес, атá мамáш цодéк.	По сути, ты совершенно прав.	Существительные	תַּכְלֶס
1579	FEMALE	Женская форма (адаптация 1/2 л.)	s_68bbfbba0a30_f.mp3	תַּכְלֶס, אַתְּ מַמָּשׁ צוֹדֶקֶת.	тáхлес, ат мамáш цоде́кет.	По сути, ты совершенно прав.	Существительные	תַּכְלֶס
1580	FEMALE	Нейтральные / Безличные	s_bae6693a72dd.mp3	הַהַרְגָּשָׁה שֶׁלִּי עַל הַפָּנִים.	hа-hаргашá шелӣ́ аль hа-панӣ́м.	Самочувствие у меня ужасное.	Существительные	עַל הַפָּנִים
1581	FEMALE	Нейтральные / Безличные	s_57aa0ed12549.mp3	טוֹב, יַאלְלָה בַּיי, נִתְרָאֶה!	тов, я́лла бай, нитраэ́!	Ладно, давай пока, увидимся!	Существительные	יַאלְלָה בַּיי
1582	FEMALE	Нейтральные / Безличные	s_2007ed58085e.mp3	בְּבַקָּשָׁה אַל תַּחְפּוֹר לִי!	бэвакашá аль тахпóр ли!	Пожалуйста, не грузи меня!	Существительные	אַל תַּחְפּוֹר לִי
1583	FEMALE	Нейтральные / Безличные	s_2dbf1e4e22c3.mp3	הַמְּסִבָּה הַזֹּאת הָיְתָה אֵשׁ!	hа-мэсибá hа-зот hайтá эш!	Эта вечеринка была просто огонь!	Существительные	אֵשׁ
1584	FEMALE	Нейтральные / Безличные	s_2eb8bee69376.mp3	מֵהַחַלּוֹן יֵשׁ נוֹף מַרְהִיב.	мэ-hа-халóн йеш ноф марhӣ́в.	Из окна открывается захватывающий вид.	Существительные	נוֹף מַרְהִיב
1585	FEMALE	Нейтральные / Безличные	s_fbd91fbb4136.mp3	הַסֵּפֶר קִבֵּל בִּיקּוֹרֶת מְשַׁבַּחַת.	hа-сéфер кибéль бикóрет мэшабáхат.	Книга получила восторженную рецензию.	Существительные	בִּיקּוֹרֶת מְשַׁבַּחַת
1586	MALE	1-е лицо м.р. (אני רוצה)	s_80323bf969f7.mp3	אֲנִי רוֹצֶה לְהַחְלִיף מִידָּה.	анӣ́ роцэ́ лэhахлӣ́ф мидá.	Я хочу поменять размер.	Существительные	לְהַחְלִיף מִידָּה
1587	FEMALE	Женская форма (адаптация 1/2 л.)	s_80323bf969f7_f.mp3	אֲנִי רוֹצָה לְהַחְלִיף מִידָּה.	анӣ́ роца́ лэhахлӣ́ф мидá.	Я хочу поменять размер.	Существительные	לְהַחְלִיף מִידָּה
1588	FEMALE	Нейтральные / Безличные	s_dc468bfaaa35.mp3	הַמּוּצָר נִמְצָא בַּאֲרִיזָה מְקוֹרִית.	hа-муцáр нимцá бэ-аризá мэкорӣ́т.	Товар находится в оригинальной упаковке.	Существительные	בַּאֲרִיזָה מְקוֹרִית
1589	FEMALE	Нейтральные / Безличные	s_b990ad233bbb.mp3	יֵשׁ לָהֶם רוּחַ הִתְנַדְּבוּת.	йеш лаhéм рýах hитнадвýт.	У них есть дух волонтерства.	Существительные	רוּחַ הִתְנַדְּבוּת
1590	FEMALE	Нейтральные / Безличные	s_6eb6c6db35dc.mp3	גְּבָרוֹתַי וְרַבּוֹתַי, עֶרֶב טוֹב!	гваротáй вэ-работáй, э́рев тов!	Дамы и господа, добрый вечер!	Существительные	גְּבָרוֹתַי וְרַבּוֹתַי
1591	FEMALE	Нейтральные / Безличные	s_20393b32be97.mp3	לְסִיכּוּם, הַפְּגִישָׁה הָיְתָה מוּצְלַחַת.	лэ-сикýм, hа-пгишá hайтá муцлáхат.	В заключение, встреча была успешной.	Существительные	לְסִיכּוּם
1592	FEMALE	Нейтральные / Безличные	s_31995a7a1c3f.mp3	יֶתֶר עַל כֵּן, הִסְכַּמְנוּ.	йéтер аль кен, hискáмну.	Более того, мы согласились.	Существительные	יֶתֶר עַל כֵּן
1593	FEMALE	Нейтральные / Безличные	s_f43012c11ec0.mp3	אֵין סָפֵק שֶׁהוּא יַצְלִיחַ.	эйн сафéк шэ-hу яцлӣ́ах.	Нет сомнений, что он добьется успеха.	Существительные	אֵין סָפֵק שֶׁ-
1594	FEMALE	Нейтральные / Безличные	s_98baadcdbfc1.mp3	יֵשׁ לְהַדְגִּישׁ אֶת הַנְּקוּדָּה.	йеш лэhадгӣ́ш эт hа-нэкудá.	Следует подчеркнуть этот пункт.	Существительные	יֵשׁ לְהַדְגִּישׁ
1595	FEMALE	Нейтральные / Безличные	s_388153097540.mp3	מִצַּד אֶחָד, מִצַּד שֵׁנִי.	ми-цад эхáд, ми-цад шенӣ́.	С одной стороны, с другой стороны.	Существительные	מִצַּד אֶחָד... מִצַּד שֵׁנִי...
1596	FEMALE	Нейтральные / Безличные	s_23eb70b4464b.mp3	זֶה חָזוֹן הַפְרָחַת הַשְּׁמָמָה.	зэ хазóн hафрахáт hа-шмамá.	Это видение возрождения пустыни.	Существительные	הַפְרָחַת הַשְּׁמָמָה
1597	FEMALE	Нейтральные / Безличные	s_748b6a6893aa.mp3	זוֹ פְּרִיצַת דֶּרֶךְ מַדָּעִית.	зо прицáт дéрех мадаӣ́т.	Это научный прорыв.	Существительные	פְּרִיצַת דֶּרֶךְ מַדָּעִית
1598	FEMALE	Нейтральные / Безличные	s_e854e5be19f0.mp3	זֶה הֶישֵּׂג בֵּינְלְאוּמִּי חָשׁוּב.	зэ hэсéг бейнлэумӣ́ хашýв.	Это важное международное достижение.	Существительные	הֶישֵּׂג בֵּינְלְאוּמִּי
1599	MALE	1-е лицо м.р. (אני רוצה)	s_1d1185ba32a6.mp3	סְלִיחָה, אֲנִי חוֹלֵק עָלֶיךָ.	слихá, анӣ́ холéк алéйха.	Простите, я с вами не согласен.	Существительные	אֲנִי חוֹלֵק עָלֶיךָ
1600	FEMALE	Женская форма (адаптация 1/2 л.)	s_1d1185ba32a6_f.mp3	סְלִיחָה, אֲנִי חוֹלֶקֶת עָלֶיךָ.	слихá, анӣ́ холе́кет алéйха.	Простите, я с вами не согласен.	Существительные	אֲנִי חוֹלֵק עָלֶיךָ
1601	FEMALE	Нейтральные / Безличные	s_d33b31b13bf7.mp3	מָצָאנוּ אֶת שְׁבִיל הַזָּהָב.	мацáנו эт швиль hа-заháв.	Мы нашли золотую середину.	Существительные	שְׁבִיל הַזָּהָב
1602	FEMALE	Нейтральные / Безличные	s_a42773aee164.mp3	הֵם הִצְלִיחוּ לְהַגִּיעַ לְהַסְכָּמָה.	hэм hицлӣ́ху лэhагӣ́а лэ-hаскамá.	Они смогли прийти к согласию.	Существительные	לְהַגִּיעַ לְהַסְכָּמָה
1603	FEMALE	Нейтральные / Безличные	s_5bad5d65bd85.mp3	עִם כָּל הַכָּבוֹד, תַּקְשִׁיב.	им коль hа-кавóд, такшӣ́в.	При всём уважении, послушай.	Существительные	עִם כָּל הַכָּבוֹד
1604	FEMALE	Нейтральные / Безличные	s_06c24b783750.mp3	תָּבִין זֹאת לְפִי הַהֶקְשֵׁר.	тавӣ́н зот лэфӣ́ hа-hэ́кшер.	Пойми это исходя из контекста.	Существительные	לְפִי הַהֶקְשֵׁר
1605	FEMALE	Нейтральные / Безличные	s_6b7ff714afb0.mp3	לְעוּמַּת זֹאת, אֲנַחְנוּ נִשְׁאַרְנוּ.	лэумáт зот, анáхну ниш’áрну.	В отличие от этого, мы остались.	Существительные	לְעוּמַּת זֹאת
1606	FEMALE	Нейтральные / Безличные	s_ba6ace21bf15.mp3	כְּתוֹצָאָה מִכָּךְ הַתּוֹכְנִית הִשְׁתַּנְּתָה.	кэ-тоцаá ми-кáх hа-тохнӣ́т hиштанэтá.	Вследствие этого программа изменилась.	Существительные	כְּתוֹצָאָה מִכָּךְ
1607	FEMALE	Нейтральные / Безличные	s_a8bf5c275248.mp3	בְּנוֹסָף לְכָךְ קִבַּלְנוּ הֲנָחָה.	бэ-носáф лэ-хáх кибáльну hанахá.	Кроме того, мы получили скидку.	Существительные	בְּנוֹסָף לְכָךְ
1608	FEMALE	Нейтральные / Безличные	s_e1666787f51a.mp3	עַכְשָׁיו קָלַטְתִּי אֶת הַכֹּל!	ахшáв калáти эт hа-коль!	Сейчас до меня всё дошло!	Существительные	קָלַטְתִּי
1609	FEMALE	Нейтральные / Безличные	s_6ff4f011fc3a.mp3	נָא לַחְזוֹר עַל הַדְּבָרִים.	на лахзóр аль hа-дварӣ́м.	Пожалуйста, повторите сказанное.	Существительные	לַחְזוֹר עַל הַדְּבָרִים
1610	FEMALE	Нейтральные / Безличные	s_9b42251c404d.mp3	כְּדַאי לְהַקְשִׁיב בְּקֶשֶׁב רַב.	кэдáй лэhакшӣ́в бэ-кéшев рав.	Стоит слушать очень внимательно.	Существительные	לְהַקְשִׁיב בְּקֶשֶׁב רַב
1611	FEMALE	Нейтральные / Безличные	s_b3db926f87a1.mp3	הֲרֵינִי פּוֹנֶה בִּשְׁאֵלָה דְּחוּפָה.	hарэйнӣ́ понé би-ш’элá дхуфá.	Сим обращаюсь со срочным вопросом.	Существительные	הֲרֵינִי פּוֹנֶה
1612	MALE	1-е лицо м.р. (אני רוצה)	s_2d21162c2253.mp3	אֲנִי חוֹתֵם בִּכְבוֹד רַב.	анӣ́ хотéм би-хвóд рав.	Я подписываю с глубоким уважением.	Существительные	בִּכְבוֹד רַב
1613	FEMALE	Женская форма (адаптация 1/2 л.)	s_2d21162c2253_f.mp3	אֲנִי חוֹתֶמֶת בִּכְבוֹד רַב.	анӣ́ хоте́мет би-хвóд рав.	Я подписываю с глубоким уважением.	Существительные	בִּכְבוֹד רַב
1614	MALE	1-е лицо м.р. (אני רוצה)	s_1efbd020a4ca.mp3	בְּהֶמְשֵׁךְ לַשִּׂיחָה אֲנִי כּוֹתֵב.	бэ-hэмшéх ла-сихá анӣ́ котéв.	В продолжение разговора я пишу.	Существительные	בְּהֶמְשֵׁךְ לְ-
1615	FEMALE	Женская форма (адаптация 1/2 л.)	s_1efbd020a4ca_f.mp3	בְּהֶמְשֵׁךְ לַשִּׂיחָה אֲנִי כּוֹתֶבֶת.	бэ-hэмшéх ла-сихá анӣ́ коте́вет.	В продолжение разговора я пишу.	Существительные	בְּהֶמְשֵׁךְ לְ-
1616	FEMALE	Нейтральные / Безличные	s_46aad7e135a7.mp3	זֶה מוּעֲבָר לְטִיפּוּלְכֶם הַמָּסוּר.	зэ муавáр лэ-типульхéм hа-масýр.	Это передано на ваше внимательное рассмотрение.	Существительные	לְטִיפּוּלְכֶם הַמָּסוּר
1617	FEMALE	Нейтральные / Безличные	s_d5f2fce5ca81.mp3	נָא לַחֲזוֹר בְּהֶקְדֵּם הָאֶפְשָׁרִי.	на лахазóр бэ-hэкдéм hа-эфшаרӣ́.	Пожалуйста, вернитесь с ответом как можно скорее.	Существительные	בְּהֶקְדֵּם הָאֶפְשָׁרִי
1618	MALE	1-е лицо м.р. (אני רוצה)	s_294138abf8e4.mp3	אֲנִי אֶשְׂמַח מְאוֹד לִתְשׁוּבַתְכֶם.	анӣ́ эсмáх мэóд ли-тшуватхéм.	Я буду очень рад вашему ответу.	Существительные	אֶשְׂמַח לִתְשׁוּבַתְכֶם
1619	FEMALE	Нейтральные / Безличные	s_63aa07e74440.mp3	עָבַרְנוּ יַחַד דֶּרֶךְ אֲרוּכָּה.	авáרנו я́хад дéрех арукá.	Мы прошли вместе долгий путь.	Существительные	דֶּרֶךְ אֲרוּכָּה
1620	MALE	1-е лицо м.р. (אני רוצה)	s_ae7871c542b6.mp3	אֲנִי מְאַחֵל בְּהַצְלָחָה עֲנָקִית!	анӣ́ мэахéль бэ-hацлахá анакӣ́т!	Я желаю огромных успехов!	Существительные	בְּהַצְלָחָה עֲנָקִית
1621	FEMALE	Женская форма (адаптация 1/2 л.)	s_ae7871c542b6_f.mp3	אֲנִי מְאַחֶלֶת בְּהַצְלָחָה עֲנָקִית!	анӣ́ меахе́лет бэ-hацлахá анакӣ́т!	Я желаю огромных успехов!	Существительные	בְּהַצְלָחָה עֲנָקִית
1622	FEMALE	Нейтральные / Безличные	s_ab6467527ee1.mp3	זֹאת הָיְתָה גַּאֲוָוה גְּדוֹלָה.	зот hайтá гаавá гдолá.	Это была большая гордость.	Существительные	גַּאֲוָוה גְּדוֹלָה
1623	FEMALE	Нейтральные / Безличные	s_b73dff003587.mp3	חֲבֵרִי הַיָּקָר, עֲלֵה וְהַצְלַח!	хаверӣ́ hа-якáр, алé вэ-hацлáх!	Мой дорогой друг, процветай и преуспевай!	Существительные	עֲלֵה וְהַצְלַח
1624	MALE	1-е лицо м.р. (אני רוצה)	s_94768a594b2c.mp3	אֲנִי מְאַחֵל דֶּרֶךְ צְלֵחָה!	анӣ́ мэахéль дéрех цлехá!	Я желаю счастливого пути!	Существительные	דֶּרֶךְ צְלֵחָה
1625	FEMALE	Женская форма (адаптация 1/2 л.)	s_94768a594b2c_f.mp3	אֲנִי מְאַחֶלֶת דֶּרֶךְ צְלֵחָה!	анӣ́ меахе́лет дéрех цлехá!	Я желаю счастливого пути!	Существительные	דֶּרֶךְ צְלֵחָה
1626	FEMALE	Нейтральные / Безличные	s_a8d133033517.mp3	חָשׁוּב תָּמִיד לְהַמְשִׁיךְ לְהִתְקַדֵּם.	хашýв тамӣ́д лэhамшӣ́х лэhиткадéм.	Важно всегда продолжать совершенствоваться.	Существительные	לְהַמְשִׁיךְ לְהִתְקַדֵּם
1627	FEMALE	Нейтральные / Безличные	s_cae016b237d2.mp3	בּוֹא, יִשְׂרָאֵל מְחַכָּה לְךָ!	бо, Исраэ́ль мэхакá лехá!	Приезжай, Израиль ждет тебя!	Существительные	יִשְׂרָאֵל מְחַכָּה לְךָ
1628	FEMALE	Нейтральные / Безличные	s_fdbb4aaa45be.mp3	יוֹפִי, כָּל הַכָּבוֹד, אַלּוּף!	йóфи, коль hа-кавóд, алýф!	Отлично, молодец, чемпион!	Существительные	כָּל הַכָּבוֹד, אַלּוּף
1629	FEMALE	Нейтральные / Безличные	s_6deccfc7a935.mp3	שָׁלוֹם, נָעִים מְאוֹד.	шалóм, наӣ́м меóд.	Привет, очень приятно.	Существительные	שָׁלוֹם
1630	FEMALE	Нейтральные / Безличные	s_9dcc4637622c.mp3	בּוֹקֶר טוֹב לְכוּלָּם.	бóкер тов ле-хулáм.	Доброе утро всем.	Существительные	בּוֹקֶר טוֹב
1631	FEMALE	Нейтральные / Безличные	s_e5f6a50f004f.mp3	עֶרֶב טוֹב, חֲבֵרִים.	э́рев тов, хаверӣ́м.	Добрый вечер, друзья.	Существительные	עֶרֶב טוֹב
1632	FEMALE	Нейтральные / Безличные	s_db516bfafa09.mp3	תּוֹדָה רַבָּה עַל הָעֶזְרָה.	тодá рабá аль hа-эзрá.	Большое спасибо за помощь.	Существительные	תּוֹדָה
1633	FEMALE	Нейтральные / Безличные	s_60ce02f1b330.mp3	כּוֹס מַיִם, בְּבַקָּשָׁה.	кос мáйим, бевакашá.	Стакан воды, пожалуйста.	Существительные	בְּבַקָּשָׁה
1634	FEMALE	Нейтральные / Безличные	s_659272eb5180.mp3	שְׁמִי דָּנִי, נָעִים מְאוֹד.	шмӣ дáни, наӣ́м меóд.	Меня зовут Дани, очень приятно.	Существительные	נָעִים מְאוֹד
1635	FEMALE	Нейтральные / Безличные	s_664bcec3efa5.mp3	הַיי, מָה נִשְׁמָע הַיּוֹם?	hай, ма нишмá hайóм?	Привет, как сегодня дела?	Существительные	מָה נִשְׁמָע
1636	FEMALE	Нейтральные / Безличные	s_a92426e2c9d3.mp3	תוֹדָה, הַכֹּל בְּסֵדֶר אֶצלִי.	тодá, hакóль бесéдер эцлӣ́.	Спасибо, у меня всё в порядке.	Существительные	הַכֹּל בְּסֵדֶר
1637	FEMALE	Нейтральные / Безличные	s_8802d1c02bc6.mp3	זֶה רַעְיוֹן יֹופִי מַמָּשׁ.	зэ раайóн йóфи мамáш.	Это действительно отличная идея.	Существительные	יוֹפִי
1638	FEMALE	Нейтральные / Безличные	s_ca561d672ec3.mp3	סְלִיחָה, אֵיפֹה הַתַּחֲנָה?	слихá, э́йфо hа-таханá?	Извините, где остановка?	Существительные	סְלִיחָה
1639	MALE	1-е лицо м.р. (אני רוצה)	s_18f9c00a1467.mp3	כֵּן, אֲנִי מֵבִין הַכֹּל.	кен, анӣ мевӣ́н hакóль.	Да, я всё понимаю.	Существительные	כֵּן
1640	FEMALE	Женская форма (адаптация 1/2 л.)	s_18f9c00a1467_f.mp3	כֵּן, אֲנִי מְבַיֶּנֶת הַכֹּל.	кен, анӣ мевӣ́н hакóль.	Да, я всё понимаю.	Существительные	כֵּן
1641	MALE	1-е лицо м.р. (אני רוצה)	s_ac9f93fb9ab5.mp3	לֹא, אֲנִי לֹא רוֹצֶה.	ло, анӣ ло роцé.	Нет, я не хочу.	Существительные	לֹא
1642	FEMALE	Женская форма (адаптация 1/2 л.)	s_ac9f93fb9ab5_f.mp3	לֹא, אֲנִי לֹא רוֹצָה.	ло, анӣ ло роца́.	Нет, я не хочу.	Существительные	לֹא
1643	MALE	2-е лицо м.р. (אתה יודע)	s_6b0b2ee9255f.mp3	מֵאַיִן אַתָּה בָּאָרֶץ?	меáйин атá ба-áрец?	Откуда ты в стране?	Существительные	מֵאַיִן
1644	FEMALE	Женская форма (адаптация 1/2 л.)	s_6b0b2ee9255f_f.mp3	מְאַיֶּנֶת אַתְּ בָּאָרֶץ?	меáйин ат ба-áрец?	Откуда ты в стране?	Существительные	מֵאַיִן
1645	MALE	2-е лицо м.р. (אתה יודע)	s_5f969196efbe.mp3	מֵאֵיפֹה אַתָּה מַכִּיר אוֹתוֹ?	мэ-э́йфо атá макӣ́р отó?	Откуда ты его знаешь?	Существительные	מֵאֵיפֹה
1646	FEMALE	Женская форма (адаптация 1/2 л.)	s_5f969196efbe_f.mp3	מֵאֵיפֹה אַתְּ מַכִּירָה אוֹתוֹ?	мэ-э́йфо ат макира́ отó?	Откуда ты его знаешь?	Существительные	מֵאֵיפֹה
1647	MALE	1-е лицо м.р. (אני רוצה)	s_32fb5f55849f.mp3	אֲנִי מְדַבֵּר עִבְרִית קְצָת.	анӣ медабéр иврӣ́т кцат.	Я немного говорю на иврите.	Существительные	קְצָת
1648	FEMALE	Женская форма (адаптация 1/2 л.)	s_32fb5f55849f_f.mp3	אֲנִי מְדַבֶּרֶת עִבְרִית קְצָת.	анӣ медабе́рет иврӣ́т кцат.	Я немного говорю на иврите.	Существительные	קְצָת
1649	MALE	1-е лицо м.р. (אני רוצה)	s_e28bff7036f4.mp3	גַּם אֲנִי לוֹמֵד עִבְרִית.	гам анӣ ломéд иврӣ́т.	Я тоже учу иврит.	Существительные	גַּם
1650	FEMALE	Женская форма (адаптация 1/2 л.)	s_e28bff7036f4_f.mp3	גַּם אֲנִי לוֹמֶדֶת עִבְרִית.	гам анӣ ломе́дет иврӣ́т.	Я тоже учу иврит.	Существительные	גַּם
1651	FEMALE	Нейтральные / Безличные	s_2a84603e9d98.mp3	זֶה סֵפֶר טוֹב מְאוֹד.	зэ сéфер тов меóд.	Это очень хорошая книга.	Существительные	זֶה
1652	FEMALE	Нейтральные / Безличные	s_dd2c39cb8ccc.mp3	זֹאת חֲבֵרָה שֶׁלִּי.	зот хаверá шелӣ́.	Это моя подруга.	Существительные	זֹאת
1653	FEMALE	Нейтральные / Безличные	s_05c0c1c8daed.mp3	אֵלֶּה הַחֲבֵרִים שֶׁלִּי.	э́ле hа-хаверӣ́м шелӣ́.	Это мои друзья.	Существительные	אֵלֶּה
1654	FEMALE	Нейтральные / Безличные	s_5b7685c6e48b.mp3	מִי רוֹצֶה קָפֶה חַם?	ми роцé кафэ́ хам?	Кто хочет горячий кофе?	Существительные	מִי
1655	MALE	2-е лицо м.р. (אתה יודע)	s_80bfc1049149.mp3	מָה אַתָּה עוֹשֶׂה עַכְשָׁיו?	ма атá осэ́ ахшáв?	Что ты сейчас делаешь?	Существительные	מָה
1656	FEMALE	Женская форма (адаптация 1/2 л.)	s_80bfc1049149_f.mp3	מָה אַתְּ עוֹשָׂה עַכְשָׁיו?	ма ат оса́ ахшáв?	Что ты сейчас делаешь?	Существительные	מָה
1657	FEMALE	Нейтральные / Безличные	s_f8c1c5dce571.mp3	כַּמָּה זֶה עוֹלֶה בַּחֲנוּת?	кáма зэ олé ба-ханӯ́т?	Сколько это стоит в магазине?	Существительные	כַּמָּה
1658	FEMALE	Нейтральные / Безличные	s_599fe0db2544.mp3	הַהוֹרִים שֶׁלִּי גָּרִים פֹּה.	hа-hорӣ́м шелӣ́ гарӣ́м по.	Мои родители живут здесь.	Существительные	הוֹרִים
1659	FEMALE	Нейтральные / Безличные	s_b18ed30cf69e.mp3	זֶה חֲדַר שֵׁינָה נָעִים.	зэ хадáр шейнá наӣ́м.	Это приятная спальня.	Существительные	חֲדַר שֵׁינָה
1660	FEMALE	Нейтральные / Безличные	s_8760fd3ec6f8.mp3	יֵשׁ פֹּה קָפֶה טוֹב.	йеш по кафэ́ тов.	Здесь есть хороший кофе.	Существительные	יֵשׁ / אֵין
1661	FEMALE	Нейтральные / Безличные	s_ab8d3a9ed110.mp3	תֵּלֵךְ יָשָׁר עַד הָרַמְזוֹר.	телéх яшáр ад hа-рамзóр.	Иди прямо до светофора.	Существительные	יָשָׁר
1662	FEMALE	Нейтральные / Безличные	s_b7f96f24d032.mp3	תִּפְנֶה יָמִינָה בָּרְחוֹב.	тифнэ́ ямӣ́на ба-рехóв.	Поверни направо на улице.	Существительные	יָמִינָה
1663	FEMALE	Нейтральные / Безличные	s_89af7c268ea0.mp3	תִּפְנֶה שְׂמֹאלָה בָּרַמְזוֹר.	тифнэ́ смóла ба-рамзóр.	Поверни налево на светофоре.	Существительные	שְׂמֹאלָה
1664	FEMALE	Нейтральные / Безличные	s_0b4f41484c64.mp3	זוֹ עוּגַת שׁוֹקוֹלָד טְעִימָה.	зо угáт шóколад теимá.	Это вкусный шоколадный торт.	Существительные	עוּגַת שׁוֹקוֹלָד
1665	FEMALE	Нейтральные / Безличные	s_10033b34b2e3.mp3	אֵיפֹה יֵשׁ תַּחֲנַת אוֹטוֹבּוּס?	э́йфо йеш таханáт óтобус?	Где есть автобусная остановка?	Существительные	תַּחֲנַת אוֹטוֹבּוּס
1666	FEMALE	Нейтральные / Безличные	s_5ba70d4360d6.mp3	זֹאת תַּחֲנַת רַכֶּבֶת גְּדוֹלָה.	зот таханáт ракéвет гдолá.	Это большая железнодорожная станция.	Существительные	תַּחֲנַת רַכֶּבֶת
1667	FEMALE	Нейтральные / Безличные	s_855def92c1b7.mp3	זֶה מִיץ תַּפּוּזִים סָחוּט.	зэ миц тапузӣ́м сахýт.	Это свежевыжатый апельсиновый сок.	Существительные	מִיץ תַּפּוּזִים סָחוּט
1668	FEMALE	Нейтральные / Безличные	s_a9cc0903bf76.mp3	זֶה בֵּית כְּנֶסֶת עַתִּיק.	зэ бéйт кнéсет атӣ́к.	Это старинная синагога.	Существительные	בֵּית כְּנֶסֶת
1669	FEMALE	Нейтральные / Безличные	s_42f445d89005.mp3	הַשְּׂכִירוּת פֹּה יְקָרָה מְאוֹד.	hа-схирýт по йекарá меóд.	Аренда здесь очень дорогая.	Существительные	שְׂכִירוּת
1670	FEMALE	Нейтральные / Безличные	s_b8af6ce2c4a0.mp3	צָרִיךְ לְשַׁלֵּם אַרְנוֹנָה הַיּוֹם.	царӣ́х лешалэ́м арнóна hа-йом.	Нужно заплатить арнону сегодня.	Существительные	אַרְנוֹנָה
1671	MALE	1-е лицо м.р. (אני רוצה)	s_e1a9bc963702.mp3	אֲנִי מְשַׁלֵּם לְוַעַד הַבַּיִת.	анӣ мешалéм ле-вáад hа-бáйт.	Я плачу домовому комитету.	Существительные	וַעַד בַּיִת
1672	FEMALE	Нейтральные / Безличные	s_bb88d47b5e1f.mp3	אֵין פֹּה חַשְׁמָל הַיּוֹם.	эйн по хашмáль hа-йом.	Здесь сегодня нет электричества.	Существительные	חַשְׁמָל
1673	MALE	1-е лицо м.р. (אני רוצה)	s_413b47b7561b.mp3	אֲנִי מְחַפֵּשׂ שׁוּתָף לַדִּירָה.	анӣ мехапéс шутáф ла-дирá.	Я ищу соседа по квартире.	Существительные	שׁוּתָף
1674	FEMALE	Женская форма (адаптация 1/2 л.)	s_413b47b7561b_f.mp3	אֲנִי מְחַפֶּשֶׂת שׁוּתָף לַדִּירָה.	анӣ мехапе́сет шутáф ла-дирá.	Я ищу соседа по квартире.	Существительные	שׁוּתָף
1675	MALE	1-е лицо м.р. (אני רוצה)	s_07bfdfa13db2.mp3	אֲנִי כּוֹתֵב צֵ'ק לַדִּירָה.	анӣ котéв чек ла-дирá.	Я выписываю чек за квартиру.	Существительные	צֵ'ק
1676	FEMALE	Женская форма (адаптация 1/2 л.)	s_07bfdfa13db2_f.mp3	אֲנִי כּוֹתֶבֶת צֵ'ק לַדִּירָה.	анӣ коте́вет чек ла-дирá.	Я выписываю чек за квартиру.	Существительные	צֵ'ק
1677	FEMALE	Нейтральные / Безличные	s_7391cabf3164.mp3	צָרִיךְ לַחְתּוֹם עַל חוֹזֶה.	царӣ́х лахтóм аль хозэ́.	Нужно подписать договор.	Существительные	לַחְתּוֹם עַל חוֹזֶה
1678	FEMALE	Нейтральные / Безличные	s_19da57e4dcf8.mp3	יֵשׁ לָהּ עֵינַיִם יָפוֹת.	йеш ла эйнáйим яфóт.	У неё красивые глаза.	Существительные	עַיִן
1679	MALE	3-е лицо м.р. (הוא / דוד)	s_1f5e82c36782.mp3	הוּא אִישׁ טוֹב לֵב.	hу иш тов лев.	Он добросердечный человек.	Существительные	טוּב לֵב
1680	FEMALE	Нейтральные / Безличные	s_25207da53907.mp3	זֶה מָלוֹן יָפֶה מְאֹד.	зэ малóн яфэ́ меóд.	Это очень красивая гостиница.	Существительные	מָלוֹן
1681	FEMALE	Нейтральные / Безличные	s_48311ff1022c.mp3	אֲנַחְנוּ רוֹצִים חֶדֶר זוּגִי.	анáхну роцӣ́м хéдер зугӣ́.	Мы хотим двухместный номер.	Существительные	חֶדֶר זוּגִי
1682	FEMALE	Нейтральные / Безличные	s_0249f5f57dc6.mp3	מָה הַסִּיסְמָה לְוַויְפַאי?	ма hа-сисмá ле-вайфай?	Какой пароль от вайфая?	Существительные	סִיסְמָה לְוַויְפַאי
1683	MALE	3-е лицо м.р. (הוא / דוד)	s_fe835a43d0ed.mp3	הוּא מְדַבֵּר כָּל הַזְּמַן.	hу медабéр коль hа-змáн.	Он всё время говорит.	Существительные	כָּל הַזְּמַן
1684	MALE	1-е лицо м.р. (אני רוצה)	s_1c947a9439a4.mp3	אֲנִי לוֹקֵחַ שְׁתֵּי טִיפּוֹת.	анӣ локéах штэй типóт.	Я принимаю две капли.	Существительные	טִיפָּה
1685	FEMALE	Женская форма (адаптация 1/2 л.)	s_1c947a9439a4_f.mp3	אֲנִי לוֹקַחַת שְׁתֵּי טִיפּוֹת.	анӣ лока́хат штэй типóт.	Я принимаю две капли.	Существительные	טִיפָּה
1686	FEMALE	Нейтральные / Безличные	s_29ccc879a0fa.mp3	קַח כַּדּוּר פַּעַם בְּיוֹם.	ках кадӯ́р пáам бе-йом.	Принимай таблетку раз в день.	Существительные	פַּעַם בְּיוֹם
1687	FEMALE	Нейтральные / Безличные	s_01ebcead0d18.mp3	לוֹקְחִים תְּרוּפָה לִפְנֵי הָאוֹכֶל.	локхӣ́м труфá лифнéй hа-óхель.	Лекарство принимают перед едой.	Существительные	לִפְנֵי הָאוֹכֶל
1688	FEMALE	Нейтральные / Безличные	s_ec3360dcc0ab.mp3	לוֹקְחִים תְּרוּפָה אַחֲרֵי הָאוֹכֶל.	локхӣ́м труфá ахарéй hа-óхель.	Лекарство принимают после еды.	Существительные	אַחֲרֵי הָאוֹכֶל
1689	FEMALE	Нейтральные / Безличные	s_00a702a24460.mp3	זֶה כַּדּוּר לְלֹא מִרְשָׁם.	зэ кадӯ́р лелó миршáм.	Это таблетка без рецепта.	Существительные	לְלֹא מִרְשָׁם
1690	FEMALE	Нейтральные / Безличные	s_10a669e5744f.mp3	יֵשׁ מִבְצָע סוֹף עוֹנָה.	йеш мивцá соф онá.	Идёт распродажа конца сезона.	Существительные	סוֹף עוֹנָה
1691	FEMALE	Нейтральные / Безличные	s_8986aee58d05.mp3	אֶפְשָׁר פֶּתֶק הַחְלָפָה, בְּבַקָּשָׁה?	эфшáр пéтек hахлафá, бевакашá?	Можно чек на обмен, пожалуйста?	Существительные	פֶּתֶק הַחְלָפָה
1692	MALE	1-е лицо м.р. (אני רוצה)	s_0969917e0a77.mp3	אֲנִי נוֹסֵעַ בַּכִּיוּוּן הַזֶּה.	анӣ носéа ба-кивӯ́н hа-зэ.	Я еду в этом направлении.	Существительные	כִּיווּן
1693	FEMALE	Женская форма (адаптация 1/2 л.)	s_0969917e0a77_f.mp3	אֲנִי נוֹסַעַת בַּכִּיוּוּן הַזֶּה.	анӣ носа́ат ба-кивӯ́н hа-зэ.	Я еду в этом направлении.	Существительные	כִּיווּן
1694	FEMALE	Нейтральные / Безличные	s_bdff67ab7975.mp3	הָרַכֶּבֶת נוֹסַעַת לְנַתְבַּ"ג.	hа-ракéвет носáат ле-натбáг.	Поезд едет в Бен-Гурион.	Существительные	נַתְבַּ"ג
1695	MALE	1-е лицо м.р. (אני רוצה)	s_66a68d3832e4.mp3	אֲנִי מְאַחֵל נְסִיעָה טוֹבָה!	анӣ меахéль несиá товá!	Я желаю счастливого пути!	Существительные	נְסִיעָה טוֹבָה
1696	FEMALE	Женская форма (адаптация 1/2 л.)	s_66a68d3832e4_f.mp3	אֲנִי מְאַחֶלֶת נְסִיעָה טוֹבָה!	анӣ меахе́лет несиá товá!	Я желаю счастливого пути!	Существительные	נְסִיעָה טוֹבָה
1697	FEMALE	Нейтральные / Безличные	s_b0ac86b9b192.mp3	יֵשׁ עִיכּוּב בָּרַכֶּבֶת הַיּוֹם.	йеш икӯ́в ба-ракéвет hа-йом.	Сегодня задержка поезда.	Существительные	עִיכּוּב
1698	MALE	1-е лицо м.р. (אני רוצה)	s_aa81f5b61f00.mp3	אֲנִי עָיֵף כִּי עָבַדְתִּי.	анӣ аéф ки авáдети.	Я устал, потому что работал.	Существительные	כִּי
1699	FEMALE	Женская форма (адаптация 1/2 л.)	s_aa81f5b61f00_f.mp3	אֲנִי עֲיֵפָה כִּי עָבַדְתִּי.	анӣ аéф ки авáдети.	Я устал, потому что работал.	Существительные	כִּי
1700	MALE	2-е лицо м.р. (אתה יודע)	s_1d9c07e5e475.mp3	אֵיךְ אַתָּה מַרְגִּישׁ הַיּוֹם?	эйх атá маргӣ́ш hа-йом?	Как ты себя чувствуешь сегодня?	Существительные	אֵיךְ
1701	FEMALE	Женская форма (адаптация 1/2 л.)	s_1d9c07e5e475_f.mp3	אֵיךְ אַתְּ מַרְגִּישָׁה הַיּוֹם?	эйх ат маргиша́ hа-йом?	Как ты себя чувствуешь сегодня?	Существительные	אֵיךְ
1702	FEMALE	Нейтральные / Безличные	s_e0d8594e7854.mp3	אֵיזֶה יוֹם יָפֶה הַיּוֹם!	э́йзе йом яфэ́ hа-йом!	Какой красивый день сегодня!	Существительные	אֵיזֶה
1703	FEMALE	Нейтральные / Безличные	s_978ddaa7b59d.mp3	קָנִינוּ כָּל מִינֵי דְּבָרִים.	канӣ́ну коль минéй дварӣ́м.	Мы купили разные вещи.	Существительные	כָּל מִינֵי
1704	FEMALE	Нейтральные / Безличные	s_c0af960fe67a.mp3	מָה הַתַּאֲרִיךְ שֶׁל הַפְּגִישָׁה?	ма hа-таарӣ́х шель hа-пгишá?	Какая дата встречи?	Существительные	תַּאֲרִיךְ
1705	MALE	1-е лицо м.р. (אני רוצה)	s_075a8a357f9f.mp3	אֲנִי בְּיִשְׂרָאֵל חוֹדֶשׁ אֶחָד.	анӣ́ бе-Исраэ́ль хóдеш эхáд.	Я в Израиле один месяц.	Существительные	חוֹדֶשׁ
1706	FEMALE	Нейтральные / Безличные	s_4ca435689cba.mp3	שָׁנָה טוֹבָה וּמְתוּקָה לְכוּלָּם!	шанá товá у-метукá ле-хулáм!	Хорошего и сладкого года всем!	Существительные	שָׁנָה
1707	MALE	1-е лицо м.р. (אני רוצה)	s_633b9d9995ea.mp3	אֲנִי פֹּה פַּעַם רִאשׁוֹנָה.	анӣ́ по пáам ришонá.	Я здесь в первый раз.	Существительные	פַּעַם רִאשׁוֹנָה
1708	FEMALE	Нейтральные / Безличные	s_cdad24f8e2ff.mp3	הַפַּעַם הַכֹּל בְּסֵדֶר גָּמוּר.	hа-пáам hакóль бесéдер гамӯ́р.	На этот раз всё в полном порядке.	Существительные	הַפַּעַם
1709	FEMALE	Нейтральные / Безличные	s_808549a985f5.mp3	לְבַסּוֹף הַכֹּל הָיָה טוֹב.	левасóф hакóль hайá тов.	В конце концов всё было хорошо.	Существительные	לְבַסּוֹף
1710	FEMALE	Нейтральные / Безличные	s_387a1d2eb83b.mp3	אֲנַחְנוּ הוֹלְכִים לַמּוּזֵאוֹן הַיּוֹם.	анáхну hолехӣ́м ла-музеóн hайóм.	Мы идём сегодня в музей.	Существительные	מוּזֵאוֹן
1711	FEMALE	Нейтральные / Безличные	s_d3d097653cb5.mp3	יֵשׁ תַּעֲרוּכָה חֲדָשָׁה בָּעִיר.	йеш таарухá хадашá ба-ӣ́р.	В городе есть новая выставка.	Существительные	תַּעֲרוּכָה
1712	FEMALE	Нейтральные / Безличные	s_6a68e2200335.mp3	דָּנִי לוֹמֵד אָמָּנוּת מוֹדֶרְנִית.	дáни ломéд оманӯ́т модéרнит.	Дани изучает современное искусство.	Существительные	אָמָּנוּת
1713	FEMALE	Нейтральные / Безличные	s_dbd88ee674e2.mp3	זֶה צִיּוּר יָפֶה מְאוֹד.	зэ цийӯ́р яфэ́ меóд.	Это очень красивая картина.	Существительные	צִיּוּר
1714	FEMALE	Нейтральные / Безличные	s_3a88b1a800a9.mp3	אֲנַחְנוּ לוֹקְחִים סִיּוּר מוּדְרָךְ.	анáхну локхӣ́м сийӯ́р мудрáх.	Мы берём экскурсию с гидом.	Существительные	סִיּוּר מוּדְרָךְ
1715	FEMALE	Нейтральные / Безличные	s_cb37422debce.mp3	יֵשׁ פֹּה הֲנָחָה לִסְטוּדֶנְטִים?	йеш по hанаха́ ли-студэ́нтим?	Здесь есть скидка для студентов?	Существительные	הֲנָחָה לִסְטוּדֶנְטִים
1716	FEMALE	Нейтральные / Безличные	s_4f9ff6b6d3cb.mp3	הַגַּנֶּנֶת מְדַבֶּרֶת עִם הַיְּלָדִים.	hа-ганэ́нет медабéрет им hа-еладӣ́м.	Воспитательница разговаривает с детьми.	Существительные	גַּנֶּנֶת
1717	MALE	1-е лицо м.р. (אני רוצה)	s_1dbe7f4ae357.mp3	אֲנִי כּוֹתֵב שִׁעוּרֵי בַּיִת.	анӣ́ котéв шиурéй бáит.	Я делаю домашнее задание.	Существительные	שִׁעוּרֵי בַּיִת
1718	FEMALE	Женская форма (адаптация 1/2 л.)	s_1dbe7f4ae357_f.mp3	אֲנִי כּוֹתֶבֶת שִׁעוּרֵי בַּיִת.	анӣ́ коте́вет шиурéй бáит.	Я делаю домашнее задание.	Существительные	שִׁעוּרֵי בַּיִת
1719	FEMALE	Нейтральные / Безличные	s_e4f528f638ee.mp3	יֵשׁ לִי חוֹבֶרֶת חֲדָשָׁה.	йеш ли ховéрет хадашá.	У меня есть новая тетрадь.	Существительные	חוֹבֶרֶת
1720	MALE	3-е лицо м.р. (הוא / דוד)	s_c07fe6dc9b30.mp3	דָּנִי הוּא תַּלְמִיד מִצְטַיֵּן.	дáни hу тальмӣ́д мицтайéн.	Дани — отличник.	Существительные	תַּלְמִיד מִצְטַיֵּן
1721	FEMALE	Нейтральные / Безличные	s_cbd53d6cde2b.mp3	הַחוֹפֶשׁ הַגָּדוֹל מַתְחִיל בְּיוּלִי.	hа-хóфеш hа-гадóль матхӣ́ль бе-ю́ли.	Летние каникулы начинаются в июле.	Существительные	הַחוֹפֶשׁ הַגָּדוֹל
1722	FEMALE	Нейтральные / Безличные	s_acf51c6ddee3.mp3	יֵשׁ לָהֶם חַיַּת מַחְמָד.	йеш лаhэ́м хайя́т махмáд.	У них есть домашний питомец.	Существительные	חַיַּת מַחְמָד
1723	FEMALE	Нейтральные / Безличные	s_64b0ca9c8eef.mp3	הַכֶּלֶב הוֹלֵךְ לַוֶטֶרִינָר הַיּוֹם.	hа-кéлев hолéх ла-ветеринáр hайóм.	Собака идёт к ветеринару сегодня.	Существительные	וֶטֶרִינָר
1724	FEMALE	Нейтральные / Безличные	s_c97ab1acc461.mp3	אֲנַחְנוּ הוֹלְכִים לְפַארְק כְּלָבִים.	анáхну hолехӣ́м ле-пáрк клавӣ́м.	Мы идём в собачий парк.	Существительные	פַּארְק כְּלָבִים
1725	FEMALE	Нейтральные / Безличные	s_c60a609265e4.mp3	אֶתְמוֹל עָבַדְתִּי הַרְבֵּה מְאוֹד.	этмóль авáдти hарбэ́ меóд.	Вчера я очень много работал.	Существительные	אֶתְמוֹל
1726	FEMALE	Нейтральные / Безличные	s_947598d27293.mp3	שִׁלְשׁוֹם רָאִיתִי סֶרֶט מְצוּיָּן.	шильшóм раӣ́ти сéрет мецуйáн.	Позавчера я посмотрел отличный фильм.	Существительные	שִׁלְשׁוֹם
1727	FEMALE	Нейтральные / Безличные	s_57e6bec7d989.mp3	הָיִיתִי שָׁם לִפְנֵי שָׁבוּעַ.	hайӣ́ти шам лифнéй шавӯ́а.	Я был там неделю назад.	Существительные	לִפְנֵי שָׁבוּעַ
1728	FEMALE	Нейтральные / Безличные	s_4a5417fc0ee4.mp3	בַּשָּׁנָה שֶׁעָבְרָה גַּרְתִּי בִּירוּשָׁלַיִם.	ба-шанá ше-аврá гáрти би-Йерушалáим.	В прошлом году я жил в Иерусалиме.	Существительные	בַּשָּׁנָה שֶׁעָבְרָה
1729	MALE	1-е лицо м.р. (אני רוצה)	s_3f37a9b03914.mp3	אֲנִי כְּבָר מוּכָן לָצֵאת.	анӣ́ квар мухáн лацéт.	Я уже готов выходить.	Существительные	כְּבָר
1730	FEMALE	Женская форма (адаптация 1/2 л.)	s_3f37a9b03914_f.mp3	אֲנִי כְּבָר מוּכָנָה לָצֵאת.	анӣ́ квар мухана́ лацéт.	Я уже готов выходить.	Существительные	כְּבָר
1731	MALE	1-е лицо м.р. (אני רוצה)	s_16eaa2c073f1.mp3	אֲנִי עוֹד לֹא מוּכָן.	анӣ́ од ло мухáн.	Я ещё не готов.	Существительные	עוֹד
1732	FEMALE	Женская форма (адаптация 1/2 л.)	s_16eaa2c073f1_f.mp3	אֲנִי עוֹד לֹא מוּכָנָה.	анӣ́ од ло мухана́.	Я ещё не готов.	Существительные	עוֹד
1733	FEMALE	Нейтральные / Безличные	s_36cb85268347.mp3	הֲבַנְתֶּם אֶת הַשִּׁעוּר הַיּוֹם?	hавантéм эт hа-шиъýр hа-йом?	Вы поняли сегодняшний урок?	Существительные	לְהָבִין
1734	FEMALE	Нейтральные / Безличные	s_91c6e7c9add1.mp3	לְהֵיכָן טַסְתָּ בַּחוֹפֶשׁ הָאַחֲרוֹן?	леhэхáн тáста ба-хóфеш hа-ахарóн?	Куда ты летал в прошлый отпуск?	Существительные	לָטוּס
1735	FEMALE	Нейтральные / Безличные	s_be74d4aac05b.mp3	הֵם קָמוּ מוּקְדָּם הַבּוֹקֶר.	hэм кáму мукдáм hа-бóкер.	Они встали сегодня утром.	Существительные	לָקוּם
1736	FEMALE	Нейтральные / Безличные	s_b01e729ca435.mp3	אֲנַחְנוּ עוֹשִׂים קְנִיּוֹת בַּסּוּפֶּר.	анáхну осӣ́м книйóт ба-сýпер.	Мы делаем покупки в супермаркете.	Существительные	קְנִיָּה
1737	FEMALE	Нейтральные / Безличные	s_d94e79c18be2.mp3	מָה עָשִׂיתָ לִפְנֵי כֵן?	ма асӣ́та лифнéй хен?	Что ты делал до этого?	Существительные	לִפְנֵי כֵן
1738	FEMALE	Нейтральные / Безличные	s_cd9115a6d3c5.mp3	נְדַבֵּר שׁוּב אַחֲרֵי כֵן.	недабéр шув ахарéй хен.	Поговорим снова после этого.	Существительные	אַחֲרֵי כֵן
1739	FEMALE	Нейтральные / Безличные	s_32f7b4f3aeec.mp3	מָה רָצִיתָ לְהַגִּיד לִי?	ма рацӣ́та леhагӣ́д ли?	Что ты хотел мне сказать?	Существительные	מָה רָצִיתָ לְהַגִּיד
1740	FEMALE	Нейтральные / Безличные	s_249540f0c4f1.mp3	הָיָה לִי יוֹם טוֹב.	hайá ли йом тов.	У меня был хороший день.	Существительные	הָיָה לִי
1741	FEMALE	Нейтральные / Безличные	s_0047a0317392.mp3	הָיְתָה לִי פְּגִישָׁה אֶתְמוֹל.	hайтá ли пгишá этмóль.	У меня была встреча вчера.	Существительные	הָיְתָה לִי
1742	FEMALE	Нейтральные / Безличные	s_f547581ce34b.mp3	הָיוּ לִי הַרְבֵּה שְׁאֵלוֹת.	hайу́ ли hарбé шъэлóт.	У меня было много вопросов.	Существительные	הָיוּ לִי
1743	FEMALE	Нейтральные / Безличные	s_af321857bbc4.mp3	לֹא הָיָה לִי זְמַן.	ло hайá ли зман.	У меня не было времени.	Существительные	לֹא הָיָה לִי
1744	FEMALE	Нейтральные / Безличные	s_a1a0aaca6610.mp3	הָאוֹכֶל הָיָה מְצוּיָּן אֶתְמוֹל.	hа-óхель hайá мецуйáн этмóль.	Еда вчера была отличной.	Существительные	הָיָה מְצוּיָּן
1745	FEMALE	Нейтральные / Безличные	s_01ae3be7b504.mp3	מָה הָיָה שָׁם אֶתְמוֹל?	ма hайá шам этмóль?	Что там было вчера?	Существительные	מָה הָיָה
1746	MALE	1-е лицо м.р. (אני רוצה)	s_a2a02013b593.mp3	אֲנִי רוֹצֶה לִשְׁלוֹחַ אִימֵייל.	анӣ́ роцé лишлóах имéйл.	Я хочу отправить имейл.	Существительные	לִשְׁלוֹחַ אִימֵייל
1747	FEMALE	Женская форма (адаптация 1/2 л.)	s_a2a02013b593_f.mp3	אֲנִי רוֹצָה לִשְׁלוֹחַ אִימֵייל.	анӣ́ роца́ лишлóах имéйл.	Я хочу отправить имейл.	Существительные	לִשְׁלוֹחַ אִימֵייל
1748	FEMALE	Нейтральные / Безличные	s_086d32a1c1b7.mp3	כָּתַבְתִּי לִפְנִיּוֹת הַצִּיבּוּר הַיּוֹם.	катáвти ли-фнийóт hа-цибӯ́р hа-йом.	Я написал в отдел обращений граждан сегодня.	Существительные	פְּנִיּוֹת הַצִּיבּוּר
1749	FEMALE	Нейтральные / Безличные	s_b2b6cbf55976.mp3	אֶפְשָׁר לְהַשְׁאִיר הוֹדָעָה קְצָרָה?	эфшáр леhашъӣ́р hодаá кцарá?	Можно оставить короткое сообщение?	Существительные	לְהַשְׁאִיר הוֹדָעָה
1750	FEMALE	Нейтральные / Безличные	s_45ef7271be81.mp3	סְלִיחָה, זֹאת טָעוּת בַּמִּסְפָּר.	слихá, зот тау́т ба-миспáр.	Извините, это ошибка номером.	Существительные	טָעוּת בַּמִּסְפָּר
1751	FEMALE	Нейтральные / Безличные	s_95e006c75f12.mp3	יֵשׁ לִי שִׂיחָה מְמַתֶּנֶת.	йеш ли сихá мематéнет.	У меня входящий по второй линии.	Существительные	שִׂיחָה מְמַתֶּנֶת
1752	MALE	1-е лицо м.р. (אני רוצה)	s_59beee027b2f.mp3	אֲנִי רוֹצֶה לִשְׁלוֹחַ הוֹדָעָה.	анӣ́ роцé лишлóах hодаá.	Я хочу отправить сообщение.	Существительные	לִשְׁלוֹחַ הוֹדָעָה
1753	FEMALE	Женская форма (адаптация 1/2 л.)	s_59beee027b2f_f.mp3	אֲנִי רוֹצָה לִשְׁלוֹחַ הוֹדָעָה.	анӣ́ роца́ лишлóах hодаá.	Я хочу отправить сообщение.	Существительные	לִשְׁלוֹחַ הוֹדָעָה
1754	FEMALE	Нейтральные / Безличные	s_8a502a818340.mp3	טוֹב, נְדַבֵּר אַחַר כָּךְ.	тов, недабéр áхар ках.	Ладно, поговорим позже.	Существительные	נְדַבֵּר אַחַר כָּךְ
1755	FEMALE	Нейтральные / Безличные	s_d5026c5a98c1.mp3	הָלַכְתִּי לְמִשְׂרַד הַפְּנִים הַיּוֹם.	hалáхти ле-мисрáд hа-пним hа-йом.	Я ходил в МВД сегодня.	Существительные	מִשְׂרַד הַפְּנִים
1756	MALE	1-е лицо м.р. (אני רוצה)	s_863193acdd9a.mp3	אֲנִי מְשַׁלֵּם לְבִיטּוּחַ לְאוּמִּי.	анӣ́ мешалéм ле-витӯ́ах леумӣ́.	Я плачу в Службу национального страхования.	Существительные	בִּיטּוּחַ לְאוּמִּי
1757	FEMALE	Нейтральные / Безличные	s_01fd751fd41c.mp3	קִבַּלְתִּי סַל קְלִיטָה הַחֹדֶשׁ.	кибáльти сал клитá hа-хóдеш.	Я получил корзину абсорбции в этом месяце.	Существительные	סַל קְלִיטָה
1758	MALE	3-е лицо м.р. (הוא / דוד)	s_c7d8ca2491f6.mp3	דָּנִיאֵל הוּא עוֹלֶה חָדָשׁ.	Даниэ́ль hу олé хадáш.	Даниэль — новый репатриант.	Существительные	עוֹלֶה חָדָשׁ
1759	MALE	1-е лицо м.р. (אני רוצה)	s_cb6045fdf8bc.mp3	אֲנִי קוֹרֵא עִבְרִית קַלָּה.	анӣ́ корé иврӣ́т калá.	Я читаю на простом иврите.	Существительные	עִבְרִית קַלָּה
1760	FEMALE	Женская форма (адаптация 1/2 л.)	s_cb6045fdf8bc_f.mp3	אֲנִי קוֹרֵאת עִבְרִית קַלָּה.	анӣ́ ко́рет иврӣ́т калá.	Я читаю на простом иврите.	Существительные	עִבְרִית קַלָּה
1761	FEMALE	Нейтральные / Безличные	s_cd908cca9083.mp3	בַּהַתְחָלָה הַכֹּל הָיָה קָשֶׁה.	ба-hатхалá hакóль hайá кашэ́.	Вначале всё было сложно.	Существительные	בַּהַתְחָלָה
1762	FEMALE	Нейтральные / Безличные	s_d76d38f397ce.mp3	זֶה סִיפּוּר חַיִּים מְעַנְיֵן.	зэ сипӯ́р хайӣ́м меаньéн.	Это интересная история жизни.	Существительные	סִיפּוּר חַיִּים
1763	FEMALE	Нейтральные / Безличные	s_9d1da93701f8.mp3	סִיַּמְתִּי אֶת רָמַת אָלֶף!	сийáмти эт рамáт áлеф!	Я закончил уровень Алеф!	Существительные	רָמַת אָלֶף
1764	MALE	1-е лицо м.р. (אני רוצה)	s_181bfb326aa5.mp3	אֲנִי מַתְחִיל רָמַת בֵּית.	анӣ́ матхӣ́ль рамáт бет.	Я начинаю уровень Бет.	Существительные	רָמַת בֵּית
1765	FEMALE	Женская форма (адаптация 1/2 л.)	s_181bfb326aa5_f.mp3	אֲנִי מַתְחִילָה רָמַת בֵּית.	анӣ́ матхила́ рамáт бет.	Я начинаю уровень Бет.	Существительные	רָמַת בֵּית
1766	FEMALE	Нейтральные / Безличные	s_4a8760e22d34.mp3	מָתַי תָּבוֹא אֵלַי הַיּוֹם?	матáй тавó элáй hайóм?	Когда ты придёшь ко мне сегодня?	Существительные	מָתַי
1767	FEMALE	Нейтральные / Безличные	s_cbae09c84736.mp3	יִהְיֶה בְּסֵדֶר, אֲסַדֵּר הַכֹּל.	yihyé beséder, asadér hakól.	Всё будет в порядке, я всё улажу.	Существительные	לִהְיוֹת
1768	MALE	3-е лицо м.р. (הוא / דוד)	s_1faca5769da0.mp3	הוּא רוֹצֶה לְרַאֲיֵן אוֹתָהּ.	hу роцэ́ лераайéн отáh.	Он хочет взять у неё интервью.	Существительные	לְרַאֲיֵן
1769	FEMALE	Нейтральные / Безличные	s_4652a24690d5.mp3	אֵלֶּה תְּנָאִים סוֹצְיָאלִיִּים מְצוּיָנִים.	э́ле тнаíм соцйáлийим мецуянíм.	Это отличные социальные условия.	Существительные	תְּנַאי
1770	FEMALE	Нейтральные / Безличные	s_a67328c8a66a.mp3	מָה צִפִּיּוֹת הַשָּׂכָר שֶׁלְּךָ?	ма ципийóт hасахáр шельхá?	Каковы твои зарплатные ожидания?	Существительные	צִפִּיָּה
1771	FEMALE	Нейтральные / Безличные	s_235f21218714.mp3	הַחֲנָיָה פֹּה כָּחוֹל לָבָן.	hаханайá по кахóль лавáн.	Здесь сине-белая парковка.	Существительные	כחול
1772	FEMALE	Нейтральные / Безличные	s_249dbeb9bd6e.mp3	אָסוּר לַחֲנוֹת בְּאָדוֹם לָבָן.	асýр лаханóт беадóм лавáн.	Запрещено парковаться на красно-белом.	Существительные	אדום
1773	FEMALE	Нейтральные / Безличные	s_fb693e9b27a3.mp3	קִבַּלְתִּי דּוּ"חַ חֲנָיָה הַיּוֹם.	кибáльти дýах ханайá hайóм.	Я получил штраф за парковку сегодня.	Существительные	דּוּ"חַ
1774	FEMALE	Нейтральные / Безличные	pancher_baoto.mp3	יֵשׁ לִי פַּנְצֶ'ר בָּאוֹטוֹ.	йеш ли пáнчер баóто.	У меня прокол колеса в машине.	Существительные	פַּנְצֶ'ר
1775	MALE	3-е лицо м.р. (הוא / דוד)	s_5f69d8242fa7.mp3	הוּא מְתַוּוֵךְ נַדְלָ"ן מְנוּסֶּה.	hу мэтавéх надлáн менусэ́.	Он опытный риелтор.	Существительные	מְתַוּוֵךְ נַדְלָ"ן
1776	MALE	3-е лицо м.р. (הוא / דוד)	s_7da9e4c07e5e.mp3	הוּא מַשְׁקִיעַ בְּנַדְלָ"ן בְּיִשְׂרָאֵל.	hу машкíа бенадлáн беисраэ́ль.	Он инвестирует в недвижимость в Израиле.	Существительные	נַדְלָ"ן (נִכְסֵי דְּלָא נָיְדֵי)
1777	FEMALE	Нейтральные / Безличные	s_3d7a83abe7bb.mp3	מְדוּבָּר בִּבְעָיָה קָשָׁה מְאוֹד.	медубáр би-въайá кашá меóд.	Речь идёт об очень трудной проблеме.	Существительные	דּוֹבֵר
1778	MALE	3-е лицо м.р. (הוא / דוד)	s_f861049425ce.mp3	הוּא כּוֹתֵב סֵפֶר עָלַי.	hу котéв сéфер алáй.	Он пишет книгу обо мне.	Существительные	על
1779	MALE	1-е лицо м.р. (אני רוצה)	s_68613ea16590.mp3	אֲנִי חוֹשֵׁב עָלֶיךָ הַרְבֵּה.	анӣ хошéв алéха hарбэ́.	Я много думаю о тебе.	Существительные	על
1780	FEMALE	Женская форма (адаптация 1/2 л.)	s_68613ea16590_f.mp3	אֲנִי חוֹשֶׁבֶת עָלֶיךָ הַרְבֵּה.	анӣ хоше́вет алéха hарбэ́.	Я много думаю о тебе.	Существительные	על
1781	FEMALE	Нейтральные / Безличные	s_c01ec44c24ce.mp3	הֵם מְדַבְּרִים עָלָיו עַכְשָׁו.	hем медабрӣ́м алáв ахшáв.	Они говорят о нём сейчас.	Существительные	על
1782	MALE	3-е лицо м.р. (הוא / דוד)	s_b4eee7ff49a8.mp3	הוּא עוֹשֶׂה עֲלִיָּה לְיִשְׂרָאֵל.	hу осэ́ алийá ле-йисраэ́ль.	Он совершает алию в Израиль.	Существительные	עֲלִיָּה
1783	MALE	3-е лицо м.р. (הוא / דוד)	s_6a638ecd72b4.mp3	הוּא שׁוֹמֵר עָלֵינוּ תָּמִיד.	hу шомéр алéйну тамӣ́д.	Он всегда оберегает нас.	Существительные	על
1784	MALE	1-е лицо м.р. (אני רוצה)	s_ccec8d769212.mp3	אֲנִי יוֹדֵעַ הַכֹּל עֲלֵיהֶם.	анӣ йодéа hа-коль алеhéм.	Я знаю всё о них.	Существительные	על
1785	FEMALE	Женская форма (адаптация 1/2 л.)	s_ccec8d769212_f.mp3	אֲנִי יוֹדַעַת הַכֹּל עֲלֵיהֶם.	анӣ йода́ат hа-коль алеhéм.	Я знаю всё о них.	Существительные	על
1786	FEMALE	Нейтральные / Безличные	s_960436507da1.mp3	הַקָּפֶה הַיּוֹם זֶה עָלַי!	hа-кафэ́ hа-йом зэ алáй!	Кофе сегодня за мой счёт!	Существительные	זה
1787	FEMALE	Нейтральные / Безличные	s_0931813d8d69.mp3	תַּגִּיד, מָה עוֹבֵר עָלֶיךָ?	тагӣ́д, ма овéр алéха?	Скажи, что с тобой происходит?	Существительные	מה
1788	MALE	3-е лицо м.р. (הוא / דוד)	s_56599b46269c.mp3	הוּא בָּא אֵלַי הַיּוֹם.	hу ба элáй hа-йом.	Он приходит ко мне сегодня.	Существительные	אֵל
1789	MALE	1-е лицо м.р. (אני רוצה)	s_64457f8333f7.mp3	אֲנִי בָּא אֵלֶיךָ עַכְשָׁו.	анӣ ба элéха ахшáв.	Я иду к тебе сейчас.	Существительные	אל
1790	FEMALE	Женская форма (адаптация 1/2 л.)	s_64457f8333f7_f.mp3	אֲנִי בָּאָה אֵלֶיךָ עַכְשָׁו.	анӣ баа́ элéха ахшáв.	Я иду к тебе сейчас.	Существительные	אל
1791	FEMALE	3-е лицо ж.р. (היא / שרה)	s_7e1404170d57.mp3	הִיא הוֹלֶכֶת אֵלָיו הַבַּיְתָה.	hи hолéхет элáв hа-бáйта.	Она идёт к нему домой.	Существительные	אל
1792	MALE	3-е лицо м.р. (הוא / דוד)	s_001af3bfd390.mp3	הוּא מַגִּיעַ אֵלֶיהָ עַכְשָׁו.	hу магӣ́а элéhа ахшáв.	Он приходит к ней сейчас.	Существительные	אל
1793	FEMALE	Нейтральные / Безличные	s_35fac6ee6bdc.mp3	אַתֶּם בָּאִים אֵלֵינוּ הַיּוֹם?	атéм баӣ́м элéйну hа-йом?	Вы придёте к нам сегодня?	Существительные	אל
1794	FEMALE	Нейтральные / Безличные	s_6694ad26d787.mp3	אֲנַחְנוּ נוֹסְעִים אֲלֵיהֶם מָחָר.	анáхну носъӣ́м алеhéм махáр.	Мы едем к ним завтра.	Существительные	אל
1795	FEMALE	Нейтральные / Безличные	s_69a2d789af25.mp3	אַל תֵּלֵךְ לְשָׁם בִּלְעָדַי.	аль телéх ле-шам бильъадáй.	Не ходи туда без меня.	Существительные	בלעדי
1796	MALE	1-е лицо м.р. (אני רוצה)	s_5e6cdf51d7e8.mp3	אֲנִי לֹא הוֹלֵךְ בִּלְעָדֶיךָ.	анӣ ло hолéх бильъадéха.	Я не пойду без тебя.	Существительные	בלי
1797	FEMALE	Женская форма (адаптация 1/2 л.)	s_5e6cdf51d7e8_f.mp3	אֲנִי לֹא הוֹלֶכֶת בִּלְעָדֶיךָ.	анӣ ло hоле́хет бильъадéха.	Я не пойду без тебя.	Существительные	בלי
1798	FEMALE	Нейтральные / Безличные	s_4ad3a63b7f08.mp3	אֲנַחְנוּ לֹא נוֹסְעִים בִּלְעָדָיו.	анáхну ло носъӣ́м бильъадáв.	Мы не поедем без него.	Существительные	בלי
1799	MALE	3-е лицо м.р. (הוא / דוד)	s_fb9dfd1d716a.mp3	הוּא עָמַד לְפָנַי בַּתּוֹר.	hу амáд лефанáй ба-тор.	Он стоял передо мной в очереди.	Существительные	לפני
1800	FEMALE	Нейтральные / Безличные	s_124dcf1dc473.mp3	בּוֹאוּ אַחֲרַי לַחֶדֶר הַזֶּה.	бóу ахарáй ла-хéдер hа-зэ́.	Идите за мной в эту комнату.	Существительные	אחר
1801	FEMALE	Нейтральные / Безличные	s_a58ba61e66e3.mp3	אֵין שָׁם אִישׁ מִלְּבַדִּי.	эйн шам иш мильвадӣ́.	Там никого нет, кроме меня.	Существительные	מִלְּבַדִּי
1802	FEMALE	Нейтральные / Безличные	s_f9a860b7f9ca.mp3	כּוּלָּם צוֹעֲקִים: אַחֲרַי לַצַּנְחָנִים!	кульáм цоакӣ́м: ахарáй ла-цанханӣ́м!	Все кричат: за мной в десант!	Существительные	אחר
1803	FEMALE	Нейтральные / Безличные	s_31888a1f2381.mp3	יֵשׁ לְפָנֵינוּ דֶּרֶךְ אֲרוּכָּה.	йеш лефанéйну дéрех арухá.	Перед нами долгий путь.	Существительные	לפני
1804	MALE	3-е лицо м.р. (הוא / דוד)	s_32ef60321665.mp3	הוּא הוֹלֵךְ אַחֲרֵינוּ עַכְשָׁו.	hу hолéх ахарéйну ахшáв.	Он идёт за нами сейчас.	Существительные	אחר
1805	FEMALE	Нейтральные / Безличные	s_d6a82a2ad51b.mp3	אֵחַרְתִּי מִפְּנֵי שֶׁהָיָה פְּקָק.	эхáрти мипнéй ше-hайá пкак.	Я опоздал, потому что была пробка.	Существительные	מפני
1806	FEMALE	Нейтральные / Безличные	s_9dd23e583e97.mp3	נִשְׁאַרְתִּי מִכֵּיוָון שֶׁיָּרַד גֶּשֶׁם.	нишъáрти микевáн ше-ярáд гéшем.	Я остался, так как шёл дождь.	Существительные	מכיוון
1807	FEMALE	Нейтральные / Безличные	s_abf045c96d20.mp3	בָּאתִי לַמְרוֹת שֶׁהָיִיתִי עָיֵף.	бáти ламрóт ше-hайӣ́ти айéф.	Я пришёл, несмотря на то что устал.	Существительные	למרות
1808	FEMALE	Нейтральные / Безличные	s_7d112b2b7d00.mp3	בָּאתִי, אַף-עַל-פִּי שֶׁהָיִיתִי עָיֵף.	бáти, аф-аль-пӣ́ ше-hайӣ́ти айéф.	Я пришёл, даже несмотря на то что устал.	Существительные	אַף
1809	FEMALE	Нейтральные / Безличные	s_00a2fd9c2169.mp3	הִסְבַּרְתִּי כְּדֵי שֶׁתָּבִין הֵיטֵב.	hисбáрти кдэй ше-тавӣ́н hейтéв.	Я объяснил, чтобы ты хорошо понял.	Существительные	כדי
1810	FEMALE	Нейтральные / Безличные	s_44930e0e9984.mp3	הַכֹּל קָרָה כְּפִי שֶׁאָמַרְתָּ.	hа-коль карá кефӣ́ ше-амáрта.	Всё произошло так, как ты сказал.	Существительные	כפי
1811	FEMALE	Нейтральные / Безличные	s_f84814ce4148.mp3	הִקְשַׁבְתִּי בִּזְמַן שֶׁהוּא דִּבֵּר.	hикшáвти бизмáн ше-hу дибéр.	Я слушал, пока он говорил.	Существительные	זְמַן
1812	FEMALE	Нейтральные / Безличные	s_fadfd2f7c6c9.mp3	חִכִּיתִי עַד שֶׁהוּא הִגִּיעַ.	хикӣ́ти ад ше-hу hигӣ́а.	Я ждал, пока он не пришёл.	Существительные	עד
1813	MALE	1-е лицо м.р. (אני רוצה)	s_03c964046087.mp3	אֲנִי מַסְכִּים בִּתְנַאי שֶׁתָּבוֹא.	ани маскúм битнáй ше-тавó.	Я согласен при условии, что ты придёшь.	Существительные	תְּנַאי
1814	FEMALE	Женская форма (адаптация 1/2 л.)	s_03c964046087_f.mp3	אֲנִי מַסְכִּימָה בִּתְנַאי שֶׁתָּבוֹא.	ани маскúм битнáй ше-тавó.	Я согласен при условии, что ты придёшь.	Существительные	תְּנַאי
1815	FEMALE	Нейтральные / Безличные	s_5147f3af8906.mp3	תִּתְקַשֵּׁר בְּמִקְרֶה שֶׁיֵּשׁ בְּעָיָה.	титкашéр бэ-микрé ше-йéш бэайá.	Позвони в случае, если возникнет проблема.	Существительные	מִקְרֶה
1816	FEMALE	Нейтральные / Безличные	s_9bac6f36fb1e.mp3	זֶה קַל בְּהַשְׁוָאָה לָעָבָר.	зэ каль бэ-hашваá ла-авáр.	Это легко по сравнению с прошлым.	Существительные	הַשְׁוָאָה
1817	FEMALE	Нейтральные / Безличные	s_c6872579c724.mp3	תּוֹצְאוֹת הַבְּדִיקָה הִגִּיעוּ הַיּוֹם.	тоцеóт hа-бдикá hигúу hайóм.	Результаты проверки пришли сегодня.	Существительные	תּוֹצָאָה
1818	FEMALE	Нейтральные / Безличные	s_0a10fbe43a5e.mp3	כָּל אָדָם רוֹצֶה חֵרוּת.	коль адáм роцэ́ херýт.	Каждый человек хочет свободы.	Существительные	חֵרוּת
1819	FEMALE	Нейтральные / Безличные	zahal_megen.mp3	צַהַ"ל מֵגֵן עַל הַמְּדִינָה.	Цáхаль мегéн аль hа-мединá.	ЦАХАЛ защищает страну.	Существительные	צַהַ"ל
1820	FEMALE	Нейтральные / Безличные	s_0b07915812c8.mp3	הֵם פּוֹעֲלִים לְפִי הַהַנְחָיוֹת.	hэм поалúм лефú hа-hанхайóт.	Они действуют согласно инструкциям.	Существительные	הַנְחָיָה
1821	FEMALE	Нейтральные / Безличные	s_ba8a467456c7.mp3	מִתְנַדְּבִים עוֹזְרִים לַקְּשִׁישִׁים בָּעִיר.	митнадвúм озрúм ла-кешишúм ба-úр.	Волонтёры помогают пожилым людям в городе.	Существительные	קשיש
1822	FEMALE	Нейтральные / Безличные	s_024286c0ed0a.mp3	אֵין סָפֵק שֶׁהוּא צוֹדֵק.	эйн сафéк ше-hу цодéк.	Нет сомнения, что он прав.	Существительные	אין
1823	FEMALE	Нейтральные / Безличные	s_8262b390357c.mp3	בַּסְּתָיו יֵשׁ שַׁלֶּכֶת יָפָה.	ба-стáв йéш шалéхет яфá.	Осенью красивый листопад.	Существительные	שַׁלֶּכֶת
1824	MALE	3-е лицо м.р. (הוא / דוד)	s_c688b27cc178.mp3	מִצַּד אֶחָד, הוּא צוֹדֵק.	ми-цáд эхáд, hу цодéк.	С одной стороны, он прав.	Существительные	צַד
1825	FEMALE	Нейтральные / Безличные	s_393ddd677ad9.mp3	לָמַדְנוּ אֶת תַּבְנִית הַבִּנְיָן.	ламáдну эт тавнúт hа-биньян.	Мы выучили модель биньяна.	Существительные	תַּבְנִית
1826	FEMALE	Нейтральные / Безличные	s_ff715cac3a09.mp3	זֶה בְּהֶמְשֵׁךְ לַשִּׂיחָה שֶׁלָּנוּ.	зэ бэ-hэмшéх ла-сихá шелáну.	Это в продолжение нашей беседы.	Существительные	הֶמְשֵׁךְ
1827	MALE	2-е лицо м.р. (אתה יודע)	s_3aa348c0a82d.mp3	כָּל הַכָּבוֹד, אַתָּה אַלּוּף!	коль hа-кавóд, атá алýф!	Молодец, ты чемпион!	Существительные	כֹּל
1828	FEMALE	Женская форма (адаптация 1/2 л.)	s_3aa348c0a82d_f.mp3	כָּל הַכָּבוֹד, אַתְּ אַלּוּף!	коль hа-кавóд, ат алýф!	Молодец, ты чемпион!	Существительные	כֹּל
1829	MALE	1-е лицо м.р. (אני רוצה)	s_f2f462e54a2b.mp3	אֲנִי שׁוֹתֶה קָפֶה הָפוּךְ.	анӣ шотэ́ кафé hафýх.	Я пью кофе капучино.	Существительные	קָפֶה הָפוּךְ
1830	FEMALE	Женская форма (адаптация 1/2 л.)	s_f2f462e54a2b_f.mp3	אֲנִי שׁוֹתָה קָפֶה הָפוּךְ.	анӣ шота́ кафé hафýх.	Я пью кофе капучино.	Существительные	קָפֶה הָפוּךְ
1831	MALE	2-е лицо м.р. (אתה יודע)	s_a631a4b7d3c8.mp3	אַתָּה רוֹצֶה קָפֶה שָׁחוֹר?	атá роцэ́ кафé шахóр?	Ты хочешь черный кофе?	Существительные	קָפֶה שָׁחוֹר
1832	FEMALE	Женская форма (адаптация 1/2 л.)	s_a631a4b7d3c8_f.mp3	אַתְּ רוֹצָה קָפֶה שָׁחוֹר?	ат роца́ кафé шахóр?	Ты хочешь черный кофе?	Существительные	קָפֶה שָׁחוֹר
1833	MALE	3-е лицо м.р. (הוא / דוד)	s_91c860356901.mp3	הוּא מַזְמִין קָפֶה קַר.	hу мазмӣ́н кафé кар.	Он заказывает холодный кофе.	Существительные	קָפֶה קַר
1834	MALE	1-е лицо м.р. (אני רוצה)	s_e891734c69d6.mp3	אֲנִי מְבַקֵּשׁ מַיִם קָרִים.	анӣ мевакéш мáйим карӣ́м.	Я прошу холодную воду.	Существительные	מַיִם קָרִים
1835	FEMALE	Женская форма (адаптация 1/2 л.)	s_e891734c69d6_f.mp3	אֲנִי מְבַקֶּשֶׁת מַיִם קָרִים.	анӣ меваке́шет мáйим карӣ́м.	Я прошу холодную воду.	Существительные	מַיִם קָרִים
1836	FEMALE	Нейтральные / Безличные	s_7574bf55c7dd.mp3	יֵשׁ כָּאן מִיץ תַּפּוּזִים?	йеш кан миц тапузӣ́м?	Здесь есть апельсиновый сок?	Существительные	מִיץ תַּפּוּזִים
1837	FEMALE	Нейтральные / Безличные	s_8ef4c94c671c.mp3	סְלִיחָה, אֶפְשָׁר חֶשְׁבּוֹן, בְּבַקָּשָׁה?	слихá, эфшáр хежбóн, бевакашá?	Извините, можно счет, пожалуйста?	Существительные	אֶפְשָׁר חֶשְׁבּוֹן?
1838	FEMALE	Нейтральные / Безличные	s_bb150b21e63c.mp3	הַמֶּלְצַר מֵבִיא תַּפְרִיט.	hа-мельцáр мевӣ תaфрӣ́т.	Официант приносит меню.	Существительные	מֶלְצַר
1839	FEMALE	Нейтральные / Безличные	s_be5b43c347e4.mp3	הַמֶּלְצָרִית עוֹבֶדֶת בַּמִּסְעָדָה.	hа-мельцарӣ́т овéдет ба-мисадá.	Официантка работает в ресторане.	Существительные	מֶלְצָרִית
1840	FEMALE	Нейтральные / Безличные	s_8ac87a1421a9.mp3	אֲנַחְנוּ רוֹצִים שׁוּלְחָן לִשְׁנַיִם.	анáхну роцӣ́м шульхáн лишнáим.	Мы хотим столик на двоих.	Существительные	שׁוּלְחָן לִשְׁנַיִם
1841	MALE	1-е лицо м.р. (אני רוצה)	s_ff5dc0f93c3e.mp3	אֲנִי שׁוֹתֶה תֵּה בְּלִי סוּכָּר.	анӣ шотэ́ тэ бли сукáр.	Я пью чай без сахара.	Существительные	בְּלִי סוּכָּר
1842	FEMALE	Женская форма (адаптация 1/2 л.)	s_ff5dc0f93c3e_f.mp3	אֲנִי שׁוֹתָה תֵּה בְּלִי סוּכָּר.	анӣ шота́ тэ бли сукáр.	Я пью чай без сахара.	Существительные	בְּלִי סוּכָּר
1843	FEMALE	Нейтральные / Безличные	s_031b82d8a56f.mp3	יֵשׁ לָכֶם חֲלַב שְׁקֵדִים?	йеш лахéм халáв шкедӣ́м?	У вас есть миндальное молоко?	Существительные	חֲלַב שְׁקֵדִים
1844	FEMALE	Нейтральные / Безличные	s_897b75722395.mp3	זֶה חֲלַב שִׁיבּוֹלֶת שׁוּעָל.	зэ халáв шибóлет шуáль.	Это овсяное молоко.	Существительные	חֲלַב שִׁיבּוֹלֶת שׁוּעָל
1845	FEMALE	Нейтральные / Безличные	s_b09660f674f4.mp3	הִשְׁאַרְתָּ טִיפּ לַמֶּלְצַר?	hишъáрта тип ла-мельцáр?	Ты оставил чаевые официанту?	Существительные	טִיפּ
1846	FEMALE	Нейтральные / Безличные	s_29de0d06239d.mp3	מָה הַמָּנָה הָרִאשׁוֹנָה הַיּוֹם?	ма hа-манá hа-ришонá hа-йом?	Какое сегодня первое блюдо?	Существительные	מָנָה רִאשׁוֹנָה
1847	MALE	1-е лицо м.р. (אני רוצה)	s_ca63b683029d.mp3	אֲנִי מַזְמִין מָנָה עִיקָּרִית.	анӣ мазмӣ́н манá икарӣ́т.	Я заказываю основное блюдо.	Существительные	מָנָה עִיקָּרִית
1848	FEMALE	Женская форма (адаптация 1/2 л.)	s_ca63b683029d_f.mp3	אֲנִי מַזְמִינָה מָנָה עִיקָּרִית.	анӣ мазмина́ манá икарӣ́т.	Я заказываю основное блюдо.	Существительные	מָנָה עִיקָּרִית
1849	FEMALE	Нейтральные / Безличные	s_b83cc215d216.mp3	אַתֶּם רוֹצִים קִינּוּחַ מָתוֹק?	атéм роцӣ́м кинýах матóк?	Вы хотите сладкий десерт?	Существительные	קִינּוּחַ
1850	MALE	3-е лицо м.р. (הוא / דוד)	s_a9d05f495e2e.mp3	הוּא אוֹכֵל כָּרִיךְ טָעִים.	hу охéль карӣ́х таӣ́м.	Он ест вкусный бутерброд.	Существительные	כָּרִיךְ
1851	FEMALE	Нейтральные / Безличные	s_bc72bb24967a.mp3	אֶפְשָׁר מַזְלֵג נָקִי, בְּבַקָּשָׁה?	эфшáр мазлéг накӣ́, бевакашá?	Можно чистую вилку, пожалуйста?	Существительные	מַזְלֵג
1852	FEMALE	Нейтральные / Безличные	s_23c40784104f.mp3	הַסַּכִּין הַזֶּה חַד מְאֹד.	hа-сакӣ́н hа-зэ хад меóд.	Этот нож очень острый.	Существительные	סַכִּין
1853	MALE	1-е лицо м.р. (אני רוצה)	s_b9ec9b14f227.mp3	אֲנִי צָרִיךְ כַּף גְּדוֹלָה.	анӣ царӣ́х каф гдолá.	Мне нужна большая ложка.	Существительные	כַּף
1854	FEMALE	Нейтральные / Безличные	s_828fa10c0737.mp3	תֵּן לִי מַפִּית, בְּבַקָּשָׁה.	тэн ли мапӣ́т, бевакашá.	Дай мне салфетку, пожалуйста.	Существительные	מַפִּית
1855	FEMALE	Нейтральные / Безличные	s_43bdee1c9af6.mp3	בְּתֵאָבוֹן וְלִבְרִיאוּת לָכֶם!	бетеавóн ве-ливрӣ́ут лахéм!	Приятного аппетита и на здоровье вам!	Существительные	לִבְרִיאוּת
1856	FEMALE	Нейтральные / Безличные	s_205058f23ca7.mp3	חֲדַר הָרַחְצָה נָקִי מְאֹד.	хадáр hа-рахцá накӣ́ меóд.	Ванная комната очень чистая.	Существительные	חֲדַר רַחְצָה
1857	FEMALE	Нейтральные / Безличные	s_001045651d85.mp3	סְלִיחָה, אֵיפֹה הַשֵּׁירוּתִים?	слихá, э́йфо hа-шерутӣ́м?	Извините, где туалет?	Существительные	שֵׁירוּתִים
1858	FEMALE	Нейтральные / Безличные	s_447c222484b0.mp3	יֵשׁ לָנוּ מִרְפֶּסֶת גְּדוֹלָה.	йеш лáну мирпéсет гдолá.	У нас есть большой балкон.	Существительные	מִרְפֶּסֶת
1859	FEMALE	Нейтральные / Безличные	s_65f410a55312.mp3	יֵשׁ סַפָּה נוֹחָה בַּסָּלוֹן.	йеш сапá нохá ба-салóн.	В гостиной есть удобный диван.	Существительные	סַפָּה
1860	FEMALE	Нейтральные / Безличные	s_874f46a84227.mp3	מְכוֹנַת הַכְּבִיסָה עוֹבֶדֶת עַכְשָׁיו.	мехонáт hа-квисá овéдет ахшáв.	Стиральная машина сейчас работает.	Существительные	מְכוֹנַת כְּבִיסָה
1861	FEMALE	Нейтральные / Безличные	s_0e8d3e741e7d.mp3	הָאוֹכֶל כְּבָר בַּתַּנּוּר.	hа-óхель квар ба-танýр.	Еда уже в духовке.	Существительные	תַּנּוּר
1862	MALE	1-е лицо м.р. (אני רוצה)	s_53983aac3fbe.mp3	אֲנִי מְחַמֵּם אוֹכֶל בַּמִּיקְרוֹגַל.	анӣ мехамéм óхель ба-микрогáль.	Я грею еду в микроволновке.	Существительные	מִיקְרוֹגַל
1863	FEMALE	Женская форма (адаптация 1/2 л.)	s_53983aac3fbe_f.mp3	אֲנִי מְחַמֶּמֶת אוֹכֶל בַּמִּיקְרוֹגַל.	анӣ мехаме́мет óхель ба-микрогáль.	Я грею еду в микроволновке.	Существительные	מִיקְרוֹגַל
1864	FEMALE	Нейтральные / Безличные	s_63f0cf813340.mp3	אֲנַחְנוּ רוֹאִים טֶלֶוִיזְיָה בָּעֶרֶב.	анáхну роӣ́м телеви́зья ба-э́рев.	Мы смотрим телевизор вечером.	Существительные	טֶלֶוִיזְיָה
1865	FEMALE	Нейтральные / Безличные	s_fecf69aa54d0.mp3	הַמְּנוֹרָה עַל הַשּׁוּלְחָן.	hа-менорá аль hа-шульхáн.	Лампа стоит на столе.	Существительные	מְנוֹרָה
1866	FEMALE	Нейтральные / Безличные	s_ee5c3c0b7beb.mp3	הַתְּמוּנָה תְּלוּיָה עַל הַקִּיר.	hа-тмунá тлуйá аль hа-кир.	Картина висит на стене.	Существительные	קִיר
1867	FEMALE	Нейтральные / Безличные	s_78466138b3ad.mp3	הָרִצְפָּה נְקִיָּה מְאֹד הַיּוֹם.	hа-рицпá некийá меóд hа-йом.	Пол сегодня очень чистый.	Существительные	רִצְפָּה
1868	FEMALE	Нейтральные / Безличные	s_8945547207c0.mp3	יֵשׁ שָׁטִיחַ יָפֶה בַּחֶדֶר.	йеш шатӣ́ах яфэ́ ба-хéдер.	В комнате красивый ковер.	Существительные	שָׁטִיחַ
1869	FEMALE	Нейтральные / Безличные	s_9c5c1931e991.mp3	תֵּן לִי סַבּוֹן, בְּבַקָּשָׁה.	тэн ли сабóн, бевакашá.	Дай мне мыло, пожалуйста.	Существительные	סַבּוֹן
1870	MALE	1-е лицо м.р. (אני רוצה)	s_b6f0a9740479.mp3	אֲנִי נוֹסֵעַ בָּרַכֶּבֶת הַקַּלָּה.	анӣ носéа ба-ракéвет hа-калá.	Я еду на трамвае.	Существительные	רַכֶּבֶת קַלָּה
1871	FEMALE	Женская форма (адаптация 1/2 л.)	s_b6f0a9740479_f.mp3	אֲנִי נוֹסַעַת בָּרַכֶּבֶת הַקַּלָּה.	анӣ носа́ат ба-ракéвет hа-калá.	Я еду на трамвае.	Существительные	רַכֶּבֶת קַלָּה
1872	FEMALE	Нейтральные / Безличные	s_7af34cd153d3.mp3	יֵשׁ לְךָ כַּרְטִיס רַב-קַו?	йеш лехá картӣ́с рав-кав?	У тебя есть карточка Рав-Кав?	Существительные	רַב-קַו
1873	FEMALE	Нейтральные / Безличные	s_56a9df5794aa.mp3	אֵיזֶה קַו מַגִּיעַ לַמֶּרְכָּז?	э́йзе кав магӣ́а ла-меркáз?	Какой маршрут идет в центр?	Существительные	קַו
1874	FEMALE	Нейтральные / Безличные	s_772f655e275f.mp3	הַבַּיִת שֶׁלִּי קָרוֹב מְאֹד.	hа-бáит шелӣ́ карóв меóд.	Мой дом очень близко.	Существительные	קָרוֹב
1875	FEMALE	Нейтральные / Безличные	s_4a3213f4f179.mp3	הַיָּם רָחוֹק מִכָּאן מְאֹד.	hа-ям рахóк ми-кан меóд.	Море очень далеко отсюда.	Существительные	רָחוֹק
1876	FEMALE	Нейтральные / Безличные	s_7bd4623cf1ed.mp3	אֵיךְ מַגִּיעִים לַתַּחֲנָה הַמֶּרְכָּזִית?	эйх магӣ́им ла-таханá hа-мерказӣ́т?	Как добраться до центральной автостанции?	Существительные	אֵיךְ מַגִּיעִים לְ...?
1877	FEMALE	Нейтральные / Безличные	s_b05da52f22f5.mp3	סְלִיחָה, אֵיפֹה זֶה נִמְצָא?	слихá, э́йфо зэ нимцá?	Извините, где это находится?	Существительные	אֵיפֹה זֶה?
1878	MALE	1-е лицо м.р. (אני רוצה)	s_5aa2d8b2829f.mp3	אֲנִי גָּר בְּמֶרְכַּז הָעִיר.	анӣ гар бе-меркáз hа-ӣ́р.	Я живу в центре города.	Существительные	מֶרְכָּז
1879	FEMALE	Женская форма (адаптация 1/2 л.)	s_5aa2d8b2829f_f.mp3	אֲנִי גָּרָה בְּמֶרְכַּז הָעִיר.	анӣ гара́ бе-меркáз hа-ӣ́р.	Я живу в центре города.	Существительные	מֶרְכָּז
1880	FEMALE	Нейтральные / Безличные	s_80e3e2c52889.mp3	הַכְּבִישׁ הַזֶּה עָמוּס מְאֹד.	hа-квиш hа-зэ амýс меóд.	Это шоссе очень загружено.	Существительные	כְּבִישׁ
1881	FEMALE	Нейтральные / Безличные	s_951c77db94bd.mp3	אֲנַחְנוּ הוֹלְכִים עַל הַמִּדְרָכָה.	анáхну hольхӣ́м аль hа-мидрахá.	Мы идем по тротуару.	Существительные	מִדְרָכָה
1882	FEMALE	Нейтральные / Безличные	s_582bd5e3a506.mp3	יֵשׁ כָּאן מַעֲבַר חֲצִיָּה.	йеш кан маавáр хацийá.	Здесь есть пешеходный переход.	Существительные	מַעֲבַר חֲצִיָּה
1883	FEMALE	Нейтральные / Безличные	s_c6575423e1e9.mp3	הַיּוֹם הוֹלְכִים לְחוֹף הַיָּם.	hа-йом hольхӣ́м ле-хоф hа-ям.	Сегодня идем на морской пляж.	Существительные	חוֹף יָם
1884	FEMALE	Нейтральные / Безличные	s_8fde90e59a71.mp3	זֶה פַּארְק יָפֶה מְאוֹד.	зэ парк яфэ́ меóд.	Это очень красивый парк.	Существительные	פַּארְק
1885	FEMALE	Нейтральные / Безличные	s_283e92f6edb9.mp3	זֶה נְמַל תְּעוּפָה גָּדוֹל.	зэ немáль теуфá гадóль.	Это большой аэропорт.	Существительные	נְמַל תְּעוּפָה
1886	FEMALE	Нейтральные / Безличные	s_615c19741c86.mp3	הַמָּטוֹס הַזֶּה גָּדוֹל מְאוֹד.	hа-матóс hа-зэ́ гадóль меóд.	Этот самолет очень большой.	Существительные	מָטוֹס
1887	FEMALE	Нейтральные / Безличные	s_18b65261b6d5.mp3	יֵשׁ לוֹ מְכוֹנִית חֲדָשָׁה.	йеш ло мехонӣ́т хадашá.	У него новая машина.	Существительные	מְכוֹנִית
1888	FEMALE	Нейтральные / Безличные	s_a073a8f6ab5d.mp3	זֹאת יַלְדָּה טוֹבָה מְאוֹד.	зот яльдá товá меóд.	Это очень хорошая девочка.	Существительные	יַלְדָּה
1889	FEMALE	Нейтральные / Безличные	s_80e5a05c6531.mp3	הַבַּעַל שֶׁלָּהּ עוֹבֵד פֹּה.	hа-бáаль шелáh овéд по.	Её муж работает здесь.	Существительные	בַּעַל
1890	FEMALE	3-е лицо ж.р. (היא / שרה)	s_6f2b4016d663.mp3	הִיא אִשָּׁה נֶחְמָדָה מְאוֹד.	hи ишá нехмадá меóд.	Она очень приятная женщина.	Существительные	אִשָּׁה
1891	MALE	3-е лицо м.р. (הוא / דוד)	s_73f83ba943d5.mp3	הוּא גֶּבֶר נֶחְמָד מְאוֹד.	hу гéвер нехмáд меóд.	Он очень приятный мужчина.	Существительные	גֶּבֶר
1892	MALE	3-е лицо м.р. (הוא / דוד)	s_8046781a1d08.mp3	דָּנִי הוּא חָבֵר טוֹב.	дáни hу хавéр тов.	Дани — хороший друг.	Существительные	חָבֵר
1893	MALE	3-е лицо м.р. (הוא / דוד)	s_9c006ddb7e9a.mp3	הַיּוֹם הוּא יוֹם רִאשׁוֹן.	hайóм hу йом ришóн.	Сегодня воскресенье.	Существительные	יוֹם רִאשׁוֹן
1894	FEMALE	Нейтральные / Безличные	s_7ab4bd50423d.mp3	מָחָר יִהְיֶה יוֹם שֵׁנִי.	махáр йихйé йом шенӣ́.	Завтра будет понедельник.	Существительные	יוֹם שֵׁנִי
1895	FEMALE	Нейтральные / Безличные	s_74942f5febb7.mp3	נִפָּגֵשׁ בְּיוֹם שְׁלִישִׁי בַּבּוֹקֶר.	нипагéш бе-йóм шлишӣ́ ба-бóкер.	Мы встретимся во вторник утром.	Существительные	יוֹם שְׁלִישִׁי
1896	FEMALE	Нейтральные / Безличные	s_15fe99768bd4.mp3	נִפָּגֵשׁ בְּיוֹם רְבִיעִי בָּעֶרֶב.	нипагéш бе-йóм ревиӣ́ ба-э́рев.	Мы встретимся в среду вечером.	Существительные	יוֹם רְבִיעִי
1897	MALE	1-е лицо м.р. (אני רוצה)	s_eb7f1058b721.mp3	אֲנִי לוֹמֵד בְּיוֹם חֲמִישִׁי.	анӣ́ ломéд бе-йóм хамишӣ́.	Я учусь в четверг.	Существительные	יוֹם חֲמִישִׁי
1898	FEMALE	Женская форма (адаптация 1/2 л.)	s_eb7f1058b721_f.mp3	אֲנִי לוֹמֶדֶת בְּיוֹם חֲמִישִׁי.	анӣ́ ломе́дет бе-йóм хамишӣ́.	Я учусь в четверг.	Существительные	יוֹם חֲמִישִׁי
1899	FEMALE	Нейтральные / Безличные	s_b23fe546f7f8.mp3	בְּיוֹם שִׁשִּׁי אֲנַחְנוּ נָחִים.	бе-йóм шишӣ́ анáхну нахӣ́м.	В пятницу мы отдыхаем.	Существительные	יוֹם שִׁשִּׁי
1900	FEMALE	Нейтральные / Безличные	s_bdb5e7f5c29b.mp3	סוֹף שָׁבוּעַ נָעִים לְכוּלָּם!	соф шавӯ́а наӣ́м ле-хулáм!	Приятных выходных всем!	Существительные	סוֹף שָׁבוּעַ
1901	MALE	2-е лицо м.р. (אתה יודע)	s_bc9b033910f6.mp3	מָה אַתָּה עוֹשֶׂה הַיּוֹם?	ма атá осэ́ hайóм?	Что ты делаешь сегодня?	Существительные	הַיּוֹם
1902	FEMALE	Женская форма (адаптация 1/2 л.)	s_bc9b033910f6_f.mp3	מָה אַתְּ עוֹשָׂה הַיּוֹם?	ма ат оса́ hайóм?	Что ты делаешь сегодня?	Существительные	הַיּוֹם
1903	MALE	1-е лицо м.р. (אני רוצה)	s_c794b2d08a92.mp3	אֲנִי הוֹלֵךְ הַבַּיְתָה עַכְשָׁיו.	анӣ́ hолéх hабáйта ахшáв.	Я иду домой сейчас.	Существительные	עַכְשָׁיו
1904	FEMALE	Женская форма (адаптация 1/2 л.)	s_c794b2d08a92_f.mp3	אֲנִי הוֹלֶכֶת הַבַּיְתָה עַכְשָׁיו.	анӣ́ hоле́хет hабáйта ахшáв.	Я иду домой сейчас.	Существительные	עַכְשָׁיו
1905	FEMALE	Нейтральные / Безличные	s_7d699dd64ff4.mp3	שָׁבוּעַ טוֹב לְכוּלָּם!	шавӯ́а тов ле-хулáм!	Хорошей недели всем!	Существительные	שָׁבוּעַ
1906	FEMALE	Нейтральные / Безличные	s_e228d2ccaf8f.mp3	סְלִיחָה, מָה הַשָּׁעָה עַכְשָׁיו?	слихá, ма hа-шаъá ахшáв?	Извините, который сейчас час?	Существительные	מָה הַשָּׁעָה?
1907	FEMALE	Нейтральные / Безличные	s_dd733633546a.mp3	יֵשׁ לִי חָבֵר אֶחָד.	йеш ли хавéр эхáд.	У меня есть один друг.	Существительные	אֶחָד / אַחַת
1908	FEMALE	Нейтральные / Безличные	s_e928634de004.mp3	הַשָּׁעָה עַכְשָׁיו שְׁתַּיִם בְּדִיּוּק.	hа-шаъá ахшáв штáйим бедъю́к.	Сейчас ровно два часа.	Существительные	שְׁנַיִם / שְׁתַּיִם
1909	FEMALE	Нейтральные / Безличные	s_eadc52757829.mp3	הַשָּׁעָה עַכְשָׁיו שָׁלוֹשׁ בְּדִיּוּק.	hа-шаъá ахшáв шалóш бедъю́к.	Сейчас ровно три часа.	Существительные	שְׁלוֹשָׁה / שָׁלוֹשׁ
1910	FEMALE	Нейтральные / Безличные	s_c39d4c3671a0.mp3	נִפָּגֵשׁ בְּשָׁעָה אַרְבַּע בְּדִיּוּק.	нипагéш бе-шаъá áрба бедъю́к.	Встретимся ровно в четыре часа.	Существительные	אַרְבָּעָה / אַרְבַּע
1911	FEMALE	Нейтральные / Безличные	s_c1f967ccee3b.mp3	יֵשׁ פֹּה חֲמִישָּׁה תַּלְמִידִים.	йеш по хамишá тальмидӣ́м.	Здесь пять учеников.	Существительные	חֲמִישָּׁה / חָמֵשׁ
1912	FEMALE	Нейтральные / Безличные	s_7732d338be7c.mp3	הַשָּׁעָה שֵׁשׁ בַּבּוֹקֶר עַכְשָׁיו.	hа-шаъá шеш ба-бóкер ахшáв.	Сейчас шесть часов утра.	Существительные	שִׁשָּׁה / שֵׁשׁ
1913	FEMALE	Нейтральные / Безличные	s_d42eab7c68a3.mp3	בַּשָּׁבוּעַ יֵשׁ שִׁבְעָה יָמִים.	ба-шавӯ́а йеш шивъá ямӣ́м.	В неделе семь дней.	Существительные	שִׁבְעָה / שֶׁבַע
1914	FEMALE	Нейтральные / Безличные	s_e1b81e6e4868.mp3	הַשִּׁעוּר מַתְחִיל בְּשָׁעָה שְׁמוֹנֶה.	hа-шиу́р матхӣ́ль бе-шаъá шмóнэ.	Урок начинается в восемь часов.	Существительные	שְׁמוֹנָה / שְׁמוֹנֶה
1915	FEMALE	Нейтральные / Безличные	s_456a21a4bd05.mp3	הַחֲנוּת נִפְתַּחַת בְּשָׁעָה תֵּשַׁע.	hа-ханӯ́т нифтáхат бе-шаъá тéша.	Магазин открывается в девять часов.	Существительные	תִּשְׁעָה / תֵּשַׁע
1916	FEMALE	Нейтральные / Безличные	s_068c534137bb.mp3	הַשָּׁעָה כְּבָר עֶשֶׂר בַּלַּיְלָה.	hа-шаъá квар э́сер ба-лáйла.	Уже десять часов вечера.	Существительные	עֲשָׂרָה / עֶשֶׂר
1917	FEMALE	Нейтральные / Безличные	s_233bf2159914.mp3	זֶה עוֹלֶה עֶשְׂרִים שְׁקָלִים.	зэ олé эсрӣ́м шкальӣ́м.	Это стоит двадцать шекелей.	Существительные	עֶשְׂרִים
1918	MALE	3-е лицо м.р. (הוא / דוד)	s_b5998072e145.mp3	הוּא בֶּן שְׁלוֹשִׁים הַיּוֹם.	hу бен шлошӣ́м hайóм.	Ему сегодня тридцать лет.	Существительные	שְׁלוֹשִׁים
1919	FEMALE	Нейтральные / Безличные	s_7843d9d71b51.mp3	הַנְּסִיעָה נִמְשֶׁכֶת אַרְבָּעִים דַּקּוֹת.	hа-несиá нимшéхет арбаъӣ́м дакóт.	Поездка длится сорок минут.	Существительные	אַרְבָּעִים
1920	FEMALE	Нейтральные / Безличные	s_87918a44d018.mp3	יֵשׁ בַּכִּתָּה חֲמִישִּׁים תַּלְמִידִים.	йеш ба-китá хамишӣ́м тальмидӣ́м.	В классе пятьдесят учеников.	Существительные	חֲמִישִּׁים
1921	FEMALE	Нейтральные / Безличные	s_79f7a79680ba.mp3	הַחוּלְצָה עוֹלָה מֵאָה שְׁקָלִים.	hа-хульцá олá меá шкальӣ́м.	Рубашка стоит сто шекелей.	Существительные	מֵאָה
1922	FEMALE	Нейтральные / Безличные	s_e73186d6ca2a.mp3	הַמַּחְשֵׁב עוֹלֶה אֶלֶף שְׁקָלִים.	hа-махшéв олé э́леф шкальӣ́м.	Компьютер стоит тысячу шекелей.	Существительные	אֶלֶף
1923	FEMALE	Нейтральные / Безличные	s_3d8f48355adc.mp3	תֵּן לִי יָד, בְּבַקָּשָׁה.	тен ли яд, бевакашá.	Дай мне руку, пожалуйста.	Существительные	יָד
1924	FEMALE	Нейтральные / Безличные	s_0aea83a430a4.mp3	כּוֹאֶבֶת לִי הָרֶגֶל מְאוֹד.	коэ́вет ли hа-рéгель меóд.	У меня очень болит нога.	Существительные	רֶגֶל
1925	FEMALE	Нейтральные / Безличные	s_a339c807bb26.mp3	הָאוֹזֶן שֶׁלִּי כּוֹאֶבֶת מְאוֹד.	hа-óзен шелӣ́ коэ́вет меóд.	У меня очень болит ухо.	Существительные	אוֹזֶן
1926	FEMALE	Нейтральные / Безличные	s_a795caa333ee.mp3	יֵשׁ לוֹ אַף גָּדוֹל.	йеш ло аф гадóль.	У него большой нос.	Существительные	אַף
1927	FEMALE	Нейтральные / Безличные	s_dc1861b69c50.mp3	כּוֹאֶבֶת לִי שֵׁן עַכְשָׁיו.	коэ́вет ли шен ахшáв.	У меня сейчас болит зуб.	Существительные	שֵׁן
1928	FEMALE	Нейтральные / Безличные	s_5f42aebe239f.mp3	כּוֹאֵב לִי הַגַּב מְאוֹד.	коэ́в ли hа-гав меóд.	У меня очень болит спина.	Существительные	גַּב
1929	FEMALE	Нейтральные / Безличные	s_d1b0134b92eb.mp3	הַלֵּב שֶׁלִּי דּוֹפֵק מַהֵר.	hа-лев шелӣ́ дофéк маhéр.	Мое сердце быстро стучит.	Существительные	לֵב
1930	FEMALE	Нейтральные / Безличные	s_88a60781ded9.mp3	כּוֹאֶבֶת לִי הַבֶּטֶן הַיּוֹם.	коэ́вет ли hа-бэ́тен hайóм.	У меня сегодня болит живот.	Существительные	כּוֹאֶבֶת לִי הַבֶּטֶן
1931	FEMALE	Нейтральные / Безличные	s_bdbc2e8aa361.mp3	יֵשׁ לִי חוֹם גָּבוֹהַּ.	йеш ли хом гавóаh.	У меня высокая температура.	Существительные	יֵשׁ לִי חוֹם
1932	FEMALE	3-е лицо ж.р. (היא / שרה)	s_ea0a4fdffe1a.mp3	הִיא רוֹפְאָה טוֹבָה מְאוֹד.	hи рофъá товá меóд.	Она очень хороший врач.	Существительные	רוֹפְאָה
1933	FEMALE	Нейтральные / Безличные	s_2b90c21a463f.mp3	בְּרִיאוּת זֶה הֲכִי חָשׁוּב.	бриу́т зэ hахӣ́ хашу́в.	Здоровье — это самое главное.	Существительные	בְּרִיאוּת
1934	FEMALE	Нейтральные / Безличные	s_08de590ba67f.mp3	הָאַמְבּוּלַנְס מַגִּיעַ מַהֵר מְאוֹד.	hа-áмбуланс магӣ́а маhéр меóд.	Скорая помощь приезжает очень быстро.	Существительные	אַמְבּוּלַנְס
1935	FEMALE	Нейтральные / Безличные	s_64059787de74.mp3	תַּרְגִּישׁ טוֹב, חָבֵר שֶׁלִּי!	таргӣ́ш тов, хавéр шелӣ́!	Поправляйся, мой друг!	Существительные	תַּרְגִּישׁ טוֹב
1936	FEMALE	Нейтральные / Безличные	s_f4fae4310ddd.mp3	תַּרְגִּישִׁי טוֹב וּתְנוּחִי הַרְבֵּה.	таргӣ́ши тов у-тну́хи hарбэ́.	Поправляйся и много отдыхай.	Существительные	תַּרְגִּישִׁי טוֹב
1937	FEMALE	Нейтральные / Безличные	s_22c2181470f9.mp3	הַכֹּל בְּסֵדֶר אֶצְלִי כָּעֵת.	hакóль бесéдер эцлӣ́ каэ́т.	У меня сейчас всё в порядке.	Существительные	בְּסֵדֶר
1938	FEMALE	Нейтральные / Безличные	s_cb7c6de8debd.mp3	לַחַץ הַדָּם שֶׁלּוֹ תַּקִּין.	лáхац hа-дам шелó такӣ́н.	Его кровяное давление в норме.	Существительные	לַחַץ דָּם
1939	MALE	1-е лицо м.р. (אני רוצה)	s_053ccd3eb9dd.mp3	אֲנִי רוֹצֶה לִקְבּוֹעַ תּוֹר.	анӣ́ роцэ́ ликбóа тор.	Я хочу записаться на приём.	Существительные	לִקְבּוֹעַ תּוֹר
1940	FEMALE	Женская форма (адаптация 1/2 л.)	s_053ccd3eb9dd_f.mp3	אֲנִי רוֹצָה לִקְבּוֹעַ תּוֹר.	анӣ́ роца́ ликбóа тор.	Я хочу записаться на приём.	Существительные	לִקְבּוֹעַ תּוֹר
1941	MALE	1-е лицо м.р. (אני רוצה)	s_ce97bf50befb.mp3	אֲנִי הוֹלֵךְ לְרוֹפֵא מִשְׁפָּחָה.	анӣ́ hолéх ле-рофэ́ мишпахá.	Я иду к семейному врачу.	Существительные	רוֹפֵא מִשְׁפָּחָה
1942	FEMALE	Женская форма (адаптация 1/2 л.)	s_ce97bf50befb_f.mp3	אֲנִי הוֹלֶכֶת לְרוֹפֵא מִשְׁפָּחָה.	анӣ́ hоле́хет ле-рофэ́ мишпахá.	Я иду к семейному врачу.	Существительные	רוֹפֵא מִשְׁפָּחָה
1943	FEMALE	Нейтральные / Безличные	s_b77444489f03.mp3	קִבַּלְתִּי תּוֹצָאוֹת טוֹבוֹת הַיּוֹם.	кибáльти тоцаóт товóт hа-йом.	Я получил сегодня хорошие результаты.	Существительные	תּוֹצָאוֹת
1944	FEMALE	Нейтральные / Безличные	s_c9bd836609e0.mp3	יֵשׁ לִי בִּיטּוּחַ רְפוּאִי.	йеш ли битýах рефуӣ́.	У меня есть медицинская страховка.	Существительные	בִּיטּוּחַ רְפוּאִי
1945	FEMALE	Нейтральные / Безличные	s_08b8bc575d88.mp3	יֵשׁ לָהּ דַּלֶּקֶת בַּגָּרוֹן.	йеш ла далéкет ба-гарóн.	У неё воспаление в горле.	Существительные	דַּלֶּקֶת
1946	MALE	3-е лицо м.р. (הוא / דוד)	s_7c980e91f0f9.mp3	הוּא לוֹקֵחַ אַנְטִיבִּיּוֹטִיקָה הַיּוֹם.	hу локéах антибиóтика hа-йом.	Он принимает сегодня антибиотики.	Существительные	אַנְטִיבִּיּוֹטִיקָה
1947	FEMALE	Нейтральные / Безличные	s_84785a1b9dec.mp3	עָשִׂיתִי חִיסּוּן נֶגֶד שַׁפַּעַת.	асӣ́ти хису́н нéгед шапáат.	Я сделал прививку против гриппа.	Существительные	חִיסּוּן
1948	FEMALE	3-е лицо ж.р. (היא / שרה)	s_a5439fd87503.mp3	הִיא מְנַהֶלֶת טוֹבָה מְאוֹד.	hи менаhéлет товá меóд.	Она очень хорошая руководительница.	Существительные	מְנַהֶלֶת
1949	MALE	3-е лицо м.р. (הוא / דוד)	s_ee0b6e047703.mp3	דָּנִי הוּא מְפַתֵּחַ תּוֹכְנָה.	дáни hу мефатéах тохнá.	Дани — разработчик программного обеспечения.	Существительные	מְפַתֵּחַ תּוֹכְנָה
1950	FEMALE	Нейтральные / Безличные	s_9980fd9d89d2.mp3	זֶה הַשָּׂכָר בְּרוּטוֹ שֶׁלִּי.	зэ hа-сахáр брýто шелӣ́.	Это моя зарплата брутто.	Существительные	בְּרוּטוֹ
1951	MALE	2-е лицо м.р. (אתה יודע)	s_18a6a3de2418.mp3	כַּמָּה אַתָּה מְקַבֵּל נֶטוֹ?	кáма атá мекабéль нéто?	Сколько ты получаешь нетто?	Существительные	נֶטוֹ
1952	FEMALE	Женская форма (адаптация 1/2 л.)	s_18a6a3de2418_f.mp3	כְּמֵהָה אַתְּ מְקַבֵּל נֶטוֹ?	кáма ат мекабéль нéто?	Сколько ты получаешь нетто?	Существительные	נֶטוֹ
1953	FEMALE	Нейтральные / Безличные	s_e501538d1acd.mp3	קִבַּלְתִּי תְּלוּשׁ מַשְׂכּוֹרֶת הַיּוֹם.	кибáльти тлуш маскóрет hа-йом.	Я получил сегодня расчетный листок.	Существительные	תְּלוּשׁ מַשְׂכּוֹרֶת
1954	FEMALE	Нейтральные / Безличные	s_bc1aca117900.mp3	חָתַמְתִּי עַל חוֹזֵה עֲבוֹדָה.	хатáмти аль хозэ́ аводá.	Я подписал трудовой договор.	Существительные	חוֹזֵה עֲבוֹדָה
1955	FEMALE	Нейтральные / Безличные	s_73c7a648ef27.mp3	יֵשׁ לָנוּ יְשִׁיבָה חֲשׁוּבָה.	йеш лáну йешивá хашувá.	У нас важное совещание.	Существительные	יְשִׁיבָה
1956	FEMALE	Нейтральные / Безличные	s_3911e5cf0607.mp3	יֵשׁ לָנוּ צֶוֶות נֶהֱדָר.	йеш лáну צֶוֶות неhедáр.	У нас замечательная команда.	Существительные	צֶוֶות
1957	MALE	3-е лицо м.р. (הוא / דוד)	s_85be81f351ff.mp3	הוּא עָמִית שֶׁלִּי לָעֲבוֹדָה.	hу амӣ́т шелӣ́ ла-аводá.	Он мой коллега по работе.	Существительные	עָמִית
1958	MALE	1-е лицо м.р. (אני רוצה)	s_e70aaad205e5.mp3	אֲנִי עוֹבֵד בְּמִשְׂרָה מְלֵאָה.	анӣ́ овéд бе-мисрá мелеá.	Я работаю на полную ставку.	Существительные	מִשְׂרָה מְלֵאָה
1959	FEMALE	Женская форма (адаптация 1/2 л.)	s_e70aaad205e5_f.mp3	אֲנִי עוֹבֶדֶת בְּמִשְׂרָה מְלֵאָה.	анӣ́ ове́дет бе-мисрá мелеá.	Я работаю на полную ставку.	Существительные	מִשְׂרָה מְלֵאָה
1960	FEMALE	3-е лицо ж.р. (היא / שרה)	s_b405e7387358.mp3	הִיא רוֹצָה מִשְׂרָה חֶלְקִית.	hи роцá мисрá хелькӣ́т.	Она хочет неполную ставку.	Существительные	מִשְׂרָה חֶלְקִית
1961	FEMALE	Нейтральные / Безличные	s_986dd876835d.mp3	יֵשׁ לִי עֲבוֹדָה מֵהַבַּיִת.	йеш ли аводá ме-hа-бáйт.	У меня работа из дома.	Существительные	עֲבוֹדָה מֵהַבַּיִת
1962	MALE	3-е лицо м.р. (הוא / דוד)	s_7a10888c2dcf.mp3	הוּא עוֹבֵד בְּחֶבְרַת הַי-טֶק.	hу овéд бе-хеврáт háй-тек.	Он работает в хай-тек компании.	Существительные	חֶבְרַת הַי-טֶק
1963	FEMALE	Нейтральные / Безличные	s_d653eb54ca09.mp3	זֶה סְטַארְט-אַפּ חָדָשׁ וּמַצְלִיחַ.	зэ стáрт-ап хадáш у-мацлӣ́ах.	Это новый и успешный стартап.	Существительные	סְטַארְט-אַפּ
1964	FEMALE	Нейтральные / Безличные	s_f7c285672144.mp3	זֶה פְּרוֹיֶקְט חָשׁוּב מְאוֹד.	зэ пройéкт хашу́в меóд.	Это очень важный проект.	Существительные	פְּרוֹיֶקְט
1965	FEMALE	Нейтральные / Безличные	s_878b476ea333.mp3	שְׂכַר הַדִּירָה גָּבוֹהַּ כָּאן.	схар hа-дирá гавóа кан.	Арендная плата здесь высокая.	Существительные	שְׂכַר דִּירָה
1966	FEMALE	Нейтральные / Безличные	s_3279e5f3f51c.mp3	דִּבַּרְתִּי עִם בַּעַל הַבַּיִת.	дибáрти им бáаль hа-бáйт.	Я поговорил с хозяином квартиры.	Существительные	בַּעַל הַבַּיִת
1967	FEMALE	Нейтральные / Безличные	s_832194ba29b5.mp3	שִׂילַּמְתִּי אֶת חֶשְׁבּוֹן הַחַשְׁמַל.	шилáмти эт хежбóн hа-хашмáль.	Я оплатил счет за электричество.	Существительные	חֶשְׁבּוֹן חַשְׁמַל
1968	FEMALE	Нейтральные / Безличные	s_5b7210d57a30.mp3	הִגִּיעַ חֶשְׁבּוֹן מַיִם גָּבוֹהַּ.	hигӣ́а хежбóн мáйим гавóа.	Пришел большой счет за воду.	Существительные	חֶשְׁבּוֹן מַיִם
1969	FEMALE	Нейтральные / Безличные	s_e27c4b9800cd.mp3	עָשִׂיתִי הַעֲבָרָה בַּנְקָאִית הַבּוֹקֶר.	асӣ́ти hааварá банкаӣ́т hа-бóкер.	Я сделал банковский перевод этим утром.	Существительные	הַעֲבָרָה בַּנְקָאִית
1970	FEMALE	Нейтральные / Безличные	s_acd2367e8d03.mp3	כָּתַבְתִּי צֶ׳ק לְבַעַל הַבַּיִת.	катáвти чек ле-вáаль hа-бáйт.	Я выписал чек хозяину квартиры.	Существительные	צֶ׳ק
1971	FEMALE	Нейтральные / Безличные	s_72274e4f015c.mp3	פָּתַחְתִּי הוֹרָאַת קֶבַע בַּבַּנְק.	патáхти hораáт кéва ба-банк.	Я оформил автоплатеж в банке.	Существительные	הוֹרָאַת קֶבַע
1972	FEMALE	Нейтральные / Безличные	s_8d65982ebc5a.mp3	יֵשׁ לִי תְּעוּדַת עוֹלֶה.	йеш ли теудáт олé.	У меня есть удостоверение репатрианта.	Существительные	תְּעוּדַת עוֹלֶה
1973	FEMALE	Нейтральные / Безличные	hakol_sababa.mp3	הַכֹּל סַבָּבָה, תּוֹדָה רַבָּה!	hакóль сабáба, тодá рабá!	Всё отлично, большое спасибо!	Существительные	סַבָּבָה
1974	FEMALE	Нейтральные / Безличные	s_5f2cd9e7d8e1.mp3	זוֹ חוּצְפָּה גְּדוֹלָה מְאוֹד.	зо хуцпá гдолá меóд.	Это очень большая наглость.	Существительные	חוּצְפָּה
1975	FEMALE	Нейтральные / Безличные	s_528da73abe74.mp3	הַמְּסִיבָּה הַזֹּאת הָיְתָה אֵשׁ!	hа-месибá hа-зот hайтá эш!	Эта вечеринка была просто огонь!	Существительные	אֵשׁ
1976	FEMALE	Нейтральные / Безличные	s_38ba39427d65.mp3	הָאוֹכֶל כָּאן פְּצָצָה מַמָּשׁ.	hа-óхель кан пцацá мамáш.	Еда здесь просто бомба.	Существительные	פְּצָצָה
1977	FEMALE	Нейтральные / Безличные	s_ddba7df2ccbc.mp3	אֵיזוֹ בָּאסָה שֶׁהוּא הָלַךְ.	э́йзо бáаса ше-hу hалáх.	Какой облом, что он ушел.	Существительные	בָּאסָה
1978	FEMALE	Нейтральные / Безличные	s_37f29776aeb5.mp3	אַל תַּחְפּוֹר לִי כָּל-כָּךְ.	аль тахпóр ли коль-ках.	Не грузи меня так сильно.	Существительные	חוֹפֵר
1979	FEMALE	Нейтральные / Безличные	s_bc7dcbefc682.mp3	אָמַרְתִּי אֶת זֶה סְתָם.	амáрти эт зэ стам.	Я сказал это просто так.	Существительные	סְתָם
1980	FEMALE	Нейтральные / Безличные	s_d26b5d88dcb7.mp3	יַאלְלָה, בּוֹאוּ נֵלֵךְ הַבַּיְתָה!	я́лла, бóу нелéх hабáйта!	Давайте, пошли домой!	Существительные	יַאלְלָה
1981	MALE	1-е лицо м.р. (אני רוצה)	s_aadc8dcdf9cc.mp3	אֲנִי אֶעֱזוֹר לְךָ בְּכֵיף.	анӣ́ ээзóр лехá бе-кéйф.	Я с удовольствием помогу тебе.	Существительные	בְּכֵיף
1982	FEMALE	Нейтральные / Безличные	s_de4bd83844b9.mp3	תּוֹדָה רַבָּה, כַּפָּרָה עָלֶיךָ!	тодá рабá, капарá алéха!	Большое спасибо, дорогой мой!	Существительные	כַּפָּרָה עָלֶיךָ
1983	FEMALE	Нейтральные / Безличные	s_47ca406294b9.mp3	שָׁלוֹם, מָה נִשְׁמָע הַיּוֹם?	шалóм, ма нишмá hа-йом?	Привет, как сегодня дела?	Существительные	מָה נִשְׁמָע?
1984	FEMALE	Нейтральные / Безличные	s_4d378356c295.mp3	שָׁלוֹם, מָה הוֹלֵךְ שָׁם?	шалóм, ма hолéх шам?	Привет, что там происходит?	Существительные	מָה הוֹלֵךְ?
1985	FEMALE	Нейтральные / Безличные	s_9d2b466069e9.mp3	אֵין מַצָּב שֶׁהוּא יָבוֹא.	эйн мацáв шэ-hу явó.	Исключено, что он придёт.	Существительные	אֵין מַצָּב
1986	FEMALE	Нейтральные / Безличные	s_7b2f30b964ed.mp3	אַל תֵּרֵד עָלַיו כָּכָה.	аль терéд алáв кáха.	Не наезжай на него так.	Существительные	לָרֶדֶת עַל
1987	FEMALE	Нейтральные / Безличные	s_cddb6d7e15c5.mp3	תּוֹדָה, הַכֹּל טוֹב אֶצְלִי.	тодá, hакóль тов эцлӣ́.	Спасибо, у меня всё хорошо.	Существительные	הַכֹּל טוֹב
1988	MALE	1-е лицо м.р. (אני רוצה)	s_4f5b7c11c025.mp3	אֲנִי שׁוֹמֵעַ חֲדָשׁוֹת עַכְשָׁו.	анӣ шомéа хадашóт ахшáв.	Я сейчас слушаю новости.	Существительные	חֲדָשׁוֹת
1989	FEMALE	Женская форма (адаптация 1/2 л.)	s_4f5b7c11c025_f.mp3	אֲנִי שׁוֹמַעַת חֲדָשׁוֹת עַכְשָׁו.	анӣ шома́ат хадашóт ахшáв.	Я сейчас слушаю новости.	Существительные	חֲדָשׁוֹת
1990	FEMALE	Нейтральные / Безличные	s_0bbcbd238ea7.mp3	הַכְּנֶסֶת מְאַשֶּׁרֶת אֶת הַחוֹק.	hа-кнéсет меашéрет эт hа-хок.	Кнессет утверждает закон.	Существительные	כְּנֶסֶת
1991	MALE	3-е лицо м.р. (הוא / דוד)	s_37875e73fcd9.mp3	הוּא מְשָׁרֵת בְּצַהַ"ל עַכְשָׁו.	hу мешарéт бе-цáhаль ахшáв.	Он сейчас служит в ЦАХАЛе.	Существительные	צַהַ"ל
1992	FEMALE	Нейтральные / Безличные	s_7ac237327df3.mp3	הַחַיָּל שׁוֹמֵר עַל הַגְּבוּל.	hа-хая́ль шомéр аль hа-гвуль.	Солдат охраняет границу.	Существительные	חַיָּל
1993	FEMALE	Нейтральные / Безличные	s_29b6f66e3b1f.mp3	הַחַיֶּלֶת חוֹזֶרֶת הַבַּיְתָה הַיּוֹם.	hа-хайéлет хозéрет hабáйта hайóм.	Солдатка сегодня возвращается домой.	Существительные	חַיֶּלֶת
1994	FEMALE	Нейтральные / Безличные	s_4e7c9c924a35.mp3	הַכַּלְכָּלָה בְּיִשְׂרָאֵל צוֹמַחַת עַכְשָׁו.	hа-калькалá бе-йисраэ́ль цомáхат ахшáв.	Экономика в Израиле сейчас растёт.	Существительные	כַּלְכָּלָה
1995	FEMALE	Нейтральные / Безличные	s_f0f15f86bb4c.mp3	הַמִּשְׁטָרָה שׁוֹמֶרֶת עַל הַסֵּדֶר.	hа-миштарá шомéрет аль hа-сéдер.	Полиция следит за порядком.	Существительные	מִשְׁטָרָה
1996	FEMALE	Нейтральные / Безличные	s_34ac086fbd69.mp3	הַמִּלְחָמָה הַזֹּאת תִּסְתַּיֵּם בְּקָרוֹב.	hа-мильхамá hа-зот тистайéм бе-карóв.	Эта война скоро закончится.	Существительные	מִלְחָמָה
1997	FEMALE	Нейтральные / Безличные	s_451cd1462b19.mp3	הֵם חָתְמוּ עַל הֶסְכֵּם.	hем хатмӯ́ аль hескéм.	Они подписали соглашение.	Существительные	הֶסְכֵּם
1998	FEMALE	Нейтральные / Безличные	s_717591085cb1.mp3	סְפּוֹרְט חָשׁוּב לַגּוּף שֶׁלָּנוּ.	спорт хашӯ́в ла-гуф шелáну.	Спорт важен для нашего тела.	Существительные	גּוּף
1999	FEMALE	Нейтральные / Безличные	s_38ca3938982c.mp3	הָרוֹפֵא בּוֹדֵק אֶת הָרֵיאוֹת.	hа-рофэ́ бодéк эт hа-реóт.	Врач проверяет лёгкие.	Существительные	רֵיאוֹת
2000	FEMALE	Нейтральные / Безличные	s_9e1cfdf11cc3.mp3	יֵשׁ שֶׁבֶר בָּעֶצֶם הַזֹּאת.	йеш шéвер ба-э́цем hа-зот.	В этой кости есть перелом.	Существительные	עֶצֶם
2001	FEMALE	Нейтральные / Безличные	s_52cef99c7211.mp3	יֵשׁ לוֹ עוֹר יָבֵשׁ.	йеш ло ор явéш.	У него сухая кожа.	Существительные	עוֹר
2002	FEMALE	Нейтральные / Безличные	s_d54a13eefd1e.mp3	יֵשׁ כְּאֵב חָזָק בַּגַּב.	йеш кеэ́в хазáк ба-гав.	Есть сильная боль в спине.	Существительные	כְּאֵב
2003	FEMALE	Нейтральные / Безличные	s_2f02bb06225c.mp3	יֵשׁ לָהּ סְחַרְחוֹרֶת קָשָׁה.	йеш ла схархóрет кашá.	У неё сильное головокружение.	Существительные	סְחַרְחוֹרֶת
2004	MALE	3-е лицо м.р. (הוא / דוד)	s_31ed5aa9d86a.mp3	הוּא מַרְגִּישׁ חוּלְשָׁה גְּדוֹלָה.	hу маргӣ́ш хульшá гдолá.	Он чувствует сильную слабость.	Существительные	חוּלְשָׁה
2005	FEMALE	Нейтральные / Безличные	s_576680a0a591.mp3	יֵשׁ לִי בְּחִילָה עַכְשָׁו.	йеш ли бхилá ахшáв.	Меня сейчас тошнит.	Существительные	בְּחִילָה
2006	FEMALE	Нейтральные / Безличные	s_8f14d54edb08.mp3	זֹאת הָיְתָה נְפִילָה קָשָׁה.	зот hайтá нефилá кашá.	Это было тяжёлое падение.	Существительные	נְפִילָה
2007	FEMALE	Нейтральные / Безличные	s_3af669550f47.mp3	יֵשׁ פְּצָעִים עַל הַיָּד.	йеш пцаӣ́м аль hа-йяд.	На руке есть раны.	Существительные	פְּצָעִים
2008	FEMALE	Нейтральные / Безличные	s_bb46302e1e32.mp3	יֵשׁ לוֹ נְשִׁימָה קָשָׁה.	йеш ло нешимá кашá.	У него тяжёлое дыхание.	Существительные	נְשִׁימָה
2009	FEMALE	Нейтральные / Безличные	s_35423ffe92b6.mp3	יֵשׁ לוֹ בִּלְבּוּל רַב.	йеш ло бильбӯ́ль рав.	У него сильная спутанность сознания.	Существительные	בִּלְבּוּל
2010	FEMALE	Нейтральные / Безличные	s_4ab6b3d1fc80.mp3	סַבָּא לֹא מַרְגִּישׁ טוֹב.	сáба ло маргӣ́ш тов.	Дедушка плохо себя чувствует.	Существительные	אֲנִי לֹא מַרְגִּישׁ טוֹב
2011	FEMALE	Нейтральные / Безличные	s_1e943e521059.mp3	זֶה שַׁמְפּוֹ טוֹב לַשֵּׂעָר.	зэ шампó тов ла-сеáр.	Это хороший шампунь для волос.	Существительные	שַׁמְפּוֹ
2012	FEMALE	Нейтральные / Безличные	s_d8b772546dd6.mp3	אֵיפֹה מִשְׁחַת הַשִּׁינַּיִם שֶׁלְּךָ?	э́йфо мишхáт hа-шинáйим шелха́?	Где твоя зубная паста?	Существительные	מִשְׁחַת שִׁינַּיִם
2013	FEMALE	Нейтральные / Безличные	s_f2bb5a88969c.mp3	צָרִיךְ לְהַחְלִיף אֶת הַמִּיטוּשׁ.	царӣ́х леhахлӣ́ф эт hа-митӯ́ш.	Нужно поменять подгузник.	Существительные	מִיטוּשׁ
2014	FEMALE	Нейтральные / Безличные	s_b7bf6b7efc71.mp3	זֶה מַסְרֵק חָדָשׁ שֶׁלּוֹ.	зэ масрéк хадáш шелó.	Это его новая расчёска.	Существительные	מַסְרֵק
2015	FEMALE	Нейтральные / Безличные	s_9c18f1f52e8d.mp3	שִׂים מָגֵן שֶׁמֶשׁ הַיּוֹם.	сим магéн шéмеш hайóм.	Нанеси защиту от солнца сегодня.	Существительные	מָגֵן שֶׁמֶשׁ
2016	FEMALE	Нейтральные / Безличные	s_e4174a1ef83c.mp3	הַכָּרִית הַזֹּאת נוֹחָה מְאֹד.	hа-карӣ́т hа-зот нóха меóד.	Эта подушка очень удобная.	Существительные	כָּרִית
2017	FEMALE	Нейтральные / Безличные	s_2f849a18aaaf.mp3	שִׂים שְׂמִיכָה חַמָּה עָלָיו.	сим смихá хамá алáв.	Положи тёплое одеяло на него.	Существительные	שְׂמִיכָה
2018	MALE	3-е лицо м.р. (הוא / דוד)	s_0f227669ac4e.mp3	הוּא יוֹשֵׁב בְּכִסֵּא גַּלְגַּלִּים.	hу йошéв бе-хисэ́ гальгальӣ́м.	Он сидит в инвалидном кресле.	Существительные	כִּסֵּא גַּלְגַּלִּים
2019	FEMALE	Нейтральные / Безличные	s_837476958090.mp3	סַבָּא הוֹלֵךְ עִם הֲלִיכוֹן.	сáба hолéх им hалихóн.	Дедушка ходит с ходунками.	Существительные	הֲלִיכוֹן
2020	FEMALE	Нейтральные / Безличные	s_b47e591d978d.mp3	יֵשׁ לָהּ מַקֵּל הֲלִיכָה.	йеш ла макéль hалихá.	У неё есть трость для ходьбы.	Существительные	מַקֵּל
2021	FEMALE	Нейтральные / Безличные	s_dcf0c84eec5a.mp3	נִמְדֹּד חֹם עִם מַד-חוֹם.	нимдóд хом им мад-хóм.	Измерим температуру термометром.	Существительные	מַד-חוֹם
2022	FEMALE	Нейтральные / Безличные	s_db51fc1a05f1.mp3	נִבְדֹּק לַחַץ עִם מַד-לַחַץ.	нивдóк лáхац им мад-лáхац.	Проверим давление тонометром.	Существительные	מַד-לַחַץ
2023	FEMALE	Нейтральные / Безличные	s_fd56a3260b14.mp3	הַגְּלוּקוֹמֶטֶר מוּכָן לִבְדִיקַת הַסּוּכָּר.	hа-глюкóметер мухáн ли-вдика́т hа-сукáр.	Глюкометр готов к проверке сахара.	Существительные	גְּלוּקוֹמֶטֶר
2024	FEMALE	Нейтральные / Безличные	s_eff3a4c1f154.mp3	הָרוֹפֵא מִשְׁתַּמֵּשׁ בִּסְטֶטוֹסְקוֹפּ כָּעֵת.	hа-рофэ́ миштамéш би-стетоскóп ка-э́т.	Врач сейчас слушает стетоскопом.	Существительные	סְטֶטוֹסְקוֹפּ
2025	FEMALE	Нейтральные / Безличные	s_797b39b79458.mp3	שִׂים מָרָק בִּקְעָרָה עֲמוּקָּה.	сим марáк би-кеарá амукá.	Налей суп в глубокую миску.	Существительные	קְעָרָה
2026	FEMALE	Нейтральные / Безличные	s_703be03aaf0a.mp3	תֵּן לִי כּוֹס מַיִם.	тен ли кос мáйим.	Дай мне стакан воды.	Существительные	כּוֹס
2027	FEMALE	Нейтральные / Безличные	s_1a327e57b4d7.mp3	תִּשְׁתֶּה מַיִם עִם קַשִּׁית.	тиштé мáйим им кашӣ́т.	Пей воду через трубочку.	Существительные	קַשִּׁית
2028	FEMALE	Нейтральные / Безличные	s_e517824bfe8b.mp3	לְבַשׁ סִינָר לִפְנֵי הָאוֹכֶל.	левáш синáр лифнéй hа-óхель.	Надень нагрудник перед едой.	Существительные	סִינָר
2029	FEMALE	Нейтральные / Безличные	s_350ac7818cd2.mp3	קַח טַבְלֶט אֶחָד בַּבּוֹקֶר.	ках таблéт эхáд ба-бóкер.	Прими одну таблетку утром.	Существительные	טַבְלֶט
2030	FEMALE	Нейтральные / Безличные	s_6cde1308a5eb.mp3	בְּלַע כַּמּוּסָה עִם מַיִם.	блá камусá им мáйим.	Проглоти капсулу с водой.	Существительные	כַּמּוּסָה
2031	FEMALE	Нейтральные / Безличные	s_b4168b37f2f0.mp3	זֶה מִינוּן נָכוֹן לַתְּרוּפָה.	зэ минӯ́н нахóн ла-труфá.	Это правильная дозировка лекарства.	Существительные	מִינוּן
2032	FEMALE	Нейтральные / Безличные	s_d5a890e24581.mp3	תִּשְׁתֶּה פַּרָצֵטָמוֹל כְּנֶגֶד חוֹם.	тиштé парацетамóл кнéгед хом.	Выпей парацетамол от температуры.	Существительные	פַּרָצֵטָמוֹל
2033	FEMALE	Нейтральные / Безличные	s_e9c09f5d6d73.mp3	קַח מְשַׁכֵּךְ כְּאֵב עַכְשָׁו.	ках мешакéах кеэ́в ахшáв.	Прими обезболивающее сейчас.	Существительные	מְשַׁכֵּךְ כְּאֵב
2034	FEMALE	Нейтральные / Безличные	s_24d4393f5f7b.mp3	הָאָחוֹת נוֹתֶנֶת זְרִיקָה כָּעֵת.	hа-ахóт нотéнет зрикá ка-э́т.	Медсестра сейчас делает укол.	Существительные	זְרִיקָה
2035	FEMALE	Нейтральные / Безличные	s_9034bcfaa15f.mp3	הַמְטַפֶּלֶת שָׂמָה עֲנִיבַת תַּחְבּוֹשֶׁת.	hа-метапэ́лет самá анивáт тахбóшет.	Сиделка наложила косыночную повязку.	Существительные	עֲנִיבַת תַּחְבּוֹשֶׁת
2036	FEMALE	Нейтральные / Безличные	s_0897133beb2f.mp3	צָרִיךְ לְהַחְלִיף אֶת הַתַּחְבּוֹשֶׁת.	царӣ́х леhахлӣ́ф эт hа-тахбóшет.	Нужно поменять повязку.	Существительные	תַּחְבּוֹשֶׁת
2037	MALE	3-е лицо м.р. (הוא / דוד)	s_d53ed54c46c5.mp3	הוּא הוֹלֵךְ לְפִיזְיוֹתֶרָפְּיָה הַיּוֹם.	hу hолéх ле-физйотерáпья hайóм.	Он идёт на физиотерапию сегодня.	Существительные	פִיזְיוֹתֶרָפְּיָה
2038	FEMALE	Нейтральные / Безличные	s_981b1949e76d.mp3	הָרוֹפֵא עָשָׂה לוֹ אֶקְג.	hа-рофэ́ асá ло экэгэ́.	Врач сделал ему ЭКГ.	Существительные	אֶקְג
2039	FEMALE	3-е лицо ж.р. (היא / שרה)	s_eff29ca49945.mp3	הִיא לוֹקַחַת תְּרוּפָה בַּבּוֹקֶר.	hи локáхат труфá ба-бóкер.	Она принимает лекарство утром.	Существительные	בּוֹקֶר
2040	MALE	3-е лицо м.р. (הוא / דוד)	s_38b4b2353a9a.mp3	הוּא אוֹכֵל אֲרוּחַת צוֹהֳרַיִם.	hу охéль арухáт цоhорáйим.	Он ест обед.	Существительные	אֲרוּחַת צוֹהֳרַיִם
2041	MALE	3-е лицо м.р. (הוא / דוד)	s_89e6834ebda2.mp3	הוּא נָח בָּעֶרֶב בַּבַּיִת.	hу нах ба-э́рев ба-бáйт.	Он отдыхает вечером дома.	Существительные	עֶרֶב
2042	MALE	3-е лицо м.р. (הוא / דוד)	s_7b02d85017e6.mp3	הוּא יָשַׁן הֵיטֵב בַּלַּיְלָה.	hу яшáн hейтéв ба-лáйла.	Он хорошо спал ночью.	Существительные	לַיְלָה
2043	FEMALE	Нейтральные / Безличные	s_c3f315d6b3c7.mp3	קַח כַּדּוּר לִפְנֵי אֲכִילָה.	ках кадӯ́р лифнéй ахилá.	Прими таблетку перед едой.	Существительные	לִפְנֵי אֲכִילָה
2044	FEMALE	Нейтральные / Безличные	s_9b850d11728c.mp3	שְׁתֵה מַיִם אַחֲרֵי אֲכִילָה.	штэ мáйим ахарéй ахилá.	Выпей воды после еды.	Существительные	אַחֲרֵי אֲכִילָה
2045	FEMALE	Нейтральные / Безличные	s_7dcd78cc360a.mp3	קַח שְׁתֵּי פְּעָמִים בַּיּוֹם.	ках штэй пеамӣ́м ба-йóм.	Принимай два раза в день.	Существительные	שְׁתֵּי פְּעָמִים בַּיּוֹם
2046	FEMALE	Нейтральные / Безличные	s_69d76535115b.mp3	תְּרוּפָה כָּל שְׁמוֹנֶה שָׁעוֹת.	труфá коль шмóнэ шаóт.	Лекарство каждые восемь часов.	Существительные	כָּל שְׁמוֹנֶה שָׁעוֹת
2047	MALE	2-е лицо м.р. (אתה יודע)	s_56b9fc9b43d2.mp3	שָׁלוֹם, אֵיךְ אַתָּה מַרְגִּישׁ?	шалóм, эйх атá маргӣ́ш?	Привет, как ты себя чувствуешь?	Существительные	אֵיךְ אַתָּה מַרְגִּישׁ?
2048	FEMALE	Женская форма (адаптация 1/2 л.)	s_56b9fc9b43d2_f.mp3	שָׁלוֹם, אֵיךְ אַתְּ מַרְגִּישָׁה?	шалóм, эйх ат маргиша́?	Привет, как ты себя чувствуешь?	Существительные	אֵיךְ אַתָּה מַרְגִּישׁ?
2049	FEMALE	Нейтральные / Безличные	s_56b9fc9b43d2.mp3	שָׁלוֹם, אֵיךְ אַתְּ מַרְגִּישָׁה?	шалóм, эйх ат маргишá?	Привет, как ты себя чувствуешь?	Существительные	אֵיךְ אַתְּ מַרְגִּישָׁה?
2050	FEMALE	Нейтральные / Безличные	s_7ca95692d47b.mp3	הַאִם כּוֹאֵב לְךָ עַכְשָׁיו?	hаӣ́м коэ́в лехá ахшáв?	Тебе больно сейчас?	Существительные	הַאִם כּוֹאֵב לְךָ?
2051	FEMALE	Нейтральные / Безличные	s_2a43f45ff684.mp3	תַּגִּיד, אֵיפֹה כּוֹאֵב לְךָ?	тагӣ́д, э́йфо коэ́в лехá?	Скажи, где у тебя болит?	Существительные	אֵיפֹה כּוֹאֵב לְךָ?
2052	MALE	2-е лицо м.р. (אתה יודע)	s_9a58e59083cb.mp3	אַתָּה יָכוֹל לָקוּם לְאַט?	атá яхóль лакӯ́м ле-áт?	Ты можешь медленно встать?	Существительные	אַתָּה יָכוֹל לָקוּם?
2053	FEMALE	Женская форма (адаптация 1/2 л.)	s_9a58e59083cb_f.mp3	אַתְּ יְכוֹלָה לָקוּם לְאַט?	ат йехола́ лакӯ́м ле-áт?	Ты можешь медленно встать?	Существительные	אַתָּה יָכוֹל לָקוּם?
2054	FEMALE	Нейтральные / Безличные	s_388675f32ec4.mp3	בּוֹא נִרְחַץ פָּנִים עַכְשָׁיו.	бо нирхáц панӣ́м ахшáв.	Давай умоем лицо сейчас.	Существительные	בּוֹא נִרְחַץ
2055	FEMALE	Нейтральные / Безличные	s_f58b4b01e77d.mp3	עַכְשָׁיו נֹאכַל אֲרוּחָה חַמָּה.	ахшáв нохáль арухá хамá.	Сейчас поедим горячую еду.	Существительные	עַכְשָׁיו נֹאכַל
2056	MALE	1-е лицо м.р. (אני רוצה)	s_ebf9d7a6b68d.mp3	אֲנִי אֲסַיֵּעַ לְךָ לָקוּם.	анӣ́ асайéа лехá лакӯ́м.	Я помогу тебе встать.	Существительные	אֲנִי אֲסַיֵּעַ לְךָ
2057	FEMALE	Нейтральные / Безличные	s_1bfe53af6792.mp3	אַל תִּירָא, הַכֹּל בְּסֵדֶר.	аль тирá, hа-кóль бе-сéдер.	Не бойся, всё в порядке.	Существительные	אַל תִּירָא
2058	MALE	1-е лицо м.р. (אני רוצה)	s_9553db510d1c.mp3	תֵּירָגַע, אֲנִי אִתְּךָ כָּאן.	терагá, анӣ́ итхá кан.	Успокойся, я с тобой здесь.	Существительные	תֵּירָגַע
2059	MALE	1-е лицо м.р. (אני רוצה)	s_1a368ceb6163.mp3	אַל תִּדְאַג, אֲנִי כָּאן.	аль тидъáг, анӣ́ кан.	Не волнуйся, я здесь.	Существительные	אֲנִי כָּאן
2060	MALE	1-е лицо м.р. (אני רוצה)	s_91f4686958f5.mp3	עוֹד רֶגַע אֲנִי בָּא.	од рéга анӣ́ ба.	Ещё минутку, я иду.	Существительные	עוֹד רֶגַע
2061	FEMALE	Женская форма (адаптация 1/2 л.)	s_91f4686958f5_f.mp3	עוֹד רֶגַע אֲנִי בָּאָה.	од рéга анӣ́ баа́.	Ещё минутку, я иду.	Существительные	עוֹד רֶגַע
2062	FEMALE	Нейтральные / Безличные	s_d08cf6567e10.mp3	נַעֲשֶׂה צַעַד קָטָן קָטָן.	наасэ́ цáад катáн катáн.	Сделаем совсем маленький шаг.	Существительные	קָטָן קָטָן
2063	MALE	3-е лицо м.р. (הוא / דוד)	s_2e97cd42bf25.mp3	הוּא מַרְגִּישׁ טוֹב הַיּוֹם.	hу маргӣ́ш тов hайóм.	Он чувствует себя хорошо сегодня.	Существительные	הוּא מַרְגִּישׁ טוֹב הַיּוֹם
2064	FEMALE	Нейтральные / Безличные	s_9e76e23a818c.mp3	הַאִם יֵשׁ בְּעָיָה עַכְשָׁיו?	hаӣ́м йеш беайá ахшáв?	Есть ли проблема сейчас?	Существительные	יֵשׁ בְּעָיָה
2065	FEMALE	Нейтральные / Безличные	s_8bbb786ddcf7.mp3	צָרִיךְ לִקְרֹא לְרוֹפֵא מַהֵר.	царӣ́х ликрó ле-рофэ́ маhéр.	Нужно быстро вызвать врача.	Существительные	צָרִיךְ רוֹפֵא
2066	MALE	3-е лицо м.р. (הוא / דוד)	s_d09fc63b6b57.mp3	הוּא לֹא אָכַל מֵהַבּוֹקֶר.	hу ло ахáль ме-hа-бóкер.	Он не ел с утра.	Существительные	הוּא לֹא אָכַל
2067	MALE	3-е лицо м.р. (הוא / דוד)	s_48d4189f1a3b.mp3	הוּא יָשַׁן טוֹב הַלַּיְלָה.	hу яшáн тов hа-лáйла.	Он хорошо спал этой ночью.	Существительные	הוּא יָשַׁן טוֹב
2068	FEMALE	Нейтральные / Безличные	s_bd9e44bff0f8.mp3	כְּבָר לָקַחְתִּי אֶת הַתְּרוּפָה.	квар лакáхти эт hа-труфá.	Я уже принял лекарство.	Существительные	לָקַחְתִּי אֶת הַתְּרוּפָה
2069	FEMALE	Нейтральные / Безличные	s_3244f3231c83.mp3	נַזְמִין מָגֵן דָּוִד אָדוֹם.	назмӣ́н магéн давӣ́д адóм.	Мы вызовем скорую помощь (Маген Давид Адом).	Существительные	מָגֵן דָּוִד אָדוֹם
2070	FEMALE	Нейтральные / Безличные	s_11ad89ccfc8a.mp3	הַמָּנוֹעַ פּוֹעֵל מְצוּיָן עַכְשָׁיו.	hа-манóа поэ́ль мецуйáн ахшáв.	Двигатель работает отлично сейчас.	Существительные	מָנוֹעַ
2071	FEMALE	Нейтральные / Безличные	s_59767173fb34.mp3	צָרִיךְ לִבְדּוֹק אֶת הַבַּלָּמִים.	царӣ́х ливдóк эт hа-баламӣ́м.	Нужно проверить тормоза.	Существительные	בַּלָּמִים
2072	FEMALE	Нейтральные / Безличные	s_7c28baae3eaf.mp3	הַמּוּסַכְנִיק הֶחְלִיף רְפִידוֹת בֶּלֶם.	hа-мусахнӣ́к hехлӣ́ф рефидóт бéлем.	Автомеханик заменил тормозные колодки.	Существительные	רְפִידוֹת בֶּלֶם
2073	FEMALE	Нейтральные / Безличные	s_2c4c691af255.mp3	הַמַּצְבֵּר שֶׁל הָרֶכֶב הִתְרוֹקֵן.	hа-мацбéр шель hа-рéхев hитрокéн.	Аккумулятор машины разрядился.	Существительные	מַצְבֵּר
2074	MALE	3-е лицо м.р. (הוא / דוד)	s_c5c2a844a411.mp3	הוּא מִלֵּא אֲוִויר בַּצְּמִיג.	hу милé авӣ́р ба-цмиг.	Он накачал воздух в шину.	Существительные	צְמִיג
2075	MALE	3-е лицо м.р. (הוא / דוד)	s_eacacd554301.mp3	הוּא הֶחְלִיף גַּלְגַּל בַּמּוּסָךְ.	hу hехлӣ́ф гальгáль ба-мусáх.	Он поменял колесо в автосервисе.	Существительные	גַּלְגַּל
2076	FEMALE	Нейтральные / Безличные	s_6b9ca6b956db.mp3	זֹאת תֵּיבַת הִילּוּכִים אוֹטוֹמָטִית.	зот тейвáт hилухӣ́м отомáтит.	Это автоматическая коробка передач.	Существительные	תֵּיבַת הִילּוּכִים
2077	MALE	3-е лицо м.р. (הוא / דוד)	s_8e85d4e5f748.mp3	הוּא לָחַץ עַל הַמַּצְמֵד.	hу лахáц аль hа-мацмéд.	Он нажал на сцепление.	Существительные	מַצְמֵד
2078	FEMALE	Нейтральные / Безличные	s_f3fab8b10665.mp3	יֵשׁ נְזִילָה מֵהָרַדְיָטוֹר הַזֶּה.	йеш незилá ме-hа-радйáтор hа-зэ.	Есть утечка из этого радиатора.	Существительные	רַדְיָטוֹר
2079	FEMALE	Нейтральные / Безличные	s_1da35b21eecc.mp3	צָרִיךְ לְהוֹסִיף שֶׁמֶן מָנוֹעַ.	царӣ́х леhосӣ́ф шéмен манóа.	Нужно долить моторное масло.	Существительные	שֶׁמֶן מָנוֹעַ
2080	FEMALE	Нейтральные / Безличные	s_b99153e1d328.mp3	הַמּוּסַכְנִיק הֶחְלִיף אֶת הַמַּסְנֵן.	hа-мусахнӣ́к hехлӣ́ф эт hа-маснéн.	Автомеханик заменил фильтр.	Существительные	מַסְנֵן
2081	FEMALE	Нейтральные / Безличные	s_7093005354cd.mp3	הַמַּצָּת לֹא פּוֹעֵל כָּרָאוּי.	hа-мацáт ло поэ́ль ка-раӯ́й.	Свеча зажигания работает не должным образом.	Существительные	מַצָּת
2082	MALE	3-е лицо м.р. (הוא / דוד)	s_e8d11164d841.mp3	הוּא הֶחְלִיף רְצוּעַת טַיְימִינְג.	hу hехлӣ́ф рецуáт тайминг.	Он заменил ремень ГРМ.	Существительные	רְצוּעַת טַיְימִינְג
2083	FEMALE	Нейтральные / Безличные	s_e1a8b3aceb06.mp3	הָאַלְטֶרְנָטוֹר לֹא טוֹעֵן מַצְבֵּר.	hа-альтернáтор ло тоэ́н мацбéр.	Генератор не заряжает аккумулятор.	Существительные	אַלְטֶרְנָטוֹר
2084	FEMALE	Нейтральные / Безличные	s_ee01e6b1c357.mp3	הַסְּטַרְטֶר לֹא מַתְנִיעַ כְּלָל.	hа-стáртер ло матнӣ́а клаль.	Стартер вообще не заводит.	Существительные	סְטַרְטֶר
2085	FEMALE	Нейтральные / Безличные	s_473baca9bf03.mp3	הַחְזֵק אֶת הַהֶגֶה הֵיטֵב.	hахзéк эт hа-héге hейтéв.	Держи руль крепко.	Существительные	הֶגֶה
2086	MALE	3-е лицо м.р. (הוא / דוד)	s_cc657cfcf22a.mp3	הוּא בָּדַק בּוֹלְמֵי זַעֲזוּעִים.	hу бадáк болмéй заазуӣ́м.	Он проверил амортизаторы.	Существительные	בּוֹלְמֵי זַעֲזוּעִים
2087	FEMALE	Нейтральные / Безличные	s_ba750cbc1c38.mp3	צָרִיךְ לְמַלֵּא נוֹזֵל בְּלָמִים.	царӣ́х лемалé нозéль баламӣ́м.	Нужно залить тормозную жидкость.	Существительные	נוֹזֵל בְּלָמִים
2088	FEMALE	Нейтральные / Безличные	s_50b061f9edf9.mp3	צָרִיךְ לְהוֹסִיף נוֹזֵל קִירוּר.	Царӣ́х леhосӣ́ф нозéль кирýр.	Нужно добавить охлаждающую жидкость.	Существительные	נוֹזֵל קִירוּר
2089	FEMALE	Нейтральные / Безличные	s_63a04892ee48.mp3	הַפָּנָס הַקִּדְמִי שָׁבוּר.	hа-панáс hа-кидмӣ́ шавýр.	Передняя фара разбита.	Существительные	פָּנָס
2090	FEMALE	Нейтральные / Безличные	s_e3ab15068ced.mp3	הַשִּׁמְשָׁה הַקִּדְמִית נְקִיָּה.	hа-шимшá hа-кидмӣ́т некийá.	Лобовое стекло чистое.	Существительные	שִׁמְשָׁה
2091	FEMALE	Нейтральные / Безличные	s_ec8b5e5993a4.mp3	הַמַּגְבִים לֹא עוֹבְדִים טוֹב.	hа-магвӣ́м ло овдӣ́м тов.	Дворники плохо работают.	Существительные	מַגֵּב
2092	FEMALE	Нейтральные / Безличные	s_6ef67b6ffd2a.mp3	יֵשׁ חוֹר בָּאֶגְזוֹז.	Йеш хор ба-эгзóз.	В глушителе есть дыра.	Существительные	אֶגְזוֹז / מִפְלָט
2093	FEMALE	Нейтральные / Безличные	s_01d9764329d1.mp3	יֵשׁ נֶזֶק גָּדוֹל לָרֶכֶב.	Йеш нéзек гадóль ла-рéхев.	У автомобиля большой ущерб.	Существительные	נֶזֶק
2094	FEMALE	Нейтральные / Безличные	s_990cbdcacc70.mp3	הִזְמַנּוּ חֶלְקֵי חִילּוּף לָרֶכֶב.	hизмáнну хелкéй хилýф ла-рéхев.	Мы заказали запчасти для машины.	Существительные	חֶלְקֵי חִילּוּף
2095	FEMALE	Нейтральные / Безличные	s_92fc330acd0f.mp3	תֵּן לִי מַפְתֵּחַ בְּרָגִים.	Тен ли мафтéах брагӣ́м.	Дай мне гаечный ключ.	Существительные	מַפְתֵּחַ בְּרָגִים
2096	MALE	1-е лицо м.р. (אני רוצה)	s_e96ab1874021.mp3	אֲנִי צָרִיךְ מַפְתֵּחַ שְׁוֶודִי.	Анӣ царӣ́х мафтéах швéди.	Мне нужен разводной ключ.	Существительные	מַפְתֵּחַ שְׁוֶודִי
2097	FEMALE	Женская форма (адаптация 1/2 л.)	s_e96ab1874021_f.mp3	אֲנִי צָרִיךְ מְפַתַּחַת שְׁוֶודִי.	Анӣ царӣ́х мафтéах швéди.	Мне нужен разводной ключ.	Существительные	מַפְתֵּחַ שְׁוֶודִי
2098	FEMALE	Нейтральные / Безличные	s_71855b344b88.mp3	הַמַּבְרֵג הַזֶּה קָטָן מִדַּי.	hа-маврéг hа-зэ катáн мидáй.	Эта отвёртка слишком мала.	Существительные	מַבְרֵג
2099	FEMALE	Нейтральные / Безличные	s_10973795f3c7.mp3	הַבּוֹרֶג הַזֶּה מְשׁוּחְרָר מְאוֹד.	hа-бóрег hа-зэ мешухрáр меóд.	Этот болт очень ослаблен.	Существительные	בּוֹרֶג
2100	MALE	1-е лицо м.р. (אני רוצה)	s_d4abf71b29d2.mp3	אֲנִי צָרִיךְ פְּלָיֶיר חָזָק.	Анӣ царӣ́х плáйер хазáк.	Мне нужны крепкие плоскогубцы.	Существительные	פְּלָיֶיר
2101	FEMALE	Женская форма (адаптация 1/2 л.)	s_d4abf71b29d2_f.mp3	אֲנִי צָרִיךְ פְּלָיֶיר חֲזֵקָה.	Анӣ царӣ́х плáйер хазáк.	Мне нужны крепкие плоскогубцы.	Существительные	פְּלָיֶיר
2102	FEMALE	Нейтральные / Безличные	s_836af21ba706.mp3	הָרֶכֶב עוֹמֵד עַל גַּ׳ק.	hа-рéхев омéд аль джек.	Машина стоит на домкрате.	Существительные	מַגְבֵּהַּ / גַּ׳ק
2103	FEMALE	Нейтральные / Безличные	s_6057106e63dd.mp3	הָרֶכֶב נִמְצָא עַל הַלִּיפְט.	hа-рéхев нимцá аль hа-лифт.	Машина находится на подъёмнике.	Существительные	לִיפְט
2104	FEMALE	Нейтральные / Безличные	s_954c297f210c.mp3	אֵיפֹה הַפַּטִּישׁ הַגָּדוֹל שֶׁלִּי?	Э́йфо hа-патӣ́ш hа-гадóль шелӣ́?	Где мой большой молоток?	Существительные	פַּטִּישׁ
2105	FEMALE	Нейтральные / Безличные	s_1afde4ac6492.mp3	אֵיפֹה מַד לַחַץ אֲוִויר?	Э́йфо мад лáхац авӣ́р?	Где манометр давления воздуха?	Существительные	מַד לַחַץ אֲוִויר
2106	FEMALE	Нейтральные / Безличные	s_d1314cf13e23.mp3	הַקּוֹמְפְּרֶסוֹר עוֹבֵד עַכְשָׁיו מְצוּיָן.	hа-компрéсор овéд ахшáв мецуйáн.	Компрессор сейчас отлично работает.	Существительные	קוֹמְפְּרֶסוֹר / מַדְחֵס
2107	FEMALE	Нейтральные / Безличные	s_2311670470e2.mp3	תְּחַבֵּר מַכְשִׁיר דִּיאַגְנוֹסְטִיקָה לָרֶכֶב.	Техабéр махшӣ́р диагнóстика ла-рéхев.	Подключи диагностический прибор к машине.	Существительные	מַכְשִׁיר דִּיאַגְנוֹסְטִיקָה
2108	FEMALE	Нейтральные / Безличные	s_6f7dbbea422d.mp3	הַסּוֹלְלָה שֶׁל הַמַּבְרֵגָה נִגְמְרָה.	hа-солелá шель hа-маврегá нигмерá.	Батарея шуруповёрта села.	Существительные	מַבְרֵגָה
2109	FEMALE	Нейтральные / Безличные	s_0fb751463b18.mp3	יֵשׁ לְךָ כַּבְלֵי הַתְנָעָה?	Йеш лехá кавлéй hатнаá?	У тебя есть провода для прикуривания?	Существительные	כַּבְלֵי הַתְנָעָה
2110	FEMALE	Нейтральные / Безличные	s_98265efd8d51.mp3	צָרִיךְ מַשְׁפֵּךְ לְמִלּוּי שֶׁמֶן.	Царӣ́х машпéх ле-милýй шéмен.	Нужна воронка для заливки масла.	Существительные	מַשְׁפֵּךְ
2111	FEMALE	Нейтральные / Безличные	s_985ead95146e.mp3	קָנִיתִי מֵיכַל שֶׁמֶן חָדָשׁ.	Канӣ́ти мейхáль шéмен хадáш.	Я купил новую канистру масла.	Существительные	מֵיכַל שֶׁמֶן
2112	FEMALE	Нейтральные / Безличные	s_3001c3fcbcd6.mp3	תָּשִׂים כְּפָפוֹת עֲבוֹדָה עַכְשָׁיו.	Тасӣ́м кфафóт аводá ахшáв.	Надень сейчас рабочие перчатки.	Существительные	כְּפָפוֹת עֲבוֹדָה
2113	FEMALE	Нейтральные / Безличные	s_e978b706c0f9.mp3	יֵשׁ פֹּה סְמַרְטוּטִים נְקִיִּים.	Йеш по смартутӣ́м некийӣ́м.	Здесь есть чистые тряпки.	Существительные	סְמַרְטוּט
2114	MALE	1-е лицо м.р. (אני רוצה)	s_fade63bfd34d.mp3	אֲנִי צָרִיךְ פָּנַס רֹאשׁ.	Анӣ царӣ́х панáс рош.	Мне нужен налобный фонарь.	Существительные	פָּנַס רֹאשׁ
2115	FEMALE	Нейтральные / Безличные	s_55aa6b212931.mp3	תְּהַדֵּק אֶת הַחֵלֶק בַּמֶּלְחָצַיִם.	Теhадéк эт hа-хéлек ба-мелхацáим.	Зажми деталь в тисках.	Существительные	מֶלְחָצַיִם
2116	FEMALE	Нейтральные / Безличные	s_eee1e6d16c51.mp3	אֵיפֹה מַסּוֹר הַמַּתֶּכֶת שֶׁלָּנוּ?	Э́йфо масóр hа-матéхет шелáну?	Где наша ножовка по металлу?	Существительные	מַסּוֹר מַתֶּכֶת
2117	FEMALE	Нейтральные / Безличные	s_41d0c238535e.mp3	מַד הָעוֹמֶק מַרְאֶה שְׁחִיקָה.	Мад hа-óмек маръэ́ шхикá.	Глубиномер показывает износ.	Существительные	מַד עוֹמֶק
2118	FEMALE	Нейтральные / Безличные	s_c00a957f2add.mp3	צָרִיךְ חוֹמֶר שִׁימּוּן לַבּוֹרֶג.	Царӣ́х хóмер шимýн ла-бóрег.	Нужна смазка для болта.	Существительные	חוֹמֶר שִׁימּוּן
2119	FEMALE	Нейтральные / Безличные	s_fca3a9790739.mp3	תַּפְעִיל אֶת שׁוֹאֵב הַשֶּׁמֶן.	Тафъӣ́ль эт шоэ́в hа-шéмен.	Включи установку откачки масла.	Существительные	שׁוֹאֵב שֶׁמֶן
2120	FEMALE	Нейтральные / Безличные	s_224d3342df23.mp3	תָּשִׂים מַעֲמָד תַּחַת הָרֶכֶב.	Тасӣ́м маамáд тáхат hа-рéхев.	Поставь опору под машину.	Существительные	מַעֲמָד לָרֶכֶב
2121	FEMALE	Нейтральные / Безличные	s_f11d62f0930f.mp3	תִּפְתַּח אֶת אַרְגַּז הַכֵּלִים.	Тифтáх эт аргáз hа-келӣ́м.	Открой ящик с инструментами.	Существительные	אַרְגַּז כֵּלִים
2122	FEMALE	Нейтральные / Безличные	s_2d13a8dfd171.mp3	תַּגִּיד, מָה הַבְּעָיָה בָּרֶכֶב?	Тагӣ́д, ма hа-беайá ба-рéхев?	Скажи, в чём проблема с машиной?	Существительные	מָה הַבְּעָיָה בָּרֶכֶב?
2123	FEMALE	Нейтральные / Безличные	s_ba1d920e1336.mp3	הַבּוֹקֶר הָרֶכֶב לֹא מֵנִיעַ.	hа-бóкер hа-рéхев ло менӣ́а.	Утром машина не заводится.	Существительные	הָרֶכֶב לֹא מֵנִיעַ
2124	FEMALE	Нейтральные / Безличные	s_29925d00d3b9.mp3	יֵשׁ רַעַשׁ מוּזָר מֵהַמָּנוֹעַ.	Йеш рáаш музáр ме-hа-манóа.	Из двигателя доносится странный шум.	Существительные	יֵשׁ רַעַשׁ מוּזָר מֵהַמָּנוֹעַ
2125	FEMALE	Нейтральные / Безличные	s_5e1e1e89dd89.mp3	בִּזְמַן עֲצִירָה הַבְּלָמִים חוֹרְקִים.	Бизмáн ацирá hа-бламӣ́м хоркӣ́м.	При остановке скрипят тормоза.	Существительные	הַבְּלָמִים חוֹרְקִים
2126	FEMALE	Нейтральные / Безличные	s_32dc2f2b3ffe.mp3	אֶתְמוֹל נִדְלְקָה נוּרַת מָנוֹעַ.	Этмóль нидлекá нурáт манóа.	Вчера загорелся чек двигателя.	Существительные	נִדְלְקָה נוּרַת מָנוֹעַ
2127	FEMALE	Нейтральные / Безличные	s_7085d1d39510.mp3	הַמַּצְבֵּר שֶׁלִּי הִתְרוֹקֵן לְגַמְרֵי.	hа-мацбéр шелӣ́ hитрокéн легамрéй.	Мой аккумулятор полностью разрядился.	Существительные	הַמַּצְבֵּר הִתְרוֹקֵן
2128	FEMALE	Нейтральные / Безличные	s_63b5a4c2dc35.mp3	יֵשׁ דְּלִיפַת שֶׁמֶן גְּדוֹלָה.	Йеш делифáт шéмен гдолá.	Есть большая утечка масла.	Существительные	יֵשׁ דְּלִיפַת שֶׁמֶן
2129	FEMALE	Нейтральные / Безличные	s_adf1a30edd1a.mp3	בַּנְּסִיעָה הַמָּנוֹעַ מִתְחַמֵּם מַהֵר.	Бансиá hа-манóа митхамéм маhéр.	Во время поездки мотор быстро нагревается.	Существительные	הַמָּנוֹעַ מִתְחַמֵּם מַהֵר
2130	FEMALE	Нейтральные / Безличные	s_60774e2a0b01.mp3	הִרְגַּשְׁתָּ רְעִידָה חֲזָקָה בַּהֶגֶה?	hиргáшта реъидá хазакá ба-héге?	Ты почувствовал сильную вибрацию в руле?	Существительные	הַרְגָּשַׁת רְעִידָה בַּהֶגֶה
2131	FEMALE	Нейтральные / Безличные	s_eb73d83d0516.mp3	כַּמָּה זֶה יַעֲלֶה בְּעֵרֶךְ?	Кáма зэ яалé бе-э́рех?	Сколько это примерно будет стоить?	Существительные	כַּמָּה זֶה יַעֲלֶה בְּעֵרֶךְ?
2132	FEMALE	Нейтральные / Безличные	s_a057750adf59.mp3	אֶפְשָׁר הַצָּעַת מְחִיר לְתִיקּוּן?	Эфшáр hацаáт мехӣ́р ле-тикýн?	Можно расчет стоимости ремонта?	Существительные	הַצָּעַת מְחִיר לְתִיקּוּן
2133	FEMALE	Нейтральные / Безличные	s_81262baf3497.mp3	חֵלֶק מְקוֹרִי אוֹ חֲלִיפִי?	Хéлек мекорӣ́ о халифӣ́?	Деталь оригинальная или аналог?	Существительные	חֵלֶק מְקוֹרִי אוֹ חֲלִיפִי?
2134	FEMALE	Нейтральные / Безличные	s_e8a4f25e395c.mp3	כַּמָּה זְמַן יִקַּח הַתִּיקּוּן?	Кáма зман йикáх hа-тикýн?	Сколько времени займет ремонт?	Существительные	כַּמָּה זְמַן יִקַּח הַתִּיקּוּן?
2135	FEMALE	Нейтральные / Безличные	s_e91ed534085e.mp3	הָרֶכֶב יִהְיֶה מוּכָן הַיּוֹם.	hа-рéхев йихйé мухáн hайóм.	Машина будет готова сегодня.	Существительные	הָרֶכֶב יִהְיֶה מוּכָן הַיּוֹם
2136	FEMALE	Нейтральные / Безличные	s_e2122de45b94.mp3	נִתְקַשֵּׁר כְּשֶׁזֶּה יִהְיֶה מוּכָן.	Ниткашéр кше-зэ йихйé мухáн.	Мы позвоним, когда всё будет готово.	Существительные	נִתְקַשֵּׁר אֵלֶיךָ כְּשֶׁזֶּה יִהְיֶה מוּכָן
2137	FEMALE	Нейтральные / Безличные	s_ebc6842488a5.mp3	עָשִׂיתִי טִיפּוּל עֲשֶׂרֶת אֲלָפִים.	Асӣ́ти типýль асéрет алафӣ́м.	Я сделал плановое техобслуживание.	Существительные	טִיפּוּל עֲשֶׂרֶת אֲלָפִים
2138	FEMALE	Нейтральные / Безличные	s_c1f6e60f0c2f.mp3	סִיַּמְנוּ הֲכָנָה לְטֶסְט שְׁנָתִי.	Сийáмну hаханá ле-тэст шнатӣ́.	Мы завершили подготовку к ежегодному техосмотру.	Существительные	הֲכָנָה לְטֶסְט שְׁנָתִי
2139	FEMALE	Нейтральные / Безличные	s_d97b3d3c4819.mp3	הַיּוֹם הָרֶכֶב עָבַר טֶסְט!	hайóм hа-рéхев авáр тэст!	Сегодня машина прошла техосмотр!	Существительные	הָרֶכֶב עָבַר טֶסְט
2140	FEMALE	Нейтральные / Безличные	s_f7093e241d35.mp3	יֵשׁ אַחְרָיוּת עַל הַתִּיקּוּן?	Йеш ахрайýт аль hа-тикýн?	Есть ли гарантия на ремонт?	Существительные	יֵשׁ אַחְרָיוּת עַל הַתִּיקּוּן?
2141	FEMALE	Нейтральные / Безличные	s_5941292d78cc.mp3	זֹאת חֶבְרַת בִּיטּוּחַ טוֹבָה.	Зот хеврáт битýах товá.	Это хорошая страховая компания.	Существительные	חֶבְרַת בִּיטּוּחַ
2142	FEMALE	Нейтральные / Безличные	s_fb42a74f0bfb.mp3	שַׁמַּאי הָרֶכֶב כְּבָר בָּדַק.	Шамáй hа-рéхев квар бадáк.	Автооценщик уже всё проверил.	Существительные	שַׁמַּאי רֶכֶב
2143	FEMALE	Нейтральные / Безличные	s_7c95f872fdf6.mp3	מִילֵּאתָ דּוּ"חַ תְּאוּנָה מְפוֹרָט?	Милéта дóах теунá мефорáт?	Ты заполнил подробный отчёт об аварии?	Существительные	דּוּ"חַ תְּאוּנָה
2144	MALE	3-е лицо м.р. (הוא / דוד)	s_c2cab38bb189.mp3	הָרֶכֶב הוּא טוֹטָל-לוֹס.	hа-рéхев hу тóтал лос.	Машина восстановлению не подлежит.	Существительные	טוֹטָל-לוֹס
2145	FEMALE	Нейтральные / Безличные	s_5fc1d3362c4b.mp3	קִבַּלְתָּ חֶשְׁבּוֹנִית וְקַבָּלָה בַּמּוּסָךְ?	Кибáльта хешбонӣ́т ве-кабалá ба-мусáх?	Ты получил квитанцию в автосервисе?	Существительные	חֶשְׁבּוֹנִית וְקַבָּלָה
2146	FEMALE	Нейтральные / Безличные	s_8343aedd763a.mp3	נְסִיעָה טוֹבָה וּבְטוּחָה לָכֶם!	Несиá товá у-втухá лахéм!	Хорошей и безопасной поездки вам!	Существительные	נְסִיעָה טוֹבָה וּבְטוּחָה
2147	FEMALE	Нейтральные / Безличные	s_e64425553f6d.mp3	הַיְּלָדִים יוֹשְׁבִים בַּמִּפְגָּשׁ.	hа-йеладӣ́м йошвӣ́м ба-мифгáш.	Дети сидят на утреннем сборе.	Существительные	מִפְגָּשׁ
2148	FEMALE	Нейтральные / Безличные	s_944ec03596e9.mp3	הַיְּלָדִים מְשַׂחֲקִים בֶּחָצֵר.	hа-йеладӣ́м месахакӣ́м бе-хацéр.	Дети играют во дворе.	Существительные	חָצֵר
2149	MALE	3-е лицо м.р. (הוא / דוד)	s_0dd32481ff36.mp3	הַיֶּלֶד בּוֹנֶה בְּאַרְגַּז חוֹל.	hа-йéлед бонé бе-аргáз холь.	Ребёнок строит в песочнице.	Существительные	אַרְגַּז חוֹל
2150	FEMALE	Нейтральные / Безличные	s_8f223dbf0310.mp3	זֹאת מַגְלֵשָׁה גְּדוֹלָה מְאוֹד.	Зот маглешá гдолá меóд.	Это очень большая горка.	Существительные	מַגְלֵשָׁה
2151	FEMALE	3-е лицо ж.р. (היא / שרה)	s_838f9ddcd7a5.mp3	הִיא אוֹהֶבֶת אֶת הַנַּדְנֵדָה.	hи оhéвет эт hа-наднедá.	Она любит качели.	Существительные	נַדְנֵדָה
2152	FEMALE	Нейтральные / Безличные	s_7ca15b23db60.mp3	זֶה מִשְׂחָק חָדָשׁ בַּגַּן.	Зэ мисхáк хадáш ба-ган.	Это новая игра в детском саду.	Существительные	מִשְׂחָק
2153	FEMALE	3-е лицо ж.р. (היא / שרה)	s_f205b3d6a2fa.mp3	הַיַּלְדָּה מְשַׂחֶקֶת עִם בּוּבָּה.	hа-яльдá месахéкет им бýба.	Девочка играет с куклой.	Существительные	בּוּבָּה
2154	FEMALE	Нейтральные / Безличные	s_7147ced87312.mp3	הֵם בּוֹנִים מִגְדָּל מִקּוּבִּיּוֹת.	hем бонӣ́м мигдáль ми-кубийóт.	Они строят башню из кубиков.	Существительные	קוּבִּיּוֹת
2155	FEMALE	Нейтральные / Безличные	s_ac71a0b478d9.mp3	הַיְּלָדִים מְפַסְּלִים בִּפְלַסְטֶלִינָה וּבָצֵק.	hа-йеладӣ́м мефаслӣ́м би-пластелӣ́на у-вацéк.	Дети лепят из пластилина и теста.	Существительные	פְּלַסְטֶלִינָה / בָּצֵק
2156	FEMALE	Нейтральные / Безличные	s_249afb95fa4e.mp3	קַח צְבָעִים וּתְצַיֵּר יָפֶה.	Ках цваӣ́м у-тецайéр яфé.	Возьми цветные карандаши и красиво рисуй.	Существительные	צְבָעִים
2157	FEMALE	Нейтральные / Безличные	s_450a48d3f602.mp3	אֵלֶּה טוּשִׁים צִבְעוֹנִיִּים מְאוֹד.	Éле тýшим цивъонийӣ́м меóд.	Это очень яркие фломастеры.	Существительные	טוּשִׁים
2158	FEMALE	Нейтральные / Безличные	s_f09026cc0ea0.mp3	תֵּן לִי דֶּבֶק, בְּבַקָּשָׁה.	Тен ли дéвек, бе-вакашá.	Дай мне клей, пожалуйста.	Существительные	דֶּבֶק
2159	FEMALE	Нейтральные / Безличные	s_de72224c604e.mp3	אֵלֶּה מִסְפָּרַיִם בְּטוּחוֹת לִילָדִים.	Éле миспарáйим бтухóт ле-йеладӣ́м.	Это безопасные ножницы для детей.	Существительные	מִסְפָּרַיִם
2160	FEMALE	Нейтральные / Безличные	s_b0edd47fc10d.mp3	נְצַיֵּר עַל בְּרִיסְטוֹל גָּדוֹל.	Нецайéр аль бристóль гадóль.	Нарисуем на большом ватмане.	Существительные	בְּרִיסְטוֹל
2161	FEMALE	Нейтральные / Безличные	s_31d7b63df9a0.mp3	צָרִיךְ לְהַחְלִיף לוֹ חִיתּוּל.	Царӣ́х леhахлӣ́ф ло хитýль.	Нужно поменять ему подгузник.	Существительные	חִיתּוּל
2162	FEMALE	Нейтральные / Безличные	s_790b73770258.mp3	קַח מַגְבּוֹנִים לַחִים בַּתִּיק.	Ках магбонӣ́м лахӣ́м ба-тик.	Возьми влажные салфетки в сумке.	Существительные	מַגְבּוֹנִים לַחִים
2163	FEMALE	Нейтральные / Безличные	s_e1b587661b36.mp3	אֵיפֹה הַמּוֹצֵץ שֶׁל הַתִּינוֹק?	Éйфо hа-моцéц шель hа-тинóк?	Где пустышка малыша?	Существительные	מוֹצֵץ
2164	FEMALE	Нейтральные / Безличные	s_9d662bfa3e53.mp3	הַבַּקְבּוּק מָלֵא בְּמַיִם.	hа-бакбýк малé бе-мáйим.	Бутылочка полна воды.	Существительные	בַּקְבּוּק
2165	MALE	3-е лицо м.р. (הוא / דוד)	s_0e46fe6aa475.mp3	הַיֶּלֶד יָשֵׁן עַל מִזְרָן.	hа-йéлед яшéн аль мизрáн.	Ребёнок спит на матрасе.	Существительные	מִזְרָן
2166	MALE	3-е лицо м.р. (הוא / דוד)	s_40a6701128aa.mp3	הוּא מְחַבֵּק אֶת שְׂמִיכִי.	hу мехабéк эт смӣ́хи.	Он обнимает своё одеяльце.	Существительные	שְׂמִיכִי
2167	FEMALE	Нейтральные / Безличные	s_3aaf75227d55.mp3	עַכְשָׁיו אוֹכְלִים אֲרוּחַת עֶשֶׂר.	Ахшáв охлӣ́м арухáт éсер.	Сейчас мы едим второй завтрак.	Существительные	אֲרוּחַת עֶשֶׂר
2168	FEMALE	Нейтральные / Безличные	s_1b07232f9bfd.mp3	הַיּוֹם יֵשׁ קַבָּלַת שַׁבָּת.	hайóм йеш кабалáт шабáт.	Сегодня встреча Шаббата в саду.	Существительные	קַבָּלַת שַׁבָּת
2169	FEMALE	Нейтральные / Безличные	s_95ceba5bc5f0.mp3	הֵבֵאתָ בְּגָדִים לְהַחְלָפָה לַגַּן?	hевéта бгадӣ́м ле-hахлафá ла-ган?	Ты принёс сменную одежду в садик?	Существительные	בְּגָדִים לְהַחְלָפָה
2170	FEMALE	Нейтральные / Безличные	s_d12264857435.mp3	שִׂים מִשְׂחָקִים בַּסַּלְסִילָה הַזֹּאת.	Сим мисхакӣ́м ба-сальсилá hа-зот.	Сложи игрушки в эту корзинку.	Существительные	סַלְסִילָה
2171	FEMALE	Нейтральные / Безличные	s_f0194b721c78.mp3	בּוֹקֶר טוֹב לְכוּלָּם, יְלָדִים!	Бóкер тов ле-хулáм, йеладӣ́м!	Доброе утро всем, дети!	Существительные	בּוֹקֶר טוֹב לְכוּלָּם!
2172	FEMALE	Нейтральные / Безличные	s_a990d5d086cc.mp3	בּוֹאוּ נֵשֵׁב בְּמַעְגָּל עַכְשָׁיו.	Бóу нешéв бе-маэгáль ахшáв.	Давайте сядем в круг сейчас.	Существительные	בּוֹאוּ נֵשֵׁב בְּמַעְגָּל
2173	FEMALE	Нейтральные / Безличные	s_33ed72c64452.mp3	יוֹסִי, תּוֹרְךָ עַכְשָׁיו לְשַׂחֵק.	Йóси, торхá ахшáв лесаֿхéк.	Йоси, сейчас твоя очередь играть.	Существительные	תּוֹרְךָ עַכְשָׁיו
2174	FEMALE	Нейтральные / Безличные	s_9bd0fba959c0.mp3	לֹא לְהַרְבִּיץ, מְדַבְּרִים בְּמִילִּים!	Ло леhарбӣ́ц, медабрӣ́м бе-милӣ́м!	Не драться, мы говорим словами!	Существительные	לֹא לְהַרְבִּיץ, מְדַבְּרִים בְּמִילִּים
2175	FEMALE	Нейтральные / Безличные	s_9b3bb16f3c0e.mp3	אֶפְשָׁר לְשַׁתֵּף בַּמִּשְׂחָק הַזֶּה?	Эфшáр лешатéф ба-мисхáк hа-зэ?	Можно поделиться этой игрой?	Существительные	אֶפְשָׁר לְשַׁתֵּף בַּמִּשְׂחָק?
2176	FEMALE	Нейтральные / Безличные	s_8d59a467db0c.mp3	אַל תִּדְאַג, אִמָּא תָּבוֹא.	Аль тидъáг, ӣ́ма тавó.	Не волнуйся, мама скоро придёт.	Существительные	אַל תִּדְאַג, אִמָּא תָּבוֹא בְּאַרְבַּע
2177	FEMALE	Нейтральные / Безличные	s_ddcecf2b3f95.mp3	יְלָדִים, לְמִי יֵשׁ פִּיפִּי?	Йеладӣ́м, ле-ми йеш пӣ́пи?	Дети, кто хочет в туалет?	Существительные	לְמִי יֵשׁ פִּיפִּי?
2178	FEMALE	Нейтральные / Безличные	s_648e514744cc.mp3	עַכְשָׁיו אוֹסְפִים אֶת הַמִּשְׂחָקִים!	Ахшáв осфӣ́м эт hа-мисхакӣ́м!	Сейчас собираем все игрушки!	Существительные	עַכְשָׁיו אוֹסְפִים אֶת הַמִּשְׂחָקִים
2179	FEMALE	Нейтральные / Безличные	s_b917ee7eb18e.mp3	שָׁטַפְתָּ יָדַיִם עִם סַבּוֹן?	Шатáфта ядáйим им сабóн?	Ты помыл руки с мылом?	Существительные	שָׁטַפְתָּ יָדַיִם עִם סַבּוֹן?
2180	FEMALE	Нейтральные / Безличные	s_1b3b7875cf3a.mp3	כָּל הַכָּבוֹד, אֵיזֶה יוֹפִי!	Коль hа-кавóд, éйзе йóфи!	Молодец, какая красота!	Существительные	כָּל הַכָּבוֹד, אֵיזֶה יוֹפִי!
2181	FEMALE	Нейтральные / Безличные	s_9136391f4e73.mp3	בּוֹא נְנַגֵּב אֶת הַדְּמָעוֹת.	Бо ненагéв эт hа-дмаóт.	Давай вытрем слёзы.	Существительные	בּוֹא נְנַגֵּב אֶת הַדְּמָעוֹת
2182	FEMALE	Нейтральные / Безличные	s_29284c7e7870.mp3	חִיבּוּק גָּדוֹל וְהַכֹּל עוֹבֵר!	Хибýк гадóль ве-hа-коль овéр!	Большое объятие — и всё пройдёт!	Существительные	חִיבּוּק גָּדוֹל וְהַכֹּל עוֹבֵר
2183	FEMALE	Нейтральные / Безличные	s_bf404099f9f8.mp3	עַכְשָׁיו זְמַן מְנוּחָה בַּגַּן.	Ахшáв зман менухá ба-ган.	Сейчас время отдыха в саду.	Существительные	עַכְשָׁיו זְמַן מְנוּחָה
2184	FEMALE	Нейтральные / Безличные	s_9edc283eea76.mp3	שִׂימוּ נַעֲלַיִם, יוֹצְאִים לֶחָצֵר!	Сӣ́му наалáйим, йоцъӣ́м ле-хацéр!	Надевайте обувь, выходим во двор!	Существительные	שִׂימוּ נַעֲלַיִם, יוֹצְאִים לֶחָצֵר
2185	FEMALE	Нейтральные / Безличные	s_513e976ae519.mp3	זְהִירוּת עַל הַמַּגְלֵשָׁה הַזֹּאת!	Зеhирýт аль hа-маглешá hа-зот!	Осторожно на этой горке!	Существительные	זְהִירוּת עַל הַמַּגְלֵשָׁה
2186	FEMALE	Нейтральные / Безличные	s_f4d5494dbd3e.mp3	מָה אָמַרְנוּ עַל חוֹל?	Ма амáрну аль холь?	Что мы говорили о песке?	Существительные	מָה אָמַרְנוּ עַל זְרִיקַת חוֹל?
2187	MALE	3-е лицо м.р. (הוא / דוד)	s_01f06e189a8e.mp3	הוּא אָכַל יָפֶה מְאוֹד.	hу ахáль яфé меóд.	Он очень хорошо поел.	Существительные	הוּא אָכַל יָפֶה מְאוֹד הַיּוֹם
2188	FEMALE	3-е лицо ж.р. (היא / שרה)	s_afa641c527bd.mp3	הִיא יָשְׁנָה שָׁעָה וָחֵצִי.	hи яшнá шаá ва-хéци.	Она поспала полтора часа.	Существительные	הִיא יָשְׁנָה שָׁעָה וָחֵצִי
2189	FEMALE	Нейтральные / Безличные	s_a60bbe9abc26.mp3	הָיְתָה לוֹ מַכָּה קְטַנָּה.	hайтá ло макá ктанá.	У него был небольшой ушиб.	Существительные	הָיְתָה לוֹ מַכָּה קְטַנָּה, שַׂמְנוּ קֶרַח
2190	FEMALE	Нейтральные / Безличные	s_ae15ad36ba16.mp3	צָרִיךְ לְהָבִיא חִיתּוּלִים לַגַּן.	Царӣ́х леhавӣ́ хитӯлӣ́м ла-ган.	Нужно принести подгузники в садик.	Существительные	צָרִיךְ לְהָבִיא חִיתּוּלִים לַגַּן
2191	FEMALE	Нейтральные / Безличные	s_9f61eeedfce4.mp3	נָא לְהָבִיא בְּגָדִים לְהַחְלָפָה.	На леhавӣ́ бгадӣ́м ле-hахлафá.	Пожалуйста, принесите сменную одежду.	Существительные	נָא לְהָבִיא בְּגָדִים חַמִּים לְהַחְלָפָה
2192	MALE	3-е лицо м.р. (הוא / דוד)	s_ad8ff92b0b84.mp3	הוּא אַבָּא שֶׁל שַׁבָּת.	hу áба шель шабáт.	Он — «папа Шаббата».	Существительные	הוּא הָיָה אַבָּא שֶׁל שַׁבָּת הַשָּׁבוּעַ
2193	FEMALE	Нейтральные / Безличные	s_a7a014fcd3bc.mp3	שַׁבָּת שָׁלוֹם לְכָל הַמִּשְׁפָּחָה!	Шабáт шалóм ле-холь hа-мишпахá!	Шаббат шалом всей семье!	Существительные	שַׁבָּת שָׁלוֹם לְכָל הַמִּשְׁפָּחָה!
2194	FEMALE	Нейтральные / Безличные	s_621c70905a87.mp3	נִתְרָאֶה מָחָר בַּבּוֹקֶר!	Нитраэ́ махáр ба-бóкер!	Увидимся завтра утром!	Существительные	נִתְרָאֶה מָחָר בַּבּוֹקֶר!
2195	FEMALE	Нейтральные / Безличные	s_167a7e87b128.mp3	יֵשׁ לוֹ דַּלֶּקֶת רֵיאוֹת.	Йеш ло далéкет реóт.	У него воспаление лёгких.	Существительные	דַּלֶּקֶת רֵיאוֹת
2196	FEMALE	Нейтральные / Безличные	s_e7ae505f76d7.mp3	יֵשׁ לָהּ דַּלֶּקֶת גָּרוֹן.	Йеш лаh далéкет гарóн.	У неё воспаление горла.	Существительные	דַּלֶּקֶת גָּרוֹן
2197	FEMALE	3-е лицо ж.р. (היא / שרה)	s_ad4e9870b7f5.mp3	הִיא חוֹלָה בְּשַׁפַּעַת עַכְשָׁיו.	hи холá бе-шапáат ахшáв.	Она сейчас больна гриппом.	Существительные	שַׁפַּעַת
2198	FEMALE	Нейтральные / Безличные	s_b859b92997cf.mp3	זֹאת רַק הִצְטַנְּנוּת קַלָּה.	Зот рак hицтаненӯ́т калá.	Это просто лёгкая простуда.	Существительные	הִצְטַנְּנוּת
2199	FEMALE	Нейтральные / Безличные	s_9e8fe8e3d993.mp3	יֵשׁ זִיהוּם בַּפֶּצַע הַזֶּה.	Йеш зиhӯ́м ба-пéца hа-зэ.	В этой ране инфекция.	Существительные	זִיהוּם
2200	FEMALE	Нейтральные / Безличные	s_2fbbd44d9e20.mp3	יֵשׁ לַיֶּלֶד חוֹם גָּבוֹהַּ.	Йеш ла-йéлед хом гавóа.	У ребёнка высокая температура.	Существительные	חוֹם גָּבוֹהַּ
2201	FEMALE	Нейтральные / Безличные	s_21d47e3afcc1.mp3	הָרוֹפֵא מָצָא שֶׁבֶר בָּרֶגֶל.	hа-рофé мацá шéвер ба-рéгель.	Врач обнаружил перелом в ноге.	Существительные	שֶׁבֶר
2202	FEMALE	Нейтральные / Безличные	s_0f2cd07102c4.mp3	זֶה רַק נֶקַע קַל.	Зэ рак нéка каль.	Это просто лёгкое растяжение связок.	Существительные	נֶקַע
2203	FEMALE	Нейтральные / Безличные	s_cac5baf50e96.mp3	יֵשׁ לִי אַלֶּרְגְיָה לִתְרוּפוֹת.	Йеш ли алéргйя ли-труфóт.	У меня аллергия на лекарства.	Существительные	אַלֶּרְגְּיָה
2204	FEMALE	Нейтральные / Безличные	s_aa8212b3f653.mp3	יֵשׁ לוֹ מַחֲלַת סוּכֶּרֶת.	Йеш ло махалáт сукéрет.	У него сахарный диабет.	Существительные	סוּכֶּרֶת
2205	FEMALE	Нейтральные / Безличные	s_aa4d1b97bef6.mp3	לַחַץ הַדָּם שֶׁלּוֹ גָּבוֹהַּ.	Лáхац hа-дам шелó гавóа.	Его кровяное давление высокое.	Существительные	לַחַץ דָּם גָּבוֹהַּ
2206	FEMALE	Нейтральные / Безличные	s_322b386d28b3.mp3	יֵשׁ לָהּ מִיגְרֶנָה חֲזָקָה.	Йеш лаh мигрéна хазакá.	У неё сильная мигрень.	Существительные	מִיגְרֶנָה
2207	FEMALE	Нейтральные / Безличные	s_e26a68215679.mp3	יֵשׁ לַיֶּלֶד פְּרִיחָה קַלָּה.	Йеш ла-йéлед прихá калá.	У ребёнка лёгкая сыпь.	Существительные	פְּרִיחָה
2208	FEMALE	Нейтральные / Безличные	s_a8194b9b4e66.mp3	יֵשׁ לוֹ קוֹצֶר נְשִׁימָה.	Йеш ло кóцер нешимá.	У него одышка.	Существительные	קוֹצֶר נְשִׁימָה
2209	FEMALE	Нейтральные / Безличные	s_e1d730881dc2.mp3	הַתְּרוּפָה הַזֹּאת עוֹזֶרֶת לְצָרֶבֶת.	hа-труфá hа-зот озéрет ле-царéвет.	Это лекарство помогает от изжоги.	Существительные	צַרֶבֶת
2210	FEMALE	Нейтральные / Безличные	s_25aae4239193.mp3	מַיִם עוֹזְרִים נֶגֶד עֲצִירוּת.	Мáим озрӣ́м нéгед ацирӯ́т.	Вода помогает против запора.	Существительные	עֲצִירוּת
2211	FEMALE	Нейтральные / Безличные	s_a2e2dd34e754.mp3	יֵשׁ לוֹ שִׁלְשׁוּל וְחוֹם.	Йеш ло шильшӯ́ль ве-хом.	У него понос и температура.	Существительные	שִׁלְשׁוּל
2212	FEMALE	Нейтральные / Безличные	s_b65e1c9f5eb0.mp3	זֹאת כְּוִיָּה קַלָּה בַּיָּד.	Зот квийá калá ба-яд.	Это лёгкий ожог на руке.	Существительные	כְּוִיָּה
2213	FEMALE	Нейтральные / Безличные	s_777a8529783f.mp3	הָרוֹפֵא חָבַשׁ אֶת הַפֶּצַע.	hа-рофé хавáш эт hа-пéца.	Врач перевязал рану.	Существительные	פֶּצַע
2214	MALE	3-е лицо м.р. (הוא / דוד)	s_36b1b04415aa.mp3	הוּא עָבַר שָׁבָץ מוֹחִי.	hу авáр шавáц мохӣ́.	Он перенёс инсульт.	Существительные	שָׁבָץ מוֹחִי
2215	FEMALE	Нейтральные / Безличные	s_7b424e1269b9.mp3	הָיָה לוֹ הֶתְקֵף לֵב.	hайá ло hеткéф лев.	У него был сердечный приступ.	Существительные	הֶתְקֵף לֵב
2216	FEMALE	Нейтральные / Безличные	s_42002c6db732.mp3	יֵשׁ לָהּ הַרְעָלַת קֵיבָה.	Йеш лаh hаръалáт кейвá.	У неё пищевое отравление.	Существительные	הַרְעָלַת קֵיבָה
2217	FEMALE	3-е лицо ж.р. (היא / שרה)	s_87684f6d6a8e.mp3	הִיא סוֹבֶלֶת מֵחֲרָדָה עַכְשָׁיו.	hи совéлет ме-харадá ахшáв.	Она сейчас страдает от тревожности.	Существительные	חֲרָדָה
2218	FEMALE	Нейтральные / Безличные	s_bd94002b249b.mp3	צָרִיךְ לַעֲשׂוֹת בְּדִיקַת שֶׁתֶן.	Царӣ́х лаасóт бдикáт шéтен.	Нужно сделать анализ мочи.	Существительные	בְּדִיקַת שֶׁתֶן
2219	FEMALE	Нейтральные / Безличные	s_a804fc661553.mp3	הָרוֹפֵא עָשָׂה אוּלְטְרָסָאוּנְד הַיּוֹם.	hа-рофé асá ултрасáунд hа-йом.	Врач сделал УЗИ сегодня.	Существительные	אוּלְטְרָסָאוּנְד
2220	FEMALE	Нейтральные / Безличные	s_495dc7bf7063.mp3	עָשִׂיתִי בְּדִיקַת סִי-טִי הַיּוֹם.	Асӣ́ти бдикáт си-ти hа-йом.	Я сделал КТ-обследование сегодня.	Существительные	סִי-טִי (CT)
2221	FEMALE	Нейтральные / Безличные	s_4bbd7f715551.mp3	יֵשׁ לִי הַפְנָיָה לְמוּמְחֶה.	Йеш ли hафнайá ле-мумхé.	У меня есть направление к специалисту.	Существительные	הַפְנָיָה לְמוּמְחֶה
2222	FEMALE	Нейтральные / Безличные	s_7086d3c2f3c2.mp3	שָׂמוּ לוֹ גֶּבֶס עַכְשָׁיו.	Сáму ло гéвес ахшáв.	Ему наложили гипс сейчас.	Существительные	גֶּבֶס
2223	FEMALE	Нейтральные / Безличные	s_e04301cd22e2.mp3	הָרוֹפֵא הוֹרִיד אֶת הַתְּפָרִים.	hа-рофé hорӣ́д эт hа-тфарӣ́м.	Врач снял швы.	Существительные	תֶּפֶר
2224	FEMALE	Нейтральные / Безличные	s_fa4f4463dd47.mp3	הַחוֹלֶה מְקַבֵּל עֵירוּי עַכְשָׁיו.	hа-холé мекабéль эрӯ́й ахшáв.	Пациент сейчас получает капельницу.	Существительные	עֵירוּי
2225	FEMALE	Нейтральные / Безличные	s_68f9b6e2b3dc.mp3	הָלַכְנוּ אֶל רוֹפֵא יְלָדִים.	hалáхну эль рофé йеладӣ́м.	Мы пошли к педиатру.	Существительные	רוֹפֵא יְלָדִים
2226	MALE	1-е лицо м.р. (אני רוצה)	s_5fb9c9bc338e.mp3	אֲנִי צָרִיךְ תְּעוּדַת מַחֲלָה.	Анӣ царӣ́х теудáт махалá.	Мне нужен больничный лист.	Существительные	תְּעוּדַת מַחֲלָה
2227	FEMALE	Нейтральные / Безличные	s_f301db757cbd.mp3	הָרוֹפֵא נִכְנַס לַחֲדַר נִיתּוּחַ.	hа-рофé нихнáс ла-хадáр нитӯ́ах.	Врач зашёл в операционную.	Существительные	חֲדַר נִיתּוּחַ
2228	FEMALE	Нейтральные / Безличные	s_13342f43fe26.mp3	עָשִׂינוּ בְּדִיקָה מַקְדִּימָה הַיּוֹם.	Асӣ́ну бдикá макдимá hа-йом.	Мы прошли предварительное обследование сегодня.	Существительные	בְּדִיקָה מַקְדִּימָה
2229	FEMALE	Нейтральные / Безличные	s_edc60e9416cb.mp3	קָבַעְתִּי תּוֹר לָרוֹפֵא הַיּוֹם.	Кавáъти тор ла-рофé hа-йом.	Я записался на приём к врачу сегодня.	Существительные	תּוֹר לָרוֹפֵא
2230	FEMALE	Нейтральные / Безличные	s_a5e645a472c0.mp3	בַּמֶּה אוּכַל לַעֲזוֹר לְךָ?	Бамé ухáль лаазóр лехá?	Чем я могу вам помочь?	Существительные	בַּמֶּה אוּכַל לַעֲזוֹר לְךָ?
2231	FEMALE	Нейтральные / Безличные	s_5d49d15a87ea.mp3	אֵיפֹה בְּדִיּוּק כּוֹאֵב לְךָ?	Эйфо бедйӯ́к коэ́в лехá?	Где именно у вас болит?	Существительные	אֵיפֹה בְּדִיּוּק כּוֹאֵב לְךָ?
2232	FEMALE	Нейтральные / Безличные	s_0cffc07e5835.mp3	כַּמָּה זְמַן מַרְגִּישׁ כָּכָה?	Кáма зман маргӣ́ш кáха?	Сколько времени вы так себя чувствуете?	Существительные	כַּמָּה זְמַן אַתָּה מַרְגִּישׁ כָּכָה?
2233	FEMALE	Нейтральные / Безличные	s_05f5f36425d3.mp3	תִּנְשׁוֹם עָמוֹק וְתַחֲזִיק.	Тиншóм амóк ве-тахзӣ́к.	Вдохните глубоко и задержите дыхание.	Существительные	תִּנְשׁוֹם עָמוֹק וְתַחֲזִיק
2234	FEMALE	Нейтральные / Безличные	s_72016de8b811.mp3	תִּפְתַּח אֶת הַפֶּה, בְּבַקָּשָׁה.	Тифтáх эт hа-пэ, бе-вакашá.	Откройте рот, пожалуйста.	Существительные	תִּפְתַּח אֶת הַפֶּה וְתוֹצִיא לָשׁוֹן
2235	FEMALE	Нейтральные / Безличные	s_2be5a927d1b9.mp3	תִּשְׁכַּב עַל מִיטַּת הַבְּדִיקָה.	Тишкáв аль митáт hа-бдикá.	Ложитесь на смотровую кушетку.	Существительные	תִּשְׁכַּב עַל מִיטַּת הַבְּדִיקָה
2236	FEMALE	Нейтральные / Безличные	s_adc58fbc6f81.mp3	יֵשׁ לְךָ רְגִישׁוּת לִתְרוּפוֹת?	Йеш лехá регишӯ́т ли-труфóт?	У вас есть аллергия на лекарства?	Существительные	הַאִם יֵשׁ לְךָ רְגִישׁוּת לִתְרוּפוֹת?
2237	FEMALE	Нейтральные / Безличные	s_028f4069d6cf.mp3	זֶה נִרְאֶה כְּמוֹ דַּלֶּקֶת.	Зэ ниръэ́ кмо далéкет.	Это выглядит как воспаление.	Существительные	זֶה נִרְאֶה כְּמוֹ דַּלֶּקֶת קַלָּה
2238	MALE	1-е лицо м.р. (אני רוצה)	s_30898865c69a.mp3	אֲנִי רוֹשֵׁם לְךָ אַנְטִיבִּיּוֹטִיקָה.	Анӣ рошéм лехá антибийóтика.	Я выписываю вам антибиотик.	Существительные	אֲנִי רוֹשֵׁם לְךָ אַנְטִיבִּיּוֹטִיקָה
2239	FEMALE	Женская форма (адаптация 1/2 л.)	s_30898865c69a_f.mp3	אֲנִי רוֹשֶׁמֶת לְךָ אַנְטִיבִּיּוֹטִיקָה.	Анӣ роше́мет лехá антибийóтика.	Я выписываю вам антибиотик.	Существительные	אֲנִי רוֹשֵׁם לְךָ אַנְטִיבִּיּוֹטִיקָה
2240	FEMALE	Нейтральные / Безличные	s_e717cb6e8278.mp3	חָשׁוּב לִשְׁתּוֹת הַרְבֵּה מַיִם.	Хашӯ́в лиштóт hарбé мáйим.	Важно пить много воды.	Существительные	חָשׁוּב לִשְׁתּוֹת הַרְבֵּה מַיִם
2241	FEMALE	Нейтральные / Безличные	s_f768b0aa7534.mp3	תִּשָּׁאֵר בַּמִּיטָּה שְׁלוֹשָׁה יָמִים.	тишаэ́р ба-мита́ шлоша́ ями́м.	Оставайся в постели три дня.	Существительные	תִּשָּׁאֵר בַּמִּיטָּה שְׁלוֹשָׁה יָמִים
2242	FEMALE	Нейтральные / Безличные	s_67cd505fbd08.mp3	הִנֵּה הַפְנָיָה לִבְדִיקַת דָּם.	hинэ́ hафная́ ли-вдика́т дам.	Вот направление на анализ крови.	Существительные	הִנֵּה הַפְנָיָה לִבְדִיקַת דָּם
2243	FEMALE	Нейтральные / Безличные	s_8428e67890ae.mp3	תַּחְזוֹר אֵלַי עִם הַתּוֹצָאוֹת.	тахзо́р эла́й им hа-тоцао́т.	Вернись ко мне с результатами.	Существительные	תַּחְזוֹר אֵלַי עִם הַתּוֹצָאוֹת
2244	FEMALE	Нейтральные / Безличные	s_9a9f9f20b242.mp3	תִּיגַּשׁ לַמִּיּוּן בִּגְלַל הַחוֹם.	тига́ш ла-мию́н бигла́ль hа-хо́м.	Обратись в приёмный покой из-за температуры.	Существительные	אִם הַחוֹם לֹא יוֹרֵד, תִּיגַּשׁ לַמִּיּוּן
2245	FEMALE	Нейтральные / Безличные	s_6949db1fd031.mp3	הַמַּצָּב שֶׁלְּךָ מִשְׁתַּפֵּר יָפֶה.	hа-маца́в шелха́ миштапэ́р яфэ́.	Твоё состояние хорошо улучшается.	Существительные	הַמַּצָּב שֶׁלְּךָ מִשְׁתַּפֵּר יָפֶה
2246	FEMALE	Нейтральные / Безличные	s_aee8e53d587b.mp3	לֹא לַעֲשׂוֹת מַאֲמָץ גּוּפָנִי!	ло лаасо́т маама́ц гуфани́!	Не совершать физических усилий!	Существительные	לֹא לַעֲשׂוֹת מַאֲמָץ גּוּפָנִי
2247	FEMALE	Нейтральные / Безличные	s_199bc231afa1.mp3	אַל תִּדְאַג, הַכּוֹל בְּסֵדֶר.	аль тигда́г, hа-ко́ль бе-сэ́дер.	Не волнуйся, всё в порядке.	Существительные	הַכּוֹל יִהְיֶה בְּסֵדֶר, אַל תִּדְאַג
2248	FEMALE	Нейтральные / Безличные	s_6c1a9ba084b6.mp3	רְפוּאָה שְׁלֵמָה וְתַרְגִּישׁ טוֹב!	рефуа́ шлема́ ве-тарги́ш тов!	Скорейшего выздоровления и чувствуй себя хорошо!	Существительные	רְפוּאָה שְׁלֵמָה וְתַרְגִּישׁ טוֹב
2249	MALE	1-е лицо м.р. (אני רוצה)	s_5fb9c9bc338e.mp3	אֲנִי צָרִיךְ תְּעוּדַת מַחֲלָה.	ани́ цари́х теуда́т махала́.	Мне нужна справка о болезни.	Существительные	אֲנִי צָרִיךְ תְּעוּדַת מַחֲלָה לָעֲבוֹדָה
2250	FEMALE	Нейтральные / Безличные	s_f6daa78a4b70.mp3	קַח תְּרוּפָה עִם אוֹכֶל.	ках труфа́ им о́хель.	Прими лекарство с едой.	Существительные	הַתְּרוּפָה עִם אוֹכֶל אוֹ עַל קֵיבָה רֵיקָה?
2251	FEMALE	Нейтральные / Безличные	s_04c713235805.mp3	יֵשׁ לַתְּרוּפָה תּוֹפָעוֹת לְוַאי?	йеш ла-труфа́ тофао́т лева́й?	У этого лекарства есть побочные эффекты?	Существительные	תּוֹפָעוֹת לְוַאי
2252	FEMALE	Нейтральные / Безличные	s_fb5aa0a160e3.mp3	צָרִיךְ לְהַרְבּוֹת בִּמְנוּחָה בַּבַּיִת.	цари́х леhарбо́т би-мнуха́ ба-ба́йт.	Нужно больше отдыхать дома.	Существительные	לְהַרְבּוֹת בִּמְנוּחָה
2253	FEMALE	Нейтральные / Безличные	s_ffde344978de.mp3	עָלֵינוּ לְשַׁלֵּם מַעַ״מ הַחוֹדֶשׁ.	але́йну лешале́м ма́ам hа-хо́деш.	Мы должны заплатить НДС в этом месяце.	Существительные	מַעַ״מ
2254	MALE	3-е лицо м.р. (הוא / דוד)	s_7d24acff750b.mp3	הוּא מְשַׁלֵּם מַס בְּרִיאוּת.	hу мешале́м мас бриу́т.	Он платит налог на здравоохранение.	Существительные	מַס בְּרִיאוּת
2255	FEMALE	Нейтральные / Безличные	s_9fe7dcb2c8ac.mp3	שִׁילַּמְנוּ מִקְדָּמוֹת לְמַס הַכְנָסָה.	шила́мну микдамо́т ле-ма́с hахнаса́.	Мы заплатили авансы в подоходный налог.	Существительные	מִקְדָּמוֹת
2256	FEMALE	Нейтральные / Безличные	s_8f3ba7a15c92.mp3	יֵשׁ נִיכּוּי בַּמָּקוֹר מֵהַשָּׂכָר.	йеш нику́й ба-мако́р ме-hа-саха́р.	Есть удержание у источника из зарплаты.	Существительные	נִיכּוּי בַּמָּקוֹר
2257	FEMALE	Нейтральные / Безличные	s_7cc5de7a9839.mp3	יֵשׁ לָהּ נְקוּדּוֹת זִיכּוּי.	йеш лаh некудо́т зику́й.	У неё есть льготные налоговые баллы.	Существительные	נְקוּדּוֹת זִיכּוּי
2258	FEMALE	Нейтральные / Безличные	s_d09635fc79f3.mp3	קִבַּלְתִּי הֶחְזֵר מַס גָּדוֹל.	киба́льти hехзе́р мас гадо́ль.	Я получил большой возврат налога.	Существительные	הֶחְזֵר מַס
2259	FEMALE	Нейтральные / Безличные	s_bb963667de48.mp3	שְׁנַת מַס חֲדָשָׁה הִתְחִילָה.	шнат мас хадаша́ hитхи́ла.	Начался новый налоговый год.	Существительные	שְׁנַת מַס
2260	FEMALE	Нейтральные / Безличные	s_6b8f917626fc.mp3	זֹאת הוֹצָאָה מוּכֶּרֶת לְמַס.	зот hоцаа́ мукэ́рет ле-ма́с.	Это признанный налогом расход.	Существительные	הוֹצָאָה מוּכֶּרֶת
2261	FEMALE	Нейтральные / Безличные	s_9e6efa3af827.mp3	זֹאת הוֹצָאָה עִסְקִית הֶכְרֵחִית.	зот hоцаа́ иски́т hэхрехи́т.	Это необходимый деловой расход.	Существительные	הוֹצָאָה עִסְקִית
2262	FEMALE	Нейтральные / Безличные	s_951d262d91ce.mp3	חִשַּׁבְנוּ אֶת הַפְּחָת הַשְּׁנָתִי.	хиша́вну эт hа-пха́т hа-шнати́.	Мы рассчитали годовую амортизацию.	Существительные	פְּחָת
2263	MALE	3-е лицо м.р. (הוא / דוד)	s_76f0883874d4.mp3	הוּא שִׁילֵּם קְנָס כָּבֵד.	hу шиле́м кнас кавэ́д.	Он заплатил большой штраф.	Существительные	קְנָס
2264	FEMALE	Нейтральные / Безличные	s_c6c225874f35.mp3	הִגִּיעָה שׁוּמַת מַס סוֹפִית.	hиги́а шума́т мас софи́т.	Пришло окончательное налоговое извещение.	Существительные	שׁוּמַת מַס
2265	FEMALE	Нейтральные / Безличные	s_6fc15fc2cc5f.mp3	פְּקִיד שׁוּמָה בָּדַק אוֹתָנוּ.	пкид шума́ бада́к ота́ну.	Налоговый инспектор проверил нас.	Существительные	פְּקִיד שׁוּמָה
2266	FEMALE	Нейтральные / Безличные	s_10733964f1e4.mp3	הִגַּשְׁנוּ הַצְהָרַת הוֹן בַּזְּמַן.	hига́шну hацhара́т hон ба-зма́н.	Мы подали декларацию о капитале вовремя.	Существительные	הַצְהָרַת הוֹן
2267	FEMALE	Нейтральные / Безличные	s_527e074d6f1e.mp3	יֵשׁ לוֹ פְּטוֹר מִמַּס.	йеш ло птор ми-ма́с.	У него есть освобождение от налога.	Существительные	פְּטוֹר מִמַּס
2268	MALE	3-е лицо м.р. (הוא / דוד)	s_5d41a2f40b23.mp3	הוּא שִׁילֵּם מַס שֶׁבַח.	hу шиле́м мас ше́вах.	Он заплатил налог на прирост стоимости недвижимости.	Существительные	מַס שֶׁבַח
2269	FEMALE	Нейтральные / Безличные	s_51fcd33495ca.mp3	הַחֶבְרָה מְשַׁלֶּמֶת מַס חֲבָרוֹת.	hа-хевра́ мешале́мет мас хаваро́т.	Компания платит корпоративный налог.	Существительные	מַס חֲבָרוֹת
2270	FEMALE	Нейтральные / Безличные	s_d3d5dfb4ff60.mp3	זֹאת קֶרֶן פֶּנְסְיָה מְצוּיֶּנֶת.	зот ке́рен пе́нсья мецуе́нет.	Это отличный пенсионный фонд.	Существительные	קֶרֶן פֶּנְסְיָה
2271	FEMALE	3-е лицо ж.р. (היא / שרה)	s_0bfe08f672e6.mp3	הִיא קִבְּלָה פִּיצּוּיֵי פִּיטּוּרִין.	hи кибла́ пицуе́й питури́н.	Она получила выходное пособие.	Существительные	פִּיצּוּיֵי פִּיטּוּרִין
2272	FEMALE	Нейтральные / Безличные	s_fb9c6672b55f.mp3	יֵשׁ תִּקְרַת הַכְנָסָה שְׁנָתִית.	йеш тикра́т hахнаса́ шнати́т.	Есть годовой потолок дохода.	Существительные	תִּקְרַת הַכְנָסָה
2273	FEMALE	Нейтральные / Безличные	s_ddc8b355dd30.mp3	הוֹצֵאתִי חֶשְׁבּוֹנִית מַס לַלָּקוֹחַ.	hоце́ти хешбони́т мас ла-лако́ах.	Я выписал клиенту налоговую накладную.	Существительные	חֶשְׁבּוֹנִית מַס
2274	FEMALE	Нейтральные / Безличные	s_c31b600c7901.mp3	נִשְׁלְחָה חֶשְׁבּוֹנִית מַס קַבָּלָה.	нишлеха́ хешбони́т мас кабала́.	Была отправлена квитанция-накладная.	Существительные	חֶשְׁבּוֹנִית מַס קַבָּלָה
2275	FEMALE	Нейтральные / Безличные	s_28526ef22bbf.mp3	קִבַּלְנוּ חֶשְׁבּוֹנִית עִסְקָה לִתְשְׁלוּם.	киба́льну хешбони́т иска́ ли-тшлу́м.	Мы получили счёт на оплату.	Существительные	חֶשְׁבּוֹנִית עִסְקָה
2276	FEMALE	Нейтральные / Безличные	s_0d40d1e5cf7b.mp3	הוּפְקָה הוֹדָעַת זִיכּוּי לַלָּקוֹחַ.	hуфка́ hодаа́т зику́й ла-лако́ах.	Была выпущена кредит-нота клиенту.	Существительные	הוֹדָעַת זִיכּוּי
2277	FEMALE	Нейтральные / Безличные	s_ce48ecdd91d0.mp3	בָּדַקְתִּי אֶת תְּלוּשׁ הַשָּׂכָר.	бада́кти эт тлуш hа-саха́р.	Я проверил расчетный лист.	Существительные	תְּלוּשׁ שָׂכָר
2278	FEMALE	Нейтральные / Безличные	s_d4e6330b6396.mp3	מִילֵּאתִי טוֹפֶס 101 הַיּוֹם.	миле́ти то́фес ме́а ве-эха́д hайо́м.	Я заполнил бланк 101 сегодня.	Существительные	טוֹפֶס 101
2279	FEMALE	Нейтральные / Безличные	s_5d96e15b3203.mp3	קִבַּלְתִּי טוֹפֶס 106 מֵהַמַּעֲסִיק.	киба́льти то́фес ме́а ве-шэ́ш ме-hа-мааси́к.	Я получил форму 106 от работодателя.	Существительные	טוֹפֶס 106
2280	MALE	3-е лицо м.р. (הוא / דוד)	s_48c8c3e0c824.mp3	הוּא נִרְשַׁם כְּעוֹסֵק פָּטוּר.	hу нирша́м ке-осэ́ пату́р.	Он зарегистрировался как освобождённый предприниматель.	Существительные	עוֹסֵק פָּטוּר
2281	FEMALE	3-е лицо ж.р. (היא / שרה)	s_612adc4d0c4c.mp3	הִיא נִרְשְׁמָה כְּעוֹסֵק מוּרְשֶׁה.	hи ниршема́ ке-осэ́ муршэ́.	Она зарегистрировалась как лицензированный предприниматель.	Существительные	עוֹסֵק מוּרְשֶׁה
2282	FEMALE	Нейтральные / Безличные	s_6778bce19788.mp3	הֵם הֵקִימוּ חֶבְרָה בְּעָ״מ.	hем hеки́му хевра́ бэ-э́м.	Они открыли компанию ООО.	Существительные	חֶבְרָה בְּעָ״מ
2283	FEMALE	Нейтральные / Безличные	s_34556d8d4685.mp3	רוֹאֵה הַחֶשְׁבּוֹן הֵכִין מַאֲזָן.	роэ́ hа-хешбо́н hэхи́н мааза́н.	Бухгалтер подготовил баланс.	Существительные	מַאֲזָן
2284	FEMALE	Нейтральные / Безличные	s_9f7acd54108b.mp3	בָּדַקְנוּ דּוּ״חַ רֶוַח וְהֶפְסֵד.	бада́кну до́ах ре́вах ве-hефсэ́д.	Мы проверили отчет о прибылях и убытках.	Существительные	דּוּ״חַ רֶוַח וְהֶפְסֵד
2285	FEMALE	Нейтральные / Безличные	s_fcfe475c999b.mp3	יֵשׁ תַּזְרִים מְזוּמָּנִים חִיּוּבִי.	йеш тазри́м мезумани́м хиюви́.	Есть положительный денежный поток.	Существительные	תַּזְרִים מְזוּמָּנִים
2286	FEMALE	Нейтральные / Безличные	s_1a7094598688.mp3	לַחֶבְרָה יֵשׁ נְכָסִים רַבִּים.	ла-хевра́ йеш нехаси́м раби́м.	У компании много активов.	Существительные	נֶכֶס
2287	FEMALE	Нейтральные / Безличные	s_64e070536497.mp3	יֵשׁ לָנוּ הִתְחַיְּבוּיוֹת גְּדוֹלוֹת.	йеш ла́ну hитхайвуйо́т гдоло́т.	У нас большие финансовые обязательства.	Существительные	הִתְחַיְּבוּת
2288	FEMALE	Нейтральные / Безличные	s_3ef6ed3a88b0.mp3	הַבַּנְק אִישֵּׁר אַשְׁרַאי נוֹסָף.	hа-банк ише́р ашра́й носа́ф.	Банк утвердил дополнительный кредит.	Существительные	אַשְׁרַאי
2289	FEMALE	Нейтральные / Безличные	s_008e5b2949b5.mp3	יֵשׁ לָנוּ מִינוּס בַּבַּנְק.	йеш ла́ну ми́нус ба-ба́нк.	У нас минус в банке.	Существительные	מִינוּס
2290	FEMALE	Нейтральные / Безличные	s_807f3f5743c9.mp3	בַּחֶשְׁבּוֹן יֵשׁ יִתְרַת זְכוּת.	ба-хешбо́н йеш йитра́т зхут.	На счёте есть положительный баланс.	Существительные	יִתְרַת זְכוּת
2291	FEMALE	Нейтральные / Безличные	s_66eb5f1b8670.mp3	נָא לְהַעֲבִיר אֶת הַקַּבָּלוֹת.	на леhаавӣ́р эт hа-кабалóт.	Пожалуйста, передайте квитанции.	Существительные	נָא
2292	FEMALE	Нейтральные / Безличные	s_8dd3be23ce8a.mp3	זֹאת הוֹצָאָה גְּדוֹלָה מְאוֹד.	зот hоцаá гдолá меóд.	Это очень большой расход.	Существительные	הוֹצָאָה
2293	FEMALE	Нейтральные / Безличные	s_2bbe6fbc90c1.mp3	חֲסֵרָה לִי חֶשְׁבּוֹנִית אַחַת.	хасерá ли хеשбонӣ́т ахáт.	Мне не хватает одной квитанции.	Существительные	חָסֵר
2294	FEMALE	Нейтральные / Безличные	s_03e3aad4bf3c.mp3	צָרִיךְ לַעֲשׂוֹת תֵּיאוּם מַס.	царӣ́х лаасóт теӯ́м мас.	Нужно сделать согласование налога.	Существительные	צָרִיךְ
2295	FEMALE	Нейтральные / Безличные	s_ebcceb89c453.mp3	הַדּוּ״חַ הַשְּׁנָתִי הוּגַשׁ הַיּוֹם.	hа-дóах hа-шнатӣ́ hугáш hа-йом.	Годовой отчёт был подан сегодня.	Существительные	שְׁנָתִי
2296	FEMALE	Нейтральные / Безличные	s_0d04b1a60353.mp3	יֵשׁ לְשַׁלֵּם אֶת הַמַּעַ״מ.	йеш лешалéм эт hа-мáам.	Нужно заплатить НДС.	Существительные	יֵשׁ
2297	FEMALE	Нейтральные / Безличные	s_63aea87233c0.mp3	הַאִם יֵשׁ לְךָ תְּעוּדָה?	hа-ӣ́м йеш лехá теудá?	Есть ли у тебя удостоверение?	Существительные	הַאִם
2298	FEMALE	Нейтральные / Безличные	s_a99599cd474c.mp3	יֵשׁ לָנוּ הַכְנָסָה טוֹבָה.	йеш лáну hахнасá товá.	У нас хороший доход.	Существительные	הַכְנָסָה
2299	FEMALE	Нейтральные / Безличные	s_564efcef80ee.mp3	זֶה תַּפְקִיד חָשׁוּב מְאוֹד.	зэ тафкӣ́д хашӯ́в меóд.	Это очень важная должность.	Существительные	תַּפְקִיד
2300	FEMALE	Нейтральные / Безличные	s_90726ed7e69b.mp3	זֶה מַתְאִים לִי מְאוֹד.	зэ матъӣ́м ли меóд.	Это мне очень подходит.	Существительные	זֶה
2301	FEMALE	Нейтральные / Безличные	s_fd1faad731ff.mp3	צָרִיךְ לְעַדְכֵּן אֶת הַפְּרָטִים.	царӣ́х леъадкéн эт hа-пратӣ́м.	Нужно обновить данные.	Существительные	צָרִיךְ
2302	FEMALE	Нейтральные / Безличные	s_827d998d84bb.mp3	קִבַּלְתָּ מִכְתָּב מֵהַבַּנְק?	кибáльта михтáв ме-hа-банк?	Ты получил письмо из банка?	Существительные	לְקַבֵּל
2303	FEMALE	Нейтральные / Безличные	s_ac3b67cbe29f.mp3	הַחֶשְׁבּוֹן שֶׁלְּךָ כְּבָר סָגוּר.	hа-хешбóн шельхá квар сагӯ́р.	Твой счёт уже закрыт.	Существительные	חֶשְׁבּוֹן
2304	FEMALE	Нейтральные / Безличные	s_7c1330fc2266.mp3	אֶפְשָׁר לִפְרוֹס אֶת הַתַּשְׁלוּם.	эфшáр лифрóс эт hа-ташлӯ́м.	Можно разбить платёж на части.	Существительные	אֶפְשָׁר
2305	FEMALE	Нейтральные / Безличные	s_867059813d9f.mp3	נָא לַחְתּוֹם עַל הַטּוֹפֶס.	на лахтóм аль hа-тóфес.	Пожалуйста, подпишите бланк.	Существительные	נָא
2306	FEMALE	Нейтральные / Безличные	s_67abd488b6a8.mp3	הַשָּׂכָר שֶׁלִּי מְאוֹד טוֹב.	hа-сахáр шелӣ́ меóд тов.	Моя зарплата очень хорошая.	Существительные	שָׂכָר
2307	FEMALE	Нейтральные / Безличные	s_10a7283ca14b.mp3	יֵשׁ לְךָ נְקוּדַּת זִיכּוּי.	йеш лехá некудáт зикӯ́й.	У тебя есть льготный балл.	Существительные	יֵשׁ
2308	FEMALE	Нейтральные / Безличные	s_6a1e3b80a7d2.mp3	מָה הָרֶוַח שֶׁל הַשָּׁנָה?	ма hа-рéвах шель hа-шанá?	Какова прибыль за этот год?	Существительные	מָה
2309	FEMALE	Нейтральные / Безличные	s_aa074c9ecd7e.mp3	צָרִיךְ לִשְׁמוֹר אֶת הַקַּבָּלוֹת.	царӣ́х лишмóр эт hа-кабалóт.	Нужно сохранять квитанции.	Существительные	לִשְׁמוֹר
2310	FEMALE	Нейтральные / Безличные	s_4b77bcf1ac9e.mp3	זֶה נִכְנָס תַּחַת הַהוֹצָאוֹת.	зэ нихнáс тáхат hа-hоцаóт.	Это входит в статью расходов.	Существительные	זֶה
2311	FEMALE	Нейтральные / Безличные	s_5312eb084db3.mp3	הַבַּנְק מְבַקֵּשׁ אֶת הַדּוּ״חַ.	hа-банк мевакéш эт hа-дóах.	Банк запрашивает отчёт.	Существительные	בַּנְק
2312	FEMALE	Нейтральные / Безличные	s_9f133c7b30ab.mp3	יֵשׁ לְהַגִּישׁ אֶת הַהַצְהָרָה.	йеш леhагӣ́ш эт hа-hацhарá.	Нужно подать декларацию.	Существительные	יֵשׁ
2313	FEMALE	Нейтральные / Безличные	s_9e365d897858.mp3	שָׁנָה טוֹבָה וּמוּצְלַחַת לְכוּלָּם!	шанá товá у-муцлáхат ле-хулáм!	Хорошего и успешного года всем!	Существительные	שָׁנָה
2314	FEMALE	Нейтральные / Безличные	s_a132f55e5d5d.mp3	אֲנַחְנוּ מְטַפְּלִים בַּכּוֹל עַכְשָׁיו.	анáхну метаплӣ́м ба-коль ахшáв.	Мы занимаемся всем сейчас.	Существительные	לְטַפֵּל
2315	FEMALE	Нейтральные / Безличные	s_706fc0081cee.mp3	הַסִּפְרִיָּה פְּתוּחָה כָּל הַיּוֹם.	hа-сифрийá птухá коль hа-йом.	Библиотека открыта весь день.	Существительные	סִפְרִיָּה
2316	FEMALE	Нейтральные / Безличные	s_f23a47f5dfa2.mp3	הַסַּפְרָן עוֹזֵר לַקּוֹרְאִים שָׁם.	hа-сафрáн озéр ла-коръӣ́м шам.	Библиотекарь помогает читателям там.	Существительные	סַפְרָן
2317	FEMALE	Нейтральные / Безличные	s_2a647c1cfb53.mp3	יֵשׁ לְךָ כַּרְטִיס קוֹרֵא?	йеш лехá картӣ́с корэ́?	У тебя есть читательский билет?	Существительные	כַּרְטִיס קוֹרֵא
2318	FEMALE	Нейтральные / Безличные	s_e018eebca2aa.mp3	זֶה דַּלְפַּק הַשְׁאָלָה רָאשִׁי.	зэ далпáк hашъалá рашӣ́.	Это главная стойка выдачи книг.	Существительные	דַּלְפַּק הַשְׁאָלָה
2319	FEMALE	Нейтральные / Безличные	s_9b8887a8e03e.mp3	חֲדַר הָעִיּוּן שָׁקֵט מְאוֹד.	хадáр hа-ийӯ́н шакéт меóд.	Читальный зал очень тихий.	Существительные	חֲדַר עִיּוּן
2320	FEMALE	Нейтральные / Безличные	s_822c09bd06e9.mp3	מַחְסַן הַסְּפָרִים גָּדוֹל מְאוֹד.	махсáн hа-сфарӣ́м гадóль меóд.	Книгохранилище очень большое.	Существительные	מַחְסַן סְפָרִים
2321	FEMALE	Нейтральные / Безличные	s_8599947fbc88.mp3	הַכּוֹנָנִית מְלֵאָה סְפָרִים חֲדָשִׁים.	hа-конанӣ́т мелеá сфарӣ́м хадашӣ́м.	Стеллаж полон новых книг.	Существительные	כּוֹנָנִית
2322	FEMALE	Нейтральные / Безличные	s_33398ee689c1.mp3	חַפֵּשׂ בַּקָּטָלוֹג הַמְּמוּחְשָׁב הַזֶּה.	хапéс ба-каталóг hа-мемухшáв hа-зэ.	Поищи в этом электронном каталоге.	Существительные	קָטָלוֹג מְמוּחְשָׁב
2323	FEMALE	Нейтральные / Безличные	s_a73d4c86be20.mp3	מָה סִימַן הַמַּדָּף שֶׁלּוֹ?	ма симáн hа-мадáф шелó?	Какой у неё полочный шифр?	Существительные	סִימַן מַדָּף
2324	FEMALE	Нейтральные / Безличные	s_41764c8a13b4.mp3	בְּדוֹק אֶת הַמִּסְתַּ״ב שֶׁלּוֹ.	бедóк эт hа-мистáв шелó.	Проверь его ISBN.	Существительные	מִסְתַּ״ב
2325	FEMALE	Нейтральные / Безличные	s_ddd7c55d85d1.mp3	הַסּוֹרֵק לֹא קוֹרֵא בַּרְקוֹד.	hа-сорéк ло корэ́ баркóд.	Сканер не считывает штрихкод.	Существительные	בַּרְקוֹד
2326	FEMALE	Нейтральные / Безличные	s_08cba99097dd.mp3	זֹאת מַהֲדוּרָה חֲדָשָׁה מְאוֹד.	зот маhадурá хадашá меóд.	Это очень новое издание.	Существительные	מַהֲדוּרָה
2327	FEMALE	Нейтральные / Безличные	s_9271e877b8b8.mp3	הַכֶּרֶךְ הַזֶּה עָבֶה מְאוֹד.	hа-кéрех hа-зэ авэ́ меóд.	Этот том очень толстый.	Существительные	כֶּרֶךְ
2328	FEMALE	Нейтральные / Безличные	s_0d1d2f9f3926.mp3	זֶה סֵפֶר עִיּוּן מְעַנְיֵן.	зэ сéфер ийӯ́н меаньéн.	Это интересная научно-популярная книга.	Существительные	סֵפֶר עִיּוּן
2329	MALE	1-е лицо м.р. (אני רוצה)	s_dcacdfb5f624.mp3	אֲנִי אוֹהֵב סִפְרוּת יָפָה.	анӣ оhéв сифрӯ́т яфá.	Я люблю художественную литературу.	Существительные	סִפְרוּת יָפָה
2330	FEMALE	Женская форма (адаптация 1/2 л.)	s_dcacdfb5f624_f.mp3	אֲנִי אוֹהֶבֶת סִפְרוּת יָפָה.	анӣ оhе́вет сифрӯ́т яфá.	Я люблю художественную литературу.	Существительные	סִפְרוּת יָפָה
2331	FEMALE	Нейтральные / Безличные	s_8cdb1a28e784.mp3	הַשְּׁנָתוֹן הַזֶּה חָדָשׁ מְאוֹד.	hа-шнатóн hа-зэ хадáш меóд.	Этот ежегодник очень новый.	Существительные	שְׁנָתוֹן
2332	FEMALE	Нейтральные / Безличные	s_a13ac3d22d32.mp3	יֵשׁ אֶנְצִיקְלוֹפֶּדְיָה עַל הַמַּדָּף.	йеш энциклопéдья аль hа-мадáф.	На полке есть энциклопедия.	Существительные	אֶנְצִיקְלוֹפֶּדְיָה
2333	MALE	1-е лицо м.р. (אני רוצה)	s_8c891bc99c23.mp3	אֲנִי פּוֹתֵחַ אֶת הַמִּילּוֹן.	анӣ потéах эт hа-милóн.	Я открываю словарь.	Существительные	מִילּוֹן
2334	FEMALE	Женская форма (адаптация 1/2 л.)	s_8c891bc99c23_f.mp3	אֲנִי פּוֹתַחַת אֶת הַמִּילּוֹן.	анӣ пота́хат эт hа-милóн.	Я открываю словарь.	Существительные	מִילּוֹן
2335	FEMALE	Нейтральные / Безличные	s_dc9a5f940195.mp3	יֵשׁ לַסֵּפֶר כְּרִיכָה קָשָׁה.	йеш ла-сéфер крихá кашá.	У книги твёрдый переплёт.	Существительные	כְּרִיכָה
2336	FEMALE	Нейтральные / Безличные	s_1c9ed69b9682.mp3	דִּיווַּחְנוּ עַל אוֹבְדַן סֵפֶר.	дивáхну аль овдáн сéфер.	Мы сообщили об утере книги.	Существительные	אוֹבְדַן סֵפֶר
2337	FEMALE	Нейтральные / Безличные	s_7e1586c1945e.mp3	שִׁילַּמְתִּי קְנַס אִיחוּר בַּסִּפְרִיָּה.	шилáмти кнас ихӯ́р ба-сифрийá.	Я заплатил штраф за просрочку в библиотеке.	Существительные	קְנַס אִיחוּר
2338	FEMALE	Нейтральные / Безличные	s_74d75f309642.mp3	זֹאת הַשְׁאָלָה בֵּין־סִפְרִיָּתִית מְהִירָה.	зот hашъалá бейн-сифрийатӣ́т меhирá.	Это быстрый межбиблиотечный абонемент.	Существительные	הַשְׁאָלָה בֵּין־סִפְרִיָּתִית
2339	FEMALE	Нейтральные / Безличные	s_1d6c679fdb9d.mp3	הַמִּסְמָךְ נִמְצָא בָּאַרְכִיּוֹן.	hа-мисмáх нимцá ба-архийóн.	Документ находится в архиве.	Существительные	אַרְכִיּוֹן
2340	FEMALE	Нейтральные / Безличные	s_ba14aea30c0c.mp3	הָאַרְכִיבַאי מָצָא אֶת הַתִּיק.	hа-архивáй мацá эт hа-тик.	Архивист нашёл папку.	Существительные	אַרְכִיבַאי
2341	FEMALE	Нейтральные / Безличные	s_2d6a684d0a0a.mp3	הַמֵּידְעָן מוֹצֵא מֵידָע חָשׁוּב.	hа-мейдъáн моцé медá хашӯ́в.	Специалист по информации находит важную информацию.	Существительные	מֵידְעָן
2342	FEMALE	Нейтральные / Безличные	s_afa375f3f6f3.mp3	זֹאת חֲטִיבָה גְּדוֹלָה בָּאִרְגּוּן.	зот хативá гдолá ба-иргӯ́н.	Это крупный отдел в организации.	Существительные	חֲטִיבָה
2343	FEMALE	Нейтральные / Безличные	s_2f9d2e8432f1.mp3	פָּתַחְתִּי תִּיק חָדָשׁ בָּאַרְכִיּוֹן.	патáхти тик хадáш ба-архийóн.	Я открыл новую папку в архиве.	Существительные	תִּיק
2344	FEMALE	Нейтральные / Безличные	s_be7e9141457f.mp3	הַפְּרוֹטוֹקוֹל נֶחְתַּם הַיּוֹם בַּבּוֹקֶר.	hа-протокóл нэхтáм hайóм ба-бóкер.	Протокол был подписан сегодня утром.	Существительные	פְּרוֹטוֹקוֹל
2345	FEMALE	Нейтральные / Безличные	s_94ed8ad51f66.mp3	קָרָאתִי אֶת כָּל הַתִּכְתּוֹבֶת.	карáти эт коль hа-тихтóвет.	Я прочитал всю переписку.	Существительные	תִּכְתּוֹבֶת
2346	FEMALE	Нейтральные / Безличные	s_15d507512ea6.mp3	זֶה תַּצְלוּם הִיסְטוֹרִי יָפֶה.	зэ тацлӯ́м hистóри яфэ́.	Это красивый исторический снимок.	Существительные	תַּצְלוּם
2347	FEMALE	Нейтральные / Безличные	s_ada3a61706d8.mp3	חִפַּשְׂנוּ מֵידָע עַל מִיקְרוֹפִילְם.	хипáсну мейдá аль микрофӣ́льм.	Мы искали информацию на микрофильме.	Существительные	מִיקְרוֹפִילְם
2348	FEMALE	Нейтральные / Безличные	s_f61b118b30da.mp3	חִפַּשְׂתִּי בְּמַאֲגַר הַמֵּידָע הַזֶּה.	хипáсти бе-маагáр hа-мейдá hа-зэ́.	Я искал в этой базе данных.	Существительные	מַאֲגַר מֵידָע
2349	FEMALE	Нейтральные / Безличные	s_3b626e4968cd.mp3	הַמִּסְמָךְ נִשְׁמַר בַּגְּנִיזָה.	hа-мисмáх нишмáр ба-гнизá.	Документ хранился в генизе.	Существительные	גְּנִיזָה
2350	FEMALE	Нейтральные / Безличные	s_dde395e351e1.mp3	יֵשׁ תְּקוּפַת שְׁמִירָה אֲרוּכָּה.	йеш ткуфáт шмирá арукá.	Есть долгий срок хранения.	Существительные	תְּקוּפַת שְׁמִירָה
2351	FEMALE	Нейтральные / Безличные	s_ccd946d3d01e.mp3	אֵין בִּיעוּר מִסְמָכִים הַשָּׁנָה.	эйн биъӯ́р мисмахӣ́м hа-шанá.	В этом году нет уничтожения документов.	Существительные	בִּיעוּר מִסְמָכִים
2352	FEMALE	Нейтральные / Безличные	s_fc55f61efb73.mp3	שַׂמְתִּי הַכֹּל בְּקוּפְסַת אַרְכִיּוֹן.	сáмти hакóль бе-куфсáт архийóн.	Я положил всё в архивный короб.	Существительные	קוּפְסַת אַרְכִיּוֹן
2353	FEMALE	Нейтральные / Безличные	s_2a4ea58bb56f.mp3	הִשְׁוֵויתִי בֵּין מָקוֹר וְהֶעְתֵּק.	hишве́йти бейн макóр ве-hеътéк.	Я сравнил оригинал и копию.	Существительные	מָקוֹר וְהֶעְתֵּק
2354	FEMALE	Нейтральные / Безличные	s_ee2d2ce4bae2.mp3	יֵשׁ נְגִישׁוּת מְלֵאָה לַצִּבּוּר.	йеш негишӯ́т мелеá ла-цибӯ́р.	Есть полный доступ для общественности.	Существительные	נְגִישׁוּת לַצִּבּוּר
2355	FEMALE	Нейтральные / Безличные	s_7934df432390.mp3	עָשִׂינוּ סְרִיקָה בְּרֶזוֹלוּצְיָה גְּבוֹהָה.	асӣ́ну срикá бе-резолӯ́цья гвоhá.	Мы сделали сканирование в высоком разрешении.	Существительные	סְרִיקָה בְּרֶזוֹלוּצְיָה גְּבוֹהָה
2356	FEMALE	Нейтральные / Безличные	s_84ac63c1277c.mp3	הַמִּסְמָךְ עָבַר שִׁימּוּר נְיָיר.	hа-мисмáх авáр шимӯ́р ния́р.	Документ прошёл консервацию бумаги.	Существительные	שִׁימּוּר נְיָיר
2357	FEMALE	Нейтральные / Безличные	s_5c2cb68d3a7c.mp3	בָּדַקְנוּ אֶת הָאִינְוֶונְטָר בָּאַרְכִיּוֹן.	бадáкну эт hа-инвентáр ба-архийóн.	Мы проверили инвентарную опись в архиве.	Существительные	אִינְוֶונְטָר
2358	FEMALE	Нейтральные / Безличные	s_81d80fe659ea.mp3	לָמַדְנוּ אֶת חוֹק הָאַרְכִיּוֹנִים.	ламáдну эт хок hа-архийонӣ́м.	Мы изучили закон об архивах.	Существительные	חוֹק הָאַרְכִיּוֹנִים
2359	FEMALE	Нейтральные / Безличные	s_4a8fae439268.mp3	שָׁמַרְנוּ עַל זְכוּיוֹת יוֹצְרִים.	шамáрну аль зхуйóт йоцрӣ́м.	Мы соблюдали авторские права.	Существительные	זְכוּיוֹת יוֹצְרִים
2360	MALE	1-е лицо м.р. (אני רוצה)	s_65fddd4ec9c0.mp3	אֵיךְ אֲנִי יָכוֹל לַעֲזוֹר?	эйх анӣ́ яхóль лаазóр?	Как я могу помочь?	Существительные	שָׁלוֹם, אֵיךְ אֲנִי יָכוֹל לַעֲזוֹר לְךָ לִמְצוֹא אֶת הַסֵּפֶר?
2361	FEMALE	Женская форма (адаптация 1/2 л.)	s_65fddd4ec9c0_f.mp3	אֵיךְ אֲנִי יְכוֹלָה לַעֲזוֹר?	эйх анӣ́ йехола́ лаазóр?	Как я могу помочь?	Существительные	שָׁלוֹם, אֵיךְ אֲנִי יָכוֹל לַעֲזוֹר לְךָ לִמְצוֹא אֶת הַסֵּפֶר?
2362	FEMALE	Нейтральные / Безличные	s_e7a8ae38c6f8.mp3	הַסֵּפֶר נִמְצָא בַּקּוֹמָה הַשְּׁנִיָּיה.	hа-сéфер нимцá ба-комá hа-шнийá.	Книга находится на втором этаже.	Существительные	הַסֵּפֶר נִמְצָא בַּקּוֹמָה הַשְּׁנִיָּיה בַּחֲדַר הָעִיּוּן
2363	FEMALE	Нейтральные / Безличные	s_49c9c9e86f90.mp3	תּוּכַל לְחַפֵּשׂ בַּקָּטָלוֹג הַמְּמוּחְשָׁב.	тӯхáль лехапéс ба-каталóг hа-мемухшáв.	Вы сможете поискать в компьютерном каталоге.	Существительные	תּוּכַל לְחַפֵּשׂ בַּקָּטָלוֹג הַמְּמוּחְשָׁב לְפִי שֵׁם הַמְּחַבֵּר
2364	FEMALE	Нейтральные / Безличные	s_ff9858ec8c16.mp3	אֶפְשָׁר לְהַאֲרִיךְ אֶת הַהַשְׁאָלָה?	эфшáр леhаарӣ́х эт hа-hашаалá?	Можно продлить абонемент?	Существительные	אֶפְשָׁר לְהַאֲרִיךְ אֶת הַהַשְׁאָלָה בְּעוֹד שְׁבוּעַיִם?
2365	FEMALE	Нейтральные / Безличные	s_1d2c542b2b9c.mp3	הַסֵּפֶר הַזֶּה מוּשְׁאָל כָּרֶגַע.	hа-сéфер hа-зэ́ мушъáль карéга.	Эта книга сейчас выдана.	Существительные	הַסֵּפֶר מוּשְׁאָל כָּרֶגַע, רוֹצֶה לְהַזְמִין תּוֹר?
2366	FEMALE	Нейтральные / Безличные	s_7c839ef7d8ec.mp3	יֵשׁ לָנוּ גִּרְסָה דִּיגִיטָלִית.	йеш лáну гирсá дигитáлит.	У нас есть цифровая версия.	Существительные	יֵשׁ לָנוּ גַּם גִּרְסָה דִּיגִיטָלִית שֶׁל הַסֵּפֶר הַזֶּה
2367	FEMALE	Нейтральные / Безличные	s_f4a712dad6cf.mp3	נָא לִשְׁמוֹר עַל הַשֶּׁקֶט.	на лишмóр аль hа-шéкет.	Пожалуйста, соблюдайте тишину.	Существительные	סְלִיחָה, נָא לִשְׁמוֹר עַל הַשֶּׁקֶט בַּסִּפְרִיָּיה
2368	FEMALE	Нейтральные / Безличные	s_8837b260c0bf.mp3	פָּתַחְתִּי כַּרְטִיס קוֹרֵא חָדָשׁ.	патáхти картӣ́с корé хадáш.	Я открыл новый читательский билет.	Существительные	כְּדֵי לִפְתּוֹחַ כַּרְטִיס קוֹרֵא צָרִיךְ תְּעוּדַת זֶהוּת
2369	FEMALE	Нейтральные / Безличные	s_7ad06d975f88.mp3	אֵיפֹה מַחְלֶקֶת כִּתְבֵי הָעֵת?	э́йфо махлéкет китве́й hа-эт?	Где отдел периодических изданий?	Существительные	אֵיפֹה נִמְצֵאת מַחְלֶקֶת כִּתְבֵי הָעֵת?
2370	FEMALE	Нейтральные / Безличные	s_fa0206fc40f1.mp3	הַתִּיק דּוֹרֵשׁ הַזְמָנָה מֵרֹאשׁ.	hа-тик дорéш hазманá мерóш.	Папка требует предварительного заказа.	Существительные	הַתִּיק הַזֶּה שָׁמוּר בָּאַרְכִיּוֹן וְדוֹרֵשׁ הַזְמָנָה מֵרֹאשׁ
2371	FEMALE	Нейтральные / Безличные	s_e795ab2d64b2.mp3	יֵשׁ לַעֲטוֹת כְּפָפוֹת בָּאַרְכִיּוֹן.	йеш лаатóт кфафóт ба-архийóн.	Следует надеть перчатки в архиве.	Существительные	יֵשׁ לַעֲטוֹת כְּפָפוֹת לִפְנֵי נְגִיעָה בִּכְתַב הַיָּד הַנָּדִיר
2372	FEMALE	Нейтральные / Безличные	s_edbac6bcecd2.mp3	מוּתָּר לִסְרוֹק אֶת הַמִּסְמָךְ?	мутáр лисрóк эт hа-мисмáх?	Разрешено сканировать документ?	Существительные	הַאִם מוּתָּר לְצַלֵּם אוֹ לִסְרוֹק אֶת הַמִּסְמָךְ?
2373	FEMALE	Нейтральные / Безличные	s_7da7ceb9fd04.mp3	הַחוֹמֶר פָּתוּחַ לְעִיּוּן חוֹקְרִים.	hа-хóмер патӯ́ах ле-ийӯ́н хокрӣ́м.	Материал открыт для ознакомления исследователей.	Существительные	הַחוֹמֶר פָּתוּחַ לְעִיּוּן חוֹקְרִים בִּלְבַד
2374	FEMALE	Нейтральные / Безличные	s_74c7247d484a.mp3	הַתִּיק תַּחַת תְּקוּפַת חִיסָּיוֹן.	hа-тик тáхат ткуфáт хисайóн.	Папка находится под грифом секретности.	Существительные	הַתִּיק עֲדַיִין תַּחַת תְּקוּפַת חִיסָּיוֹן
2375	FEMALE	Нейтральные / Безличные	s_228f2b16c34b.mp3	מָתַי לְהַחְזִיר אֶת הַסְּפָרִים?	матáй леhахзӣ́р эт hа-сфарӣ́м?	Когда вернуть книги?	Существительные	מָתַי צָרִיךְ לְהַחְזִיר אֶת הַסְּפָרִים?
2376	FEMALE	Нейтральные / Безличные	s_ccc9f3e89a12.mp3	יֵשׁ לְךָ קְנָס קָטָן.	йеш лехá кнас катáн.	У вас есть небольшой штраф.	Существительные	יֵשׁ לְךָ קְנָס קָטָן עַל אִיחוּר בַּהַחְזָרָה
2377	FEMALE	Нейтральные / Безличные	s_3e22c6e5a7da.mp3	הִזְמַנּוּ סֵפֶר בְּהַשְׁאָלָה בֵּין-סִפְרִיָּיתִית.	hизмáнну сéфер бе-hашаалá бейн-сифрия́тит.	Мы заказали книгу по межбиблиотечному абонементу.	Существительные	אֶפְשָׁר לְהַזְמִין אֶת הַסֵּפֶר בְּהַשְׁאָלָה בֵּין-סִפְרִיָּיתִית
2378	FEMALE	Нейтральные / Безличные	s_947d80868bfc.mp3	הַסֵּפֶר אֵינוֹ לְהַשְׁאָלָה הַבַּיְתָה.	hа-сéфер эйнó ле-hашаалá hабáйта.	Книга не выдаётся на дом.	Существительные	סִפְרֵי עִיּוּן וּמִילּוֹנִים אֵינָם לְהַשְׁאָלָה הַבַּיְתָה
2379	FEMALE	Нейтральные / Безличные	s_b3f916f0155c.mp3	תּוּכַל לְהַדְפִּיס אֶת הַמַּאֲמָר.	тӯхáль леhадпӣ́с эт hа-маамáр.	Вы сможете распечатать статью.	Существительные	תּוּכַל לְהַדְפִּיס אֶת הַמַּאֲמָר בַּמַּדְפֶּסֶת הַצִּבּוּרִית
2380	FEMALE	Нейтральные / Безличные	s_bd9227f4b99c.mp3	אָנוּ מְבַצְּעִים פְּרוֹיֶקְט דִּיגִיטַצְיָה.	áну мевацъӣ́м пройéкт дигитáцья.	Мы осуществляем проект оцифровки.	Существительные	אָנוּ מְבַצְּעִים פְּרוֹיֶקְט דִּיגִיטַצְיָה שֶׁל תַּצְלוּמִים הִיסְטוֹרִיִּים
2381	FEMALE	Нейтральные / Безличные	s_f0be117af6bd.mp3	הַסֵּפֶר עוֹבֵר שִׁיקוּם וּכְרִיכָה.	hа-сéфер овéр шикӯ́м у-хрихá.	Книга проходит реставрацию и переплёт.	Существительные	הַסֵּפֶר נִפְגַּם, נַעֲבִיר אוֹתוֹ לְשִׁיקוּם וּכְרִיכָה
2382	FEMALE	Нейтральные / Безличные	s_595500268f45.mp3	הִנֵּה הַשִּׁיפֶר שֶׁל הַסֵּפֶר.	hинé hа-шӣ́фер шель hа-сéфер.	Вот шифр книги.	Существительные	הִנֵּה הַשִּׁיפֶר שֶׁל הַסֵּפֶר — זֶה הַמִּיקּוּם שֶׁלּוֹ עַל הַמַּדָּף
2383	FEMALE	Нейтральные / Безличные	s_bb9e854f40f1.mp3	מִלֵּאתִי טוֹפֶס בַּקָּשַׁת עִיּוּן.	милéти тóфес бакашáт ийӯ́н.	Я заполнил бланк запроса на ознакомление.	Существительные	בָּאַרְכִיּוֹן יֵשׁ לְמַלֵּא טוֹפֶס בַּקָּשַׁת עִיּוּן
2384	FEMALE	Нейтральные / Безличные	s_2f0daab03c79.mp3	כָּל הַמֵּידָע שָׁמוּר בְּשָׁרָת.	коль hа-мейдá шамӯ́р бе-шарáт.	Вся информация сохранена на сервере.	Существительные	כָּל הַמֵּידָע שָׁמוּר וּמְגוּבֶּה בְּשָׁרָת מְאוּבְטָח
2385	FEMALE	Нейтральные / Безличные	s_de4d44ca0d03.mp3	עֲבוֹדַת הַמֶּחְקָר שֶׁלְּךָ מְרַתֶּקֶת.	аводáт hа-мехкáр шельхá мератéкет.	Ваша исследовательская работа увлекательна.	Существительные	עֲבוֹדַת הַמֶּחְקָר שֶׁלְּךָ מְרַתֶּקֶת, בְּהַצְלָחָה!
2386	FEMALE	Нейтральные / Безличные	s_75e30debe9bd.mp3	הַגַּרְנִיק עוֹבֵד בְּלַחַץ גָּבוֹהַּ.	hа-гáрник овéд бе-лáхац гавóаh.	Аппарат высокого давления работает под высоким давлением.	Существительные	גַּרְנִיק
2387	MALE	3-е лицо м.р. (הוא / דוד)	s_28d834d615df.mp3	הוּא מְרַסֵּס קֶצֶף פָּעִיל.	hу мерасéс кéцеф паӣ́ль.	Он распыляет активную пену.	Существительные	קֶצֶף פָּעִיל
2388	FEMALE	Нейтральные / Безличные	s_419535f13008.mp3	זֶה שַׁמְפּוּ לָרֶכֶב אֵיכוּתִי.	зэ шампӯ́ ла-рéхев эйхутӣ́.	Это качественный автошампунь.	Существительные	שַׁמְפּוּ לָרֶכֶב
2389	FEMALE	Нейтральные / Безличные	s_57b48a5623c6.mp3	נִגַּבְתִּי עִם מַטְלִית מִיקְרוֹפַיְיבֶּר.	нигáвти им матлӣ́т микрофáйбер.	Я протёр салфеткой из микрофибры.	Существительные	מַטְלִית מִיקְרוֹפַיְיבֶּר
2390	MALE	3-е лицо м.р. (הוא / דוד)	s_586f4dcef87a.mp3	הוּא מִשְׁתַּמֵּשׁ בְּמַגֵּב גּוּמִי.	hу миштамéш бе-магéв гӯ́ми.	Он использует резиновый водосгон.	Существительные	מַגֵּב גּוּמִי
2391	FEMALE	Нейтральные / Безличные	s_6e37b4cb0e94.mp3	נַקֵּה עִם סְפוֹג רְחִיצָה.	накé им сфог рехицá.	Помой губкой для мытья.	Существительные	סְפוֹג רְחִיצָה
2392	FEMALE	Нейтральные / Безличные	s_fc04b3f18638.mp3	הַשּׁוֹאֵב אָבָק הַזֶּה חָזָק.	hа-шоэ́в авáк hа-зэ́ хазáк.	Этот пылесос мощный.	Существительные	שׁוֹאֵב אָבָק
2393	FEMALE	Нейтральные / Безличные	s_29cc08a862ba.mp3	הַמַּדְחֵס פּוֹעֵל בְּלַחַץ גָּבוֹהַּ.	hа-мадхéс по'éль бе-лáхац гавóаh.	Компрессор работает под высоким давлением.	Существительные	מַדְחֵס אַוִּיר
2394	FEMALE	Нейтральные / Безличные	s_49c2723a1805.mp3	מָרַחְנוּ וַקְס עַל הָרֶכֶב.	марáхну вакс аль hа-рéхев.	Мы нанесли воск на машину.	Существительные	וַקְס
2395	FEMALE	Нейтральные / Безличные	s_0b952117a10c.mp3	עָשִׂינוּ פּוֹלִישׁ יָסוֹדִי לָרֶכֶב.	асӣ́ну пóлиш йесодӣ́ ла-рéхев.	Мы сделали основательную полировку машины.	Существительные	פּוֹלִישׁ
2396	FEMALE	Нейтральные / Безличные	s_3b061747fd5f.mp3	הִשְׁתַּמַּשְׁתִּי בְּמַבְרִיק צְמִיגִים חָדָשׁ.	hиштамáшти бе-маврӣ́к цмигӣ́м хадáш.	Я использовал новый чернитель шин.	Существительные	מַבְרִיק צְמִיגִים
2397	FEMALE	Нейтральные / Безличные	s_3021ad9391ad.mp3	מִלֵּאתִי נוֹזֵל שְׁמָשׁוֹת בַּמְּכוֹנִית.	милéти нозéль шмашóт ба-мехонӣ́т.	Я залил омыватель стёкол в машину.	Существительные	נוֹזֵל שְׁמָשׁוֹת
2398	FEMALE	Нейтральные / Безличные	s_90828f9e948f.mp3	רִסַּסְתִּי מֵסִיר שׁוּמָנִים עַכְשָׁו.	рисáсти месӣ́р шуманӣ́м ахшáв.	Я распылил обезжириватель сейчас.	Существительные	מֵסִיר שׁוּמָנִים
2399	FEMALE	Нейтральные / Безличные	s_858dc424073a.mp3	מֵסִיר חֲרָקִים מְנַקֶּה מְצוּיָן.	месӣ́р харакӣ́м менакé мецуян.	Очиститель насекомых чистит отлично.	Существительные	מֵסִיר חֲרָקִים
2400	FEMALE	Нейтральные / Безличные	s_cbee83f5ae12.mp3	קָנִינוּ מְנַקֵּה רִפּוּדִים חָזָק.	канӣ́ну менакé рипудӣ́м хазáк.	Мы купили сильный очиститель обивки.	Существительные	מְנַקֵּה רִפּוּדִים
2401	FEMALE	Нейтральные / Безличные	s_251e41a229ac.mp3	הַתַּרְסִיס לַדֶּשְׁבּוֹרְד מַבְרִיק מְאוֹד.	hа-тарсӣ́с ла-дéшборд маврӣ́к меóд.	Спрей для приборной панели очень блестит.	Существительные	תַּרְסִיס לַדֶּשְׁבּוֹרְד
2402	FEMALE	Нейтральные / Безличные	s_5944e151318a.mp3	תָּלִיתִי עֵץ רֵיחַ בָּרֶכֶב.	талӣ́ти эц рéях ба-рéхев.	Я повесил ароматизатор-ёлочку в машине.	Существительные	עֵץ רֵיחַ
2403	FEMALE	Нейтральные / Безличные	s_bef4303b356e.mp3	לָבַשְׁתִּי כְּפָפוֹת גּוּמִי עָבוֹת.	лавáшти кфафóт гӯ́ми авóт.	Я надел плотные резиновые перчатки.	Существительные	כְּפָפַת גּוּמִי
2404	FEMALE	Нейтральные / Безличные	s_a7abe99e3534.mp3	נָעַלְתִּי מַגָּפֵי גּוּמִי גְּבוֹהִים.	наáльти магафéй гӯ́ми гвоhӣ́м.	Я надел высокие резиновые сапоги.	Существительные	מַגָּף גּוּמִי
2405	FEMALE	Нейтральные / Безличные	s_9a1e944c7dea.mp3	הָעוֹבֵד לוֹבֵשׁ סִינָר מָגֵן.	hа-овéд ловéш синáр магéн.	Работник носит защитный фартук.	Существительные	סִינָר מָגֵן
2406	FEMALE	Нейтральные / Безличные	s_b6889f1454ee.mp3	זֹאת מִבְרֶשֶׁת גַּ׳נְטִים מְיוּחֶדֶת.	зот миврéшет жáнтим меюхéдет.	Это специальная щётка для дисков.	Существительные	מִבְרֶשֶׁת גַּ׳נְטִים
2407	FEMALE	Нейтральные / Безличные	s_4e2c6ee887c2.mp3	חִבַּרְתִּי אֶת צִנּוֹר הַמַּיִם.	хибáрти эт цинóр hа-мáйим.	Я подключил водяной шланг.	Существительные	צִנּוֹר מַיִם
2408	FEMALE	Нейтральные / Безличные	s_0a22c6648aa3.mp3	הֶאֶקְדַּח שׁוֹטֵף בְּלַחַץ חָזָק.	hа-экдáх шотéф бе-лáхац хазáк.	Пистолет моет под сильным давлением.	Существительные	אֶקְדַּח לַחַץ
2409	FEMALE	Нейтральные / Безличные	s_9cc52682ec39.mp3	נִכְנַסְנוּ אֶל מִנְהֶרֶת שְׁטִיפָה.	нихнáсну эль минhéрет штифá.	Мы заехали в туннельную автомойку.	Существительные	מִנְהֶרֶת שְׁטִיפָה
2410	FEMALE	Нейтральные / Безличные	s_50cbfe4b1f41.mp3	מְיַבֵּשׁ פֶּן מְיַבֵּשׁ מַהֵר.	меябéш фен меябéш маhéр.	Фен-сушилка сушит быстро.	Существительные	מְיַבֵּשׁ פֶּן
2411	FEMALE	Нейтральные / Безличные	s_a9133876a39f.mp3	הִזְמַנְתִּי שְׁטִיפָה חִיצוֹנִית לָרֶכֶב.	hизмáнти штифá хицонӣ́т ла-рéхев.	Я заказал наружную мойку автомобиля.	Существительные	שְׁטִיפָה חִיצוֹנִית
2412	FEMALE	Нейтральные / Безличные	s_1119beb36b94.mp3	עָשִׂינוּ נִקּוּי פְּנִימִי שָׁלֵם.	асӣ́ну никӯ́й пнимӣ́ шалéм.	Мы сделали полную внутреннюю чистку.	Существительные	נִקּוּי פְּנִימִי
2413	FEMALE	Нейтральные / Безличные	s_c08373f86335.mp3	הָרֶכֶב עָבַר שְׁטִיפָה מַקִּיפָה.	hа-рéхев авáр штифá макифá.	Автомобиль прошёл комплексную мойку.	Существительные	שְׁטִיפָה מַקִּיפָה
2414	FEMALE	Нейтральные / Безличные	s_f043109f19db.mp3	נִקִּינוּ אֶת הַשִּׁמְשָׁה הַקִּדְמִית.	никӣ́ну эт hа-шимшá hа-кидмӣ́т.	Мы вымыли лобовое стекло.	Существительные	שִׁמְשָׁה קִדְמִית
2415	FEMALE	Нейтральные / Безличные	s_d5320066bf3a.mp3	הַשִּׁמְשָׁה הָאֲחוֹרִית נְקִיָּה כָּעֵת.	hа-шимшá hа-ахорӣ́т некийá ка'éт.	Заднее стекло сейчас чистое.	Существительные	שִׁמְשָׁה אֲחוֹרִית
2416	FEMALE	Нейтральные / Безличные	s_b9d57c093490.mp3	תִּסְגּוֹר אֶת חַלּוֹן הַצַּד.	тисгóр эт халóн hа-цад.	Закрой боковое окно.	Существительные	חַלּוֹן צַד
2417	FEMALE	Нейтральные / Безличные	s_defdc0c9bfed.mp3	קִפַּלְתִּי אֶת הַמַּרְאָה הַצְּדָדִית.	кипáльти эт hа-мар'á hа-цдадӣ́т.	Я сложил боковое зеркало.	Существительные	מַרְאָה צְדָדִית
2418	FEMALE	Нейтральные / Безличные	s_b913cf0ee336.mp3	שָׁאַבְנוּ אֶת שְׁטִיחֵי הָרֶכֶב.	ша'áвну эт штихéй hа-рéхев.	Мы пропылесосили автомобильные коврики.	Существительные	שָׁטִיחַ רֶכֶב
2419	FEMALE	Нейтральные / Безличные	s_e7235d010a5c.mp3	רָחַצְנוּ אֶת שְׁטִיחֵי הַגּוּמִי.	рахáцну эт штихéй hа-гӯ́ми.	Мы вымыли резиновые коврики.	Существительные	שָׁטִיחַ גּוּמִי
2420	FEMALE	Нейтральные / Безличные	s_5a0e8f0b317c.mp3	שְׁטִיחֵי בַּד דּוֹרְשִׁים שְׁאִיבָה.	штихéй бад доршӣ́м шеивá.	Тканевые коврики требуют чистки пылесосом.	Существительные	שָׁטִיחַ בַּד
2421	FEMALE	Нейтральные / Безличные	s_0cade08e685c.mp3	הָרִפּוּדִים בָּרֶכֶב נְקִיִּים מְאוֹד.	hа-рипудӣ́м ба-рéхев некийӣ́м меóд.	Обивка в машине очень чистая.	Существительные	רִפּוּד
2422	FEMALE	Нейтральные / Безличные	s_12cc40c811e0.mp3	נִקִּינוּ אֶת מוֹשְׁבֵי הָעוֹר.	никӣ́ну эт мошвéй hа-ор.	Мы очистили кожаные сиденья.	Существительные	מוֹשַׁב עוֹר
2423	FEMALE	Нейтральные / Безличные	s_855455fc8970.mp3	נִגַּבְתִּי אֶת הַדֶּשְׁבּוֹרְד הַיּוֹם.	нигáвти эт hа-дéшборд hайóм.	Я протёр приборную панель сегодня.	Существительные	דֶּשְׁבּוֹרְד
2424	FEMALE	Нейтральные / Безличные	s_d7151ffe143e.mp3	תָּא הַמִּטְעָן רֵיק וְנָקִי.	та hа-митъáн рек ве-накӣ́.	Багажник пустой и чистый.	Существительные	תָּא מִטְעָן
2425	FEMALE	Нейтральные / Безличные	s_5ce573c39b65.mp3	הַגַּ׳נְטִים מַבְרִיקִים מֵרֹב נִקָּיוֹן.	hа-жáнтим маврикӣ́м ме-рóв никайóн.	Диски блестят от чистоты.	Существительные	גַּ׳נְט
2426	FEMALE	Нейтральные / Безличные	s_2890866bc7c2.mp3	שָׁטַפְנוּ אֶת הַצְּמִיגִים הֵיטֵב.	шатáфну эт hа-цмигӣ́м hейтéв.	Мы хорошо помыли шины.	Существительные	צְמִיג
2427	FEMALE	Нейтральные / Безличные	s_a7684c46d96e.mp3	הַטֶּמְבּוֹר מְלוּכְלָךְ מְאוֹד כָּרֶגַע.	hа-тéмбор мелухлáх меóд карéга.	Бампер сейчас очень грязный.	Существительные	טֶמְבּוֹר
2428	FEMALE	Нейтральные / Безличные	s_aa814acf5ed4.mp3	פָּתַחְנוּ אֶת מִכְסֵה הַמָּנוֹעַ.	патáхну эт михсé hа-манóах.	Мы открыли капот.	Существительные	מִכְסֵה מָנוֹעַ
2429	FEMALE	Нейтральные / Безличные	s_05f7dc4b08b1.mp3	נִקִּינוּ אֶת גַּג הָרֶכֶב.	никӣ́ну эт гаг hа-рéхев.	Мы помыли крышу автомобиля.	Существительные	גַּג הָרֶכֶב
2430	FEMALE	Нейтральные / Безличные	s_8a3567bfc6a9.mp3	נִגַּבְנוּ אֶת סַף הַדֶּלֶת.	нигáвну эт саф hа-дéлет.	Мы вытерли дверной порог.	Существительные	סַף דֶּלֶת
2431	FEMALE	Нейтральные / Безличные	s_8699e113078a.mp3	עָשִׂינוּ פּוֹלִישׁ לַפָּנָסִים הַקִּדְמִיִּים.	асӣ́ну пóлиш ла-панасӣ́м hа-кидмийӣ́м.	Мы отполировали передние фары.	Существительные	פָּנָס
2432	FEMALE	Нейтральные / Безличные	s_fc79452447af.mp3	הֵסַרְנוּ אֶת כָּל הַפִּיחַ.	hесáрну эт коль hа-пӣ́ах.	Мы удалили всю копоть.	Существительные	פִּיחַ וְאָבָק
2433	FEMALE	Нейтральные / Безличные	s_976dd926779c.mp3	הָיָה לִכְלוּךְ קָשֶׁה מְאוֹד.	hайá лихлӯ́х кашé меóд.	Была очень сильная грязь.	Существительные	לִכְלוּךְ קָשֶׁה
2434	FEMALE	Нейтральные / Безличные	s_30620c66cc15.mp3	הַצִּפּוּי הַקֵּרָמִי מֵגֵן מְצוּיָן.	hа-ципӯ́й hа-керáми мегéн мецуян.	Керамическое покрытие отлично защищает.	Существительные	צִפּוּי קֵרָמִי
2435	FEMALE	Нейтральные / Безличные	s_422e3a5aeea5.mp3	עָשִׂינוּ דִיטֵיְילִינְג מִקְצוֹעִי לָרֶכֶב.	асӣ́נו дитéйлинг микцоӣ́ ла-рéхев.	Мы сделали профессиональный детейлинг автомобиля.	Существительные	דִיטֵיְילִינְג
2436	FEMALE	Нейтральные / Безличные	s_c42cb219879b.mp3	שָׁלוֹם, רַק שְׁטִיפָה חִיצוֹנִית?	шалóм, рак штифá хицонӣ́т?	Здравствуйте, только наружная мойка?	Существительные	שָׁלוֹם
2437	FEMALE	Нейтральные / Безличные	s_f77e38399ce9.mp3	נָא לְקַפֵּל אֶת הַמַּרְאוֹת.	на лекапéль эт hа-мар'óт.	Пожалуйста, сложите зеркала.	Существительные	נָא
2438	FEMALE	Нейтральные / Безличные	s_acbfa5f36ee4.mp3	תִּסְגּוֹר אֶת כָּל הַחַלּוֹנוֹת.	тисгóр эт коль hа-халонóт.	Закрой все окна.	Существительные	לִסְגּוֹר
2439	FEMALE	Нейтральные / Безличные	s_7ec0675a0530.mp3	יֵשׁ לָכֶם דְּבָרִים יְקָרִים?	йеш лахéм дварӣ́м йекарӣ́м?	У вас есть ценные вещи?	Существительные	יֵשׁ
2440	FEMALE	Нейтральные / Безличные	s_940e33f1b491.mp3	יֵשׁ כֶּתֶם עַל הָרִפּוּד.	йеш кéтем аль hа-рипӯ́д.	На обивке есть пятно.	Существительные	כֶּתֶם
2441	FEMALE	Нейтральные / Безличные	s_c97a75a67583.mp3	נָא לְהַמְתִּין בַּחֲדַר הַהַמְתָּנָה.	на леhамтӣ́н ба-хадáр hа-hамтанá.	Пожалуйста, подождите в комнате ожидания.	Существительные	נָא
2442	FEMALE	Нейтральные / Безличные	s_4bc63ba0a976.mp3	תִּפְתַּח אֶת תָּא הַמִּטְעָן.	тифтáх эт та hа-митъáн.	Открой багажник.	Существительные	לִפְתּוֹחַ
2443	FEMALE	Нейтральные / Безличные	s_f56cfd842ca2.mp3	הַמְּכוֹנִית שֶׁלְּךָ כְּבָר מוּכָנָה!	hа-мехонӣ́т шельхá квар муханá!	Твоя машина уже готова!	Существительные	מְכוֹנִית
2444	FEMALE	Нейтральные / Безличные	s_a16c98641602.mp3	הַשְּׁטִיפָה לוֹקַחַת עֶשְׂרִים דַּקּוֹת.	hа-штифá локáхат эсрӣ́м дакóт.	Мойка занимает двадцать минут.	Существительные	שְׁטִיפָה
2445	FEMALE	Нейтральные / Безличные	s_2bf594233474.mp3	תִּזָּהֵר, הָרִצְפָּה כָּאן רְטוּבָה.	тизаhéр, hа-рицпá кан ретувá.	Осторожно, пол здесь мокрый.	Существительные	לְהִזָּהֵר
2446	FEMALE	Нейтральные / Безличные	s_3f8b7b69243a.mp3	אֶפְשָׁר לְקַבֵּל כַּרְטִיס מָנוּי?	эфшáр лекабéль картӣ́с манӯ́й?	Можно получить карту постоянного клиента?	Существительные	אֶפְשָׁר
2447	FEMALE	Нейтральные / Безличные	s_fddb1eec017e.mp3	הַאִם לִשְׁאוֹב אֶת הַכִּסְּאוֹת?	hаи́м лиш'óв эт hа-кис'óт?	Пропылесосить сиденья?	Существительные	הַאִם
2448	FEMALE	Нейтральные / Безличные	s_3c969f511d6b.mp3	שְׁפוֹךְ חוֹמֶר עַל הַגַּ׳נְטִים.	шфох хóмер аль hа-жáнтим.	Налей средство на диски.	Существительные	לִשְׁפּוֹךְ
2449	FEMALE	Нейтральные / Безличные	s_264058fd219f.mp3	סַע קָדִימָה לְאַט מְאוֹד.	са кадӣ́ма ле'áт меóд.	Езжай вперёд очень медленно.	Существительные	לִנְסוֹעַ
2450	FEMALE	Нейтральные / Безличные	s_aec7dcd8b0db.mp3	נִקִּינוּ אֶת סִפֵּי הַדְּלָתוֹת.	никӣ́ну эт сипéй hа-длатóт.	Мы очистили дверные пороги.	Существительные	לְנַקּוֹת
2451	FEMALE	Нейтральные / Безличные	s_9ff9e316c46c.mp3	תִּבְדּוֹק אֶת הַתָּא הַצְּדָדִי.	тивдóк эт hа-та hа-цдадӣ́.	Проверь боковой карман.	Существительные	לִבְדּוֹק
2452	FEMALE	Нейтральные / Безличные	s_a6cb2f91d306.mp3	הַתַּשְׁלוּם מִתְבַּצֵּעַ בַּקּוּפָּה שָׁם.	hа-ташлӯ́м митбацéа ба-купá шам.	Оплата производится в кассе там.	Существительные	תַּשְׁלוּם
2453	FEMALE	Нейтральные / Безличные	s_03fe4f425fa9.mp3	נְסִיעָה טוֹבָה וּבְטוּחָה לְךָ!	несиá товá у-втухá лехá!	Хорошей и безопасной поездки тебе!	Существительные	נְסִיעָה
2454	FEMALE	Нейтральные / Безличные	s_6554186cede9.mp3	יֵשׁ לִי חֶדֶר גָּדוֹל.	йеш ли хéдер гадóль.	У меня большая комната.	Прилагательные	גָּדוֹל
2455	FEMALE	Нейтральные / Безличные	s_e577811bf356.mp3	יִשְׂרָאֵל מְדִינָה קְטַנָּה מְאֹד.	Исраэ́ль мединá ктанá меóд.	Израиль — очень маленькая страна.	Прилагательные	קָטָן
2456	FEMALE	Нейтральные / Безличные	s_ecf259d0a3e3.mp3	הַיּוֹם יוֹם טוֹב לְכוּלָּם.	hа-йом йом тов ле-хулáм.	Сегодня хороший день для всех.	Прилагательные	טוֹב
2457	MALE	3-е лицо м.р. (הוא / דוד)	s_f200c6f70ee7.mp3	דָּוִד קוֹנֶה בַּיִת חָדָשׁ.	Давӣд конé бáит хадáш.	Давид покупает новый дом.	Прилагательные	חָדָשׁ
2458	FEMALE	Нейтральные / Безличные	s_3051ba722b65.mp3	תֵּל אָבִיב עִיר יָפָה מְאֹד.	Тель Авӣв ир яфá меóд.	Тель-Авив — очень красивый город.	Прилагательные	יָפֶה
2459	MALE	1-е лицо м.р. (אני רוצה)	s_de9f020ed38d.mp3	אֲנִי רוֹצֶה תֵּה חַם.	анӣ роцэ́ тэ хам.	Я хочу горячий чай.	Прилагательные	חַם
2460	FEMALE	Женская форма (адаптация 1/2 л.)	s_de9f020ed38d_f.mp3	אֲנִי רוֹצָה תֵּה חַם.	анӣ роца́ тэ хам.	Я хочу горячий чай.	Прилагательные	חַם
2461	FEMALE	Нейтральные / Безличные	s_c8f6720fa6a8.mp3	יֵשׁ פֹּה מַיִם קָרִים.	йеш по мáйим карӣ́м.	Здесь есть холодная вода.	Прилагательные	קַר
2462	FEMALE	Нейтральные / Безличные	s_52150417b503.mp3	הָעוּגָה הַזֹּאת טְעִימָה מְאֹד.	hа-угá hа-зот теимá меóд.	Этот пирог очень вкусный.	Прилагательные	טָעִים
2463	FEMALE	3-е лицо ж.р. (היא / שרה)	s_6d41aec4e614.mp3	הַמּוֹרֶה הַזֶּה נֶחְמָד מְאֹד.	hа-морé hа-зэ нехмáд меóд.	Этот учитель очень приятный.	Прилагательные	נֶחְמָד
2464	FEMALE	Нейтральные / Безличные	s_777f822ee1c7.mp3	הַלֶּחֶם הַזֶּה טָרִי מְאֹד.	hа-лéхем hа-зэ тарӣ́ меóд.	Этот хлеб очень свежий.	Прилагательные	טָרִי
2465	FEMALE	Нейтральные / Безличные	s_fa7e48d297f8.mp3	הַתַּפּוּזִים פֹּה יְקָרִים מְאֹד.	hа-тапузӣ́м по йекарӣ́м меóд.	Апельсины здесь очень дорогие.	Прилагательные	יָקָר
2466	FEMALE	Нейтральные / Безличные	s_326488f8a716.mp3	הָעַגְבָנִיּוֹת בַּשּׁוּק זוֹלוֹת מְאֹד.	hа-агванийóт ба-шук золóт меóд.	Помидоры на рынке очень дешёвые.	Прилагательные	זוֹל
2467	FEMALE	Нейтральные / Безличные	s_a7c4e8ecddc9.mp3	הַמָּרָק הַזֶּה חָרִיף מְאֹד.	hа-марáк hа-зэ харӣ́ф меóд.	Этот суп очень острый.	Прилагательные	חָרִיף
2468	FEMALE	Нейтральные / Безличные	s_5fc4ff9ddc12.mp3	הַיּוֹם מֶזֶג אֲוִיר נָעִים.	hа-йом мéзег авӣр наӣ́м.	Сегодня приятная погода.	Прилагательные	נָעִים
2469	FEMALE	3-е лицо ж.р. (היא / שרה)	s_1421bdfa8082.mp3	הִיא לוֹבֶשֶׁת שִׂמְלָה אֲדוּמָּה.	hи ловéшет симлá адумá.	Она носит красное платье.	Прилагательные	אָדוֹם
2470	FEMALE	Нейтральные / Безличные	s_2d0b0081421f.mp3	דָּנָה קוֹנָה חוּלְצָה כְּחוּלָּה.	Дáна конá хульцá кхулá.	Дана покупает синюю рубашку.	Прилагательные	כָּחוֹל
2471	FEMALE	Нейтральные / Безличные	s_e7dd1f09f4cd.mp3	יֵשׁ לִי רֶכֶב לָבָן.	йеш ли рéхев лавáн.	У меня белая машина.	Прилагательные	לָבָן
2472	MALE	3-е лицо м.р. (הוא / דוד)	s_88d335084c76.mp3	הוּא שׁוֹתֶה קָפֶה שָׁחוֹר.	hу шотé кафэ́ шахóр.	Он пьёт чёрный кофе.	Прилагательные	שָׁחוֹר
2473	MALE	3-е лицо м.р. (הוא / דוד)	s_478c20a63652.mp3	הַיֶּלֶד חוֹלֶה הַיּוֹם בַּבַּיִת.	hа-йéлед холé hайóм ба-бáит.	Мальчик сегодня болеет дома.	Прилагательные	חוֹלֶה
2474	MALE	1-е лицо м.р. (אני רוצה)	s_2f9bc1566f0d.mp3	אֲנִי רוֹצֶה אוֹכֶל בָּרִיא.	анӣ роцэ́ óхель барӣ́.	Я хочу здоровую еду.	Прилагательные	בָּרִיא
2475	FEMALE	Женская форма (адаптация 1/2 л.)	s_2f9bc1566f0d_f.mp3	אֲנִי רוֹצָה אוֹכֶל בָּרִיא.	анӣ роца́ óхель барӣ́.	Я хочу здоровую еду.	Прилагательные	בָּרִיא
2476	MALE	3-е лицо м.р. (הוא / דוד)	s_1f5a6dfb3957.mp3	דָּוִד שָׂמֵחַ מְאֹד הַיּוֹם.	Давӣд самéах меóд hайóм.	Давид сегодня очень рад.	Прилагательные	שָׂמֵחַ
2477	FEMALE	Нейтральные / Безличные	s_aea153a232d8.mp3	הָאִישׁ גָּבוֹהַּ מְאוֹד.	hа-и́ш гавóаh меóд.	Этот мужчина очень высокий.	Прилагательные	גָּבוֹהַּ
2478	FEMALE	Нейтральные / Безличные	s_a7d537eb7bb0.mp3	הַמִּיטָה נְמוּכָה מְאוֹד.	hа-митá нмухá меóд.	Кровать очень низкая.	Прилагательные	נָמוּךְ
2479	MALE	3-е лицо м.р. (הוא / דוד)	s_c3b703fed5b7.mp3	הַיֶּלֶד חָכָם מְאוֹד.	hа-éлед хахáм меóд.	Мальчик очень умный.	Прилагательные	חָכָם
2480	FEMALE	3-е лицо ж.р. (היא / שרה)	s_351ed5a45b06.mp3	הִיא אִישָׁה צְעִירָה.	hи́ ишá цеирá.	Она молодая женщина.	Прилагательные	צָעִיר
2481	FEMALE	Нейтральные / Безличные	s_0036d371a132.mp3	הַשּׁוּלְחָן יָשָׁן מְאוֹד.	hа-шульхáн яшáн меóд.	Стол очень старый.	Прилагательные	יָשָׁן
2482	FEMALE	Нейтральные / Безличные	s_c54ee7730150.mp3	הַמִּטְבָּח נְקִיָּה תָּמִיד.	hа-митбáх нкия́ тами́д.	Кухня всегда чистая.	Прилагательные	נָקִי
2483	FEMALE	Нейтральные / Безличные	s_2186126dd94d.mp3	הַדִּירָה מְרוּהֶטֶת יָפֶה.	hа-дирá меруhэ́тет яфэ́.	Квартира красиво меблирована.	Прилагательные	מְרוּהָט
2484	FEMALE	Нейтральные / Безличные	s_968e751aedaa.mp3	הַשָּׁכֵן שָׁקֵט הַיּוֹם.	hа-шахэ́н шакэ́т hайо́м.	Сосед сегодня тихий.	Прилагательные	שָׁקֵט
2485	FEMALE	Нейтральные / Безличные	s_b39abb244f02.mp3	הַסֶּרֶט מְאוֹד רוֹמַנְטִי.	hа-сэ́рет меóд романти́.	Фильм очень романтичный.	Прилагательные	רוֹמַנְטִי
2486	FEMALE	Нейтральные / Безличные	s_dd668bf135e2.mp3	הַהַרְצָאָה מְעַנְיֶנֶת מְאוֹד.	hа-hарцаá меанйэ́нет меóд.	Лекция очень интересная.	Прилагательные	מְעַנְיֵן
2487	FEMALE	Нейтральные / Безличные	s_7c3de9a14191.mp3	הַסֵּפֶר הַזֶּה מְשַׁעְמֵם.	hа-сэ́фер hазэ́ мешаммэ́м.	Эта книга скучная.	Прилагательные	מְשַׁעְמֵם
2488	FEMALE	Нейтральные / Безличные	s_2d396565386d.mp3	הַבֵּיצָה מְבוּשֶּׁלֶת טוֹב.	hа-бейцá мевушшэ́лет тов.	Яйцо хорошо сварено.	Прилагательные	מְבוּשָּׁל
2489	FEMALE	Нейтральные / Безличные	s_c3ddcd53778c.mp3	הַסֶּרֶט הָיָה מְצוּיָן.	hа-сэ́рет hайá мецуйа́н.	Фильм был отличный.	Прилагательные	מְצוּיָן
2490	MALE	1-е лицо м.р. (אני רוצה)	s_fe7a045a3777.mp3	אֲנִי עָסוּק הַיּוֹם.	ани́ ъасу́к hайо́м.	Я сегодня занят.	Прилагательные	עָסוּק
2491	FEMALE	3-е лицо ж.р. (היא / שרה)	s_15d5201a6e2a.mp3	הִיא זְמִינָה מָחָר.	hи́ змина́ махáр.	Она свободна завтра.	Прилагательные	זָמִין
2492	FEMALE	Нейтральные / Безличные	s_cf3134b8bfb4.mp3	זֶה מִכְתָּב רַשְׁמִי.	зэ михта́в рашми́.	Это официальное письмо.	Прилагательные	רַשְׁמִי
2493	MALE	1-е лицо м.р. (אני רוצה)	s_380f46425971.mp3	אֲנִי בָּטוּחַ בָּזֶה.	ани́ батýах базэ́.	Я уверен в этом.	Прилагательные	בָּטוּחַ
2494	FEMALE	Нейтральные / Безличные	s_4389410d7e31.mp3	הַבַּנְק סָגוּר הַיּוֹם.	hа-банк сагýр hа-йом.	Банк сегодня закрыт.	Прилагательные	סָגוּר
2495	FEMALE	Нейтральные / Безличные	s_92134eb23a01.mp3	הַחֶדֶר שֶׁלִּי מְסוּדָּר.	hа-хéдер шелӣ мэсудáр.	Моя комната прибрана.	Прилагательные	מְסוּדָּר
2496	FEMALE	Нейтральные / Безличные	s_c35635f65385.mp3	הַחֶשְׁבּוֹן כְּבָר מְשׁוּלָּם.	hа-хежбóн квар мэшулáм.	Счёт уже оплачен.	Прилагательные	מְשׁוּלָּם
2497	MALE	2-е лицо м.р. (אתה יודע)	s_4d742e5ce22a.mp3	אַתָּה תָּמִיד מוּזְמָן אֵלֵינוּ.	атá тамӣ́д музмáн элéйну.	Ты всегда приглашён к нам.	Прилагательные	מוּזְמָן
2498	FEMALE	Женская форма (адаптация 1/2 л.)	s_4d742e5ce22a_f.mp3	אַתְּ תָּמִיד מוּזְמָן אֵלֵינוּ.	ат тамӣ́д музмáн элéйну.	Ты всегда приглашён к нам.	Прилагательные	מוּזְמָן
2499	FEMALE	Нейтральные / Безличные	s_7fb1162a96fb.mp3	הַקּוֹר מוּרְגָּשׁ הַיּוֹם.	hа-кор мургáш hа-йом.	Холод ощутим сегодня.	Прилагательные	מוּרְגָּשׁ
2500	MALE	3-е лицо м.р. (הוא / דוד)	s_46711cf9c2cb.mp3	הוּא סוֹפֵר מְפוּרְסָם מְאֹד.	hу софéр мэфурсáм меóд.	Он очень известный писатель.	Прилагательные	מְפוּרְסָם
2501	MALE	3-е лицо м.р. (הוא / דוד)	s_72035d8dea5a.mp3	הוּא הָיָה מוּפְתָּע מְאֹד.	hу hайá муфтá меóд.	Он был очень удивлён.	Прилагательные	מוּפְתָּע
2502	FEMALE	Нейтральные / Безличные	s_c198a2bf00ac.mp3	הַמּוּצָר הַזֶּה פָּגוּם.	hа-муцáр hа-зэ́ пагýм.	Этот товар бракованный.	Прилагательные	פָּגוּם
2503	FEMALE	Нейтральные / Безличные	s_ccd211375de1.mp3	הַחוֹזֶה הַזֶּה חוּקִּי לְגַמְרֵי.	hа-хозэ́ hа-зэ́ хукӣ́ лэгамрéй.	Этот договор полностью законный.	Прилагательные	חוּקִּי
2504	FEMALE	Нейтральные / Безличные	s_0bcd6cd08bb6.mp3	זֶה רַעְיוֹן מְאוֹד הֶגְיוֹנִי.	зэ раайóн мэóд hэгйонӣ́.	Это очень логичная идея.	Прилагательные	הֶגְיוֹנִי
2505	FEMALE	Нейтральные / Безличные	s_c621cae1507f.mp3	הַקּוֹבֶץ הַזֶּה מְצוֹרָף לַמִּכְתָּב.	hа-кóвец hа-зэ́ мэцорáф ла-михтáв.	Этот файл приложен к письму.	Прилагательные	מְצוֹרָף
2506	FEMALE	Нейтральные / Безличные	s_84fd28681a42.mp3	הַחֶדֶר הַזֶּה מְרוֹהָט.	hа-хéдер hа-зэ мероháт.	Эта комната меблирована.	Прилагательные	מְרוֹהָט
2507	FEMALE	Нейтральные / Безличные	s_e30a5ebf22cc.mp3	זֶה סֵפֶר מְעַנְיֵן מְאֹד.	зэ сéфер меаньéн меóд.	Это очень интересная книга.	Прилагательные	מְעַנְיֵן
2508	FEMALE	Нейтральные / Безличные	s_7c7325ca3aad.mp3	הַסֶּרֶט הַזֶּה מַצְחִיק מְאֹד.	hа-сéрет hа-зэ мацхӣ́к меóд.	Этот фильм очень смешной.	Прилагательные	מַצְחִיק
2509	FEMALE	Нейтральные / Безличные	s_649f324dafae.mp3	זֶה אוֹטוֹבּוּס יָשִׁיר לִירוּשָׁלַיִם.	зэ отóбус яшӣ́р ли-рушалáйим.	Это прямой автобус в Иерусалим.	Прилагательные	יָשִׁיר
2510	FEMALE	Нейтральные / Безличные	s_7929e95d7605.mp3	זֶה הַשִּׁעוּר הָרִאשׁוֹן שֶׁלִּי.	зэ hа-шиӯ́р hа-ришóн шелӣ́.	Это мой первый урок.	Прилагательные	רִאשׁוֹן
2511	FEMALE	Нейтральные / Безличные	s_75ad8e32cf1f.mp3	זֶה הַשִּׁעוּר הַשֵּׁנִי שֶׁלָּנוּ.	зэ hа-шиӯ́р hа-шенӣ́ шелáну.	Это наш второй урок.	Прилагательные	שֵׁנִי
2512	FEMALE	Нейтральные / Безличные	s_e5577cd1446b.mp3	זֶה הַשִּׁעוּר הַשְּׁלִישִׁי שֶׁלָּנוּ.	зэ hа-шиу́р hа-шлишӣ́ шелáну.	Это наш третий урок.	Прилагательные	שְׁלִישִׁי
2513	FEMALE	Нейтральные / Безличные	s_aef5785fc8a6.mp3	זֶה הַחֶדֶר הָרְבִיעִי בַּבַּיִת.	зэ hа-хéдер hа-ревиӣ́ ба-бáит.	Это четвертая комната в доме.	Прилагательные	רְבִיעִי
2514	FEMALE	Нейтральные / Безличные	s_4749bc047a1f.mp3	זֶה הַסֵּפֶר הַחֲמִישִׁי שֶׁלּוֹ.	зэ hа-сéфер hа-хамишӣ́ шелó.	Это его пятая книга.	Прилагательные	חֲמִישִׁי
2515	FEMALE	Нейтральные / Безличные	s_c46bf8537d80.mp3	זֶה הָאוֹטוֹבּוּס הָאַחֲרוֹן הַיּוֹם.	зэ hа-отóбус hа-ахарóн hайóм.	Это последний автобус сегодня.	Прилагательные	אַחֲרוֹן
2516	FEMALE	Нейтральные / Безличные	s_7631ddc61fe6.mp3	הַסֶּרֶט הַזֶּה מְרַתֵּק מְאוֹד.	hа-сéрет hа-зэ́ мератэ́к меóд.	Этот фильм очень увлекательный.	Прилагательные	מְרַתֵּק
2517	FEMALE	Нейтральные / Безличные	s_72a900bc0b06.mp3	הַחֲתוּל הַזֶּה חָמוּד מְאוֹד.	hа-хатӯ́ль hа-зэ́ хамӯ́д меóд.	Этот кот очень милый.	Прилагательные	חָמוּד
2518	FEMALE	Нейтральные / Безличные	s_62be108cf8bf.mp3	הָיָה לִי יוֹם קָשֶׁה.	hайá ли йом кашэ́.	У меня был тяжелый день.	Прилагательные	קָשֶׁה
2519	FEMALE	Нейтральные / Безличные	s_4a531dab244b.mp3	זֶה הָיָה מִבְחָן קַל.	зэ hайá мивхáн каль.	Это был легкий экзамен.	Прилагательные	קַל
2520	FEMALE	Нейтральные / Безличные	s_2dff0ebb6a91.mp3	זֶה שִׁעוּר חָשׁוּב מְאֹד.	зэ шиӯ́р хашӯ́в меóд.	Это очень важный урок.	Прилагательные	חָשׁוּב
2521	FEMALE	Нейтральные / Безличные	s_6ab1847c8926.mp3	הַבֶּגֶד הַזֶּה מְלוּכְלָךְ מְאֹד.	hа-бéгед hа-зэ мелухлáх меóд.	Эта одежда очень грязная.	Прилагательные	מְלוּכְלָךְ
2522	FEMALE	Нейтральные / Безличные	s_98d316a23a5f.mp3	הַכִּסֵּא הַזֶּה נוֹחַ מְאֹד.	hа-кисэ́ hа-зэ нóах меóд.	Этот стул очень удобный.	Прилагательные	נוֹחַ
2523	FEMALE	Нейтральные / Безличные	s_9739ea1c4d1c.mp3	הַבָּחוּר הַזֶּה מְאוֹד רָזֶה.	hа-бахӯ́р hа-зэ́ меóд разэ́.	Этот парень очень худой.	Прилагательные	רָזֶה
2524	FEMALE	Нейтральные / Безличные	s_34f86ba55f6c.mp3	יֵשׁ לָנוּ חָתוּל שָׁמֵן.	йеш лáну хатӯ́ль шамéн.	У нас есть толстый кот.	Прилагательные	שָׁמֵן
2525	FEMALE	Нейтральные / Безличные	s_257213b370f0.mp3	סַבָּא שֶׁלִּי כְּבָר זָקֵן.	сáба шелӣ́ квар закéн.	Мой дедушка уже старый.	Прилагательные	זָקֵן
2526	MALE	2-е лицо м.р. (אתה יודע)	s_5b9009e319fd.mp3	לָמָּה אַתָּה עָצוּב הַיּוֹם?	лáма атá ацӯ́в hайóм?	Почему ты сегодня грустный?	Прилагательные	עָצוּב
2527	FEMALE	Женская форма (адаптация 1/2 л.)	s_5b9009e319fd_f.mp3	לָמָּה אַתְּ עָצוּב הַיּוֹם?	лáма ат ацӯ́в hайóм?	Почему ты сегодня грустный?	Прилагательные	עָצוּב
2528	FEMALE	Нейтральные / Безличные	s_18ab392752b1.mp3	הַיָּד שֶׁלִּי כּוֹאֶבֶת מְאוֹד.	hа-яд шелӣ́ коэ́вет меóд.	Моя рука очень болит.	Прилагательные	כּוֹאֶבֶת
2529	MALE	3-е лицо м.р. (הוא / דוד)	s_7d0eae746673.mp3	הוּא עָיֵף מְאוֹד הַיּוֹם.	hу айéф меóд hа-йом.	Он сегодня очень устал.	Прилагательные	עָיֵף
2530	FEMALE	3-е лицо ж.р. (היא / שרה)	s_ecf56468d557.mp3	הִיא עֲיֵפָה אַחֲרֵי הָעֲבוֹדָה.	hи айефá ахарéй hа-аводá.	Она устала после работы.	Прилагательные	עֲיֵפָה
2531	FEMALE	Нейтральные / Безличные	s_828a10267cbb.mp3	זֶה מִסְמָךְ סוֹדִי וְחָסוּי.	зэ мисмáх содӣ́ ве-хасӯ́й.	Это секретный и конфиденциальный документ.	Прилагательные	חָסוּי
2532	FEMALE	Нейтральные / Безличные	s_c27b7f5b63dd.mp3	הַסֵּפֶר הַזֶּה שֶׁלִּי.	hа-сéфер hа-зэ шелӣ́.	Эта книга — моя.	Предлоги	שֶׁלִּי
2533	MALE	2-е лицо м.р. (אתה יודע)	s_f0b76486d44c.mp3	אַתָּה רוֹצֶה לָלֶכֶת אִתִּי?	атá роцэ́ лалéхет итӣ́?	Ты хочешь пойти со мной?	Предлоги	אִתִּי
2534	FEMALE	Женская форма (адаптация 1/2 л.)	s_f0b76486d44c_f.mp3	אַתְּ רוֹצָה לָלֶכֶת אִתִּי?	ат роца́ лалéхет итӣ́?	Ты хочешь пойти со мной?	Предлоги	אִתִּי
2535	FEMALE	Нейтральные / Безличные	s_1522784e7a59.mp3	יֵשׁ לִי שְׁאֵלָה אַחַת.	йеш ли шеэлá ахáт.	У меня есть один вопрос.	Предлоги	לִי
2536	MALE	2-е лицо м.р. (אתה יודע)	s_7aa848e2f709.mp3	אַתָּה שׁוֹמֵעַ אוֹתִי טוֹב?	атá шомéа отӣ́ тов?	Ты хорошо меня слышишь?	Предлоги	אוֹתִי
2537	FEMALE	Женская форма (адаптация 1/2 л.)	s_7aa848e2f709_f.mp3	אַתְּ שׁוֹמַעַת אוֹתִי טוֹבָה?	ат шома́ат отӣ́ това́?	Ты хорошо меня слышишь?	Предлоги	אוֹתִי
2538	MALE	3-е лицо м.р. (הוא / דוד)	s_f58cba375131.mp3	דָּוִד יוֹשֵׁב לְיָדִי בָּאוּלְפָּן.	Давӣд йошéв ле-ядӣ́ ба-ульпáн.	Давид сидит рядом со мной в ульпане.	Предлоги	לְיַד
2539	MALE	1-е лицо м.р. (אני רוצה)	s_2a459d7f3ebc.mp3	אֲנִי אוֹהֵב אֶת יִשְׂרָאֵל.	анӣ оhéв эт Исраэ́ль.	Я люблю Израиль.	Предлоги	אֶת
2540	FEMALE	Женская форма (адаптация 1/2 л.)	s_2a459d7f3ebc_f.mp3	אֲנִי אוֹהֶבֶת אֶת יִשְׂרָאֵל.	анӣ оhе́вет эт Исраэ́ль.	Я люблю Израиль.	Предлоги	אֶת
2541	MALE	1-е лицо м.р. (אני רוצה)	s_0e9628127d31.mp3	אֲנִי מְאַחֵר בִּגְלַל הַפְּקָק.	анӣ меахéр биглáль hа-пкáк.	Я опаздываю из-за пробки.	Предлоги	בִּגְלַל
2542	FEMALE	Женская форма (адаптация 1/2 л.)	s_0e9628127d31_f.mp3	אֲנִי מְאַחֶרֶת בִּגְלַל הַפְּקָק.	анӣ меахе́рет биглáль hа-пкáк.	Я опаздываю из-за пробки.	Предлоги	בִּגְלַל
2543	FEMALE	Нейтральные / Безличные	s_95d232a7070f.mp3	זֶה מִכְתָּב לִכְבוֹד הַמְּנַהֵל.	зэ михтáв лихвóд hа-менаhéль.	Это письмо в адрес директора.	Предлоги	לִכְבוֹד
2544	MALE	3-е лицо м.р. (הוא / דוד)	s_1f41ed48cb0b.mp3	הוּא הוֹלֵךְ אֶל הַבַּיִת.	hу hолéх эль hабáит.	Он идёт к дому.	Предлоги	אל
2545	MALE	3-е лицо м.р. (הוא / דוד)	s_a9e5c6ec20d8.mp3	הוּא שׂוֹחֶה כְּמוֹ דָּג.	hу сохэ́ кмо даг.	Он плавает как рыба.	Предлоги	כמו
2546	FEMALE	Нейтральные / Безличные	s_cdbaa49366c0.mp3	לְדִבְרֵי הָרוֹפֵא, הַכֹּל בְּסֵדֶר.	ледиврéй hа-рофэ́, hа-кóль бэ-сэ́дер.	По словам врача, всё в порядке.	Предлоги	לדברי
2547	FEMALE	Нейтральные / Безличные	s_c04fc65caf4b.mp3	אֲנַחְנוּ הוֹלְכִים לְטִיפַּת חָלָב.	анáхну hольхӣм ле-типáт халáв.	Мы идём в детскую консультацию.	Мамы в Израиле	טִיפַּת חָלָב
2548	FEMALE	Нейтральные / Безличные	s_63486cc9984a.mp3	הַתִּינוֹק יָשֵׁן בַּמִּטָּה.	hа-тинóк яшéн ба-митá.	Малыш спит в кроватке.	Мамы в Израиле	תִּינוֹק
2549	FEMALE	Нейтральные / Безличные	s_762ab08947e4.mp3	הַיּוֹם יֵשׁ לַתִּינוֹק חִיסּוּן.	hайóм йеш ла-тинóк хисӯн.	Сегодня у малыша прививка.	Мамы в Израиле	חִיסּוּן
2550	FEMALE	Нейтральные / Безличные	s_50789cd1649c.mp3	מָה הַמִּשְׁקָל שֶׁל הַיֶּלֶד?	ма hа-мишкáль шель hайéлед?	Каков вес ребёнка?	Мамы в Израиле	מִשְׁקָל
2551	FEMALE	Нейтральные / Безличные	s_2704764a89d4.mp3	הַגּוֹבַהּ שֶׁלּוֹ מְצוּיָּן.	hа-гóва шелó мецуйáн.	Его рост отличный.	Мамы в Израиле	גּוֹבַהּ
2552	FEMALE	Нейтральные / Безличные	s_31d7b63df9a0.mp3	צָרִיךְ לְהַחְלִיף לוֹ חִיתּוּל.	царӣх ле-hахлӣф ло хитӯль.	Нужно поменять ему подгузник.	Мамы в Израиле	חִיתּוּל
2553	FEMALE	Нейтральные / Безличные	s_e1b587661b36.mp3	אֵיפֹה הַמּוֹצֵץ שֶׁל הַתִּינוֹק?	éйфо hа-моцéц шель hа-тинóк?	Где соска малыша?	Мамы в Израиле	מוֹצֵץ
2554	FEMALE	Нейтральные / Безличные	tinok_bakbuk_google_tts.mp3	הַתִּינוֹק שׁוֹתֶה מֵהַבַּקְבּוּק.	hа-тинóк шотé ме-hа-бакбӯк.	Малыш пьёт из бутылочки.	Мамы в Израиле	בַּקְבּוּק
2555	FEMALE	Нейтральные / Безличные	s_875ce64b2ff4.mp3	הַהַנְקָה חֲשׁוּבָה לַתִּינוֹק.	hа-hанкá хашувá ла-тинóк.	Грудное вскармливание важно для малыша.	Мамы в Израиле	הַנְקָה
2556	FEMALE	Нейтральные / Безличные	s_9ae4ec1590ee.mp3	הַבַּקְבּוּק עִם מָטֶרְנָה מוּכָן.	hа-бакбӯк им матéрна мухáн.	Бутылочка со смесью готова.	Мамы в Израиле	מָטֶרְנָה
2557	FEMALE	Нейтральные / Безличные	s_a475370eeff9.mp3	הָעֲגָלָה שֶׁל הַתִּינוֹק כְּבֵדָה.	hа-агалá шель hа-тинóк кведá.	Коляска малыша тяжёлая.	Мамы в Израиле	עֲגָלָה
2558	FEMALE	Нейтральные / Безличные	s_8b8c86ec2baa.mp3	הַתִּינוֹק נִמְצָא בַּמִּנְשָׂא.	hа-тинóк нимцá ба-минсá.	Малыш находится в слинге.	Мамы в Израиле	מִנְשָׂא
2559	FEMALE	Нейтральные / Безличные	s_58352ce0f037.mp3	שִׂים לַיֶּלֶד סִינָר.	сим ла-йéлед синáр.	Надень ребёнку слюнявчик.	Мамы в Израиле	סִינָר
2560	FEMALE	Нейтральные / Безличные	s_37c8e1e72688.mp3	תָּבִיא לִי אֶת הַמַּדְחוֹם.	тавӣ ли эт hа-мадхóм.	Принеси мне градусник.	Мамы в Израиле	מַדְחוֹם
2561	FEMALE	Нейтральные / Безличные	s_2fbbd44d9e20.mp3	יֵשׁ לַיֶּלֶד חוֹם גָּבוֹהַּ.	йеш ла-йéлед хом гавóа.	У ребёнка высокая температура.	Мамы в Израиле	חוֹם
2562	FEMALE	Нейтральные / Безличные	s_777b51538467.mp3	יֵשׁ לוֹ שִׁיעוּל לַח מְאוֹד.	йеш ло шиӯль лах меóд.	У него очень влажный кашель.	Мамы в Израиле	שִׁיעוּל
2563	FEMALE	Нейтральные / Безличные	s_4660b711c2eb.mp3	יֵשׁ לַיֶּלֶד הַרְבֵּה נַזֶּלֶת.	йеш ла-йéлед hарбé назéлет.	У ребёнка сильный насморк.	Мамы в Израиле	נַזֶּלֶת
2564	FEMALE	Нейтральные / Безличные	s_114aa0469d16.mp3	יֵשׁ לָהּ דַּלֶּקֶת אָזְנַיִם.	йеш ла далéкет ознáим.	У неё воспаление уха (отит).	Мамы в Израиле	דַּלֶּקֶת אָזְנַיִם
2565	FEMALE	Нейтральные / Безличные	s_3fa5bbd3cfed.mp3	הָרוֹפֵא בּוֹדֵק דַּלֶּקֶת גָּרוֹן.	hа-рофé бодéк далéкет гарóн.	Врач проверяет воспаление горла.	Мамы в Израиле	דַּלֶּקֶת גָּרוֹן
2566	FEMALE	Нейтральные / Безличные	s_49a72ad7d505.mp3	הָרוֹפֵא נוֹתֵן אִישׁוּר מַחֲלָה.	hа-рофé нотéн ишӯр махалá.	Врач даёт справку о болезни.	Мамы в Израиле	אִישׁוּר מַחֲלָה
2567	MALE	1-е лицо м.р. (אני רוצה)	s_3cbbad7fc65c.mp3	אֲנִי צְרִיכָה תּוֹר דָּחוּף.	анӣ црихá тор дахӯф.	Мне нужна срочная очередь.	Мамы в Израиле	תּוֹר דָּחוּף
2568	MALE	1-е лицо м.р. (אני רוצה)	s_2d5bdf45d444.mp3	אֲנִי הוֹלֶכֶת לְבֵית מִרְקַחַת.	анӣ hолéхет ле-вéйт меркáхат.	Я иду в аптеку.	Мамы в Израиле	בֵּית מִרְקַחַת
2569	MALE	3-е лицо м.р. (הוא / דוד)	s_b9ed15db09af.mp3	הַיֶּלֶד צָרִיךְ לִשְׁתּוֹת תְּרוּפָה.	hайéлед царӣх лишто́т труфá.	Ребёнок должен выпить лекарство.	Мамы в Израиле	תְּרוּפָה
2570	FEMALE	Нейтральные / Безличные	s_bd5a68f75669.mp3	יֵשׁ לִי מִרְשָׁם מֵהָרוֹפֵא.	йеш ли миршáм ме-hа-рофé.	У меня есть рецепт от врача.	Мамы в Израиле	מִרְשָׁם
2571	MALE	3-е лицо м.р. (הוא / דוד)	s_369e880ba198.mp3	הַיֶּלֶד שׁוֹתֶה סִירוֹפּ מָתוֹק.	hайéлед шотé сирóп матóк.	Ребёнок пьёт сладкий сироп.	Мамы в Израиле	סִירוֹפּ
2572	FEMALE	Нейтральные / Безличные	s_70ab7adc961f.mp3	מָה הַמִּינּוּן לְפִי מִשְׁקָל?	ма hа-минӯн лефӣ мишкáль?	Какова дозировка по весу?	Мамы в Израиле	מִינּוּן
2573	FEMALE	Нейтральные / Безличные	s_10818fe8b7b5.mp3	שִׂים פְּלַסְטֶר עַל הַמַּכָּה.	сим плáстер аль hа-макá.	Наклей пластырь на ссадину.	Мамы в Израиле	פְּלַסְטֶר
2574	FEMALE	Нейтральные / Безличные	s_2ac2f8e82ac0.mp3	תִּמְרַח אֶת הַמִּשְׁחָה בִּזְהִירוּת.	тимрáх эт hа-мишхá бизhирӯт.	Намажь мазь осторожно.	Мамы в Израиле	מִשְׁחָה
2575	FEMALE	Нейтральные / Безличные	s_cb3ba63b8447.mp3	הַתִּינוֹק הוֹלֵךְ לַמָּעוֹן.	hа-тинóк hолéх ла-маóн.	Малыш идёт в ясли.	Мамы в Израиле	מָעוֹן
2576	FEMALE	Нейтральные / Безличные	s_d4e8c96b4c69.mp3	הַגַּנֶּנֶת מְדַבֶּרֶת עִם הַהוֹרִים.	hа-ганéнет медабéрет им hа-hорӣм.	Воспитательница говорит с родителями.	Мамы в Израиле	גַּנֶּנֶת
2577	FEMALE	Нейтральные / Безличные	s_f7e76f15f0fc.mp3	הַסַּיַּעַת עוֹזֶרֶת לַיְלָדִים בַּגַּן.	hа-сайáат озéрет ла-йеладӣм ба-ган.	Помощница помогает детям в саду.	Мамы в Израиле	סַיַּעַת
2578	MALE	3-е лицо м.р. (הוא / דוד)	s_5911a2bcde72.mp3	הַיֶּלֶד נִשְׁאָר בַּצַּהֲרוֹן הַיּוֹם.	hайéлед ниш’áр ба-цаhарóн hайóм.	Ребёнок остаётся на продлёнке сегодня.	Мамы в Израиле	צַהֲרוֹן
2579	FEMALE	Нейтральные / Безличные	s_e16eea64a75b.mp3	הֵכַנְתִּי אֲרוּחַת עֶשֶׂר יָפָה.	hэхáнти арухáт éсер яфá.	Я приготовила хороший второй завтрак.	Мамы в Израиле	אֲרוּחַת עֶשֶׂר
2580	FEMALE	Нейтральные / Безличные	s_e1ef394f00a4.mp3	אֵיפֹה קוּפְסַת הָאוֹכֶל שֶׁלְּךָ?	éйфо куфсáт hа-óхель шельхá?	Где твоя коробочка для еды?	Мамы в Израиле	קוּפְסַת אוֹכֶל
2581	MALE	3-е лицо м.р. (הוא / דוד)	s_14b093f29d13.mp3	הַיֶּלֶד יוֹרֵד בַּמַּגְלֵשָׁה.	hайéлед йорéд ба-маглешá.	Ребёнок съезжает с горки.	Мамы в Израиле	מַגְלֵשָׁה
2582	FEMALE	3-е лицо ж.р. (היא / שרה)	s_1e67d051d77a.mp3	הַיַּלְדָּה רוֹצָה לַנַּדְנֵדָה עַכְשָׁיו.	hа-яльдá роцá ла-наднедá ахшáв.	Девочка хочет на качели сейчас.	Мамы в Израиле	נַדְנֵדָה
2583	MALE	3-е лицо м.р. (הוא / דוד)	s_f61cb755cd17.mp3	הַיֶּלֶד הוֹלֵךְ לְבֵית סֵפֶר.	hайéлед hолéх ле-вéйт сéфер.	Ребёнок идёт в школу.	Мамы в Израиле	בֵּית סֵפֶר
2584	FEMALE	3-е лицо ж.р. (היא / שרה)	s_52bd2b295824.mp3	הַמּוֹרָה מַסְבִּירָה אֶת הַשִּׁיעוּר.	hа-морá масбирá эт hа-шиӯр.	Учительница объясняет урок.	Мамы в Израиле	מוֹרָה
2585	FEMALE	Нейтральные / Безличные	s_77a9d985c8f1.mp3	הַיַּלְקוּט שֶׁל הַיֶּלֶד כָּבֵד.	hа-яльку́т шель hайéлед кавéд.	Ранец ребёнка тяжёлый.	Мамы в Израиле	יַלְקוּט
2586	FEMALE	Нейтральные / Безличные	s_71c99a22be37.mp3	שָׂמְתָּ עֵפְרוֹנוֹת בַּקַּלְמָר?	сáмта эфронóт ба-кальмáр?	Ты положил карандаши в пенал?	Мамы в Израиле	קַלְמָר
2587	FEMALE	Нейтральные / Безличные	s_8fcdadc94cd5.mp3	סִיַּמְתָּ שִׁיעוּרֵי בַּיִת הַיּוֹם?	сийáмта шиурéй бáйит hайóм?	Ты закончил домашнее задание сегодня?	Мамы в Израиле	שִׁיעוּרֵי בַּיִת
2588	FEMALE	Нейтральные / Безличные	s_502f448f83b6.mp3	וַעַד הַהוֹרִים אָסַף כֶּסֶף.	вáад hа-hорӣм асáф кéсеф.	Родительский комитет собрал деньги.	Мамы в Израиле	וַעַד הוֹרִים
2589	FEMALE	Нейтральные / Безличные	s_8c6b631aaa8d.mp3	זֹאת תִּזְכּוֹרֶת לְכָל הַהוֹרִים.	зот тизкóрет ле-холь hа-hорӣм.	Это напоминание всем родителям.	Мамы в Израиле	תִּזְכּוֹרֶת
2590	FEMALE	Нейтральные / Безличные	s_aefa6a571973.mp3	קָנִינוּ מַתָּנָה יָפָה לַצֶּוֶות.	канӣну матанá яфá ла-цéвет.	Мы купили красивый подарок коллективу.	Мамы в Израиле	מַתָּנָה לַצֶּוֶות
2591	FEMALE	Нейтральные / Безличные	s_c7a31b84a733.mp3	מָחָר לוֹבְשִׁים חוּלְצָה לְבָנָה.	махáр ловшӣм хульцá леванá.	Завтра надеваем белую футболку.	Мамы в Израиле	חוּלְצָה לְבָנָה
2592	FEMALE	Нейтральные / Безличные	s_ee6ecbd7bcbc.mp3	הוֹלְכִים לְגִינַת שַׁעֲשׁוּעִים הַיּוֹם.	hольхӣм ле-гинáт шаашуӣм hайóм.	Идём на детскую площадку сегодня.	Мамы в Израиле	גִּינַת שַׁעֲשׁוּעִים
2593	FEMALE	Нейтральные / Безличные	s_551b7f3ceab3.mp3	יֵשׁ לוֹ חוּג אַחֲרֵי הַצָּהֳרַיִם.	йеш ло хуг ахарéй hа-цоhорáим.	У него кружок во второй половине дня.	Мамы в Израиле	חוּג
2594	MALE	3-е лицо м.р. (הוא / דוד)	s_8f382e7d6b60.mp3	הַיֶּלֶד רוֹכֵב עַל קוּרְקִינֶט.	hайéлед рохéв аль куркинéт.	Ребёнок едет на самокате.	Мамы в Израиле	קוּרְקִינֶט
2595	FEMALE	Нейтральные / Безличные	s_7f71b41b8cde.mp3	חַיָּיבִים לַחְבּוֹשׁ קַסְדָּה בַּנְּסִיעָה.	хайявӣм лахбóш касдá баннесӣа.	Обязательно надевать шлем при поездке.	Мамы в Израиле	קַסְדָּה
2596	FEMALE	Нейтральные / Безличные	s_761fcde099ed.mp3	עַכְשָׁיו תּוֹרְךָ לַעֲלוֹת.	ахшáв торхá лаалóт.	Сейчас твоя очередь подниматься.	Мамы в Израиле	תּוֹר
2597	FEMALE	3-е лицо ж.р. (היא / שרה)	s_68b7fd412e98.mp3	הִיא רוֹצָה לְהָנִיק עַכְשָׁיו.	hи роцá леhанӣк ахшáв.	Она хочет покормить грудью сейчас.	Мамы в Израиле	לְהָנִיק
2598	FEMALE	Нейтральные / Безличные	s_5590eb07f3b1.mp3	יֵשׁ לַתִּינוֹק גָּזִים בַּבֶּטֶן.	йеш ла-тинóк газӣм ба-бéтен.	У малыша газики в животе.	Мамы в Израиле	גָּזִים
2599	FEMALE	Нейтральные / Безличные	s_35d5a6d3ebdd.mp3	זֹאת פְּלִיטָה רְגִילָה לְגַמְרֵי.	зот плитá регилá легамрéй.	Это совершенно обычное срыгивание.	Мамы в Израиле	פְּלִיטָה
2600	FEMALE	Нейтральные / Безличные	s_fef892741e56.mp3	הַתִּינוֹק עָלוּל לִפְלוֹט חָלָב.	hа-тинóк алӯль лифлóт халáв.	Малыш может срыгнуть молоко.	Мамы в Израиле	לִפְלוֹט
2601	FEMALE	Нейтральные / Безличные	s_908bef7712ff.mp3	הִתְחִילָה בְּקִיעַת שִׁינַּיִים אֶצְלוֹ.	hитхилá бкиáт шинáим эцлó.	У него началось прорезывание зубов.	Мамы в Израиле	בְּקִיעַת שִׁינַּיִים
2602	FEMALE	Нейтральные / Безличные	s_000d6b29826e.mp3	אֵיפֹה מִטַּת הַתִּינוֹק שֶׁלָּכֶם?	эйфó митáт hа-тинóк шелахéм?	Где ваша детская кроватка?	Мамы в Израиле	מִטַּת תִּינוֹק
2603	FEMALE	Нейтральные / Безличные	s_1ee0a2585162.mp3	לָמָּה הַתִּינוֹק מַתְחִיל לִבְכּוֹת?	лáма hа-тинóк матхӣль ливкóт?	Почему малыш начинает плакать?	Мамы в Израиле	לִבְכּוֹת
2604	FEMALE	Нейтральные / Безличные	s_2e9018e115f3.mp3	צָרִיךְ לִשְׁקוֹל אֶת הַתִּינוֹק.	царӣх лишкóль эт hа-тинóк.	Нужно взвесить малыша.	Мамы в Израиле	לִשְׁקוֹל
2605	MALE	3-е лицо м.р. (הוא / דוד)	s_c54baac25928.mp3	הוּא בַּאֲחוּזוֹן חֲמִישִׁים מְצוּיָּן.	hу ба-ахузóн хамишӣм мецуйáн.	Он на отличном пятидесятом процентиле.	Мамы в Израиле	אֲחוּזוֹן
2606	FEMALE	Нейтральные / Безличные	s_5e595daa913c.mp3	עָשִׂינוּ בְּדִיקַת הִתְפַּתְּחוּת מְצוּיֶּנֶת.	асӣну бдикáт hитпатхӯт мецуйéнет.	Мы прошли отличную проверку развития.	Мамы в Израиле	בְּדִיקַת הִתְפַּתְּחוּת
2607	FEMALE	Нейтральные / Безличные	s_4787ccaf8c74.mp3	הָיְתָה לוֹ הֲקָאָה בַּלַּיְלָה.	hайтá ло hакаá балáйла.	У него была рвота ночью.	Мамы в Израиле	הֲקָאָה
2608	FEMALE	Нейтральные / Безличные	s_cf936877b858.mp3	זֶה רַק וִירוּס בֶּטֶן פָּשׁוּט.	зе рак вӣрус бéтен пашӯт.	Это всего лишь простой кишечный вирус.	Мамы в Израиле	וִירוּס בֶּטֶן
2609	FEMALE	Нейтральные / Безличные	s_1fcbc4103a52.mp3	יֵשׁ לַיֶּלֶד כְּאֵב בֶּטֶן חָזָק.	йеш ла-йéлед кеэ́в бéтен хазáк.	У ребёнка сильная боль в животе.	Мамы в Израиле	כְּאֵב בֶּטֶן
2610	FEMALE	Нейтральные / Безличные	s_368fd9910df2.mp3	יֵשׁ לָהּ כְּאֵב רֹאשׁ מֵהַחוֹם.	йеш лаh кеэ́в рош ме-hа-хом.	У неё болит голова от жара.	Мамы в Израиле	כְּאֵב רֹאשׁ
2611	FEMALE	Нейтральные / Безличные	s_5f53089f53ef.mp3	הָרוֹפֵא לָקַח מִשְׁטַח גָּרוֹן.	hа-рофé лакáх миштáх гарóн.	Врач взял мазок из горла.	Мамы в Израиле	מִשְׁטַח גָּרוֹן
2612	FEMALE	Нейтральные / Безличные	s_1647b880a309.mp3	נָסַעְנוּ לְמוֹקֵד לַיְלָה דָּחוּף.	насáну ле-мокéд лáйла дахӯф.	Мы поехали в срочную ночную неотложку.	Мамы в Израиле	מוֹקֵד לַיְלָה
2613	MALE	3-е лицо м.р. (הוא / דוד)	s_365710b030dd.mp3	הַיֶּלֶד אַפָּתִי וְלֹא שׁוֹתֶה.	hа-йéлед апáти ве-ло шотé.	Ребёнок апатичный и не пьёт.	Мамы в Израиле	אַפָּתִי
2614	FEMALE	Нейтральные / Безличные	s_dc9a751c95be.mp3	קָנִיתִי נֵרוֹת לְהוֹרָדַת חוֹם.	канӣти нерóт ле-hорадáт хом.	Я купила жаропонижающие свечи.	Мамы в Израиле	נֵרוֹת לְהוֹרָדַת חוֹם
2615	FEMALE	Нейтральные / Безличные	s_c1bae8c6807d.mp3	נָתַתִּי לוֹ אֲקָמוֹלִי עַכְשָׁיו.	натáти ло акамóли ахшáв.	Я дала ему Акамоли сейчас.	Мамы в Израиле	אֲקָמוֹלִי
2616	FEMALE	Нейтральные / Безличные	s_e40f0dfd46a7.mp3	יֵשׁ בַּבַּיִת נוּרוֹפֶן לִילָדִים?	йеш ба-бáйит нурóфен ле-йеладӣм?	Есть дома детский Нурофен?	Мамы в Израиле	נוּרוֹפֶן לִילָדִים
2617	FEMALE	Нейтральные / Безличные	s_74b9849aebad.mp3	שְׁטוֹף אֶת מַזְרֵק הַמִּינּוּן.	штоф эт мазрéк hа-минӯн.	Промой шприц-дозатор.	Мамы в Израиле	מַזְרֵק מִינּוּן
2618	MALE	3-е лицо м.р. (הוא / דוד)	s_f503cb575a6f.mp3	הַמִּינּוּן הוּא לְפִי מִשְׁקָל.	hа-минӯн hу лефӣ мишкáль.	Дозировка идёт по весу.	Мамы в Израиле	לְפִי מִשְׁקָל
2619	FEMALE	Нейтральные / Безличные	s_5b95d772934d.mp3	שִׂים טִיפּוֹת אָזְנַיִם בַּבֹּקֶר.	сим типóт ознáим ба-бóкер.	Закапай ушные капли утром.	Мамы в Израиле	טִיפּוֹת אָזְנַיִם
2620	FEMALE	Нейтральные / Безличные	s_57bf3dfbaf21.mp3	צָרִיךְ טִיפּוֹת עֵינַיִם לַיֶּלֶד.	царӣх типóт эйнáим ла-йéлед.	Нужны глазные капли ребёнку.	Мамы в Израиле	טִיפּוֹת עֵינַיִם
2621	FEMALE	Нейтральные / Безличные	s_c03218b3b37a.mp3	קָנִינוּ מֵי מֶלַח לָאַף.	канӣну мей мéлах ла-аф.	Мы купили физраствор для носа.	Мамы в Израиле	מֵי מֶלַח
2622	FEMALE	Нейтральные / Безличные	s_c9bcc6d381ff.mp3	עָשִׂינוּ אִינְהַלַצְיָה עִם מַשְׁאֵף.	асӣну инhалáция им машъéф.	Мы сделали ингаляцию с ингалятором.	Мамы в Израиле	מַשְׁאֵף / אִינְהַלַצְיָה
2623	FEMALE	Нейтральные / Безличные	s_ebd98533b73a.mp3	בְּדֹק אֶת תּוֹקֶף הַתְּרוּפָה.	бдок эт тóкеф hа-труфá.	Проверь срок годности лекарства.	Мамы в Израиле	תוֹקֶף
2624	FEMALE	Нейтральные / Безличные	s_37791da597fd.mp3	אֵין לַתְּרוּפָה תּוֹפְעוֹת לְוַואי.	эйн ла-труфá тофаóт левáй.	У лекарства нет побочных эффектов.	Мамы в Израиле	תּוֹפְעוֹת לְוַואי
2625	FEMALE	Нейтральные / Безличные	s_d3c9af19666d.mp3	צָרִיךְ לְטַפְטֵף טִיפּוֹת לָאַף.	царӣх летафтéф типóт ла-аф.	Нужно закапать капли в нос.	Мамы в Израиле	לְטַפְטֵף
2626	FEMALE	Нейтральные / Безличные	s_0545d4ec1641.mp3	הִתְחַלְנוּ גְּמִילָה מֵחִיתּוּלִים הַשָּׁבוּעַ.	hитхáльну гмилá ме-хитулӣм hа-шавӯа.	Мы начали отучение от подгузников на этой неделе.	Мамы в Израиле	גְּמִילָה
2627	MALE	3-е лицо м.р. (הוא / דוד)	s_99bcdc441866.mp3	הַיֶּלֶד יוֹשֵׁב עַל סִיר.	hа-йéлед йошéв аль сир.	Ребёнок сидит на горшке.	Мамы в Израиле	סִיר לִילָדִים
2628	MALE	3-е лицо м.р. (הוא / דוד)	s_ad8ff92b0b84.mp3	הוּא אַבָּא שֶׁל שַׁבָּת.	hу áба шель шабáт.	Он дежурный папа Шаббата.	Мамы в Израиле	אַבָּא / אִמָּא שֶׁל שַׁבָּת
2629	FEMALE	Нейтральные / Безличные	s_2176f676702d.mp3	מִי יָכוֹל לֶאֱסוֹף מֵהַגַּן?	ми яхóль леэсóф ме-hа-ган?	Кто может забрать из садика?	Мамы в Израиле	לֶאֱסוֹף מֵהַגַּן
2630	FEMALE	Нейтральные / Безличные	s_8b2e1259efea.mp3	לַיֶּלֶד קַל לְהִסְתַּגֵּל לַגַּן.	ла-йéлед каль леhистагéль ла-ган.	Ребёнку легко привыкнуть к саду.	Мамы в Израиле	לְהִסְתַּגֵּל
2631	MALE	3-е лицо м.р. (הוא / דוד)	s_f949af15baf8.mp3	הוּא מַתְחִיל לְהִתְגַּעְגֵּעַ לְאִמָּא.	hу матхӣль леhитгаагéа ле-ӣма.	Он начинает скучать по маме.	Мамы в Израиле	לְהִתְגַּעְגֵּעַ
2632	FEMALE	Нейтральные / Безличные	s_5dba4bb0a216.mp3	אָסוּר לִנְשׁוֹךְ יְלָדִים בַּגַּן!	асӯр линшóх йеладӣм ба-ган!	Нельзя кусать детей в саду!	Мамы в Израиле	לִנְשׁוֹךְ
2633	FEMALE	Нейтральные / Безличные	s_c9a81b8a3af5.mp3	כְּדַאי לַחֲלוֹק צַעֲצוּעִים יַחַד.	кедáй лахлóк цаацуӣм я́хад.	Стоит делиться игрушками вместе.	Мамы в Израиле	לַחֲלוֹק צַעֲצוּעִים
2634	FEMALE	Нейтральные / Безличные	s_4a32bb28be84.mp3	הַיְלָדִים צְרִיכִים לִפְרוֹק אֶנֶרְגְּיָה.	hа-йеладӣм црихӣм лифрóк энéргия.	Детям нужно выплеснуть энергию.	Мамы в Израиле	לִפְרוֹק אֶנֶרְגְּיָה
2635	FEMALE	Нейтральные / Безличные	s_1db19a47daa3.mp3	הַיּוֹם יֵשׁ יוֹם קָצָר.	hайóм йеш йом кацáр.	Сегодня короткий день.	Мамы в Израиле	יוֹם קָצָר
2636	FEMALE	Нейтральные / Безличные	s_5aaadf42b7fd.mp3	עַכְשָׁיו הַזְּמַן שֶׁל שְׁנַ"צ.	ахшáв hа-зман шель шнац.	Сейчас время дневного сна.	Мамы в Израиле	שְׁנַ"צ
2637	MALE	3-е лицо м.р. (הוא / דוד)	s_d6f44f23c290.mp3	הוּא עוֹלֶה לְכִיתָּה א'.	hу олé ле-китá áлеф.	Он идёт в первый класс.	Мамы в Израиле	כִּיתָּה א'
2638	FEMALE	Нейтральные / Безличные	s_e04f67888e64.mp3	פָּגַשְׁנוּ אֶת מְחַנֶּכֶת הַכִּיתָּה.	пагáшну эт механéхет hа-китá.	Мы встретили классную руководительницу.	Мамы в Израиле	מְחַנֶּכֶת כִּיתָּה
2639	FEMALE	Нейтральные / Безличные	s_131575725e72.mp3	קָנִינוּ מַחְבֶּרֶת שׁוּרוֹת חֲדָשָׁה.	канӣну махбéрет шурóт хадашá.	Мы купили новую тетрадь в линейку.	Мамы в Израиле	מַחְבֶּרֶת שׁוּרוֹת
2640	FEMALE	Нейтральные / Безличные	s_d2db74b7ca12.mp3	תֵּן לִי מַחְבֶּרֶת מִשְׁבָּצוֹת.	тен ли махбéрет мишбацóт.	Дай мне тетрадь в клетку.	Мамы в Израиле	מַחְבֶּרֶת מִשְׁבָּצוֹת
2641	FEMALE	Нейтральные / Безличные	s_292f72881315.mp3	פְּתַח אֶת חוֹבֶרֶת הָעֲבוֹדָה.	птах эт ховéрет hа-аводá.	Открой рабочую тетрадь.	Мамы в Израиле	חוֹבֶרֶת עֲבוֹדָה
2642	FEMALE	Нейтральные / Безличные	s_1643fabe7288.mp3	הַסֵּפֶר לִימּוּד שֶׁלּוֹ כָּבֵד.	hа-сéфер лимӯд шелó кавéд.	Его учебник тяжёлый.	Мамы в Израиле	סֵפֶר לִימּוּד
2643	FEMALE	Нейтральные / Безличные	s_c78b6c0cdbfa.mp3	בַּהַפְסָקָה גְּדוֹלָה אוֹכְלִים כָּרִיךְ.	ба-hафсакá гдолá охлӣм карӣх.	На большой перемене едят бутерброд.	Мамы в Израиле	הַפְסָקָה גְּדוֹלָה
2644	FEMALE	Нейтральные / Безличные	s_0a31a57cc06d.mp3	מָחָר יוֹצְאִים לְטִיּוּל שְׁנָתִי.	махáр йоц’ӣм ле-тийӯль шнатӣ.	Завтра выходят в годовой поход.	Мамы в Израиле	טִיּוּל שְׁנָתִי
2645	FEMALE	Нейтральные / Безличные	s_9b60bdee34e4.mp3	יֵשׁ אֲסֵפַת הוֹרִים הָעֶרֶב.	йеш асефáт hорӣм hа-éрев.	Есть родительское собрание сегодня вечером.	Мамы в Израиле	אֲסֵפַת הוֹרִים
2646	MALE	3-е лицо м.р. (הוא / דוד)	s_9a1d0c2fab64.mp3	הַיֶּלֶד נוֹסֵעַ בַּהַסָּעוֹת תָּמִיד.	hа-йéлед носéа ба-hасаóт тамӣд.	Ребёнок всегда ездит на школьной развозке.	Мамы в Израиле	הַסָּעוֹת
2647	FEMALE	Нейтральные / Безличные	s_e5236ba676a6.mp3	אָסוּר לַעֲשׂוֹת חֵרֶם בַּכִּיתָּה!	асӯр лаасóт хéрем ба-китá!	Нельзя устраивать бойкот в классе!	Мамы в Израиле	חֵרֶם
2648	FEMALE	Нейтральные / Безличные	s_d0cddf66e35d.mp3	יֵשׁ לוֹ חַבְרוּתָא נֶהֱדֶרֶת.	йеш ло хаврӯта неhедéрет.	У него прекрасная компания друзей.	Мамы в Израиле	חַבְרוּתָא
2649	FEMALE	Нейтральные / Безличные	s_48ae8657a3b4.mp3	בּוֹא לְהָכִין שִׁיעוּרִים עַכְשָׁיו.	бо леhахӣн шиурӣм ахшáв.	Иди делай уроки сейчас.	Мамы в Израиле	לְהָכִין שִׁיעוּרִים
2650	FEMALE	Нейтральные / Безличные	s_72030dbf28b7.mp3	קַל לוֹ לְהִשְׁתַּלֵּב בַּכִּיתָּה.	каль ло леhишталéв ба-китá.	Ему легко влиться в коллектив класса.	Мамы в Израиле	לְהִשְׁתַּלֵּב
2651	FEMALE	Нейтральные / Безличные	s_2c7db487d3e7.mp3	נִשְׁמַע צִלְצוּל הַפְסָקָה בַּמִּסְדְּרוֹן.	нишмá цильцӯль hафсакá ба-мисдерон.	Прозвенел звонок на перемену в коридоре.	Мамы в Израиле	צִלְצוּל
2652	FEMALE	Нейтральные / Безличные	s_df600151ec57.mp3	הִתְחִיל אִיסּוּף כְּסָפִים לַמַּתָּנָה.	hитхӣль исӯф ксафӣм ла-матанá.	Начался сбор денег на подарок.	Мамы в Израиле	אִיסּוּף כְּסָפִים
2653	FEMALE	Нейтральные / Безличные	s_39af9562bfbb.mp3	מָחָר יוֹם הוּלֶּדֶת כִּיתָּתִי.	махáр йом hулéдет китатӣ.	Завтра общий день рождения класса.	Мамы в Израиле	יוֹם הוּלֶּדֶת כִּיתָּתִי
2654	FEMALE	Нейтральные / Безличные	s_9f86538e83c4.mp3	נָא לִשְׁלוֹחַ אִישּׁוּר הַגָּעָה.	на лишлóах ишӯр hагаá.	Пожалуйста, отправьте подтверждение участия.	Мамы в Израиле	אִישּׁוּר הַגָּעָה
2655	FEMALE	Нейтральные / Безличные	s_7d69a3f799d6.mp3	יֵשׁ לָנוּ מָקוֹם לַטְרֶמְפּ.	йеш лáну макóм ла-тремп.	У нас есть место подвезти.	Мамы в Израиле	טְרֶמְפּ
2656	FEMALE	Нейтральные / Безличные	s_0f7916bd6b61.mp3	תִּבְדְּקוּ בְּאַרְגַּז אֲבֵידָה וּמְצִיאָה.	тивдекӯ бе-аргáз авейдá у-мециá.	Проверьте в ящике находок и потерь.	Мамы в Израиле	אֲבֵידָה וּמְצִיאָה
2657	MALE	3-е лицо м.р. (הוא / דוד)	s_48b0e5b67345.mp3	הַיֶּלֶד חוֹלֶה וְלֹא יַגִּיעַ הַיּוֹם.	hайéлед холé ве-ло ягӣа hайóм.	Ребёнок заболел и сегодня не придёт.	Мамы в Израиле	הַיֶּלֶד חוֹלֶה וְלֹא יַגִּיעַ הַיּוֹם
2658	MALE	3-е лицо м.р. (הוא / דוד)	s_dd39a9a4d6ed.mp3	הוּא יַגִּיעַ בְּאִיחוּר שֶׁל חֲצִי שָׁעָה.	hу ягӣа бе-ихӯр шель хацӣ шаá.	Он припозднится на полчаса.	Мамы в Израиле	הוּא יַגִּיעַ בְּאִיחוּר שֶׁל חֲצִי שָׁעָה
2659	FEMALE	Нейтральные / Безличные	s_03b63f139159.mp3	סַבְתָּא תֶּאֱסוֹף אוֹתוֹ הַיּוֹם.	сáвта теэсóф отó hайóм.	Бабушка заберёт его сегодня.	Мамы в Израиле	סַבְתָּא תֶּאֱסוֹף אוֹתוֹ הַיּוֹם
2660	FEMALE	Нейтральные / Безличные	s_5b103c50a436.mp3	מִישֶׁהוּ מָצָא קַלְמָר כָּחוֹל?	мӣшеhу мацá кальмáр кахóль?	Кто-нибудь нашёл синий пенал?	Мамы в Израиле	מִישֶׁהוּ מָצָא קַלְמָר כָּחוֹל?
2661	FEMALE	Нейтральные / Безличные	s_ba88b1b994a7.mp3	הַיְלָדִים צְרִיכִים לָבוֹא בְּחוּלְצָה לְבָנָה?	hайеладӣм црихӣм лавó бе-хульцá леванá?	Детям нужно прийти в белой футболке?	Мамы в Израиле	הַיְלָדִים צְרִיכִים לָבוֹא בְּחוּלְצָה לְבָנָה?
2662	FEMALE	Нейтральные / Безличные	s_fc2fa8eef4be.mp3	מָה צָרִיךְ לְהָבִיא לִפְעִילוּת מָחָר?	ма царӣх леhавӣ ли-феилӯт махáр?	Что нужно принести на завтрашнее мероприятие?	Мамы в Израиле	מָה צָרִיךְ לְהָבִיא לִפְעִילוּת מָחָר?
2663	FEMALE	Нейтральные / Безличные	s_f2f1980ee362.mp3	יֵשׁ לְמִישֶׁהוּ מָקוֹם בָּרֶכֶב לַטְרֶמְפּ?	йеш ле-мӣшеhу макóм ба-рéхев ла-тремп?	Есть у кого-то место в машине подвезти?	Мамы в Израиле	יֵשׁ לְמִישֶׁהוּ מָקוֹם בָּרֶכֶב לַטְרֶמְפּ?
2664	FEMALE	Нейтральные / Безличные	s_a11a6b4c7ccd.mp3	אֶפְשָׁר לִשְׁלוֹחַ אֶת הַקִּישׁוּר לַפֵּייבּוֹקְס?	эфшáр лишлóах эт hа-кишӯр ла-Paybox?	Можно отправить ссылку на PayBox?	Мамы в Израиле	אֶפְשָׁר לִשְׁלוֹחַ אֶת הַקִּישׁוּר לַפֵּייבּוֹקְס?
2665	FEMALE	Нейтральные / Безличные	s_ea386e5f1776.mp3	רְפוּאָה שְׁלֵמָה וְהַחְלָמָה מְהִירָה!	рефуá шлемá ве-hахламá меhирá!	Скорейшего выздоровления и поправки!	Мамы в Израиле	רְפוּאָה שְׁלֵמָה וְהַחְלָמָה מְהִירָה!
2666	FEMALE	Нейтральные / Безличные	s_016d25425f9c.mp3	מַזָּל טוֹב עַד 120!	мазáль тов ад мéа ве-эсрӣм!	С днём рождения, до 120 лет!	Мамы в Израиле	מַזָּל טוֹב עַד 120!
2667	FEMALE	Нейтральные / Безличные	s_d3922df616d7.mp3	תּוֹדָה רַבָּה לְכָל הַצֶּוֶות הַנִּפְלָא!	тодá рабá ле-холь hа-цéвет hа-нифлá!	Огромное спасибо всему замечательному коллективу!	Мамы в Израиле	תּוֹדָה רַבָּה לְכָל הַצֶּוֶות הַנִּפְלָא!
2668	FEMALE	Нейтральные / Безличные	s_b0775f1224f8.mp3	שַׁבָּת שָׁלוֹם וּמְבוֹרֶכֶת לְכָל הַמִּשְׁפָּחוֹת!	шабáт шалóм у-меворéхет ле-холь hа-мишпахóт!	Мирного и благословенного Шаббата всем семьям!	Мамы в Израиле	שַׁבָּת שָׁלוֹם וּמְבוֹרֶכֶת לְכָל הַמִּשְׁפָּחוֹת!
2669	FEMALE	Нейтральные / Безличные	s_1d0902fe74dc.mp3	נָא לְאַשֵׁר הַגָּעָה עַד יוֹם חֲמִישִׁי.	на ле-ашéр hагаá ад йом хамӣшӣ.	Пожалуйста, подтвердите присутствие до четверга.	Мамы в Израиле	נָא לְאַשֵׁר הַגָּעָה עַד יוֹם חֲמִישִׁי
2670	FEMALE	Нейтральные / Безличные	s_608408bdb288.mp3	מִי מֵבִיא פֵּירוֹת לְיוֹם שִׁישִׁי?	ми мевӣ пейрóт ле-йом шишӣ?	Кто приносит фрукты на пятницу?	Мамы в Израиле	מִי מֵבִיא פֵּירוֹת לְיוֹם שִׁישִׁי?
2671	FEMALE	Нейтральные / Безличные	s_6ab13260ae29.mp3	שָׁבוּעַ טוֹב וּמוּצְלָח לְכוּלָּם!	шавӯа тов у-муцлáх ле-хулáм!	Хорошей и успешной недели всем!	Мамы в Израиле	שָׁבוּעַ טוֹב וּמוּצְלָח לְכוּלָּם!
2672	FEMALE	Нейтральные / Безличные	s_7cc89de35fcc.mp3	הַחוּג נִמְצָא בַּמַּתְנָ"ס הַשְּׁכוּנָתִי.	hа-хуг нимцá ба-матнáс hа-шхунатӣ.	Кружок находится в районном доме культуры.	Мамы в Израиле	מַתְנָ"ס
2673	FEMALE	Нейтральные / Безличные	s_15471bc33764.mp3	הַיּוֹם יֵשׁ חוּג שְׂחִיָּיה.	hайóм йеш хуг схийá.	Сегодня есть кружок плавания.	Мамы в Израиле	חוּג שְׂחִיָּיה
2674	MALE	3-е лицо м.р. (הוא / דוד)	s_13386f4701cb.mp3	הוּא הוֹלֵךְ לְחוּג ג'וּדוֹ.	hу hолéх ле-хуг джӯдо.	Он ходит на секцию дзюдо.	Мамы в Израиле	חוּג ג'וּדוֹ
2675	FEMALE	3-е лицо ж.р. (היא / שרה)	s_4c7b19fd851b.mp3	הִיא נִרְשְׁמָה לְחוּג בַּלֶט.	hи ниршемá ле-хуг балéт.	Она записалась на кружок балета.	Мамы в Израиле	חוּג בַּלֶט
2676	MALE	3-е лицо м.р. (הוא / דוד)	s_5725028136bd.mp3	הוּא רוֹכֵב עַל אוֹפַנַּיִם.	hу рохéв аль офнáим.	Он едет на велосипеде.	Мамы в Израиле	אוֹפַנַּיִם
2677	FEMALE	Нейтральные / Безличные	s_b2928521612e.mp3	שִׂים מָגֵנֵי בִּרְכַּיִם מִיָּד.	сим магенéй биркáим мийáд.	Надень наколенники немедленно.	Мамы в Израиле	מָגֵנֵי בִּרְכַּיִם
2678	FEMALE	Нейтральные / Безличные	s_4cb3501c2ae2.mp3	יֵשׁ בַּגִּנָּה מַגְלֵשָׁה עֲנָקִית.	йеш ба-гинá маглешá анакӣт.	На площадке есть гигантская горка.	Мамы в Израиле	מַגְלֵשָׁה עֲנָקִית
2679	FEMALE	Нейтральные / Безличные	s_afe19279621b.mp3	הַיְלָדִים עַל נַדְנֵדַת קֵן.	hа-йеладӣм аль наднедáт кен.	Дети на качелях-гнезде.	Мамы в Израиле	נַדְנֵדַת קֵן
2680	FEMALE	Нейтральные / Безличные	s_6b5f6b92c0ba.mp3	הַתִּינוֹק אוֹכֵל בַּמְבָּה בַּגִּנָּה.	hа-тинóк охéль бáмба ба-гинá.	Малыш ест Бамбу на площадке.	Мамы в Израиле	בַּמְבָּה
2681	FEMALE	Нейтральные / Безличные	s_40f036d99098.mp3	קַח מַיִם בַּבַּקְבּוּק לַגִּנָּה.	ках мáйим ба-бакбӯк ла-гинá.	Возьми воду в бутылочке на площадку.	Мамы в Израиле	מַיִם בַּבַּקְבּוּק
2682	FEMALE	Нейтральные / Безличные	s_bf26f66b458a.mp3	אָסוּר לַחֲטוֹף צַעֲצוּעִים מֵאֲחֵרִים!	асӯр лахтóф цаацуӣм ме-ахерӣм!	Нельзя отбирать игрушки у других!	Мамы в Израиле	לַחֲטוֹף
2683	FEMALE	Нейтральные / Безличные	s_a0a9e172db85.mp3	לֹא לִדְחוֹף בַּתּוֹר לַמַּגְלֵשָׁה!	ло лидхóф ба-тор ла-маглешá!	Не толкаться в очереди на горку!	Мамы в Израиле	לִדְחוֹף
2684	FEMALE	Нейтральные / Безличные	s_35608488c57a.mp3	רָצִיתִי לְהֵירָשֵׁם לְחוּג שְׂחִיָּיה.	рацӣти леhерашéм ле-хуг схийá.	Я хотела записаться на кружок плавания.	Мамы в Израиле	לְהֵירָשֵׁם לְחוּג
2685	MALE	3-е лицо м.р. (הוא / דוד)	s_fd1a8178a128.mp3	עַכְשָׁיו תּוֹרוֹ, הוּא חִכָּה רִאשׁוֹן.	ахшáв торó, hу хикá ришóн.	Сейчас его очередь, он ждал первым.	Мамы в Израиле	עַכְשָׁיו תּוֹרוֹ, הוּא חִכָּה רִאשׁוֹן
2686	FEMALE	Нейтральные / Безличные	s_185ce6da709b.mp3	לֹא לִדְחוֹף, יֵשׁ מָקוֹם לְכוּלָּם.	ло лидхóф, йеш макóм ле-хулáм.	Не толкаться, места хватит всем.	Мамы в Израиле	לֹא לִדְחוֹף, יֵשׁ מָקוֹם לְכוּלָּם
2687	FEMALE	Нейтральные / Безличные	s_f7b4b009bc0a.mp3	זֶה הַקּוּרְקִינֶט שֶׁלְּךָ אוֹ שֶׁלּוֹ?	зе hа-куркинéт шельхá о шеלó?	Это твой самокат или его?	Мамы в Израиле	זֶה הַקּוּרְקִינֶט שֶׁלְּךָ אוֹ שֶׁלּוֹ?
2688	FEMALE	Нейтральные / Безличные	s_d1465d8dae6f.mp3	עוֹד חָמֵשׁ דַּקּוֹת הוֹלְכִים הַבַּיְתָה.	од хамéш дакóт hольхӣм hабáйта.	Ещё пять минут и идём домой.	Мамы в Израиле	עוֹד חָמֵשׁ דַּקּוֹת הוֹלְכִים הַבַּיְתָה